{"timestamp":1680888274225,"shuffle":"39:  D   2B    F    B'   F'   U    L'  2F    U    B    L    F   2B    R'   D    L    B'   R'   L'   F    D    R   2U    R    U'   F'   B'  2L    U'   F    L    B'   U    R   ","solutions":[{"label":"2x2","key":"IDDFS","solution":{"rotations":[{"side":2,"counterClockwiseDirection":true,"layer":0},{"side":3,"counterClockwiseDirection":true,"layer":0},{"side":2,"counterClockwiseDirection":false,"layer":0},{"side":3,"counterClockwiseDirection":true,"layer":0},{"side":0,"counterClockwiseDirection":false,"layer":0},{"side":3,"counterClockwiseDirection":true,"layer":0},{"side":2,"counterClockwiseDirection":true,"layer":0},{"side":0,"counterClockwiseDirection":false,"layer":0},{"side":2,"counterClockwiseDirection":true,"layer":0},{"side":0,"counterClockwiseDirection":false,"layer":0},{"side":2,"counterClockwiseDirection":false,"layer":0}],"totalTime":52890.59999999404,"data":{"metrics":[{"label":"PERFORM_ROTATION","totalTime":22275.199997991323,"totalRelativeTime":"42.11%","numOfCalls":19937336,"avgTimePerCall":0.0011172606008140367},{"label":"ADD_CANDIDATE","totalTime":4239.399997532368,"totalRelativeTime":"8.01%","numOfCalls":19937336,"avgTimePerCall":0.00021263623171783672},{"label":"NOT_MEASURED","totalTime":26376.00000447035,"totalRelativeTime":"49.86%","numOfCalls":0,"avgTimePerCall":26376.00000447035}],"visitedNodes":14026485,"iterations":[{"visitedNodes":37,"bound":2},{"visitedNodes":181,"bound":3},{"visitedNodes":877,"bound":4},{"visitedNodes":4237,"bound":5},{"visitedNodes":20461,"bound":6},{"visitedNodes":98797,"bound":7},{"visitedNodes":477037,"bound":8},{"visitedNodes":2303341,"bound":9},{"visitedNodes":11121517,"bound":10}]}}},{"label":"2x2","key":"IDA*","solution":{"rotations":[{"side":2,"counterClockwiseDirection":true,"layer":0},{"side":3,"counterClockwiseDirection":true,"layer":0},{"side":2,"counterClockwiseDirection":false,"layer":0},{"side":3,"counterClockwiseDirection":true,"layer":0},{"side":0,"counterClockwiseDirection":false,"layer":0},{"side":3,"counterClockwiseDirection":true,"layer":0},{"side":2,"counterClockwiseDirection":true,"layer":0},{"side":0,"counterClockwiseDirection":false,"layer":0},{"side":2,"counterClockwiseDirection":true,"layer":0},{"side":0,"counterClockwiseDirection":false,"layer":0},{"side":2,"counterClockwiseDirection":false,"layer":0}],"totalTime":38702.69999998808,"data":{"metrics":[{"label":"PERFORM_ROTATION","totalTime":18585.300000488758,"totalRelativeTime":"48.02%","numOfCalls":14883629,"avgTimePerCall":0.0012487075565031055},{"label":"ADD_CANDIDATE","totalTime":3352.200002759695,"totalRelativeTime":"8.66%","numOfCalls":14883629,"avgTimePerCall":0.00022522732881609015},{"label":"NOT_MEASURED","totalTime":16765.199996739626,"totalRelativeTime":"43.31%","numOfCalls":0,"avgTimePerCall":16765.199996739626}],"visitedNodes":1855776,"iterations":[{"visitedNodes":7,"bound":2},{"visitedNodes":47,"bound":3.25},{"visitedNodes":640,"bound":4.5},{"visitedNodes":4237,"bound":5.75},{"visitedNodes":21089,"bound":7},{"visitedNodes":148930,"bound":8.25},{"visitedNodes":1680826,"bound":9.5}]}}},{"label":"2x2","key":"GA","solution":{"rotations":[{"side":0,"counterClockwiseDirection":false,"layer":0},{"side":3,"counterClockwiseDirection":false,"layer":0},{"side":0,"counterClockwiseDirection":false,"layer":0},{"side":2,"counterClockwiseDirection":false,"layer":0},{"side":3,"counterClockwiseDirection":false,"layer":0},{"side":3,"counterClockwiseDirection":false,"layer":0},{"side":0,"counterClockwiseDirection":false,"layer":0},{"side":0,"counterClockwiseDirection":false,"layer":0},{"side":2,"counterClockwiseDirection":false,"layer":0},{"side":0,"counterClockwiseDirection":true,"layer":0},{"side":2,"counterClockwiseDirection":false,"layer":0},{"side":2,"counterClockwiseDirection":false,"layer":0},{"side":0,"counterClockwiseDirection":true,"layer":0},{"side":3,"counterClockwiseDirection":false,"layer":0},{"side":0,"counterClockwiseDirection":false,"layer":0},{"side":3,"counterClockwiseDirection":true,"layer":0},{"side":0,"counterClockwiseDirection":false,"layer":0},{"side":3,"counterClockwiseDirection":true,"layer":0},{"side":0,"counterClockwiseDirection":false,"layer":0}],"totalTime":31191,"data":{"armageddonCounter":0,"generations":2545,"metrics":[{"label":"CHECK_SOLUTION","totalTime":1710.9000006616116,"totalRelativeTime":"5.48%","numOfCalls":7634400,"avgTimePerCall":0.00022410405541517495},{"label":"APPLYING_ROTATIONS","totalTime":9576.299996584654,"totalRelativeTime":"30.7%","numOfCalls":7634389,"avgTimePerCall":0.001254363642799005},{"label":"COMPUTE_GENE","totalTime":1691.9000000953674,"totalRelativeTime":"5.42%","numOfCalls":7634389,"avgTimePerCall":0.00022161563945659142},{"label":"CALCULATE_CITIZEN_SCORE","totalTime":3424.8999989926815,"totalRelativeTime":"10.98%","numOfCalls":7634389,"avgTimePerCall":0.0004486148137058095},{"label":"AGGREGATE_CURRENT_GENERATION","totalTime":58.90000021457672,"totalRelativeTime":"0.18%","numOfCalls":254479,"avgTimePerCall":0.00023145328382529295},{"label":"CREATE_NEXT_GENERATION","totalTime":412.2000002861023,"totalRelativeTime":"1.32%","numOfCalls":2544,"avgTimePerCall":0.16202830199925405},{"label":"MEASUREMENT_OVERHEAD","totalTime":7155.599999934435,"totalRelativeTime":"22.94%","numOfCalls":0,"avgTimePerCall":7155.599999934435},{"label":"NOT_MEASURED","totalTime":7160.300003230572,"totalRelativeTime":"22.95%","numOfCalls":0,"avgTimePerCall":7160.300003230572}]}}},{"label":"2x2","key":"SA","solution":{"rotations":[{"side":2,"counterClockwiseDirection":true,"layer":0},{"side":0,"counterClockwiseDirection":true,"layer":0},{"side":0,"counterClockwiseDirection":true,"layer":0},{"side":3,"counterClockwiseDirection":false,"layer":0},{"side":3,"counterClockwiseDirection":false,"layer":0},{"side":2,"counterClockwiseDirection":true,"layer":0},{"side":2,"counterClockwiseDirection":true,"layer":0},{"side":3,"counterClockwiseDirection":false,"layer":0},{"side":2,"counterClockwiseDirection":false,"layer":0},{"side":3,"counterClockwiseDirection":false,"layer":0},{"side":3,"counterClockwiseDirection":false,"layer":0},{"side":2,"counterClockwiseDirection":false,"layer":0},{"side":0,"counterClockwiseDirection":false,"layer":0},{"side":2,"counterClockwiseDirection":true,"layer":0},{"layer":0,"side":0,"counterClockwiseDirection":false}],"totalTime":22797.5,"data":{"restartCounter":0,"iterations":1877,"metrics":[{"label":"CHECK_SOLUTION","totalTime":1237.5999996066093,"totalRelativeTime":"5.42%","numOfCalls":5630160,"avgTimePerCall":0.000219816133041798},{"label":"APPLYING_ROTATIONS","totalTime":7031.599999755621,"totalRelativeTime":"30.84%","numOfCalls":5630155,"avgTimePerCall":0.0012489176585290496},{"label":"COMPUTE_ROTATION","totalTime":1244.0000007152557,"totalRelativeTime":"5.45%","numOfCalls":5630155,"avgTimePerCall":0.00022095306447429168},{"label":"CALCULATE_CITIZEN_SCORE","totalTime":2600.400001734495,"totalRelativeTime":"11.4%","numOfCalls":5630155,"avgTimePerCall":0.0004618700553953657},{"label":"AGGREGATE_CURRENT_GENERATION","totalTime":43.699999660253525,"totalRelativeTime":"0.19%","numOfCalls":187671,"avgTimePerCall":0.00023285430173150632},{"label":"CREATE_NEXT_GENERATION","totalTime":136.7999995648861,"totalRelativeTime":"0.6%","numOfCalls":1876,"avgTimePerCall":0.07292110851006721},{"label":"MEASUREMENT_OVERHEAD","totalTime":5138.200001239777,"totalRelativeTime":"22.53%","numOfCalls":0,"avgTimePerCall":5138.200001239777},{"label":"NOT_MEASURED","totalTime":5365.199997723103,"totalRelativeTime":"23.53%","numOfCalls":0,"avgTimePerCall":5365.199997723103}]}}},{"label":"2x2","key":"WA*","solution":{"rotations":[{"side":0,"counterClockwiseDirection":true,"layer":0},{"side":3,"counterClockwiseDirection":false,"layer":0},{"side":0,"counterClockwiseDirection":true,"layer":0},{"side":3,"counterClockwiseDirection":false,"layer":0},{"side":0,"counterClockwiseDirection":false,"layer":0},{"side":3,"counterClockwiseDirection":true,"layer":0},{"side":2,"counterClockwiseDirection":true,"layer":0},{"side":3,"counterClockwiseDirection":false,"layer":0},{"side":0,"counterClockwiseDirection":false,"layer":0},{"side":3,"counterClockwiseDirection":true,"layer":0},{"side":3,"counterClockwiseDirection":true,"layer":0},{"side":0,"counterClockwiseDirection":false,"layer":0},{"side":3,"counterClockwiseDirection":false,"layer":0},{"side":3,"counterClockwiseDirection":false,"layer":0},{"side":0,"counterClockwiseDirection":true,"layer":0}],"totalTime":658.2999999821186,"data":{"metrics":[{"label":"ITERATIONS_COUNTER_INCREMENT","totalTime":10.600000023841858,"totalRelativeTime":"1.61%","numOfCalls":57176,"avgTimePerCall":0.00018539247278301837},{"label":"ABORTED_VERIFICATION","totalTime":4.700000077486038,"totalRelativeTime":"0.71%","numOfCalls":28588,"avgTimePerCall":0.00016440464801616196},{"label":"POP_CANDIDATE","totalTime":14.60000005364418,"totalRelativeTime":"2.21%","numOfCalls":28588,"avgTimePerCall":0.0005107037936772135},{"label":"VISISTED_LIST_CHECK","totalTime":51.20000022649765,"totalRelativeTime":"7.77%","numOfCalls":155563,"avgTimePerCall":0.0003291271075159109},{"label":"CHECK_SOLUTION","totalTime":5.200000017881393,"totalRelativeTime":"0.78%","numOfCalls":26609,"avgTimePerCall":0.00019542260204747993},{"label":"ADD_TO_VISISTED_LIST_CHECK","totalTime":7.1999998688697815,"totalRelativeTime":"1.09%","numOfCalls":26608,"avgTimePerCall":0.0002705953047530736},{"label":"PERFORM_ROTATION","totalTime":162.70000013709068,"totalRelativeTime":"24.71%","numOfCalls":126975,"avgTimePerCall":0.0012813545984413522},{"label":"HEURISTIC_CALCULATION","totalTime":76.69999974966049,"totalRelativeTime":"11.65%","numOfCalls":126975,"avgTimePerCall":0.0006040559145474345},{"label":"ADD_CANDIDATE","totalTime":27.89999994635582,"totalRelativeTime":"4.23%","numOfCalls":123878,"avgTimePerCall":0.00022522158854966837},{"label":"BUILD_SOLUTION","totalTime":0.09999999403953552,"totalRelativeTime":"0.01%","numOfCalls":1,"avgTimePerCall":0.09999999403953552},{"label":"MEASUREMENT_OVERHEAD","totalTime":143.50000005960464,"totalRelativeTime":"21.79%","numOfCalls":0,"avgTimePerCall":143.50000005960464},{"label":"NOT_MEASURED","totalTime":153.89999982714653,"totalRelativeTime":"23.37%","numOfCalls":0,"avgTimePerCall":153.89999982714653}],"visitedNodes":28588,"differentNodes":26609}}},{"label":"2x2","key":"BiBFS","solution":{"rotations":[{"side":2,"counterClockwiseDirection":false,"layer":0},{"side":3,"counterClockwiseDirection":true,"layer":0},{"side":2,"counterClockwiseDirection":false,"layer":0},{"side":3,"counterClockwiseDirection":false,"layer":0},{"side":0,"counterClockwiseDirection":true,"layer":0},{"side":3,"counterClockwiseDirection":false,"layer":0},{"side":2,"counterClockwiseDirection":true,"layer":0},{"side":3,"counterClockwiseDirection":true,"layer":0},{"side":2,"counterClockwiseDirection":false,"layer":0},{"side":0,"counterClockwiseDirection":true,"layer":0},{"side":3,"counterClockwiseDirection":false,"layer":0}],"totalTime":209.5,"data":{"metrics":[{"label":"POP_CANDIDATE","totalTime":3.9999999403953552,"totalRelativeTime":"1.9%","numOfCalls":8926,"avgTimePerCall":0.00044812905449197345},{"label":"VISISTED_LIST_CHECK","totalTime":19.40000033378601,"totalRelativeTime":"9.26%","numOfCalls":55135,"avgTimePerCall":0.0003518636135628187},{"label":"ADD_TO_VISISTED_LIST_CHECK","totalTime":1.8999999463558197,"totalRelativeTime":"0.9%","numOfCalls":7838,"avgTimePerCall":0.00024240877090531},{"label":"PERFORM_ROTATION","totalTime":74.59999984502792,"totalRelativeTime":"35.6%","numOfCalls":38370,"avgTimePerCall":0.00194422725684201},{"label":"ADD_CANDIDATE","totalTime":11.000000029802322,"totalRelativeTime":"5.25%","numOfCalls":37678,"avgTimePerCall":0.0002919475563937131},{"label":"MEASUREMENT_OVERHEAD","totalTime":44.59999990463257,"totalRelativeTime":"21.28%","numOfCalls":0,"avgTimePerCall":44.59999990463257},{"label":"NOT_MEASURED","totalTime":54,"totalRelativeTime":"25.77%","numOfCalls":0,"avgTimePerCall":54}],"iterations":3920,"visitedNodes":3920}}}]}