{"timestamp":1680983783481,"shuffle":"37:  F'   B    F'  2D    R   2U    L'   B'   F    L    U    F'   R    B    L    B'   R    F    D    B    R    U'   B    L    U    F    B'   F'   L'   D    F    B'   L    F    U   ","solutions":[{"label":"2x2","key":"IDDFS","solution":{"rotations":[{"side":2,"counterClockwiseDirection":false,"layer":0},{"side":3,"counterClockwiseDirection":true,"layer":0},{"side":0,"counterClockwiseDirection":false,"layer":0},{"side":3,"counterClockwiseDirection":true,"layer":0},{"side":2,"counterClockwiseDirection":false,"layer":0},{"side":0,"counterClockwiseDirection":true,"layer":0},{"side":2,"counterClockwiseDirection":false,"layer":0},{"side":0,"counterClockwiseDirection":true,"layer":0},{"side":3,"counterClockwiseDirection":false,"layer":0},{"side":2,"counterClockwiseDirection":true,"layer":0},{"side":3,"counterClockwiseDirection":false,"layer":0}],"totalTime":77085.09999999963,"data":{"metrics":[{"label":"PERFORM_ROTATION","totalTime":35756.00000035204,"totalRelativeTime":"46.38%","numOfCalls":29615933,"avgTimePerCall":0.0012073230986966387},{"label":"ADD_CANDIDATE","totalTime":6415.700000189245,"totalRelativeTime":"8.32%","numOfCalls":29615933,"avgTimePerCall":0.00021663001466775485},{"label":"NOT_MEASURED","totalTime":34913.39999945834,"totalRelativeTime":"45.29%","numOfCalls":0,"avgTimePerCall":34913.39999945834}],"visitedNodes":14026485,"iterations":[{"visitedNodes":37,"bound":2},{"visitedNodes":181,"bound":3},{"visitedNodes":877,"bound":4},{"visitedNodes":4237,"bound":5},{"visitedNodes":20461,"bound":6},{"visitedNodes":98797,"bound":7},{"visitedNodes":477037,"bound":8},{"visitedNodes":2303341,"bound":9},{"visitedNodes":11121517,"bound":10}]}}},{"label":"2x2","key":"IDA*","solution":{"rotations":[{"side":2,"counterClockwiseDirection":false,"layer":0},{"side":3,"counterClockwiseDirection":true,"layer":0},{"side":0,"counterClockwiseDirection":false,"layer":0},{"side":3,"counterClockwiseDirection":true,"layer":0},{"side":2,"counterClockwiseDirection":false,"layer":0},{"side":0,"counterClockwiseDirection":true,"layer":0},{"side":2,"counterClockwiseDirection":false,"layer":0},{"side":0,"counterClockwiseDirection":true,"layer":0},{"side":3,"counterClockwiseDirection":false,"layer":0},{"side":2,"counterClockwiseDirection":true,"layer":0},{"side":3,"counterClockwiseDirection":false,"layer":0}],"totalTime":63513.70000000112,"data":{"metrics":[{"label":"PERFORM_ROTATION","totalTime":31155.400000039488,"totalRelativeTime":"49.05%","numOfCalls":24840200,"avgTimePerCall":0.001254233057706439},{"label":"ADD_CANDIDATE","totalTime":5708.400000300258,"totalRelativeTime":"8.98%","numOfCalls":24840200,"avgTimePerCall":0.00022980491301600867},{"label":"NOT_MEASURED","totalTime":26649.89999966137,"totalRelativeTime":"41.95%","numOfCalls":0,"avgTimePerCall":26649.89999966137}],"visitedNodes":1903849,"iterations":[{"visitedNodes":7,"bound":2},{"visitedNodes":68,"bound":3.25},{"visitedNodes":683,"bound":4.5},{"visitedNodes":4252,"bound":5.75},{"visitedNodes":21562,"bound":7},{"visitedNodes":157460,"bound":8.25},{"visitedNodes":1719817,"bound":9.5}]}}},{"label":"2x2","key":"SA","solution":{"rotations":[{"side":0,"counterClockwiseDirection":false,"layer":0},{"side":0,"counterClockwiseDirection":false,"layer":0},{"side":3,"counterClockwiseDirection":true,"layer":0},{"side":2,"counterClockwiseDirection":false,"layer":0},{"side":3,"counterClockwiseDirection":false,"layer":0},{"layer":0,"side":0,"counterClockwiseDirection":false},{"layer":0,"side":3,"counterClockwiseDirection":true},{"side":0,"counterClockwiseDirection":true,"layer":0},{"side":3,"counterClockwiseDirection":false,"layer":0},{"side":0,"counterClockwiseDirection":false,"layer":0},{"side":2,"counterClockwiseDirection":false,"layer":0},{"side":0,"counterClockwiseDirection":false,"layer":0},{"side":0,"counterClockwiseDirection":false,"layer":0},{"side":3,"counterClockwiseDirection":false,"layer":0},{"side":2,"counterClockwiseDirection":false,"layer":0},{"side":3,"counterClockwiseDirection":false,"layer":0},{"side":3,"counterClockwiseDirection":false,"layer":0}],"totalTime":142663.5,"data":{"restartCounter":2,"iterations":14432,"metrics":[{"label":"CHECK_SOLUTION","totalTime":7462.999999744818,"totalRelativeTime":"5.23%","numOfCalls":43293180,"avgTimePerCall":0.00017238280948049596},{"label":"APPLYING_ROTATIONS","totalTime":43721.10000014678,"totalRelativeTime":"30.64%","numOfCalls":43293173,"avgTimePerCall":0.001009884399097908},{"label":"COMPUTE_ROTATION","totalTime":7727.29999984242,"totalRelativeTime":"5.41%","numOfCalls":43293173,"avgTimePerCall":0.0001784877259941751},{"label":"CALCULATE_CITIZEN_SCORE","totalTime":16152.299999210984,"totalRelativeTime":"11.32%","numOfCalls":43293173,"avgTimePerCall":0.0003730911568715692},{"label":"AGGREGATE_CURRENT_GENERATION","totalTime":253.80000007897615,"totalRelativeTime":"0.17%","numOfCalls":1443105,"avgTimePerCall":0.0001758707786882979},{"label":"CREATE_NEXT_GENERATION","totalTime":994.800000037998,"totalRelativeTime":"0.69%","numOfCalls":14431,"avgTimePerCall":0.06893493174679495},{"label":"MEASUREMENT_OVERHEAD","totalTime":33705.89999913797,"totalRelativeTime":"23.62%","numOfCalls":0,"avgTimePerCall":33705.89999913797},{"label":"NOT_MEASURED","totalTime":32645.30000180006,"totalRelativeTime":"22.88%","numOfCalls":0,"avgTimePerCall":32645.30000180006}]}}},{"label":"2x2","key":"GA","solution":{"rotations":[{"side":3,"counterClockwiseDirection":true,"layer":0},{"side":2,"counterClockwiseDirection":true,"layer":0},{"side":0,"counterClockwiseDirection":true,"layer":0},{"side":3,"counterClockwiseDirection":false,"layer":0},{"side":0,"counterClockwiseDirection":false,"layer":0},{"side":3,"counterClockwiseDirection":false,"layer":0},{"side":0,"counterClockwiseDirection":true,"layer":0},{"side":2,"counterClockwiseDirection":true,"layer":0},{"side":3,"counterClockwiseDirection":false,"layer":0},{"side":2,"counterClockwiseDirection":false,"layer":0},{"side":3,"counterClockwiseDirection":true,"layer":0},{"side":3,"counterClockwiseDirection":true,"layer":0},{"side":2,"counterClockwiseDirection":true,"layer":0},{"side":0,"counterClockwiseDirection":true,"layer":0},{"side":2,"counterClockwiseDirection":true,"layer":0},{"side":3,"counterClockwiseDirection":true,"layer":0},{"side":3,"counterClockwiseDirection":true,"layer":0},{"layer":0,"side":2,"counterClockwiseDirection":false},{"side":0,"counterClockwiseDirection":false,"layer":0}],"totalTime":14392.799999998882,"data":{"armageddonCounter":0,"generations":1113,"metrics":[{"label":"CHECK_SOLUTION","totalTime":737.7000000402331,"totalRelativeTime":"5.12%","numOfCalls":3336030,"avgTimePerCall":0.00022113110494816686},{"label":"APPLYING_ROTATIONS","totalTime":4483.999999836087,"totalRelativeTime":"31.15%","numOfCalls":3336027,"avgTimePerCall":0.0013441138215716142},{"label":"COMPUTE_GENE","totalTime":776.1000000033528,"totalRelativeTime":"5.39%","numOfCalls":3336027,"avgTimePerCall":0.00023264200199919028},{"label":"CALCULATE_CITIZEN_SCORE","totalTime":1642.3000002242625,"totalRelativeTime":"11.41%","numOfCalls":3336027,"avgTimePerCall":0.0004922921787576247},{"label":"AGGREGATE_CURRENT_GENERATION","totalTime":27.500000001862645,"totalRelativeTime":"0.19%","numOfCalls":111200,"avgTimePerCall":0.0002473021582901317},{"label":"CREATE_NEXT_GENERATION","totalTime":105.69999998435378,"totalRelativeTime":"0.73%","numOfCalls":1112,"avgTimePerCall":0.09505395682046203},{"label":"MEASUREMENT_OVERHEAD","totalTime":3341.10000000149,"totalRelativeTime":"23.21%","numOfCalls":0,"avgTimePerCall":3341.10000000149},{"label":"NOT_MEASURED","totalTime":3278.3999999072403,"totalRelativeTime":"22.77%","numOfCalls":0,"avgTimePerCall":3278.3999999072403}]}}},{"label":"2x2","key":"WA*","solution":{"rotations":[{"side":2,"counterClockwiseDirection":false,"layer":0},{"side":0,"counterClockwiseDirection":true,"layer":0},{"side":2,"counterClockwiseDirection":false,"layer":0},{"side":3,"counterClockwiseDirection":true,"layer":0},{"side":3,"counterClockwiseDirection":true,"layer":0},{"side":0,"counterClockwiseDirection":true,"layer":0},{"side":3,"counterClockwiseDirection":true,"layer":0},{"side":0,"counterClockwiseDirection":false,"layer":0},{"side":3,"counterClockwiseDirection":true,"layer":0},{"side":0,"counterClockwiseDirection":true,"layer":0},{"side":3,"counterClockwiseDirection":true,"layer":0},{"side":3,"counterClockwiseDirection":true,"layer":0},{"side":0,"counterClockwiseDirection":false,"layer":0}],"totalTime":626,"data":{"metrics":[{"label":"ITERATIONS_COUNTER_INCREMENT","totalTime":10.600000005215406,"totalRelativeTime":"1.69%","numOfCalls":52658,"avgTimePerCall":0.00020129894802718308},{"label":"ABORTED_VERIFICATION","totalTime":5.200000010430813,"totalRelativeTime":"0.83%","numOfCalls":26329,"avgTimePerCall":0.00019750085496717735},{"label":"POP_CANDIDATE","totalTime":12.299999991431832,"totalRelativeTime":"1.96%","numOfCalls":26329,"avgTimePerCall":0.0004671654826021434},{"label":"VISISTED_LIST_CHECK","totalTime":45.89999998360872,"totalRelativeTime":"7.33%","numOfCalls":143412,"avgTimePerCall":0.0003200568988899724},{"label":"CHECK_SOLUTION","totalTime":5.400000002235174,"totalRelativeTime":"0.86%","numOfCalls":24561,"avgTimePerCall":0.00021986075494626335},{"label":"ADD_TO_VISISTED_LIST_CHECK","totalTime":17.99999999254942,"totalRelativeTime":"2.87%","numOfCalls":24560,"avgTimePerCall":0.0007328990224979405},{"label":"PERFORM_ROTATION","totalTime":152.39999999850988,"totalRelativeTime":"24.34%","numOfCalls":117083,"avgTimePerCall":0.001301640716402124},{"label":"HEURISTIC_CALCULATION","totalTime":59.09999997727573,"totalRelativeTime":"9.44%","numOfCalls":117083,"avgTimePerCall":0.0005047701201478928},{"label":"ADD_CANDIDATE","totalTime":27.500000016763806,"totalRelativeTime":"4.39%","numOfCalls":114333,"avgTimePerCall":0.0002405254827282045},{"label":"BUILD_SOLUTION","totalTime":0,"totalRelativeTime":"0%","numOfCalls":1,"avgTimePerCall":0},{"label":"MEASUREMENT_OVERHEAD","totalTime":138.90000004135072,"totalRelativeTime":"22.18%","numOfCalls":0,"avgTimePerCall":138.90000004135072},{"label":"NOT_MEASURED","totalTime":150.6999999806285,"totalRelativeTime":"24.07%","numOfCalls":0,"avgTimePerCall":150.6999999806285}],"visitedNodes":26329,"differentNodes":24561}}},{"label":"2x2","key":"BiBFS","solution":{"rotations":[{"side":3,"counterClockwiseDirection":true,"layer":0},{"side":0,"counterClockwiseDirection":true,"layer":0},{"side":3,"counterClockwiseDirection":false,"layer":0},{"side":2,"counterClockwiseDirection":true,"layer":0},{"side":2,"counterClockwiseDirection":true,"layer":0},{"side":3,"counterClockwiseDirection":false,"layer":0},{"side":2,"counterClockwiseDirection":true,"layer":0},{"side":0,"counterClockwiseDirection":false,"layer":0},{"side":0,"counterClockwiseDirection":false,"layer":0},{"side":2,"counterClockwiseDirection":false,"layer":0},{"side":3,"counterClockwiseDirection":true,"layer":0}],"totalTime":180.89999999850988,"data":{"metrics":[{"label":"POP_CANDIDATE","totalTime":1.9999999981373549,"totalRelativeTime":"1.1%","numOfCalls":7864,"avgTimePerCall":0.0002543234992544958},{"label":"VISISTED_LIST_CHECK","totalTime":17.099999994039536,"totalRelativeTime":"9.45%","numOfCalls":48522,"avgTimePerCall":0.0003524174599983417},{"label":"ADD_TO_VISISTED_LIST_CHECK","totalTime":2.300000010058284,"totalRelativeTime":"1.27%","numOfCalls":6896,"avgTimePerCall":0.0003335266835931386},{"label":"PERFORM_ROTATION","totalTime":58.099999979138374,"totalRelativeTime":"32.11%","numOfCalls":33760,"avgTimePerCall":0.0017209715633631035},{"label":"ADD_CANDIDATE","totalTime":30.599999990314245,"totalRelativeTime":"16.91%","numOfCalls":33226,"avgTimePerCall":0.0009209655086472716},{"label":"MEASUREMENT_OVERHEAD","totalTime":35.5999999884516,"totalRelativeTime":"19.67%","numOfCalls":0,"avgTimePerCall":35.5999999884516},{"label":"NOT_MEASURED","totalTime":35.20000003837049,"totalRelativeTime":"19.45%","numOfCalls":0,"avgTimePerCall":35.20000003837049}],"iterations":3449,"visitedNodes":3449}}}]}