{"timestamp":1680905977092,"shuffle":"36:  F'   R    U    R   2D    L'   D   2R    D    B    D'   F'   L   2D    R'   L    D    L    R'   B'   L   2B    R'   L   2D    B'   L'   R    D'  2L   ","solutions":[{"label":"2x2","key":"IDDFS","solution":{"rotations":[{"side":2,"counterClockwiseDirection":false,"layer":0},{"side":0,"counterClockwiseDirection":false,"layer":0},{"side":2,"counterClockwiseDirection":false,"layer":0},{"side":3,"counterClockwiseDirection":false,"layer":0},{"side":2,"counterClockwiseDirection":true,"layer":0},{"side":2,"counterClockwiseDirection":true,"layer":0},{"side":3,"counterClockwiseDirection":false,"layer":0},{"side":2,"counterClockwiseDirection":true,"layer":0},{"side":3,"counterClockwiseDirection":false,"layer":0},{"side":2,"counterClockwiseDirection":false,"layer":0}],"totalTime":15404.59999999404,"data":{"metrics":[{"label":"PERFORM_ROTATION","totalTime":7365.999994307756,"totalRelativeTime":"47.81%","numOfCalls":5603502,"avgTimePerCall":0.001314535087933895},{"label":"ADD_CANDIDATE","totalTime":1265.60000115633,"totalRelativeTime":"8.21%","numOfCalls":5603502,"avgTimePerCall":0.00022585875781900856},{"label":"NOT_MEASURED","totalTime":6773.000004529953,"totalRelativeTime":"43.96%","numOfCalls":0,"avgTimePerCall":6773.000004529953}],"visitedNodes":2904968,"iterations":[{"visitedNodes":37,"bound":2},{"visitedNodes":181,"bound":3},{"visitedNodes":877,"bound":4},{"visitedNodes":4237,"bound":5},{"visitedNodes":20461,"bound":6},{"visitedNodes":98797,"bound":7},{"visitedNodes":477037,"bound":8},{"visitedNodes":2303341,"bound":9}]}}},{"label":"2x2","key":"IDA*","solution":{"rotations":[{"side":2,"counterClockwiseDirection":false,"layer":0},{"side":0,"counterClockwiseDirection":false,"layer":0},{"side":2,"counterClockwiseDirection":false,"layer":0},{"side":3,"counterClockwiseDirection":false,"layer":0},{"side":2,"counterClockwiseDirection":true,"layer":0},{"side":2,"counterClockwiseDirection":true,"layer":0},{"side":3,"counterClockwiseDirection":false,"layer":0},{"side":2,"counterClockwiseDirection":true,"layer":0},{"side":3,"counterClockwiseDirection":false,"layer":0},{"side":2,"counterClockwiseDirection":false,"layer":0}],"totalTime":48400.19999998808,"data":{"metrics":[{"label":"PERFORM_ROTATION","totalTime":24133.200001090765,"totalRelativeTime":"49.86%","numOfCalls":22462035,"avgTimePerCall":0.0010743995368670187},{"label":"ADD_CANDIDATE","totalTime":4277.600001782179,"totalRelativeTime":"8.83%","numOfCalls":22462035,"avgTimePerCall":0.00019043688614064482},{"label":"NOT_MEASURED","totalTime":19989.399997115135,"totalRelativeTime":"41.3%","numOfCalls":0,"avgTimePerCall":19989.399997115135}],"visitedNodes":1944532,"iterations":[{"visitedNodes":7,"bound":2},{"visitedNodes":80,"bound":3.25},{"visitedNodes":704,"bound":4.5},{"visitedNodes":4247,"bound":5.75},{"visitedNodes":22006,"bound":7},{"visitedNodes":167313,"bound":8.25},{"visitedNodes":1750175,"bound":9.5}]}}},{"label":"2x2","key":"SA","solution":{"rotations":[{"side":3,"counterClockwiseDirection":false,"layer":0},{"side":0,"counterClockwiseDirection":false,"layer":0},{"side":2,"counterClockwiseDirection":false,"layer":0},{"side":3,"counterClockwiseDirection":true,"layer":0},{"side":2,"counterClockwiseDirection":true,"layer":0},{"side":3,"counterClockwiseDirection":true,"layer":0},{"side":2,"counterClockwiseDirection":true,"layer":0},{"side":0,"counterClockwiseDirection":false,"layer":0},{"layer":0,"side":3,"counterClockwiseDirection":true},{"side":0,"counterClockwiseDirection":true,"layer":0},{"side":3,"counterClockwiseDirection":true,"layer":0},{"side":2,"counterClockwiseDirection":false,"layer":0},{"side":2,"counterClockwiseDirection":false,"layer":0},{"side":0,"counterClockwiseDirection":true,"layer":0}],"totalTime":17315.59999999404,"data":{"restartCounter":0,"iterations":1392,"metrics":[{"label":"CHECK_SOLUTION","totalTime":932.6000016629696,"totalRelativeTime":"5.38%","numOfCalls":4173930,"avgTimePerCall":0.0002234345093623922},{"label":"APPLYING_ROTATIONS","totalTime":5389.200000971556,"totalRelativeTime":"31.12%","numOfCalls":4173922,"avgTimePerCall":0.0012911597296191822},{"label":"COMPUTE_ROTATION","totalTime":948.3000018298626,"totalRelativeTime":"5.47%","numOfCalls":4173922,"avgTimePerCall":0.00022719638791282218},{"label":"CALCULATE_CITIZEN_SCORE","totalTime":1932.7999976873398,"totalRelativeTime":"11.16%","numOfCalls":4173922,"avgTimePerCall":0.00046306567245083636},{"label":"AGGREGATE_CURRENT_GENERATION","totalTime":32.69999971985817,"totalRelativeTime":"0.18%","numOfCalls":139130,"avgTimePerCall":0.0002350319824614258},{"label":"CREATE_NEXT_GENERATION","totalTime":102.79999962449074,"totalRelativeTime":"0.59%","numOfCalls":1391,"avgTimePerCall":0.07390366615707458},{"label":"MEASUREMENT_OVERHEAD","totalTime":3953.000002324581,"totalRelativeTime":"22.82%","numOfCalls":0,"avgTimePerCall":3953.000002324581},{"label":"NOT_MEASURED","totalTime":4024.199996173382,"totalRelativeTime":"23.24%","numOfCalls":0,"avgTimePerCall":4024.199996173382}]}}},{"label":"2x2","key":"GA","solution":{"rotations":[{"side":2,"counterClockwiseDirection":true,"layer":0},{"side":0,"counterClockwiseDirection":false,"layer":0},{"side":3,"counterClockwiseDirection":false,"layer":0},{"side":0,"counterClockwiseDirection":false,"layer":0},{"side":2,"counterClockwiseDirection":false,"layer":0},{"side":0,"counterClockwiseDirection":true,"layer":0},{"side":0,"counterClockwiseDirection":true,"layer":0},{"side":2,"counterClockwiseDirection":false,"layer":0},{"side":3,"counterClockwiseDirection":false,"layer":0},{"side":2,"counterClockwiseDirection":true,"layer":0},{"side":3,"counterClockwiseDirection":false,"layer":0},{"side":2,"counterClockwiseDirection":false,"layer":0}],"totalTime":4043.0999999940395,"data":{"armageddonCounter":0,"generations":347,"metrics":[{"label":"CHECK_SOLUTION","totalTime":214.99999979138374,"totalRelativeTime":"5.31%","numOfCalls":1040400,"avgTimePerCall":0.00020665128776565142},{"label":"APPLYING_ROTATIONS","totalTime":1292.2999988496304,"totalRelativeTime":"31.96%","numOfCalls":1040392,"avgTimePerCall":0.0012421279660451352},{"label":"COMPUTE_GENE","totalTime":219.39999932050705,"totalRelativeTime":"5.42%","numOfCalls":1040392,"avgTimePerCall":0.00021088205149646195},{"label":"CALCULATE_CITIZEN_SCORE","totalTime":442.20000037550926,"totalRelativeTime":"10.93%","numOfCalls":1040392,"avgTimePerCall":0.0004250321036450773},{"label":"AGGREGATE_CURRENT_GENERATION","totalTime":7.399999916553497,"totalRelativeTime":"0.18%","numOfCalls":34679,"avgTimePerCall":0.00021338562001653732},{"label":"CREATE_NEXT_GENERATION","totalTime":26.300000071525574,"totalRelativeTime":"0.65%","numOfCalls":346,"avgTimePerCall":0.07601156090036293},{"label":"MEASUREMENT_OVERHEAD","totalTime":925.5000003278255,"totalRelativeTime":"22.89%","numOfCalls":0,"avgTimePerCall":925.5000003278255},{"label":"NOT_MEASURED","totalTime":915.0000013411045,"totalRelativeTime":"22.63%","numOfCalls":0,"avgTimePerCall":915.0000013411045}]}}},{"label":"2x2","key":"WA*","solution":{"rotations":[{"side":3,"counterClockwiseDirection":true,"layer":0},{"side":3,"counterClockwiseDirection":true,"layer":0},{"side":2,"counterClockwiseDirection":false,"layer":0},{"side":3,"counterClockwiseDirection":false,"layer":0},{"side":0,"counterClockwiseDirection":false,"layer":0},{"side":3,"counterClockwiseDirection":true,"layer":0},{"side":3,"counterClockwiseDirection":true,"layer":0},{"side":2,"counterClockwiseDirection":true,"layer":0},{"side":3,"counterClockwiseDirection":false,"layer":0},{"side":2,"counterClockwiseDirection":false,"layer":0}],"totalTime":129.09999999403954,"data":{"metrics":[{"label":"ITERATIONS_COUNTER_INCREMENT","totalTime":1.7999999523162842,"totalRelativeTime":"1.39%","numOfCalls":7314,"avgTimePerCall":0.0002461033568931206},{"label":"ABORTED_VERIFICATION","totalTime":0.29999998211860657,"totalRelativeTime":"0.23%","numOfCalls":3657,"avgTimePerCall":0.00008203444958124325},{"label":"POP_CANDIDATE","totalTime":1.9999999701976776,"totalRelativeTime":"1.54%","numOfCalls":3657,"avgTimePerCall":0.0005468963549897942},{"label":"VISISTED_LIST_CHECK","totalTime":6.299999922513962,"totalRelativeTime":"4.87%","numOfCalls":19987,"avgTimePerCall":0.0003152048792972413},{"label":"CHECK_SOLUTION","totalTime":0.4999999701976776,"totalRelativeTime":"0.38%","numOfCalls":3424,"avgTimePerCall":0.00014602802867922827},{"label":"ADD_TO_VISISTED_LIST_CHECK","totalTime":0.699999988079071,"totalRelativeTime":"0.54%","numOfCalls":3423,"avgTimePerCall":0.00020449897402251564},{"label":"PERFORM_ROTATION","totalTime":43.39999982714653,"totalRelativeTime":"33.61%","numOfCalls":16330,"avgTimePerCall":0.0026576852313010737},{"label":"HEURISTIC_CALCULATION","totalTime":11.799999952316284,"totalRelativeTime":"9.14%","numOfCalls":16330,"avgTimePerCall":0.0007225964453347387},{"label":"ADD_CANDIDATE","totalTime":12.700000047683716,"totalRelativeTime":"9.83%","numOfCalls":16064,"avgTimePerCall":0.0007905876523707493},{"label":"BUILD_SOLUTION","totalTime":0,"totalRelativeTime":"0%","numOfCalls":1,"avgTimePerCall":0},{"label":"MEASUREMENT_OVERHEAD","totalTime":18.00000023841858,"totalRelativeTime":"13.94%","numOfCalls":0,"avgTimePerCall":18.00000023841858},{"label":"NOT_MEASURED","totalTime":31.600000143051147,"totalRelativeTime":"24.47%","numOfCalls":0,"avgTimePerCall":31.600000143051147}],"visitedNodes":3657,"differentNodes":3424}}},{"label":"2x2","key":"BiBFS","solution":{"rotations":[{"side":3,"counterClockwiseDirection":false,"layer":0},{"side":2,"counterClockwiseDirection":true,"layer":0},{"side":3,"counterClockwiseDirection":true,"layer":0},{"side":3,"counterClockwiseDirection":true,"layer":0},{"side":0,"counterClockwiseDirection":true,"layer":0},{"side":2,"counterClockwiseDirection":false,"layer":0},{"side":3,"counterClockwiseDirection":false,"layer":0},{"side":3,"counterClockwiseDirection":false,"layer":0},{"side":2,"counterClockwiseDirection":true,"layer":0},{"side":3,"counterClockwiseDirection":true,"layer":0}],"totalTime":98.7999999821186,"data":{"metrics":[{"label":"POP_CANDIDATE","totalTime":1.0999999642372131,"totalRelativeTime":"1.11%","numOfCalls":3088,"avgTimePerCall":0.0003562176049990975},{"label":"VISISTED_LIST_CHECK","totalTime":9.100000023841858,"totalRelativeTime":"9.21%","numOfCalls":19633,"avgTimePerCall":0.0004635053238853898},{"label":"ADD_TO_VISISTED_LIST_CHECK","totalTime":0.5999999940395355,"totalRelativeTime":"0.6%","numOfCalls":2804,"avgTimePerCall":0.00021398002640496988},{"label":"PERFORM_ROTATION","totalTime":35.00000014901161,"totalRelativeTime":"35.42%","numOfCalls":13740,"avgTimePerCall":0.0025473071433050666},{"label":"ADD_CANDIDATE","totalTime":6.700000107288361,"totalRelativeTime":"6.78%","numOfCalls":13612,"avgTimePerCall":0.0004922127613347312},{"label":"MEASUREMENT_OVERHEAD","totalTime":16.899999886751175,"totalRelativeTime":"17.1%","numOfCalls":0,"avgTimePerCall":16.899999886751175},{"label":"NOT_MEASURED","totalTime":29.399999856948853,"totalRelativeTime":"29.75%","numOfCalls":0,"avgTimePerCall":29.399999856948853}],"iterations":1403,"visitedNodes":1403}}}]}