{"timestamp":1680888850644,"shuffle":"32:  U'  2D   2F    U   2R    U    D'  2U    L    U'   L    D'  2R    F    B'   D'   R'   F    B   2F    L   2U    L    B    R   ","solutions":[{"label":"2x2","key":"IDDFS","solution":{"rotations":[{"side":2,"counterClockwiseDirection":true,"layer":0},{"side":2,"counterClockwiseDirection":true,"layer":0},{"side":3,"counterClockwiseDirection":false,"layer":0},{"side":0,"counterClockwiseDirection":true,"layer":0},{"side":2,"counterClockwiseDirection":true,"layer":0},{"side":3,"counterClockwiseDirection":true,"layer":0},{"side":2,"counterClockwiseDirection":false,"layer":0},{"side":0,"counterClockwiseDirection":true,"layer":0},{"side":3,"counterClockwiseDirection":true,"layer":0},{"side":2,"counterClockwiseDirection":true,"layer":0},{"side":2,"counterClockwiseDirection":true,"layer":0},{"side":3,"counterClockwiseDirection":true,"layer":0}],"totalTime":255471.09999999404,"data":{"metrics":[{"label":"PERFORM_ROTATION","totalTime":109155.09999164939,"totalRelativeTime":"42.72%","numOfCalls":74105477,"avgTimePerCall":0.0014729693999763255},{"label":"ADD_CANDIDATE","totalTime":19982.999996453524,"totalRelativeTime":"7.82%","numOfCalls":74105477,"avgTimePerCall":0.00026965618204513445},{"label":"NOT_MEASURED","totalTime":126333.00001189113,"totalRelativeTime":"49.45%","numOfCalls":0,"avgTimePerCall":126333.00001189113}],"visitedNodes":67725922,"iterations":[{"visitedNodes":37,"bound":2},{"visitedNodes":181,"bound":3},{"visitedNodes":877,"bound":4},{"visitedNodes":4237,"bound":5},{"visitedNodes":20461,"bound":6},{"visitedNodes":98797,"bound":7},{"visitedNodes":477037,"bound":8},{"visitedNodes":2303341,"bound":9},{"visitedNodes":11121517,"bound":10},{"visitedNodes":53699437,"bound":11}]}}},{"label":"2x2","key":"IDA*","solution":{"rotations":[{"side":2,"counterClockwiseDirection":true,"layer":0},{"side":2,"counterClockwiseDirection":true,"layer":0},{"side":3,"counterClockwiseDirection":false,"layer":0},{"side":0,"counterClockwiseDirection":true,"layer":0},{"side":2,"counterClockwiseDirection":true,"layer":0},{"side":3,"counterClockwiseDirection":true,"layer":0},{"side":2,"counterClockwiseDirection":false,"layer":0},{"side":0,"counterClockwiseDirection":true,"layer":0},{"side":3,"counterClockwiseDirection":true,"layer":0},{"side":2,"counterClockwiseDirection":true,"layer":0},{"side":2,"counterClockwiseDirection":true,"layer":0},{"side":3,"counterClockwiseDirection":true,"layer":0}],"totalTime":226761,"data":{"metrics":[{"label":"PERFORM_ROTATION","totalTime":109137.10001266003,"totalRelativeTime":"48.12%","numOfCalls":69799927,"avgTimePerCall":0.0015635704033423992},{"label":"ADD_CANDIDATE","totalTime":19696.999999582767,"totalRelativeTime":"8.68%","numOfCalls":69799927,"avgTimePerCall":0.0002821922722008401},{"label":"NOT_MEASURED","totalTime":97926.8999877572,"totalRelativeTime":"43.18%","numOfCalls":0,"avgTimePerCall":97926.8999877572}],"visitedNodes":13051548,"iterations":[{"visitedNodes":7,"bound":2},{"visitedNodes":37,"bound":3.25},{"visitedNodes":654,"bound":4.5},{"visitedNodes":4255,"bound":5.75},{"visitedNodes":21581,"bound":7},{"visitedNodes":153388,"bound":8.25},{"visitedNodes":1712530,"bound":9.5},{"visitedNodes":11159096,"bound":10.75}]}}},{"label":"2x2","key":"GA","solution":{"rotations":[{"side":0,"counterClockwiseDirection":false,"layer":0},{"side":3,"counterClockwiseDirection":false,"layer":0},{"side":2,"counterClockwiseDirection":true,"layer":0},{"side":3,"counterClockwiseDirection":false,"layer":0},{"side":3,"counterClockwiseDirection":false,"layer":0},{"side":2,"counterClockwiseDirection":false,"layer":0},{"side":0,"counterClockwiseDirection":false,"layer":0},{"side":2,"counterClockwiseDirection":false,"layer":0},{"side":2,"counterClockwiseDirection":false,"layer":0},{"side":3,"counterClockwiseDirection":false,"layer":0},{"layer":0,"side":2,"counterClockwiseDirection":true},{"side":0,"counterClockwiseDirection":true,"layer":0},{"side":3,"counterClockwiseDirection":true,"layer":0},{"side":2,"counterClockwiseDirection":false,"layer":0}],"totalTime":81218,"data":{"armageddonCounter":0,"generations":4994,"metrics":[{"label":"CHECK_SOLUTION","totalTime":4298.29999807477,"totalRelativeTime":"5.29%","numOfCalls":14979150,"avgTimePerCall":0.00028695219675847896},{"label":"APPLYING_ROTATIONS","totalTime":25390.40000450611,"totalRelativeTime":"31.26%","numOfCalls":14979144,"avgTimePerCall":0.001695050131336351},{"label":"COMPUTE_GENE","totalTime":4438.600003153086,"totalRelativeTime":"5.46%","numOfCalls":14979144,"avgTimePerCall":0.00029631866835335086},{"label":"CALCULATE_CITIZEN_SCORE","totalTime":9140.599999397993,"totalRelativeTime":"11.25%","numOfCalls":14979144,"avgTimePerCall":0.0006102217856639868},{"label":"AGGREGATE_CURRENT_GENERATION","totalTime":153.79999995231628,"totalRelativeTime":"0.18%","numOfCalls":499304,"avgTimePerCall":0.00030802877596076994},{"label":"CREATE_NEXT_GENERATION","totalTime":503.3000007867813,"totalRelativeTime":"0.61%","numOfCalls":4993,"avgTimePerCall":0.10080112172777515},{"label":"MEASUREMENT_OVERHEAD","totalTime":18468.800001949072,"totalRelativeTime":"22.73%","numOfCalls":0,"avgTimePerCall":18468.800001949072},{"label":"NOT_MEASURED","totalTime":18824.19999217987,"totalRelativeTime":"23.17%","numOfCalls":0,"avgTimePerCall":18824.19999217987}]}}},{"label":"2x2","key":"SA","solution":{"rotations":[{"side":0,"counterClockwiseDirection":true,"layer":0},{"side":3,"counterClockwiseDirection":false,"layer":0},{"side":0,"counterClockwiseDirection":true,"layer":0},{"side":2,"counterClockwiseDirection":true,"layer":0},{"side":3,"counterClockwiseDirection":true,"layer":0},{"side":3,"counterClockwiseDirection":true,"layer":0},{"side":0,"counterClockwiseDirection":true,"layer":0},{"side":0,"counterClockwiseDirection":true,"layer":0},{"side":3,"counterClockwiseDirection":false,"layer":0},{"side":0,"counterClockwiseDirection":false,"layer":0},{"side":2,"counterClockwiseDirection":true,"layer":0},{"side":3,"counterClockwiseDirection":true,"layer":0},{"side":2,"counterClockwiseDirection":false,"layer":0},{"side":0,"counterClockwiseDirection":false,"layer":0},{"side":3,"counterClockwiseDirection":true,"layer":0},{"side":0,"counterClockwiseDirection":true,"layer":0},{"side":3,"counterClockwiseDirection":false,"layer":0},{"side":2,"counterClockwiseDirection":true,"layer":0}],"totalTime":204228.10000002384,"data":{"restartCounter":2,"iterations":13632,"metrics":[{"label":"CHECK_SOLUTION","totalTime":11117.300003498793,"totalRelativeTime":"5.44%","numOfCalls":40895970,"avgTimePerCall":0.00027184341155127984},{"label":"APPLYING_ROTATIONS","totalTime":63559.000020712614,"totalRelativeTime":"31.12%","numOfCalls":40895964,"avgTimePerCall":0.0015541631448206627},{"label":"COMPUTE_ROTATION","totalTime":11337.899993598461,"totalRelativeTime":"5.55%","numOfCalls":40895964,"avgTimePerCall":0.0002772376265197823},{"label":"CALCULATE_CITIZEN_SCORE","totalTime":22931.09999626875,"totalRelativeTime":"11.22%","numOfCalls":40895964,"avgTimePerCall":0.0005607179230759482},{"label":"AGGREGATE_CURRENT_GENERATION","totalTime":396.69999969005585,"totalRelativeTime":"0.19%","numOfCalls":1363198,"avgTimePerCall":0.0002910068821184126},{"label":"CREATE_NEXT_GENERATION","totalTime":1232.5999983251095,"totalRelativeTime":"0.6%","numOfCalls":13631,"avgTimePerCall":0.09042623419595844},{"label":"MEASUREMENT_OVERHEAD","totalTime":46413.40000501275,"totalRelativeTime":"22.72%","numOfCalls":0,"avgTimePerCall":46413.40000501275},{"label":"NOT_MEASURED","totalTime":47240.09998291731,"totalRelativeTime":"23.13%","numOfCalls":0,"avgTimePerCall":47240.09998291731}]}}},{"label":"2x2","key":"WA*","solution":{"rotations":[{"side":0,"counterClockwiseDirection":true,"layer":0},{"side":3,"counterClockwiseDirection":false,"layer":0},{"side":2,"counterClockwiseDirection":false,"layer":0},{"side":2,"counterClockwiseDirection":false,"layer":0},{"side":3,"counterClockwiseDirection":false,"layer":0},{"side":2,"counterClockwiseDirection":true,"layer":0},{"side":3,"counterClockwiseDirection":false,"layer":0},{"side":2,"counterClockwiseDirection":false,"layer":0},{"side":2,"counterClockwiseDirection":false,"layer":0},{"side":0,"counterClockwiseDirection":false,"layer":0},{"side":2,"counterClockwiseDirection":false,"layer":0},{"side":0,"counterClockwiseDirection":true,"layer":0},{"side":2,"counterClockwiseDirection":false,"layer":0},{"side":0,"counterClockwiseDirection":false,"layer":0},{"side":2,"counterClockwiseDirection":false,"layer":0},{"side":0,"counterClockwiseDirection":true,"layer":0}],"totalTime":1471.0999999940395,"data":{"metrics":[{"label":"ITERATIONS_COUNTER_INCREMENT","totalTime":25.69999995827675,"totalRelativeTime":"1.74%","numOfCalls":102150,"avgTimePerCall":0.00025159079743785365},{"label":"ABORTED_VERIFICATION","totalTime":12.300000101327896,"totalRelativeTime":"0.83%","numOfCalls":51075,"avgTimePerCall":0.00024082232210137828},{"label":"POP_CANDIDATE","totalTime":36.59999990463257,"totalRelativeTime":"2.48%","numOfCalls":51075,"avgTimePerCall":0.0007165932433604028},{"label":"VISISTED_LIST_CHECK","totalTime":106.99999997019768,"totalRelativeTime":"7.27%","numOfCalls":276190,"avgTimePerCall":0.00038741446095151046},{"label":"CHECK_SOLUTION","totalTime":14.200000017881393,"totalRelativeTime":"0.96%","numOfCalls":47187,"avgTimePerCall":0.000300930341362693},{"label":"ADD_TO_VISISTED_LIST_CHECK","totalTime":15.300000190734863,"totalRelativeTime":"1.04%","numOfCalls":47186,"avgTimePerCall":0.00032424872188222914},{"label":"PERFORM_ROTATION","totalTime":379.59999921917915,"totalRelativeTime":"25.8%","numOfCalls":225115,"avgTimePerCall":0.0016862492469145954},{"label":"HEURISTIC_CALCULATION","totalTime":139.2000002861023,"totalRelativeTime":"9.46%","numOfCalls":225115,"avgTimePerCall":0.0006183506220647327},{"label":"ADD_CANDIDATE","totalTime":59.89999997615814,"totalRelativeTime":"4.07%","numOfCalls":218164,"avgTimePerCall":0.0002745640892913503},{"label":"BUILD_SOLUTION","totalTime":0.09999999403953552,"totalRelativeTime":"0%","numOfCalls":1,"avgTimePerCall":0.09999999403953552},{"label":"MEASUREMENT_OVERHEAD","totalTime":328.79999989271164,"totalRelativeTime":"22.35%","numOfCalls":0,"avgTimePerCall":328.79999989271164},{"label":"NOT_MEASURED","totalTime":352.4000004827976,"totalRelativeTime":"23.95%","numOfCalls":0,"avgTimePerCall":352.4000004827976}],"visitedNodes":51075,"differentNodes":47187}}},{"label":"2x2","key":"BiBFS","solution":{"rotations":[{"side":0,"counterClockwiseDirection":true,"layer":0},{"side":2,"counterClockwiseDirection":false,"layer":0},{"side":0,"counterClockwiseDirection":true,"layer":0},{"side":3,"counterClockwiseDirection":false,"layer":0},{"side":0,"counterClockwiseDirection":true,"layer":0},{"side":2,"counterClockwiseDirection":true,"layer":0},{"side":0,"counterClockwiseDirection":true,"layer":0},{"side":3,"counterClockwiseDirection":false,"layer":0},{"side":2,"counterClockwiseDirection":false,"layer":0},{"side":0,"counterClockwiseDirection":true,"layer":0},{"side":2,"counterClockwiseDirection":false,"layer":0},{"side":3,"counterClockwiseDirection":false,"layer":0}],"totalTime":358.7999999821186,"data":{"metrics":[{"label":"POP_CANDIDATE","totalTime":4.599999964237213,"totalRelativeTime":"1.28%","numOfCalls":18054,"avgTimePerCall":0.0002547911800286481},{"label":"VISISTED_LIST_CHECK","totalTime":35.90000009536743,"totalRelativeTime":"10%","numOfCalls":109322,"avgTimePerCall":0.0003283876995972213},{"label":"ADD_TO_VISISTED_LIST_CHECK","totalTime":5.099999904632568,"totalRelativeTime":"1.42%","numOfCalls":15486,"avgTimePerCall":0.00032932971100559013},{"label":"PERFORM_ROTATION","totalTime":138.6999998986721,"totalRelativeTime":"38.65%","numOfCalls":75780,"avgTimePerCall":0.0018302982303862775},{"label":"ADD_CANDIDATE","totalTime":19.20000022649765,"totalRelativeTime":"5.35%","numOfCalls":74066,"avgTimePerCall":0.0002592282589379425},{"label":"MEASUREMENT_OVERHEAD","totalTime":66.7000000178814,"totalRelativeTime":"18.58%","numOfCalls":0,"avgTimePerCall":66.7000000178814},{"label":"NOT_MEASURED","totalTime":88.59999987483025,"totalRelativeTime":"24.69%","numOfCalls":0,"avgTimePerCall":88.59999987483025}],"iterations":7744,"visitedNodes":7744}}}]}