{"timestamp":1680909701177,"shuffle":"39:  L'   B    F'  2D    L'   U    F'   R    B'   R    F   2R    B'   R    U'   R    L   2U   2D    U    R    D'   R    F'  2L    U'   D    R   2U    F    L   2F   ","solutions":[{"label":"2x2","key":"IDDFS","solution":{"rotations":[{"side":2,"counterClockwiseDirection":true,"layer":0},{"side":0,"counterClockwiseDirection":false,"layer":0},{"side":3,"counterClockwiseDirection":false,"layer":0},{"side":0,"counterClockwiseDirection":true,"layer":0},{"side":2,"counterClockwiseDirection":false,"layer":0},{"side":3,"counterClockwiseDirection":true,"layer":0},{"side":2,"counterClockwiseDirection":false,"layer":0},{"side":0,"counterClockwiseDirection":true,"layer":0},{"side":2,"counterClockwiseDirection":true,"layer":0},{"side":2,"counterClockwiseDirection":true,"layer":0},{"side":0,"counterClockwiseDirection":true,"layer":0}],"totalTime":51792.40000000596,"data":{"metrics":[{"label":"PERFORM_ROTATION","totalTime":24266.60000026226,"totalRelativeTime":"46.85%","numOfCalls":19071309,"avgTimePerCall":0.001272413970129804},{"label":"ADD_CANDIDATE","totalTime":4356.200000047684,"totalRelativeTime":"8.41%","numOfCalls":19071309,"avgTimePerCall":0.00022841641336982603},{"label":"NOT_MEASURED","totalTime":23169.599999696016,"totalRelativeTime":"44.73%","numOfCalls":0,"avgTimePerCall":23169.599999696016}],"visitedNodes":14026485,"iterations":[{"visitedNodes":37,"bound":2},{"visitedNodes":181,"bound":3},{"visitedNodes":877,"bound":4},{"visitedNodes":4237,"bound":5},{"visitedNodes":20461,"bound":6},{"visitedNodes":98797,"bound":7},{"visitedNodes":477037,"bound":8},{"visitedNodes":2303341,"bound":9},{"visitedNodes":11121517,"bound":10}]}}},{"label":"2x2","key":"IDA*","solution":{"rotations":[{"side":2,"counterClockwiseDirection":true,"layer":0},{"side":0,"counterClockwiseDirection":false,"layer":0},{"side":3,"counterClockwiseDirection":false,"layer":0},{"side":0,"counterClockwiseDirection":true,"layer":0},{"side":2,"counterClockwiseDirection":false,"layer":0},{"side":3,"counterClockwiseDirection":true,"layer":0},{"side":2,"counterClockwiseDirection":false,"layer":0},{"side":0,"counterClockwiseDirection":true,"layer":0},{"side":2,"counterClockwiseDirection":true,"layer":0},{"side":2,"counterClockwiseDirection":true,"layer":0},{"side":0,"counterClockwiseDirection":true,"layer":0}],"totalTime":38528.5,"data":{"metrics":[{"label":"PERFORM_ROTATION","totalTime":19165.80000090599,"totalRelativeTime":"49.74%","numOfCalls":14380765,"avgTimePerCall":0.0013327385574346004},{"label":"ADD_CANDIDATE","totalTime":3443.6000002920628,"totalRelativeTime":"8.93%","numOfCalls":14380765,"avgTimePerCall":0.00023945874925931012},{"label":"NOT_MEASURED","totalTime":15919.099998801947,"totalRelativeTime":"41.31%","numOfCalls":0,"avgTimePerCall":15919.099998801947}],"visitedNodes":1930425,"iterations":[{"visitedNodes":7,"bound":2},{"visitedNodes":77,"bound":3.25},{"visitedNodes":713,"bound":4.5},{"visitedNodes":4247,"bound":5.75},{"visitedNodes":21875,"bound":7},{"visitedNodes":159213,"bound":8.25},{"visitedNodes":1744293,"bound":9.5}]}}},{"label":"2x2","key":"SA","solution":{"rotations":[{"side":2,"counterClockwiseDirection":true,"layer":0},{"side":2,"counterClockwiseDirection":true,"layer":0},{"side":0,"counterClockwiseDirection":true,"layer":0},{"side":3,"counterClockwiseDirection":false,"layer":0},{"side":0,"counterClockwiseDirection":false,"layer":0},{"side":2,"counterClockwiseDirection":true,"layer":0},{"side":3,"counterClockwiseDirection":true,"layer":0},{"side":2,"counterClockwiseDirection":false,"layer":0},{"side":0,"counterClockwiseDirection":true,"layer":0},{"side":2,"counterClockwiseDirection":true,"layer":0},{"side":0,"counterClockwiseDirection":false,"layer":0},{"side":2,"counterClockwiseDirection":false,"layer":0},{"side":3,"counterClockwiseDirection":true,"layer":0}],"totalTime":54992.19999998808,"data":{"restartCounter":0,"iterations":4579,"metrics":[{"label":"CHECK_SOLUTION","totalTime":3008.8999960124493,"totalRelativeTime":"5.47%","numOfCalls":13736700,"avgTimePerCall":0.0002190409629687224},{"label":"APPLYING_ROTATIONS","totalTime":17228.000000029802,"totalRelativeTime":"31.32%","numOfCalls":13736687,"avgTimePerCall":0.0012541597548251483},{"label":"COMPUTE_ROTATION","totalTime":3040.600001692772,"totalRelativeTime":"5.52%","numOfCalls":13736687,"avgTimePerCall":0.00022134885956801462},{"label":"CALCULATE_CITIZEN_SCORE","totalTime":6150.699997454882,"totalRelativeTime":"11.18%","numOfCalls":13736687,"avgTimePerCall":0.0004477571628046036},{"label":"AGGREGATE_CURRENT_GENERATION","totalTime":97.79999992251396,"totalRelativeTime":"0.17%","numOfCalls":457889,"avgTimePerCall":0.00021358888272597499},{"label":"CREATE_NEXT_GENERATION","totalTime":310.29999950528145,"totalRelativeTime":"0.56%","numOfCalls":4578,"avgTimePerCall":0.06778069014969014},{"label":"MEASUREMENT_OVERHEAD","totalTime":12560.399985134602,"totalRelativeTime":"22.84%","numOfCalls":0,"avgTimePerCall":12560.399985134602},{"label":"NOT_MEASURED","totalTime":12595.500020235777,"totalRelativeTime":"22.9%","numOfCalls":0,"avgTimePerCall":12595.500020235777}]}}},{"label":"2x2","key":"GA","solution":{"rotations":[{"side":3,"counterClockwiseDirection":true,"layer":0},{"side":2,"counterClockwiseDirection":true,"layer":0},{"side":0,"counterClockwiseDirection":true,"layer":0},{"side":2,"counterClockwiseDirection":false,"layer":0},{"side":0,"counterClockwiseDirection":true,"layer":0},{"side":2,"counterClockwiseDirection":true,"layer":0},{"side":3,"counterClockwiseDirection":true,"layer":0},{"side":0,"counterClockwiseDirection":false,"layer":0},{"side":3,"counterClockwiseDirection":false,"layer":0},{"side":2,"counterClockwiseDirection":true,"layer":0},{"side":3,"counterClockwiseDirection":false,"layer":0},{"side":0,"counterClockwiseDirection":false,"layer":0},{"side":3,"counterClockwiseDirection":true,"layer":0},{"side":0,"counterClockwiseDirection":false,"layer":0},{"side":3,"counterClockwiseDirection":false,"layer":0},{"side":0,"counterClockwiseDirection":false,"layer":0},{"side":3,"counterClockwiseDirection":false,"layer":0},{"side":3,"counterClockwiseDirection":false,"layer":0},{"side":2,"counterClockwiseDirection":false,"layer":0}],"totalTime":7377.899999976158,"data":{"armageddonCounter":0,"generations":598,"metrics":[{"label":"CHECK_SOLUTION","totalTime":386.1000007688999,"totalRelativeTime":"5.23%","numOfCalls":1793520,"avgTimePerCall":0.0002152749903925799},{"label":"APPLYING_ROTATIONS","totalTime":2374.3000000417233,"totalRelativeTime":"32.18%","numOfCalls":1793517,"avgTimePerCall":0.0013238235266472096},{"label":"COMPUTE_GENE","totalTime":396.8999996483326,"totalRelativeTime":"5.37%","numOfCalls":1793517,"avgTimePerCall":0.00022129703796971683},{"label":"CALCULATE_CITIZEN_SCORE","totalTime":829.6999997496605,"totalRelativeTime":"11.24%","numOfCalls":1793517,"avgTimePerCall":0.00046261061353177054},{"label":"AGGREGATE_CURRENT_GENERATION","totalTime":12.799999803304672,"totalRelativeTime":"0.17%","numOfCalls":59783,"avgTimePerCall":0.00021410768618678676},{"label":"CREATE_NEXT_GENERATION","totalTime":42.400000274181366,"totalRelativeTime":"0.57%","numOfCalls":597,"avgTimePerCall":0.07102177600365388},{"label":"MEASUREMENT_OVERHEAD","totalTime":1683.0000019669533,"totalRelativeTime":"22.81%","numOfCalls":0,"avgTimePerCall":1683.0000019669533},{"label":"NOT_MEASURED","totalTime":1652.6999977231026,"totalRelativeTime":"22.4%","numOfCalls":0,"avgTimePerCall":1652.6999977231026}]}}},{"label":"2x2","key":"WA*","solution":{"rotations":[{"side":3,"counterClockwiseDirection":true,"layer":0},{"side":0,"counterClockwiseDirection":true,"layer":0},{"side":2,"counterClockwiseDirection":true,"layer":0},{"side":0,"counterClockwiseDirection":true,"layer":0},{"side":2,"counterClockwiseDirection":true,"layer":0},{"side":0,"counterClockwiseDirection":false,"layer":0},{"side":2,"counterClockwiseDirection":true,"layer":0},{"side":2,"counterClockwiseDirection":true,"layer":0},{"side":3,"counterClockwiseDirection":true,"layer":0},{"side":2,"counterClockwiseDirection":false,"layer":0},{"side":3,"counterClockwiseDirection":false,"layer":0},{"side":2,"counterClockwiseDirection":false,"layer":0},{"side":3,"counterClockwiseDirection":true,"layer":0},{"side":2,"counterClockwiseDirection":true,"layer":0},{"side":3,"counterClockwiseDirection":false,"layer":0}],"totalTime":807.2999999821186,"data":{"metrics":[{"label":"ITERATIONS_COUNTER_INCREMENT","totalTime":13.899999976158142,"totalRelativeTime":"1.72%","numOfCalls":63572,"avgTimePerCall":0.00021864971962747974},{"label":"ABORTED_VERIFICATION","totalTime":6.299999952316284,"totalRelativeTime":"0.78%","numOfCalls":31786,"avgTimePerCall":0.00019820046411364389},{"label":"POP_CANDIDATE","totalTime":15.099999755620956,"totalRelativeTime":"1.87%","numOfCalls":31786,"avgTimePerCall":0.00047505190195749566},{"label":"VISISTED_LIST_CHECK","totalTime":61.599999874830246,"totalRelativeTime":"7.63%","numOfCalls":172369,"avgTimePerCall":0.00035737284473907866},{"label":"CHECK_SOLUTION","totalTime":5.300000071525574,"totalRelativeTime":"0.65%","numOfCalls":29467,"avgTimePerCall":0.00017986222118049255},{"label":"ADD_TO_VISISTED_LIST_CHECK","totalTime":8.50000011920929,"totalRelativeTime":"1.05%","numOfCalls":29466,"avgTimePerCall":0.0002884680689340015},{"label":"PERFORM_ROTATION","totalTime":225.499999076128,"totalRelativeTime":"27.93%","numOfCalls":140583,"avgTimePerCall":0.0016040346206591693},{"label":"HEURISTIC_CALCULATION","totalTime":74.29999989271164,"totalRelativeTime":"9.2%","numOfCalls":140583,"avgTimePerCall":0.000528513404129316},{"label":"ADD_CANDIDATE","totalTime":38.50000035762787,"totalRelativeTime":"4.76%","numOfCalls":136989,"avgTimePerCall":0.00028104446603470257},{"label":"BUILD_SOLUTION","totalTime":0,"totalRelativeTime":"0%","numOfCalls":1,"avgTimePerCall":0},{"label":"MEASUREMENT_OVERHEAD","totalTime":162.9000003039837,"totalRelativeTime":"20.17%","numOfCalls":0,"avgTimePerCall":162.9000003039837},{"label":"NOT_MEASURED","totalTime":195.4000006020069,"totalRelativeTime":"24.2%","numOfCalls":0,"avgTimePerCall":195.4000006020069}],"visitedNodes":31786,"differentNodes":29467}}},{"label":"2x2","key":"BiBFS","solution":{"rotations":[{"side":3,"counterClockwiseDirection":true,"layer":0},{"side":2,"counterClockwiseDirection":true,"layer":0},{"side":3,"counterClockwiseDirection":false,"layer":0},{"side":2,"counterClockwiseDirection":false,"layer":0},{"side":0,"counterClockwiseDirection":true,"layer":0},{"side":3,"counterClockwiseDirection":true,"layer":0},{"side":3,"counterClockwiseDirection":true,"layer":0},{"side":0,"counterClockwiseDirection":false,"layer":0},{"side":2,"counterClockwiseDirection":true,"layer":0},{"side":3,"counterClockwiseDirection":true,"layer":0},{"side":0,"counterClockwiseDirection":true,"layer":0}],"totalTime":207.09999999403954,"data":{"metrics":[{"label":"POP_CANDIDATE","totalTime":1.4999999403953552,"totalRelativeTime":"0.72%","numOfCalls":9592,"avgTimePerCall":0.00015638031071678015},{"label":"VISISTED_LIST_CHECK","totalTime":19.700000047683716,"totalRelativeTime":"9.51%","numOfCalls":59136,"avgTimePerCall":0.00033313041206175115},{"label":"ADD_TO_VISISTED_LIST_CHECK","totalTime":2.599999964237213,"totalRelativeTime":"1.25%","numOfCalls":8404,"avgTimePerCall":0.00030937648313151037},{"label":"PERFORM_ROTATION","totalTime":68.60000020265579,"totalRelativeTime":"33.12%","numOfCalls":41138,"avgTimePerCall":0.0016675579805205843},{"label":"ADD_CANDIDATE","totalTime":17.09999966621399,"totalRelativeTime":"8.25%","numOfCalls":40352,"avgTimePerCall":0.000423770808540196},{"label":"MEASUREMENT_OVERHEAD","totalTime":38.799999833106995,"totalRelativeTime":"18.73%","numOfCalls":0,"avgTimePerCall":38.799999833106995},{"label":"NOT_MEASURED","totalTime":58.800000339746475,"totalRelativeTime":"28.39%","numOfCalls":0,"avgTimePerCall":58.800000339746475}],"iterations":4203,"visitedNodes":4203}}}]}