{"timestamp":1680890025993,"shuffle":"34:  L'   F    D    L'   U    R'   D'   L    D'   L    U'  2L    B'   U    D    B    L'   U'   R    B'  2U    R'   F    D'   B    F'   L   2F    D    U    F   ","solutions":[{"label":"2x2","key":"IDDFS","solution":{"rotations":[{"side":2,"counterClockwiseDirection":true,"layer":0},{"side":0,"counterClockwiseDirection":true,"layer":0},{"side":3,"counterClockwiseDirection":true,"layer":0},{"side":2,"counterClockwiseDirection":true,"layer":0},{"side":3,"counterClockwiseDirection":false,"layer":0},{"side":2,"counterClockwiseDirection":false,"layer":0},{"side":0,"counterClockwiseDirection":false,"layer":0},{"side":3,"counterClockwiseDirection":true,"layer":0},{"side":2,"counterClockwiseDirection":false,"layer":0},{"side":0,"counterClockwiseDirection":false,"layer":0}],"totalTime":10428.800000011921,"data":{"metrics":[{"label":"PERFORM_ROTATION","totalTime":4535.9000007510185,"totalRelativeTime":"43.49%","numOfCalls":3462017,"avgTimePerCall":0.001310189984841501},{"label":"ADD_CANDIDATE","totalTime":772.5999979674816,"totalRelativeTime":"7.4%","numOfCalls":3462017,"avgTimePerCall":0.00022316470368790263},{"label":"NOT_MEASURED","totalTime":5120.300001293421,"totalRelativeTime":"49.09%","numOfCalls":0,"avgTimePerCall":5120.300001293421}],"visitedNodes":2904968,"iterations":[{"visitedNodes":37,"bound":2},{"visitedNodes":181,"bound":3},{"visitedNodes":877,"bound":4},{"visitedNodes":4237,"bound":5},{"visitedNodes":20461,"bound":6},{"visitedNodes":98797,"bound":7},{"visitedNodes":477037,"bound":8},{"visitedNodes":2303341,"bound":9}]}}},{"label":"2x2","key":"IDA*","solution":{"rotations":[{"side":2,"counterClockwiseDirection":true,"layer":0},{"side":0,"counterClockwiseDirection":true,"layer":0},{"side":3,"counterClockwiseDirection":true,"layer":0},{"side":2,"counterClockwiseDirection":true,"layer":0},{"side":3,"counterClockwiseDirection":false,"layer":0},{"side":2,"counterClockwiseDirection":false,"layer":0},{"side":0,"counterClockwiseDirection":false,"layer":0},{"side":3,"counterClockwiseDirection":true,"layer":0},{"side":2,"counterClockwiseDirection":false,"layer":0},{"side":0,"counterClockwiseDirection":false,"layer":0}],"totalTime":30242.69999998808,"data":{"metrics":[{"label":"PERFORM_ROTATION","totalTime":15707.299991548061,"totalRelativeTime":"51.93%","numOfCalls":11998654,"avgTimePerCall":0.0013090885020559857},{"label":"ADD_CANDIDATE","totalTime":2417.100001692772,"totalRelativeTime":"7.99%","numOfCalls":11998654,"avgTimePerCall":0.00020144759584639842},{"label":"NOT_MEASURED","totalTime":12118.300006747246,"totalRelativeTime":"40.07%","numOfCalls":0,"avgTimePerCall":12118.300006747246}],"visitedNodes":1926207,"iterations":[{"visitedNodes":7,"bound":2},{"visitedNodes":72,"bound":3.25},{"visitedNodes":617,"bound":4.5},{"visitedNodes":4268,"bound":5.75},{"visitedNodes":21982,"bound":7},{"visitedNodes":164143,"bound":8.25},{"visitedNodes":1735118,"bound":9.5}]}}},{"label":"2x2","key":"GA","solution":{"rotations":[{"side":2,"counterClockwiseDirection":true,"layer":0},{"side":0,"counterClockwiseDirection":true,"layer":0},{"side":3,"counterClockwiseDirection":true,"layer":0},{"side":2,"counterClockwiseDirection":true,"layer":0},{"side":3,"counterClockwiseDirection":false,"layer":0},{"layer":0,"side":2,"counterClockwiseDirection":false},{"side":0,"counterClockwiseDirection":false,"layer":0},{"side":3,"counterClockwiseDirection":true,"layer":0},{"side":2,"counterClockwiseDirection":false,"layer":0},{"side":0,"counterClockwiseDirection":false,"layer":0}],"totalTime":10792.59999999404,"data":{"armageddonCounter":0,"generations":866,"metrics":[{"label":"CHECK_SOLUTION","totalTime":580.5999997854233,"totalRelativeTime":"5.37%","numOfCalls":2596950,"avgTimePerCall":0.00022356995698239213},{"label":"APPLYING_ROTATIONS","totalTime":3467.2999988794327,"totalRelativeTime":"32.12%","numOfCalls":2596938,"avgTimePerCall":0.0013351493177270433},{"label":"COMPUTE_GENE","totalTime":582.5999985635281,"totalRelativeTime":"5.39%","numOfCalls":2596938,"avgTimePerCall":0.0002243411273444064},{"label":"CALCULATE_CITIZEN_SCORE","totalTime":1166.4999979436398,"totalRelativeTime":"10.8%","numOfCalls":2596938,"avgTimePerCall":0.00044918284454370484},{"label":"AGGREGATE_CURRENT_GENERATION","totalTime":21.699999660253525,"totalRelativeTime":"0.2%","numOfCalls":86564,"avgTimePerCall":0.0002506815727121381},{"label":"CREATE_NEXT_GENERATION","totalTime":64.89999973773956,"totalRelativeTime":"0.6%","numOfCalls":865,"avgTimePerCall":0.07502890143091279},{"label":"MEASUREMENT_OVERHEAD","totalTime":2427.200002491474,"totalRelativeTime":"22.48%","numOfCalls":0,"avgTimePerCall":2427.200002491474},{"label":"NOT_MEASURED","totalTime":2481.8000029325485,"totalRelativeTime":"22.99%","numOfCalls":0,"avgTimePerCall":2481.8000029325485}]}}},{"label":"2x2","key":"SA","solution":{"rotations":[{"layer":0,"side":3,"counterClockwiseDirection":true},{"side":2,"counterClockwiseDirection":false,"layer":0},{"side":0,"counterClockwiseDirection":false,"layer":0},{"side":2,"counterClockwiseDirection":true,"layer":0},{"side":0,"counterClockwiseDirection":true,"layer":0},{"side":2,"counterClockwiseDirection":true,"layer":0},{"side":3,"counterClockwiseDirection":true,"layer":0},{"side":0,"counterClockwiseDirection":false,"layer":0},{"side":2,"counterClockwiseDirection":false,"layer":0},{"side":3,"counterClockwiseDirection":false,"layer":0},{"side":0,"counterClockwiseDirection":false,"layer":0},{"side":3,"counterClockwiseDirection":true,"layer":0}],"totalTime":106012.79999998212,"data":{"restartCounter":2,"iterations":11466,"metrics":[{"label":"CHECK_SOLUTION","totalTime":5578.4000043570995,"totalRelativeTime":"5.26%","numOfCalls":34397310,"avgTimePerCall":0.00016217547256913692},{"label":"APPLYING_ROTATIONS","totalTime":34245.1000007689,"totalRelativeTime":"32.3%","numOfCalls":34397302,"avgTimePerCall":0.000995575176238209},{"label":"COMPUTE_ROTATION","totalTime":5722.299997091293,"totalRelativeTime":"5.39%","numOfCalls":34397302,"avgTimePerCall":0.00016635897772131352},{"label":"CALCULATE_CITIZEN_SCORE","totalTime":11685.10000088811,"totalRelativeTime":"11.02%","numOfCalls":34397302,"avgTimePerCall":0.0003397097830779899},{"label":"AGGREGATE_CURRENT_GENERATION","totalTime":198.49999991059303,"totalRelativeTime":"0.18%","numOfCalls":1146576,"avgTimePerCall":0.0001731241539248973},{"label":"CREATE_NEXT_GENERATION","totalTime":646.8999998569489,"totalRelativeTime":"0.61%","numOfCalls":11465,"avgTimePerCall":0.05642389881002607},{"label":"MEASUREMENT_OVERHEAD","totalTime":23747.599998772144,"totalRelativeTime":"22.4%","numOfCalls":0,"avgTimePerCall":23747.599998772144},{"label":"NOT_MEASURED","totalTime":24188.89999833703,"totalRelativeTime":"22.81%","numOfCalls":0,"avgTimePerCall":24188.89999833703}]}}},{"label":"2x2","key":"WA*","solution":{"rotations":[{"side":0,"counterClockwiseDirection":false,"layer":0},{"side":3,"counterClockwiseDirection":false,"layer":0},{"side":2,"counterClockwiseDirection":false,"layer":0},{"side":0,"counterClockwiseDirection":false,"layer":0},{"side":3,"counterClockwiseDirection":true,"layer":0},{"side":2,"counterClockwiseDirection":true,"layer":0},{"side":3,"counterClockwiseDirection":true,"layer":0},{"side":2,"counterClockwiseDirection":true,"layer":0},{"side":2,"counterClockwiseDirection":true,"layer":0},{"side":3,"counterClockwiseDirection":true,"layer":0},{"side":2,"counterClockwiseDirection":false,"layer":0},{"side":2,"counterClockwiseDirection":false,"layer":0},{"side":0,"counterClockwiseDirection":false,"layer":0},{"side":2,"counterClockwiseDirection":false,"layer":0},{"side":0,"counterClockwiseDirection":true,"layer":0},{"side":2,"counterClockwiseDirection":true,"layer":0}],"totalTime":1259.1000000238419,"data":{"metrics":[{"label":"ITERATIONS_COUNTER_INCREMENT","totalTime":20.900000035762787,"totalRelativeTime":"1.65%","numOfCalls":95330,"avgTimePerCall":0.0002192384352854588},{"label":"ABORTED_VERIFICATION","totalTime":8.800000101327896,"totalRelativeTime":"0.69%","numOfCalls":47665,"avgTimePerCall":0.00018462184205030727},{"label":"POP_CANDIDATE","totalTime":27.500000059604645,"totalRelativeTime":"2.18%","numOfCalls":47665,"avgTimePerCall":0.0005769432510144686},{"label":"VISISTED_LIST_CHECK","totalTime":107.2000000178814,"totalRelativeTime":"8.51%","numOfCalls":257061,"avgTimePerCall":0.00041702164084743074},{"label":"CHECK_SOLUTION","totalTime":8.900000035762787,"totalRelativeTime":"0.7%","numOfCalls":43915,"avgTimePerCall":0.00020266423854634606},{"label":"ADD_TO_VISISTED_LIST_CHECK","totalTime":15.300000101327896,"totalRelativeTime":"1.21%","numOfCalls":43914,"avgTimePerCall":0.0003484082548009267},{"label":"PERFORM_ROTATION","totalTime":323.79999911785126,"totalRelativeTime":"25.71%","numOfCalls":209396,"avgTimePerCall":0.0015463523616394356},{"label":"HEURISTIC_CALCULATION","totalTime":139.10000014305115,"totalRelativeTime":"11.04%","numOfCalls":209396,"avgTimePerCall":0.0006642915821842402},{"label":"ADD_CANDIDATE","totalTime":71.79999989271164,"totalRelativeTime":"5.7%","numOfCalls":203162,"avgTimePerCall":0.00035341254709400204},{"label":"BUILD_SOLUTION","totalTime":0,"totalRelativeTime":"0%","numOfCalls":1,"avgTimePerCall":0},{"label":"MEASUREMENT_OVERHEAD","totalTime":255.20000079274178,"totalRelativeTime":"20.26%","numOfCalls":0,"avgTimePerCall":255.20000079274178},{"label":"NOT_MEASURED","totalTime":280.59999972581863,"totalRelativeTime":"22.28%","numOfCalls":0,"avgTimePerCall":280.59999972581863}],"visitedNodes":47665,"differentNodes":43915}}},{"label":"2x2","key":"BiBFS","solution":{"rotations":[{"side":3,"counterClockwiseDirection":true,"layer":0},{"side":2,"counterClockwiseDirection":false,"layer":0},{"side":0,"counterClockwiseDirection":false,"layer":0},{"side":2,"counterClockwiseDirection":true,"layer":0},{"side":0,"counterClockwiseDirection":true,"layer":0},{"side":3,"counterClockwiseDirection":false,"layer":0},{"side":0,"counterClockwiseDirection":false,"layer":0},{"side":3,"counterClockwiseDirection":false,"layer":0},{"side":2,"counterClockwiseDirection":true,"layer":0},{"side":3,"counterClockwiseDirection":true,"layer":0}],"totalTime":78.40000000596046,"data":{"metrics":[{"label":"POP_CANDIDATE","totalTime":0.7000000178813934,"totalRelativeTime":"0.89%","numOfCalls":3092,"avgTimePerCall":0.00022639069142347783},{"label":"VISISTED_LIST_CHECK","totalTime":16.000000029802322,"totalRelativeTime":"20.4%","numOfCalls":19661,"avgTimePerCall":0.0008137938065104686},{"label":"ADD_TO_VISISTED_LIST_CHECK","totalTime":1,"totalRelativeTime":"1.27%","numOfCalls":2808,"avgTimePerCall":0.00035612535612535614},{"label":"PERFORM_ROTATION","totalTime":28.499999970197678,"totalRelativeTime":"36.35%","numOfCalls":13760,"avgTimePerCall":0.0020712209280666916},{"label":"ADD_CANDIDATE","totalTime":4.499999910593033,"totalRelativeTime":"5.73%","numOfCalls":13632,"avgTimePerCall":0.00033010562724420723},{"label":"MEASUREMENT_OVERHEAD","totalTime":13.999999940395355,"totalRelativeTime":"17.85%","numOfCalls":0,"avgTimePerCall":13.999999940395355},{"label":"NOT_MEASURED","totalTime":13.700000137090683,"totalRelativeTime":"17.47%","numOfCalls":0,"avgTimePerCall":13.700000137090683}],"iterations":1405,"visitedNodes":1405}}}]}