{"timestamp":1680907462984,"shuffle":"38:  L'   R'   B    D'   F'   L    D'   U    B   2D    F'   U    B'   F    D    R    D'   B    R    L'  2B   2U    F'  2B    L   2R    F   2U    D'   F    U'   L'  ","solutions":[{"label":"2x2","key":"IDDFS","solution":{"rotations":[{"side":0,"counterClockwiseDirection":true,"layer":0},{"side":0,"counterClockwiseDirection":true,"layer":0},{"side":2,"counterClockwiseDirection":false,"layer":0},{"side":0,"counterClockwiseDirection":true,"layer":0},{"side":3,"counterClockwiseDirection":true,"layer":0},{"side":2,"counterClockwiseDirection":true,"layer":0},{"side":0,"counterClockwiseDirection":false,"layer":0},{"side":2,"counterClockwiseDirection":true,"layer":0},{"side":2,"counterClockwiseDirection":true,"layer":0},{"side":0,"counterClockwiseDirection":false,"layer":0}],"totalTime":20212.30000001192,"data":{"metrics":[{"label":"PERFORM_ROTATION","totalTime":9433.9999987185,"totalRelativeTime":"46.67%","numOfCalls":7483009,"avgTimePerCall":0.0012607227919568852},{"label":"ADD_CANDIDATE","totalTime":1688.099999397993,"totalRelativeTime":"8.35%","numOfCalls":7483009,"avgTimePerCall":0.00022559106896677435},{"label":"NOT_MEASURED","totalTime":9090.200001895428,"totalRelativeTime":"44.97%","numOfCalls":0,"avgTimePerCall":9090.200001895428}],"visitedNodes":2904968,"iterations":[{"visitedNodes":37,"bound":2},{"visitedNodes":181,"bound":3},{"visitedNodes":877,"bound":4},{"visitedNodes":4237,"bound":5},{"visitedNodes":20461,"bound":6},{"visitedNodes":98797,"bound":7},{"visitedNodes":477037,"bound":8},{"visitedNodes":2303341,"bound":9}]}}},{"label":"2x2","key":"IDA*","solution":{"rotations":[{"side":0,"counterClockwiseDirection":true,"layer":0},{"side":0,"counterClockwiseDirection":true,"layer":0},{"side":2,"counterClockwiseDirection":false,"layer":0},{"side":0,"counterClockwiseDirection":true,"layer":0},{"side":3,"counterClockwiseDirection":true,"layer":0},{"side":2,"counterClockwiseDirection":true,"layer":0},{"side":0,"counterClockwiseDirection":false,"layer":0},{"side":2,"counterClockwiseDirection":true,"layer":0},{"side":2,"counterClockwiseDirection":true,"layer":0},{"side":0,"counterClockwiseDirection":false,"layer":0}],"totalTime":72558.19999998808,"data":{"metrics":[{"label":"PERFORM_ROTATION","totalTime":36283.999995440245,"totalRelativeTime":"50%","numOfCalls":31122970,"avgTimePerCall":0.0011658270401391719},{"label":"ADD_CANDIDATE","totalTime":6373.799996376038,"totalRelativeTime":"8.78%","numOfCalls":31122970,"avgTimePerCall":0.0002047940796259495},{"label":"NOT_MEASURED","totalTime":29900.400008171797,"totalRelativeTime":"41.2%","numOfCalls":0,"avgTimePerCall":29900.400008171797}],"visitedNodes":1854948,"iterations":[{"visitedNodes":7,"bound":2},{"visitedNodes":47,"bound":3.25},{"visitedNodes":617,"bound":4.5},{"visitedNodes":4252,"bound":5.75},{"visitedNodes":21350,"bound":7},{"visitedNodes":151309,"bound":8.25},{"visitedNodes":1677366,"bound":9.5}]}}},{"label":"2x2","key":"SA","solution":{"rotations":[{"side":3,"counterClockwiseDirection":false,"layer":0},{"side":2,"counterClockwiseDirection":true,"layer":0},{"side":3,"counterClockwiseDirection":true,"layer":0},{"side":0,"counterClockwiseDirection":true,"layer":0},{"side":0,"counterClockwiseDirection":true,"layer":0},{"side":3,"counterClockwiseDirection":true,"layer":0},{"side":0,"counterClockwiseDirection":false,"layer":0},{"side":2,"counterClockwiseDirection":true,"layer":0},{"side":0,"counterClockwiseDirection":true,"layer":0},{"side":0,"counterClockwiseDirection":true,"layer":0},{"side":3,"counterClockwiseDirection":false,"layer":0},{"side":2,"counterClockwiseDirection":false,"layer":0},{"side":0,"counterClockwiseDirection":false,"layer":0},{"side":3,"counterClockwiseDirection":false,"layer":0}],"totalTime":63877.40000000596,"data":{"restartCounter":1,"iterations":5621,"metrics":[{"label":"CHECK_SOLUTION","totalTime":3388.29999768734,"totalRelativeTime":"5.3%","numOfCalls":16862100,"avgTimePerCall":0.00020094175682076014},{"label":"APPLYING_ROTATIONS","totalTime":19853.49999552965,"totalRelativeTime":"31.08%","numOfCalls":16862090,"avgTimePerCall":0.0011774044614593832},{"label":"COMPUTE_ROTATION","totalTime":3572.7000025212765,"totalRelativeTime":"5.59%","numOfCalls":16862090,"avgTimePerCall":0.0002118776499545001},{"label":"CALCULATE_CITIZEN_SCORE","totalTime":7107.9000017941,"totalRelativeTime":"11.12%","numOfCalls":16862090,"avgTimePerCall":0.0004215313761102034},{"label":"AGGREGATE_CURRENT_GENERATION","totalTime":121.20000013709068,"totalRelativeTime":"0.18%","numOfCalls":562069,"avgTimePerCall":0.00021563188885544423},{"label":"CREATE_NEXT_GENERATION","totalTime":366.7999994754791,"totalRelativeTime":"0.57%","numOfCalls":5620,"avgTimePerCall":0.06526690382125963},{"label":"MEASUREMENT_OVERHEAD","totalTime":14623.400003433228,"totalRelativeTime":"22.89%","numOfCalls":0,"avgTimePerCall":14623.400003433228},{"label":"NOT_MEASURED","totalTime":14843.599999427795,"totalRelativeTime":"23.23%","numOfCalls":0,"avgTimePerCall":14843.599999427795}]}}},{"label":"2x2","key":"GA","solution":{"rotations":[{"side":3,"counterClockwiseDirection":false,"layer":0},{"side":0,"counterClockwiseDirection":false,"layer":0},{"side":2,"counterClockwiseDirection":true,"layer":0},{"side":0,"counterClockwiseDirection":true,"layer":0},{"side":3,"counterClockwiseDirection":true,"layer":0},{"side":2,"counterClockwiseDirection":false,"layer":0},{"side":3,"counterClockwiseDirection":true,"layer":0},{"side":0,"counterClockwiseDirection":true,"layer":0},{"side":3,"counterClockwiseDirection":false,"layer":0},{"side":0,"counterClockwiseDirection":true,"layer":0},{"side":2,"counterClockwiseDirection":false,"layer":0},{"side":3,"counterClockwiseDirection":true,"layer":0}],"totalTime":7752.699999988079,"data":{"armageddonCounter":0,"generations":627,"metrics":[{"label":"CHECK_SOLUTION","totalTime":416.1000020503998,"totalRelativeTime":"5.36%","numOfCalls":1880640,"avgTimePerCall":0.0002212544676548408},{"label":"APPLYING_ROTATIONS","totalTime":2469.599999845028,"totalRelativeTime":"31.85%","numOfCalls":1880624,"avgTimePerCall":0.0013131811568102012},{"label":"COMPUTE_GENE","totalTime":409.899998486042,"totalRelativeTime":"5.28%","numOfCalls":1880624,"avgTimePerCall":0.00021795957006081067},{"label":"CALCULATE_CITIZEN_SCORE","totalTime":873.0999994874,"totalRelativeTime":"11.26%","numOfCalls":1880624,"avgTimePerCall":0.0004642607982708931},{"label":"AGGREGATE_CURRENT_GENERATION","totalTime":15.900000095367432,"totalRelativeTime":"0.2%","numOfCalls":62687,"avgTimePerCall":0.00025364110733273936},{"label":"CREATE_NEXT_GENERATION","totalTime":49.0000002682209,"totalRelativeTime":"0.63%","numOfCalls":626,"avgTimePerCall":0.07827476081185447},{"label":"MEASUREMENT_OVERHEAD","totalTime":1746.2000007033348,"totalRelativeTime":"22.52%","numOfCalls":0,"avgTimePerCall":1746.2000007033348},{"label":"NOT_MEASURED","totalTime":1772.8999990522861,"totalRelativeTime":"22.86%","numOfCalls":0,"avgTimePerCall":1772.8999990522861}]}}},{"label":"2x2","key":"WA*","solution":{"rotations":[{"side":3,"counterClockwiseDirection":false,"layer":0},{"side":0,"counterClockwiseDirection":true,"layer":0},{"side":2,"counterClockwiseDirection":true,"layer":0},{"side":3,"counterClockwiseDirection":true,"layer":0},{"side":0,"counterClockwiseDirection":false,"layer":0},{"side":2,"counterClockwiseDirection":false,"layer":0},{"side":0,"counterClockwiseDirection":true,"layer":0},{"side":3,"counterClockwiseDirection":true,"layer":0},{"side":3,"counterClockwiseDirection":true,"layer":0},{"side":0,"counterClockwiseDirection":true,"layer":0},{"side":3,"counterClockwiseDirection":false,"layer":0},{"side":3,"counterClockwiseDirection":false,"layer":0},{"side":2,"counterClockwiseDirection":false,"layer":0},{"side":3,"counterClockwiseDirection":true,"layer":0},{"side":2,"counterClockwiseDirection":true,"layer":0},{"side":0,"counterClockwiseDirection":false,"layer":0}],"totalTime":1484.5999999940395,"data":{"metrics":[{"label":"ITERATIONS_COUNTER_INCREMENT","totalTime":26.400000125169754,"totalRelativeTime":"1.77%","numOfCalls":116442,"avgTimePerCall":0.00022672231776480782},{"label":"ABORTED_VERIFICATION","totalTime":11.099999755620956,"totalRelativeTime":"0.74%","numOfCalls":58221,"avgTimePerCall":0.0001906528530190302},{"label":"POP_CANDIDATE","totalTime":34.50000038743019,"totalRelativeTime":"2.32%","numOfCalls":58221,"avgTimePerCall":0.0005925696980029576},{"label":"VISISTED_LIST_CHECK","totalTime":119.09999987483025,"totalRelativeTime":"8.02%","numOfCalls":315203,"avgTimePerCall":0.0003778517332475587},{"label":"CHECK_SOLUTION","totalTime":12.90000006556511,"totalRelativeTime":"0.86%","numOfCalls":53854,"avgTimePerCall":0.000239536525895293},{"label":"ADD_TO_VISISTED_LIST_CHECK","totalTime":14.29999977350235,"totalRelativeTime":"0.96%","numOfCalls":53853,"avgTimePerCall":0.000265537663147872},{"label":"PERFORM_ROTATION","totalTime":349.8999999463558,"totalRelativeTime":"23.56%","numOfCalls":256982,"avgTimePerCall":0.0013615739621699412},{"label":"HEURISTIC_CALCULATION","totalTime":146.29999989271164,"totalRelativeTime":"9.85%","numOfCalls":256982,"avgTimePerCall":0.0005693005731635353},{"label":"ADD_CANDIDATE","totalTime":67.80000001192093,"totalRelativeTime":"4.56%","numOfCalls":248753,"avgTimePerCall":0.0002725595269682011},{"label":"BUILD_SOLUTION","totalTime":0,"totalRelativeTime":"0%","numOfCalls":1,"avgTimePerCall":0},{"label":"MEASUREMENT_OVERHEAD","totalTime":328.5000002980232,"totalRelativeTime":"22.12%","numOfCalls":0,"avgTimePerCall":328.5000002980232},{"label":"NOT_MEASURED","totalTime":373.7999998629093,"totalRelativeTime":"25.17%","numOfCalls":0,"avgTimePerCall":373.7999998629093}],"visitedNodes":58221,"differentNodes":53854}}},{"label":"2x2","key":"BiBFS","solution":{"rotations":[{"side":0,"counterClockwiseDirection":true,"layer":0},{"side":0,"counterClockwiseDirection":true,"layer":0},{"side":2,"counterClockwiseDirection":false,"layer":0},{"side":0,"counterClockwiseDirection":true,"layer":0},{"side":3,"counterClockwiseDirection":true,"layer":0},{"side":2,"counterClockwiseDirection":true,"layer":0},{"side":0,"counterClockwiseDirection":false,"layer":0},{"side":2,"counterClockwiseDirection":false,"layer":0},{"side":2,"counterClockwiseDirection":false,"layer":0},{"side":0,"counterClockwiseDirection":false,"layer":0}],"totalTime":138.60000002384186,"data":{"metrics":[{"label":"POP_CANDIDATE","totalTime":1.399999976158142,"totalRelativeTime":"1.01%","numOfCalls":4032,"avgTimePerCall":0.000347222216309063},{"label":"VISISTED_LIST_CHECK","totalTime":11.200000196695328,"totalRelativeTime":"8.08%","numOfCalls":25421,"avgTimePerCall":0.00044058063005764244},{"label":"ADD_TO_VISISTED_LIST_CHECK","totalTime":1.5,"totalRelativeTime":"1.08%","numOfCalls":3626,"avgTimePerCall":0.0004136789851075565},{"label":"PERFORM_ROTATION","totalTime":72.10000002384186,"totalRelativeTime":"52.02%","numOfCalls":17762,"avgTimePerCall":0.004059227565805757},{"label":"ADD_CANDIDATE","totalTime":4.5999999940395355,"totalRelativeTime":"3.31%","numOfCalls":17566,"avgTimePerCall":0.0002618695203256026},{"label":"MEASUREMENT_OVERHEAD","totalTime":21.800000101327896,"totalRelativeTime":"15.72%","numOfCalls":0,"avgTimePerCall":21.800000101327896},{"label":"NOT_MEASURED","totalTime":25.9999997317791,"totalRelativeTime":"18.75%","numOfCalls":0,"avgTimePerCall":25.9999997317791}],"iterations":1814,"visitedNodes":1814}}}]}