{"timestamp":1680983123243,"shuffle":"31:  B'  2F    D    R    U    L    F'   U'   L'   U    D    R'   F   2B    R'  2D    B    F'   D'   U    F'   B'   D    R'  2D    B'   L   ","solutions":[{"label":"2x2","key":"IDDFS","solution":{"rotations":[{"side":2,"counterClockwiseDirection":false,"layer":0},{"side":0,"counterClockwiseDirection":true,"layer":0},{"side":2,"counterClockwiseDirection":true,"layer":0},{"side":3,"counterClockwiseDirection":true,"layer":0},{"side":2,"counterClockwiseDirection":true,"layer":0},{"side":0,"counterClockwiseDirection":false,"layer":0},{"side":3,"counterClockwiseDirection":true,"layer":0},{"side":0,"counterClockwiseDirection":true,"layer":0},{"side":3,"counterClockwiseDirection":true,"layer":0}],"totalTime":2563.4000000003725,"data":{"metrics":[{"label":"PERFORM_ROTATION","totalTime":1192.9999999515712,"totalRelativeTime":"46.53%","numOfCalls":1061418,"avgTimePerCall":0.001123968125612691},{"label":"ADD_CANDIDATE","totalTime":215.20000001974404,"totalRelativeTime":"8.39%","numOfCalls":1061418,"avgTimePerCall":0.0002027476451499259},{"label":"NOT_MEASURED","totalTime":1155.2000000290573,"totalRelativeTime":"45.06%","numOfCalls":0,"avgTimePerCall":1155.2000000290573}],"visitedNodes":601627,"iterations":[{"visitedNodes":37,"bound":2},{"visitedNodes":181,"bound":3},{"visitedNodes":877,"bound":4},{"visitedNodes":4237,"bound":5},{"visitedNodes":20461,"bound":6},{"visitedNodes":98797,"bound":7},{"visitedNodes":477037,"bound":8}]}}},{"label":"2x2","key":"IDA*","solution":{"rotations":[{"side":2,"counterClockwiseDirection":false,"layer":0},{"side":0,"counterClockwiseDirection":true,"layer":0},{"side":2,"counterClockwiseDirection":true,"layer":0},{"side":3,"counterClockwiseDirection":true,"layer":0},{"side":2,"counterClockwiseDirection":true,"layer":0},{"side":0,"counterClockwiseDirection":false,"layer":0},{"side":3,"counterClockwiseDirection":true,"layer":0},{"side":0,"counterClockwiseDirection":true,"layer":0},{"side":3,"counterClockwiseDirection":true,"layer":0}],"totalTime":5636,"data":{"metrics":[{"label":"PERFORM_ROTATION","totalTime":2777.1000000257045,"totalRelativeTime":"49.27%","numOfCalls":2538036,"avgTimePerCall":0.0010941925173739476},{"label":"ADD_CANDIDATE","totalTime":495.9000000115484,"totalRelativeTime":"8.79%","numOfCalls":2538036,"avgTimePerCall":0.00019538729947547962},{"label":"NOT_MEASURED","totalTime":2362.999999962747,"totalRelativeTime":"41.92%","numOfCalls":0,"avgTimePerCall":2362.999999962747}],"visitedNodes":187083,"iterations":[{"visitedNodes":7,"bound":2},{"visitedNodes":42,"bound":3.25},{"visitedNodes":667,"bound":4.5},{"visitedNodes":4242,"bound":5.75},{"visitedNodes":21931,"bound":7},{"visitedNodes":160194,"bound":8.25}]}}},{"label":"2x2","key":"SA","solution":{"rotations":[{"side":3,"counterClockwiseDirection":false,"layer":0},{"side":2,"counterClockwiseDirection":false,"layer":0},{"side":3,"counterClockwiseDirection":false,"layer":0},{"side":2,"counterClockwiseDirection":true,"layer":0},{"side":3,"counterClockwiseDirection":false,"layer":0},{"side":3,"counterClockwiseDirection":false,"layer":0},{"side":2,"counterClockwiseDirection":false,"layer":0},{"side":2,"counterClockwiseDirection":false,"layer":0},{"side":3,"counterClockwiseDirection":false,"layer":0},{"side":3,"counterClockwiseDirection":false,"layer":0},{"side":0,"counterClockwiseDirection":false,"layer":0},{"side":3,"counterClockwiseDirection":false,"layer":0},{"side":2,"counterClockwiseDirection":false,"layer":0},{"side":0,"counterClockwiseDirection":true,"layer":0},{"side":3,"counterClockwiseDirection":true,"layer":0}],"totalTime":36736.40000000037,"data":{"restartCounter":0,"iterations":4242,"metrics":[{"label":"CHECK_SOLUTION","totalTime":1930.4000000748783,"totalRelativeTime":"5.25%","numOfCalls":12723750,"avgTimePerCall":0.00015171627861871527},{"label":"APPLYING_ROTATIONS","totalTime":11253.500000044703,"totalRelativeTime":"30.63%","numOfCalls":12723739,"avgTimePerCall":0.0008844491387354537},{"label":"COMPUTE_ROTATION","totalTime":1983.500000257045,"totalRelativeTime":"5.39%","numOfCalls":12723739,"avgTimePerCall":0.00015588971136998685},{"label":"CALCULATE_CITIZEN_SCORE","totalTime":4099.5000001024455,"totalRelativeTime":"11.15%","numOfCalls":12723739,"avgTimePerCall":0.0003221930283309368},{"label":"AGGREGATE_CURRENT_GENERATION","totalTime":66.7000000346452,"totalRelativeTime":"0.18%","numOfCalls":424124,"avgTimePerCall":0.00015726532814612048},{"label":"CREATE_NEXT_GENERATION","totalTime":338.79999995417893,"totalRelativeTime":"0.92%","numOfCalls":4241,"avgTimePerCall":0.07988681913562343},{"label":"MEASUREMENT_OVERHEAD","totalTime":8757.199999915436,"totalRelativeTime":"23.83%","numOfCalls":0,"avgTimePerCall":8757.199999915436},{"label":"NOT_MEASURED","totalTime":8306.79999961704,"totalRelativeTime":"22.61%","numOfCalls":0,"avgTimePerCall":8306.79999961704}]}}},{"label":"2x2","key":"GA","solution":{"rotations":[{"side":0,"counterClockwiseDirection":true,"layer":0},{"side":2,"counterClockwiseDirection":false,"layer":0},{"side":2,"counterClockwiseDirection":false,"layer":0},{"side":3,"counterClockwiseDirection":true,"layer":0},{"side":2,"counterClockwiseDirection":false,"layer":0},{"side":2,"counterClockwiseDirection":false,"layer":0},{"side":0,"counterClockwiseDirection":true,"layer":0},{"side":3,"counterClockwiseDirection":true,"layer":0},{"side":0,"counterClockwiseDirection":false,"layer":0},{"side":2,"counterClockwiseDirection":true,"layer":0},{"side":0,"counterClockwiseDirection":false,"layer":0},{"side":3,"counterClockwiseDirection":true,"layer":0},{"layer":0,"side":0,"counterClockwiseDirection":true},{"side":2,"counterClockwiseDirection":false,"layer":0},{"side":0,"counterClockwiseDirection":true,"layer":0},{"side":3,"counterClockwiseDirection":false,"layer":0},{"side":0,"counterClockwiseDirection":false,"layer":0},{"side":2,"counterClockwiseDirection":true,"layer":0},{"side":3,"counterClockwiseDirection":true,"layer":0}],"totalTime":4774,"data":{"armageddonCounter":0,"generations":458,"metrics":[{"label":"CHECK_SOLUTION","totalTime":244.2000000104308,"totalRelativeTime":"5.11%","numOfCalls":1372230,"avgTimePerCall":0.00017795850550595077},{"label":"APPLYING_ROTATIONS","totalTime":1490.2000000420958,"totalRelativeTime":"31.21%","numOfCalls":1372223,"avgTimePerCall":0.00108597509300026},{"label":"COMPUTE_GENE","totalTime":257.8999999742955,"totalRelativeTime":"5.4%","numOfCalls":1372223,"avgTimePerCall":0.00018794321329280699},{"label":"CALCULATE_CITIZEN_SCORE","totalTime":540.7000000029802,"totalRelativeTime":"11.32%","numOfCalls":1372223,"avgTimePerCall":0.00039403216532807},{"label":"AGGREGATE_CURRENT_GENERATION","totalTime":10.600000001490116,"totalRelativeTime":"0.22%","numOfCalls":45740,"avgTimePerCall":0.00023174464367053162},{"label":"CREATE_NEXT_GENERATION","totalTime":28.000000001862645,"totalRelativeTime":"0.58%","numOfCalls":457,"avgTimePerCall":0.061269146612390905},{"label":"MEASUREMENT_OVERHEAD","totalTime":1081.9000000618398,"totalRelativeTime":"22.66%","numOfCalls":0,"avgTimePerCall":1081.9000000618398},{"label":"NOT_MEASURED","totalTime":1120.499999905005,"totalRelativeTime":"23.47%","numOfCalls":0,"avgTimePerCall":1120.499999905005}]}}},{"label":"2x2","key":"WA*","solution":{"rotations":[{"side":0,"counterClockwiseDirection":false,"layer":0},{"side":3,"counterClockwiseDirection":false,"layer":0},{"side":2,"counterClockwiseDirection":true,"layer":0},{"side":0,"counterClockwiseDirection":true,"layer":0},{"side":2,"counterClockwiseDirection":true,"layer":0},{"side":0,"counterClockwiseDirection":false,"layer":0},{"side":2,"counterClockwiseDirection":false,"layer":0},{"side":3,"counterClockwiseDirection":true,"layer":0},{"side":2,"counterClockwiseDirection":false,"layer":0},{"side":3,"counterClockwiseDirection":false,"layer":0},{"side":2,"counterClockwiseDirection":true,"layer":0},{"side":2,"counterClockwiseDirection":true,"layer":0},{"side":3,"counterClockwiseDirection":true,"layer":0},{"side":2,"counterClockwiseDirection":false,"layer":0},{"side":0,"counterClockwiseDirection":true,"layer":0},{"side":3,"counterClockwiseDirection":false,"layer":0},{"side":0,"counterClockwiseDirection":false,"layer":0}],"totalTime":761.7000000011176,"data":{"metrics":[{"label":"ITERATIONS_COUNTER_INCREMENT","totalTime":10.800000008195639,"totalRelativeTime":"1.41%","numOfCalls":62922,"avgTimePerCall":0.00017164107956192808},{"label":"ABORTED_VERIFICATION","totalTime":5.699999995529652,"totalRelativeTime":"0.74%","numOfCalls":31461,"avgTimePerCall":0.00018117669481356764},{"label":"POP_CANDIDATE","totalTime":15.899999985471368,"totalRelativeTime":"2.08%","numOfCalls":31461,"avgTimePerCall":0.0005053876223092517},{"label":"VISISTED_LIST_CHECK","totalTime":89.79999998398125,"totalRelativeTime":"11.78%","numOfCalls":170950,"avgTimePerCall":0.0005252997951680681},{"label":"CHECK_SOLUTION","totalTime":5.900000000372529,"totalRelativeTime":"0.77%","numOfCalls":29248,"avgTimePerCall":0.00020172319476109577},{"label":"ADD_TO_VISISTED_LIST_CHECK","totalTime":6.9999999944120646,"totalRelativeTime":"0.91%","numOfCalls":29247,"avgTimePerCall":0.00023934078689821398},{"label":"PERFORM_ROTATION","totalTime":199.40000002644956,"totalRelativeTime":"26.17%","numOfCalls":139489,"avgTimePerCall":0.0014295034018915439},{"label":"HEURISTIC_CALCULATION","totalTime":68.59999999776483,"totalRelativeTime":"9%","numOfCalls":139489,"avgTimePerCall":0.0004917950519235555},{"label":"ADD_CANDIDATE","totalTime":35.199999982491136,"totalRelativeTime":"4.62%","numOfCalls":135973,"avgTimePerCall":0.0002588749235693199},{"label":"BUILD_SOLUTION","totalTime":0,"totalRelativeTime":"0%","numOfCalls":1,"avgTimePerCall":0},{"label":"MEASUREMENT_OVERHEAD","totalTime":154.40000002644956,"totalRelativeTime":"20.27%","numOfCalls":0,"avgTimePerCall":154.40000002644956},{"label":"NOT_MEASURED","totalTime":169,"totalRelativeTime":"22.18%","numOfCalls":0,"avgTimePerCall":169}],"visitedNodes":31461,"differentNodes":29248}}},{"label":"2x2","key":"BiBFS","solution":{"rotations":[{"side":3,"counterClockwiseDirection":true,"layer":0},{"side":0,"counterClockwiseDirection":true,"layer":0},{"side":2,"counterClockwiseDirection":true,"layer":0},{"side":0,"counterClockwiseDirection":false,"layer":0},{"side":2,"counterClockwiseDirection":true,"layer":0},{"side":3,"counterClockwiseDirection":true,"layer":0},{"side":2,"counterClockwiseDirection":false,"layer":0},{"side":0,"counterClockwiseDirection":true,"layer":0},{"side":3,"counterClockwiseDirection":true,"layer":0}],"totalTime":72,"data":{"metrics":[{"label":"POP_CANDIDATE","totalTime":0.5,"totalRelativeTime":"0.69%","numOfCalls":1856,"avgTimePerCall":0.00026939655172413793},{"label":"VISISTED_LIST_CHECK","totalTime":7.700000002980232,"totalRelativeTime":"10.69%","numOfCalls":11794,"avgTimePerCall":0.0006528743431389039},{"label":"ADD_TO_VISISTED_LIST_CHECK","totalTime":0.3999999985098839,"totalRelativeTime":"0.55%","numOfCalls":1684,"avgTimePerCall":0.00023752969032653438},{"label":"PERFORM_ROTATION","totalTime":24.5,"totalRelativeTime":"34.02%","numOfCalls":8252,"avgTimePerCall":0.0029689772176442076},{"label":"ADD_CANDIDATE","totalTime":5.199999997392297,"totalRelativeTime":"7.22%","numOfCalls":8224,"avgTimePerCall":0.0006322957195272734},{"label":"MEASUREMENT_OVERHEAD","totalTime":12.200000006705523,"totalRelativeTime":"16.94%","numOfCalls":0,"avgTimePerCall":12.200000006705523},{"label":"NOT_MEASURED","totalTime":21.499999994412065,"totalRelativeTime":"29.86%","numOfCalls":0,"avgTimePerCall":21.499999994412065}],"iterations":843,"visitedNodes":843}}}]}