{"timestamp":1680925218587,"shuffle":"39:  F    R    B    L    R    F    R'   F    B    R'  2F    R    L    D'   U    B   2U    D    L    D'  2F    D    B'   F'   R'   U    F    U'   D'   B'   R'  2L    R'   U    F'  ","solutions":[{"label":"2x2","key":"IDDFS","solution":{"rotations":[{"side":2,"counterClockwiseDirection":true,"layer":0},{"side":2,"counterClockwiseDirection":true,"layer":0},{"side":0,"counterClockwiseDirection":true,"layer":0},{"side":3,"counterClockwiseDirection":true,"layer":0},{"side":0,"counterClockwiseDirection":false,"layer":0},{"side":3,"counterClockwiseDirection":true,"layer":0},{"side":3,"counterClockwiseDirection":true,"layer":0},{"side":2,"counterClockwiseDirection":false,"layer":0},{"side":3,"counterClockwiseDirection":true,"layer":0},{"side":2,"counterClockwiseDirection":true,"layer":0},{"side":3,"counterClockwiseDirection":false,"layer":0}],"totalTime":29411.19999998808,"data":{"metrics":[{"label":"PERFORM_ROTATION","totalTime":13717.000000625849,"totalRelativeTime":"46.63%","numOfCalls":14313488,"avgTimePerCall":0.0009583268592970385},{"label":"ADD_CANDIDATE","totalTime":2489.7000013291836,"totalRelativeTime":"8.46%","numOfCalls":14313488,"avgTimePerCall":0.00017394083128648892},{"label":"NOT_MEASURED","totalTime":13204.499998033047,"totalRelativeTime":"44.89%","numOfCalls":0,"avgTimePerCall":13204.499998033047}],"visitedNodes":14026485,"iterations":[{"visitedNodes":37,"bound":2},{"visitedNodes":181,"bound":3},{"visitedNodes":877,"bound":4},{"visitedNodes":4237,"bound":5},{"visitedNodes":20461,"bound":6},{"visitedNodes":98797,"bound":7},{"visitedNodes":477037,"bound":8},{"visitedNodes":2303341,"bound":9},{"visitedNodes":11121517,"bound":10}]}}},{"label":"2x2","key":"IDA*","solution":{"rotations":[{"side":2,"counterClockwiseDirection":true,"layer":0},{"side":2,"counterClockwiseDirection":true,"layer":0},{"side":0,"counterClockwiseDirection":true,"layer":0},{"side":3,"counterClockwiseDirection":true,"layer":0},{"side":0,"counterClockwiseDirection":false,"layer":0},{"side":3,"counterClockwiseDirection":true,"layer":0},{"side":3,"counterClockwiseDirection":true,"layer":0},{"side":2,"counterClockwiseDirection":false,"layer":0},{"side":3,"counterClockwiseDirection":true,"layer":0},{"side":2,"counterClockwiseDirection":true,"layer":0},{"side":3,"counterClockwiseDirection":false,"layer":0}],"totalTime":18376.20000001788,"data":{"metrics":[{"label":"PERFORM_ROTATION","totalTime":8940.10000321269,"totalRelativeTime":"48.65%","numOfCalls":9305291,"avgTimePerCall":0.00096075447863078},{"label":"ADD_CANDIDATE","totalTime":1653.7000005245209,"totalRelativeTime":"8.99%","numOfCalls":9305291,"avgTimePerCall":0.00017771609727460655},{"label":"NOT_MEASURED","totalTime":7782.39999628067,"totalRelativeTime":"42.35%","numOfCalls":0,"avgTimePerCall":7782.39999628067}],"visitedNodes":1867538,"iterations":[{"visitedNodes":7,"bound":2},{"visitedNodes":70,"bound":3.25},{"visitedNodes":693,"bound":4.5},{"visitedNodes":4237,"bound":5.75},{"visitedNodes":21589,"bound":7},{"visitedNodes":154633,"bound":8.25},{"visitedNodes":1686309,"bound":9.5}]}}},{"label":"2x2","key":"SA","solution":{"rotations":[{"side":0,"counterClockwiseDirection":true,"layer":0},{"side":2,"counterClockwiseDirection":true,"layer":0},{"side":3,"counterClockwiseDirection":true,"layer":0},{"side":0,"counterClockwiseDirection":true,"layer":0},{"side":3,"counterClockwiseDirection":false,"layer":0},{"side":2,"counterClockwiseDirection":false,"layer":0},{"side":0,"counterClockwiseDirection":false,"layer":0},{"side":2,"counterClockwiseDirection":false,"layer":0},{"side":0,"counterClockwiseDirection":false,"layer":0},{"side":2,"counterClockwiseDirection":false,"layer":0},{"side":0,"counterClockwiseDirection":true,"layer":0},{"side":2,"counterClockwiseDirection":true,"layer":0},{"side":2,"counterClockwiseDirection":true,"layer":0},{"side":3,"counterClockwiseDirection":false,"layer":0},{"side":2,"counterClockwiseDirection":false,"layer":0},{"side":3,"counterClockwiseDirection":true,"layer":0},{"side":3,"counterClockwiseDirection":true,"layer":0}],"totalTime":82039.80000001192,"data":{"restartCounter":1,"iterations":9204,"metrics":[{"label":"CHECK_SOLUTION","totalTime":4481.499998301268,"totalRelativeTime":"5.46%","numOfCalls":27609450,"avgTimePerCall":0.00016231761220528724},{"label":"APPLYING_ROTATIONS","totalTime":25113.599998652935,"totalRelativeTime":"30.61%","numOfCalls":27609443,"avgTimePerCall":0.0009096018343670655},{"label":"COMPUTE_ROTATION","totalTime":4549.200000852346,"totalRelativeTime":"5.54%","numOfCalls":27609443,"avgTimePerCall":0.00016476971305985226},{"label":"CALCULATE_CITIZEN_SCORE","totalTime":9059.300004184246,"totalRelativeTime":"11.04%","numOfCalls":27609443,"avgTimePerCall":0.00032812324407211857},{"label":"AGGREGATE_CURRENT_GENERATION","totalTime":154.79999884963036,"totalRelativeTime":"0.18%","numOfCalls":920314,"avgTimePerCall":0.00016820345974268605},{"label":"CREATE_NEXT_GENERATION","totalTime":589.6999998986721,"totalRelativeTime":"0.71%","numOfCalls":9203,"avgTimePerCall":0.06407693142439119},{"label":"MEASUREMENT_OVERHEAD","totalTime":19068.600007921457,"totalRelativeTime":"23.24%","numOfCalls":0,"avgTimePerCall":19068.600007921457},{"label":"NOT_MEASURED","totalTime":19023.099991351366,"totalRelativeTime":"23.18%","numOfCalls":0,"avgTimePerCall":19023.099991351366}]}}},{"label":"2x2","key":"GA","solution":{"rotations":[{"side":3,"counterClockwiseDirection":true,"layer":0},{"side":2,"counterClockwiseDirection":false,"layer":0},{"side":3,"counterClockwiseDirection":true,"layer":0},{"side":0,"counterClockwiseDirection":false,"layer":0},{"side":0,"counterClockwiseDirection":false,"layer":0},{"side":2,"counterClockwiseDirection":false,"layer":0},{"side":2,"counterClockwiseDirection":false,"layer":0},{"side":3,"counterClockwiseDirection":false,"layer":0},{"side":2,"counterClockwiseDirection":false,"layer":0},{"side":0,"counterClockwiseDirection":false,"layer":0},{"side":2,"counterClockwiseDirection":true,"layer":0},{"side":0,"counterClockwiseDirection":true,"layer":0},{"side":0,"counterClockwiseDirection":true,"layer":0},{"side":3,"counterClockwiseDirection":false,"layer":0},{"side":3,"counterClockwiseDirection":false,"layer":0},{"layer":0,"side":2,"counterClockwiseDirection":false},{"side":3,"counterClockwiseDirection":true,"layer":0},{"side":0,"counterClockwiseDirection":true,"layer":0},{"side":3,"counterClockwiseDirection":true,"layer":0}],"totalTime":2693.7000000178814,"data":{"armageddonCounter":0,"generations":285,"metrics":[{"label":"CHECK_SOLUTION","totalTime":142.59999999403954,"totalRelativeTime":"5.29%","numOfCalls":853800,"avgTimePerCall":0.0001670180370040285},{"label":"APPLYING_ROTATIONS","totalTime":841.900000333786,"totalRelativeTime":"31.25%","numOfCalls":853795,"avgTimePerCall":0.000986068084650046},{"label":"COMPUTE_GENE","totalTime":133.59999990463257,"totalRelativeTime":"4.95%","numOfCalls":853795,"avgTimePerCall":0.00015647784293024974},{"label":"CALCULATE_CITIZEN_SCORE","totalTime":312.20000007748604,"totalRelativeTime":"11.59%","numOfCalls":853795,"avgTimePerCall":0.00036566154648069623},{"label":"AGGREGATE_CURRENT_GENERATION","totalTime":5.799999922513962,"totalRelativeTime":"0.21%","numOfCalls":28459,"avgTimePerCall":0.0002038019579926899},{"label":"CREATE_NEXT_GENERATION","totalTime":17.60000044107437,"totalRelativeTime":"0.65%","numOfCalls":284,"avgTimePerCall":0.06197183253899426},{"label":"MEASUREMENT_OVERHEAD","totalTime":620.2999988794327,"totalRelativeTime":"23.02%","numOfCalls":0,"avgTimePerCall":620.2999988794327},{"label":"NOT_MEASURED","totalTime":619.7000004649162,"totalRelativeTime":"23%","numOfCalls":0,"avgTimePerCall":619.7000004649162}]}}},{"label":"2x2","key":"WA*","solution":{"rotations":[{"side":2,"counterClockwiseDirection":true,"layer":0},{"side":2,"counterClockwiseDirection":true,"layer":0},{"side":3,"counterClockwiseDirection":false,"layer":0},{"side":0,"counterClockwiseDirection":true,"layer":0},{"side":3,"counterClockwiseDirection":false,"layer":0},{"side":3,"counterClockwiseDirection":false,"layer":0},{"side":0,"counterClockwiseDirection":false,"layer":0},{"side":3,"counterClockwiseDirection":true,"layer":0},{"side":3,"counterClockwiseDirection":true,"layer":0},{"side":2,"counterClockwiseDirection":true,"layer":0},{"side":0,"counterClockwiseDirection":false,"layer":0},{"side":2,"counterClockwiseDirection":false,"layer":0},{"side":0,"counterClockwiseDirection":true,"layer":0}],"totalTime":468.40000000596046,"data":{"metrics":[{"label":"ITERATIONS_COUNTER_INCREMENT","totalTime":7.000000149011612,"totalRelativeTime":"1.49%","numOfCalls":36188,"avgTimePerCall":0.00019343429172686007},{"label":"ABORTED_VERIFICATION","totalTime":3.200000047683716,"totalRelativeTime":"0.68%","numOfCalls":18094,"avgTimePerCall":0.00017685420844941503},{"label":"POP_CANDIDATE","totalTime":9.400000244379044,"totalRelativeTime":"2%","numOfCalls":18094,"avgTimePerCall":0.0005195092430849477},{"label":"VISISTED_LIST_CHECK","totalTime":31.200000137090683,"totalRelativeTime":"6.66%","numOfCalls":98095,"avgTimePerCall":0.0003180590258126376},{"label":"CHECK_SOLUTION","totalTime":4.399999976158142,"totalRelativeTime":"0.93%","numOfCalls":16780,"avgTimePerCall":0.00026221692348975815},{"label":"ADD_TO_VISISTED_LIST_CHECK","totalTime":5.5,"totalRelativeTime":"1.17%","numOfCalls":16779,"avgTimePerCall":0.00032779069074438287},{"label":"PERFORM_ROTATION","totalTime":121.89999985694885,"totalRelativeTime":"26.02%","numOfCalls":80001,"avgTimePerCall":0.001523730951574966},{"label":"HEURISTIC_CALCULATION","totalTime":52.900000005960464,"totalRelativeTime":"11.29%","numOfCalls":80001,"avgTimePerCall":0.0006612417345528239},{"label":"ADD_CANDIDATE","totalTime":18.19999998807907,"totalRelativeTime":"3.88%","numOfCalls":78359,"avgTimePerCall":0.0002322643217509038},{"label":"BUILD_SOLUTION","totalTime":0,"totalRelativeTime":"0%","numOfCalls":1,"avgTimePerCall":0},{"label":"MEASUREMENT_OVERHEAD","totalTime":114.7999999821186,"totalRelativeTime":"24.5%","numOfCalls":0,"avgTimePerCall":114.7999999821186},{"label":"NOT_MEASURED","totalTime":99.89999961853027,"totalRelativeTime":"21.32%","numOfCalls":0,"avgTimePerCall":99.89999961853027}],"visitedNodes":18094,"differentNodes":16780}}},{"label":"2x2","key":"BiBFS","solution":{"rotations":[{"side":2,"counterClockwiseDirection":true,"layer":0},{"side":2,"counterClockwiseDirection":true,"layer":0},{"side":0,"counterClockwiseDirection":true,"layer":0},{"side":3,"counterClockwiseDirection":false,"layer":0},{"side":2,"counterClockwiseDirection":true,"layer":0},{"side":0,"counterClockwiseDirection":false,"layer":0},{"side":2,"counterClockwiseDirection":false,"layer":0},{"side":3,"counterClockwiseDirection":false,"layer":0},{"side":0,"counterClockwiseDirection":false,"layer":0},{"side":3,"counterClockwiseDirection":false,"layer":0},{"side":3,"counterClockwiseDirection":false,"layer":0}],"totalTime":160.2999999821186,"data":{"metrics":[{"label":"POP_CANDIDATE","totalTime":1.3999999165534973,"totalRelativeTime":"0.87%","numOfCalls":6780,"avgTimePerCall":0.00020648966320848042},{"label":"VISISTED_LIST_CHECK","totalTime":22.30000004172325,"totalRelativeTime":"13.91%","numOfCalls":41671,"avgTimePerCall":0.0005351443459893752},{"label":"ADD_TO_VISISTED_LIST_CHECK","totalTime":2.300000101327896,"totalRelativeTime":"1.43%","numOfCalls":5918,"avgTimePerCall":0.0003886448295586171},{"label":"PERFORM_ROTATION","totalTime":44.79999974370003,"totalRelativeTime":"27.94%","numOfCalls":28972,"avgTimePerCall":0.0015463205765463214},{"label":"ADD_CANDIDATE","totalTime":9.099999994039536,"totalRelativeTime":"5.67%","numOfCalls":28714,"avgTimePerCall":0.0003169185760966614},{"label":"MEASUREMENT_OVERHEAD","totalTime":30.900000005960464,"totalRelativeTime":"19.27%","numOfCalls":0,"avgTimePerCall":30.900000005960464},{"label":"NOT_MEASURED","totalTime":49.500000178813934,"totalRelativeTime":"30.87%","numOfCalls":0,"avgTimePerCall":49.500000178813934}],"iterations":2960,"visitedNodes":2960}}}]}