{"timestamp":1680925373892,"shuffle":"36:  R    L'   R'   F'   B'   L    R    L    F'   B    D    B'   L    R'   B'  2U    L    F   2L    U'   B   2L    R'   F'   R    L'   R   2F    R   2B    L'  ","solutions":[{"label":"2x2","key":"IDDFS","solution":{"rotations":[{"side":2,"counterClockwiseDirection":true,"layer":0},{"side":2,"counterClockwiseDirection":true,"layer":0},{"side":0,"counterClockwiseDirection":true,"layer":0},{"side":0,"counterClockwiseDirection":true,"layer":0},{"side":2,"counterClockwiseDirection":true,"layer":0},{"side":3,"counterClockwiseDirection":true,"layer":0},{"side":3,"counterClockwiseDirection":true,"layer":0},{"side":2,"counterClockwiseDirection":true,"layer":0},{"side":0,"counterClockwiseDirection":false,"layer":0},{"side":2,"counterClockwiseDirection":true,"layer":0},{"side":0,"counterClockwiseDirection":false,"layer":0},{"side":2,"counterClockwiseDirection":true,"layer":0}],"totalTime":148682.09999999404,"data":{"metrics":[{"label":"PERFORM_ROTATION","totalTime":70287.39999687672,"totalRelativeTime":"47.27%","numOfCalls":68554228,"avgTimePerCall":0.001025281766674941},{"label":"ADD_CANDIDATE","totalTime":12253.500005334616,"totalRelativeTime":"8.24%","numOfCalls":68554228,"avgTimePerCall":0.00017874171094647314},{"label":"NOT_MEASURED","totalTime":66141.1999977827,"totalRelativeTime":"44.48%","numOfCalls":0,"avgTimePerCall":66141.1999977827}],"visitedNodes":67725922,"iterations":[{"visitedNodes":37,"bound":2},{"visitedNodes":181,"bound":3},{"visitedNodes":877,"bound":4},{"visitedNodes":4237,"bound":5},{"visitedNodes":20461,"bound":6},{"visitedNodes":98797,"bound":7},{"visitedNodes":477037,"bound":8},{"visitedNodes":2303341,"bound":9},{"visitedNodes":11121517,"bound":10},{"visitedNodes":53699437,"bound":11}]}}},{"label":"2x2","key":"IDA*","solution":{"rotations":[{"side":2,"counterClockwiseDirection":true,"layer":0},{"side":2,"counterClockwiseDirection":true,"layer":0},{"side":0,"counterClockwiseDirection":true,"layer":0},{"side":0,"counterClockwiseDirection":true,"layer":0},{"side":2,"counterClockwiseDirection":true,"layer":0},{"side":3,"counterClockwiseDirection":true,"layer":0},{"side":3,"counterClockwiseDirection":true,"layer":0},{"side":2,"counterClockwiseDirection":true,"layer":0},{"side":0,"counterClockwiseDirection":false,"layer":0},{"side":2,"counterClockwiseDirection":true,"layer":0},{"side":0,"counterClockwiseDirection":false,"layer":0},{"side":2,"counterClockwiseDirection":true,"layer":0}],"totalTime":129872.5,"data":{"metrics":[{"label":"PERFORM_ROTATION","totalTime":64199.100005328655,"totalRelativeTime":"49.43%","numOfCalls":63855072,"avgTimePerCall":0.0010053876378892605},{"label":"ADD_CANDIDATE","totalTime":11678.800001502037,"totalRelativeTime":"8.99%","numOfCalls":63855072,"avgTimePerCall":0.0001828954166945742},{"label":"NOT_MEASURED","totalTime":53994.59999316931,"totalRelativeTime":"41.57%","numOfCalls":0,"avgTimePerCall":53994.59999316931}],"visitedNodes":13047381,"iterations":[{"visitedNodes":7,"bound":2},{"visitedNodes":85,"bound":3.25},{"visitedNodes":721,"bound":4.5},{"visitedNodes":4255,"bound":5.75},{"visitedNodes":21759,"bound":7},{"visitedNodes":158570,"bound":8.25},{"visitedNodes":1702954,"bound":9.5},{"visitedNodes":11159030,"bound":10.75}]}}},{"label":"2x2","key":"SA","solution":{"rotations":[{"side":2,"counterClockwiseDirection":true,"layer":0},{"side":0,"counterClockwiseDirection":false,"layer":0},{"side":3,"counterClockwiseDirection":true,"layer":0},{"side":2,"counterClockwiseDirection":true,"layer":0},{"side":3,"counterClockwiseDirection":false,"layer":0},{"side":2,"counterClockwiseDirection":false,"layer":0},{"side":3,"counterClockwiseDirection":true,"layer":0},{"side":2,"counterClockwiseDirection":true,"layer":0},{"side":3,"counterClockwiseDirection":false,"layer":0},{"side":0,"counterClockwiseDirection":true,"layer":0},{"side":2,"counterClockwiseDirection":false,"layer":0},{"side":3,"counterClockwiseDirection":false,"layer":0},{"side":2,"counterClockwiseDirection":true,"layer":0},{"side":3,"counterClockwiseDirection":true,"layer":0},{"side":3,"counterClockwiseDirection":true,"layer":0},{"side":0,"counterClockwiseDirection":false,"layer":0},{"side":3,"counterClockwiseDirection":true,"layer":0},{"side":3,"counterClockwiseDirection":true,"layer":0},{"side":0,"counterClockwiseDirection":true,"layer":0},{"side":2,"counterClockwiseDirection":true,"layer":0}],"totalTime":62168.20000001788,"data":{"restartCounter":1,"iterations":6257,"metrics":[{"label":"CHECK_SOLUTION","totalTime":3356.7999972701073,"totalRelativeTime":"5.39%","numOfCalls":18768840,"avgTimePerCall":0.0001788496250844542},{"label":"APPLYING_ROTATIONS","totalTime":19261.899994194508,"totalRelativeTime":"30.98%","numOfCalls":18768832,"avgTimePerCall":0.0010262705742261696},{"label":"COMPUTE_ROTATION","totalTime":3446.3000004291534,"totalRelativeTime":"5.54%","numOfCalls":18768832,"avgTimePerCall":0.0001836182454203412},{"label":"CALCULATE_CITIZEN_SCORE","totalTime":6956.799997597933,"totalRelativeTime":"11.19%","numOfCalls":18768832,"avgTimePerCall":0.00037065705514322537},{"label":"AGGREGATE_CURRENT_GENERATION","totalTime":116.1000007390976,"totalRelativeTime":"0.18%","numOfCalls":625627,"avgTimePerCall":0.00018557383351277613},{"label":"CREATE_NEXT_GENERATION","totalTime":351.50000020861626,"totalRelativeTime":"0.56%","numOfCalls":6256,"avgTimePerCall":0.05618606141442076},{"label":"MEASUREMENT_OVERHEAD","totalTime":14239.49999627471,"totalRelativeTime":"22.9%","numOfCalls":0,"avgTimePerCall":14239.49999627471},{"label":"NOT_MEASURED","totalTime":14439.300013303757,"totalRelativeTime":"23.22%","numOfCalls":0,"avgTimePerCall":14439.300013303757}]}}},{"label":"2x2","key":"GA","solution":{"rotations":[{"side":3,"counterClockwiseDirection":false,"layer":0},{"side":3,"counterClockwiseDirection":false,"layer":0},{"side":0,"counterClockwiseDirection":true,"layer":0},{"side":2,"counterClockwiseDirection":true,"layer":0},{"side":3,"counterClockwiseDirection":false,"layer":0},{"side":2,"counterClockwiseDirection":true,"layer":0},{"side":3,"counterClockwiseDirection":true,"layer":0},{"side":0,"counterClockwiseDirection":false,"layer":0},{"side":2,"counterClockwiseDirection":true,"layer":0},{"side":0,"counterClockwiseDirection":false,"layer":0},{"side":3,"counterClockwiseDirection":true,"layer":0},{"side":0,"counterClockwiseDirection":false,"layer":0}],"totalTime":634.1000000238419,"data":{"armageddonCounter":0,"generations":50,"metrics":[{"label":"CHECK_SOLUTION","totalTime":32.19999983906746,"totalRelativeTime":"5.07%","numOfCalls":148020,"avgTimePerCall":0.00021753816943026252},{"label":"APPLYING_ROTATIONS","totalTime":198.89999949932098,"totalRelativeTime":"31.36%","numOfCalls":148006,"avgTimePerCall":0.001343864434545363},{"label":"COMPUTE_GENE","totalTime":32.30000013113022,"totalRelativeTime":"5.09%","numOfCalls":148006,"avgTimePerCall":0.00021823439678884788},{"label":"CALCULATE_CITIZEN_SCORE","totalTime":66.69999992847443,"totalRelativeTime":"10.51%","numOfCalls":148006,"avgTimePerCall":0.0004506574052975854},{"label":"AGGREGATE_CURRENT_GENERATION","totalTime":1.300000011920929,"totalRelativeTime":"0.2%","numOfCalls":4933,"avgTimePerCall":0.0002635313221003302},{"label":"CREATE_NEXT_GENERATION","totalTime":6.500000029802322,"totalRelativeTime":"1.02%","numOfCalls":49,"avgTimePerCall":0.13265306183270045},{"label":"MEASUREMENT_OVERHEAD","totalTime":148.60000032186508,"totalRelativeTime":"23.43%","numOfCalls":0,"avgTimePerCall":148.60000032186508},{"label":"NOT_MEASURED","totalTime":147.60000026226044,"totalRelativeTime":"23.27%","numOfCalls":0,"avgTimePerCall":147.60000026226044}]}}},{"label":"2x2","key":"WA*","solution":{"rotations":[{"side":3,"counterClockwiseDirection":false,"layer":0},{"side":2,"counterClockwiseDirection":true,"layer":0},{"side":0,"counterClockwiseDirection":true,"layer":0},{"side":2,"counterClockwiseDirection":true,"layer":0},{"side":2,"counterClockwiseDirection":true,"layer":0},{"side":3,"counterClockwiseDirection":true,"layer":0},{"side":3,"counterClockwiseDirection":true,"layer":0},{"side":2,"counterClockwiseDirection":false,"layer":0},{"side":0,"counterClockwiseDirection":false,"layer":0},{"side":2,"counterClockwiseDirection":false,"layer":0},{"side":0,"counterClockwiseDirection":true,"layer":0},{"side":0,"counterClockwiseDirection":true,"layer":0},{"side":2,"counterClockwiseDirection":true,"layer":0},{"side":0,"counterClockwiseDirection":true,"layer":0},{"side":2,"counterClockwiseDirection":false,"layer":0},{"side":0,"counterClockwiseDirection":false,"layer":0}],"totalTime":1332.7999999821186,"data":{"metrics":[{"label":"ITERATIONS_COUNTER_INCREMENT","totalTime":24.699999898672104,"totalRelativeTime":"1.85%","numOfCalls":127428,"avgTimePerCall":0.00019383494913733328},{"label":"ABORTED_VERIFICATION","totalTime":11.40000006556511,"totalRelativeTime":"0.85%","numOfCalls":63714,"avgTimePerCall":0.00017892457019752503},{"label":"POP_CANDIDATE","totalTime":25.00000011920929,"totalRelativeTime":"1.87%","numOfCalls":63714,"avgTimePerCall":0.0003923784430299352},{"label":"VISISTED_LIST_CHECK","totalTime":103.29999980330467,"totalRelativeTime":"7.75%","numOfCalls":342435,"avgTimePerCall":0.00030166308877102127},{"label":"CHECK_SOLUTION","totalTime":10.099999904632568,"totalRelativeTime":"0.75%","numOfCalls":58415,"avgTimePerCall":0.00017290079439583273},{"label":"ADD_TO_VISISTED_LIST_CHECK","totalTime":14.29999977350235,"totalRelativeTime":"1.07%","numOfCalls":58414,"avgTimePerCall":0.00024480432385219896},{"label":"PERFORM_ROTATION","totalTime":335.50000035762787,"totalRelativeTime":"25.17%","numOfCalls":278721,"avgTimePerCall":0.0012037126745298268},{"label":"HEURISTIC_CALCULATION","totalTime":132.40000012516975,"totalRelativeTime":"9.93%","numOfCalls":278721,"avgTimePerCall":0.00047502699877357554},{"label":"ADD_CANDIDATE","totalTime":63.99999985098839,"totalRelativeTime":"4.8%","numOfCalls":269416,"avgTimePerCall":0.000237550850175893},{"label":"BUILD_SOLUTION","totalTime":0.09999999403953552,"totalRelativeTime":"0%","numOfCalls":1,"avgTimePerCall":0.09999999403953552},{"label":"MEASUREMENT_OVERHEAD","totalTime":284.20000076293945,"totalRelativeTime":"21.32%","numOfCalls":0,"avgTimePerCall":284.20000076293945},{"label":"NOT_MEASURED","totalTime":327.7999993264675,"totalRelativeTime":"24.59%","numOfCalls":0,"avgTimePerCall":327.7999993264675}],"visitedNodes":63714,"differentNodes":58415}}},{"label":"2x2","key":"BiBFS","solution":{"rotations":[{"side":3,"counterClockwiseDirection":true,"layer":0},{"side":2,"counterClockwiseDirection":false,"layer":0},{"side":3,"counterClockwiseDirection":true,"layer":0},{"side":2,"counterClockwiseDirection":true,"layer":0},{"side":0,"counterClockwiseDirection":false,"layer":0},{"side":2,"counterClockwiseDirection":true,"layer":0},{"side":0,"counterClockwiseDirection":false,"layer":0},{"side":2,"counterClockwiseDirection":false,"layer":0},{"side":3,"counterClockwiseDirection":false,"layer":0},{"side":0,"counterClockwiseDirection":true,"layer":0},{"side":2,"counterClockwiseDirection":false,"layer":0},{"side":3,"counterClockwiseDirection":true,"layer":0}],"totalTime":277.2999999821186,"data":{"metrics":[{"label":"POP_CANDIDATE","totalTime":2.600000023841858,"totalRelativeTime":"0.93%","numOfCalls":13276,"avgTimePerCall":0.00019584212291668106},{"label":"VISISTED_LIST_CHECK","totalTime":32.79999992251396,"totalRelativeTime":"11.82%","numOfCalls":80991,"avgTimePerCall":0.0004049832687892971},{"label":"ADD_TO_VISISTED_LIST_CHECK","totalTime":3.5,"totalRelativeTime":"1.26%","numOfCalls":11490,"avgTimePerCall":0.00030461270670147957},{"label":"PERFORM_ROTATION","totalTime":108.30000042915344,"totalRelativeTime":"39.05%","numOfCalls":56224,"avgTimePerCall":0.0019262236843546074},{"label":"ADD_CANDIDATE","totalTime":16.499999970197678,"totalRelativeTime":"5.95%","numOfCalls":55054,"avgTimePerCall":0.0002997057429105547},{"label":"MEASUREMENT_OVERHEAD","totalTime":54.79999953508377,"totalRelativeTime":"19.76%","numOfCalls":0,"avgTimePerCall":54.79999953508377},{"label":"NOT_MEASURED","totalTime":58.800000101327896,"totalRelativeTime":"21.2%","numOfCalls":0,"avgTimePerCall":58.800000101327896}],"iterations":5746,"visitedNodes":5746}}}]}