{"timestamp":1680890614500,"shuffle":"34:  B'   F'  2R   2D   2R    L    D'   B'  2L    U'   R    U   2B    U'   B'   R'   D'   B'   L'   U'  2F    R   2D    R'   D'   U    F'  ","solutions":[{"label":"2x2","key":"IDDFS","solution":{"rotations":[{"side":2,"counterClockwiseDirection":true,"layer":0},{"side":0,"counterClockwiseDirection":true,"layer":0},{"side":0,"counterClockwiseDirection":true,"layer":0},{"side":2,"counterClockwiseDirection":true,"layer":0},{"side":3,"counterClockwiseDirection":false,"layer":0},{"side":0,"counterClockwiseDirection":true,"layer":0},{"side":3,"counterClockwiseDirection":true,"layer":0},{"side":2,"counterClockwiseDirection":true,"layer":0},{"side":2,"counterClockwiseDirection":true,"layer":0},{"side":3,"counterClockwiseDirection":true,"layer":0},{"side":3,"counterClockwiseDirection":true,"layer":0},{"side":2,"counterClockwiseDirection":true,"layer":0}],"totalTime":210311.90000000596,"data":{"metrics":[{"label":"PERFORM_ROTATION","totalTime":92253.1999861002,"totalRelativeTime":"43.86%","numOfCalls":79194513,"avgTimePerCall":0.001164893835335539},{"label":"ADD_CANDIDATE","totalTime":15998.500006616116,"totalRelativeTime":"7.6%","numOfCalls":79194513,"avgTimePerCall":0.00020201525838811732},{"label":"NOT_MEASURED","totalTime":102060.20000728965,"totalRelativeTime":"48.52%","numOfCalls":0,"avgTimePerCall":102060.20000728965}],"visitedNodes":67725922,"iterations":[{"visitedNodes":37,"bound":2},{"visitedNodes":181,"bound":3},{"visitedNodes":877,"bound":4},{"visitedNodes":4237,"bound":5},{"visitedNodes":20461,"bound":6},{"visitedNodes":98797,"bound":7},{"visitedNodes":477037,"bound":8},{"visitedNodes":2303341,"bound":9},{"visitedNodes":11121517,"bound":10},{"visitedNodes":53699437,"bound":11}]}}},{"label":"2x2","key":"IDA*","solution":{"rotations":[{"side":2,"counterClockwiseDirection":true,"layer":0},{"side":0,"counterClockwiseDirection":true,"layer":0},{"side":0,"counterClockwiseDirection":true,"layer":0},{"side":2,"counterClockwiseDirection":true,"layer":0},{"side":3,"counterClockwiseDirection":false,"layer":0},{"side":0,"counterClockwiseDirection":true,"layer":0},{"side":3,"counterClockwiseDirection":true,"layer":0},{"side":2,"counterClockwiseDirection":true,"layer":0},{"side":2,"counterClockwiseDirection":true,"layer":0},{"side":3,"counterClockwiseDirection":true,"layer":0},{"side":3,"counterClockwiseDirection":true,"layer":0},{"side":2,"counterClockwiseDirection":true,"layer":0}],"totalTime":185461.30000001192,"data":{"metrics":[{"label":"PERFORM_ROTATION","totalTime":91176.30000728369,"totalRelativeTime":"49.16%","numOfCalls":75268481,"avgTimePerCall":0.0012113476822693378},{"label":"ADD_CANDIDATE","totalTime":15867.399991452694,"totalRelativeTime":"8.55%","numOfCalls":75268481,"avgTimePerCall":0.00021081068437468127},{"label":"NOT_MEASURED","totalTime":78417.60000127554,"totalRelativeTime":"42.28%","numOfCalls":0,"avgTimePerCall":78417.60000127554}],"visitedNodes":13054551,"iterations":[{"visitedNodes":7,"bound":2},{"visitedNodes":37,"bound":3.25},{"visitedNodes":587,"bound":4.5},{"visitedNodes":4262,"bound":5.75},{"visitedNodes":21761,"bound":7},{"visitedNodes":158362,"bound":8.25},{"visitedNodes":1707592,"bound":9.5},{"visitedNodes":11161943,"bound":10.75}]}}},{"label":"2x2","key":"GA","solution":{"rotations":[{"side":2,"counterClockwiseDirection":false,"layer":0},{"side":3,"counterClockwiseDirection":false,"layer":0},{"side":3,"counterClockwiseDirection":false,"layer":0},{"side":0,"counterClockwiseDirection":false,"layer":0},{"side":3,"counterClockwiseDirection":true,"layer":0},{"side":0,"counterClockwiseDirection":true,"layer":0},{"side":2,"counterClockwiseDirection":false,"layer":0},{"side":0,"counterClockwiseDirection":false,"layer":0},{"side":3,"counterClockwiseDirection":false,"layer":0},{"side":3,"counterClockwiseDirection":false,"layer":0},{"side":0,"counterClockwiseDirection":true,"layer":0},{"layer":0,"side":3,"counterClockwiseDirection":false},{"side":2,"counterClockwiseDirection":false,"layer":0},{"side":0,"counterClockwiseDirection":true,"layer":0}],"totalTime":9922.09999999404,"data":{"armageddonCounter":0,"generations":898,"metrics":[{"label":"CHECK_SOLUTION","totalTime":521.7999997437,"totalRelativeTime":"5.25%","numOfCalls":2691240,"avgTimePerCall":0.000193888319043898},{"label":"APPLYING_ROTATIONS","totalTime":3128.8000025451183,"totalRelativeTime":"31.53%","numOfCalls":2691240,"avgTimePerCall":0.001162586763924852},{"label":"COMPUTE_GENE","totalTime":540.8999987542629,"totalRelativeTime":"5.45%","numOfCalls":2691240,"avgTimePerCall":0.00020098541889770622},{"label":"CALCULATE_CITIZEN_SCORE","totalTime":1091.7000006437302,"totalRelativeTime":"11%","numOfCalls":2691240,"avgTimePerCall":0.00040564944064584734},{"label":"AGGREGATE_CURRENT_GENERATION","totalTime":18.59999969601631,"totalRelativeTime":"0.18%","numOfCalls":89707,"avgTimePerCall":0.00020734167563307557},{"label":"CREATE_NEXT_GENERATION","totalTime":84.29999974370003,"totalRelativeTime":"0.84%","numOfCalls":897,"avgTimePerCall":0.09397993282463771},{"label":"MEASUREMENT_OVERHEAD","totalTime":2249.3999989032745,"totalRelativeTime":"22.67%","numOfCalls":0,"avgTimePerCall":2249.3999989032745},{"label":"NOT_MEASURED","totalTime":2286.599999964237,"totalRelativeTime":"23.04%","numOfCalls":0,"avgTimePerCall":2286.599999964237}]}}},{"label":"2x2","key":"SA","solution":{"rotations":[{"side":0,"counterClockwiseDirection":false,"layer":0},{"side":3,"counterClockwiseDirection":true,"layer":0},{"side":2,"counterClockwiseDirection":false,"layer":0},{"side":3,"counterClockwiseDirection":false,"layer":0},{"side":0,"counterClockwiseDirection":false,"layer":0},{"side":3,"counterClockwiseDirection":false,"layer":0},{"side":2,"counterClockwiseDirection":true,"layer":0},{"side":0,"counterClockwiseDirection":true,"layer":0},{"side":3,"counterClockwiseDirection":false,"layer":0},{"side":0,"counterClockwiseDirection":true,"layer":0},{"side":2,"counterClockwiseDirection":true,"layer":0},{"side":2,"counterClockwiseDirection":true,"layer":0},{"side":0,"counterClockwiseDirection":false,"layer":0},{"side":3,"counterClockwiseDirection":false,"layer":0},{"side":2,"counterClockwiseDirection":false,"layer":0},{"side":3,"counterClockwiseDirection":true,"layer":0},{"side":0,"counterClockwiseDirection":false,"layer":0},{"side":2,"counterClockwiseDirection":false,"layer":0},{"side":3,"counterClockwiseDirection":true,"layer":0},{"side":3,"counterClockwiseDirection":true,"layer":0}],"totalTime":48022.09999999404,"data":{"restartCounter":0,"iterations":3899,"metrics":[{"label":"CHECK_SOLUTION","totalTime":2584.799999177456,"totalRelativeTime":"5.38%","numOfCalls":11695950,"avgTimePerCall":0.00022099957670624926},{"label":"APPLYING_ROTATIONS","totalTime":15458.400003165007,"totalRelativeTime":"32.19%","numOfCalls":11695946,"avgTimePerCall":0.0013216887289976378},{"label":"COMPUTE_ROTATION","totalTime":2569.400001913309,"totalRelativeTime":"5.35%","numOfCalls":11695946,"avgTimePerCall":0.00021968295697614448},{"label":"CALCULATE_CITIZEN_SCORE","totalTime":5390.500004529953,"totalRelativeTime":"11.22%","numOfCalls":11695946,"avgTimePerCall":0.00046088619120932613},{"label":"AGGREGATE_CURRENT_GENERATION","totalTime":88.79999974370003,"totalRelativeTime":"0.18%","numOfCalls":389864,"avgTimePerCall":0.00022777173512737782},{"label":"CREATE_NEXT_GENERATION","totalTime":294.00000074505806,"totalRelativeTime":"0.61%","numOfCalls":3898,"avgTimePerCall":0.07542329418806004},{"label":"MEASUREMENT_OVERHEAD","totalTime":10635.199995070696,"totalRelativeTime":"22.14%","numOfCalls":0,"avgTimePerCall":10635.199995070696},{"label":"NOT_MEASURED","totalTime":11000.999995648861,"totalRelativeTime":"22.9%","numOfCalls":0,"avgTimePerCall":11000.999995648861}]}}},{"label":"2x2","key":"WA*","solution":{"rotations":[{"side":2,"counterClockwiseDirection":true,"layer":0},{"side":0,"counterClockwiseDirection":true,"layer":0},{"side":2,"counterClockwiseDirection":true,"layer":0},{"side":3,"counterClockwiseDirection":true,"layer":0},{"side":0,"counterClockwiseDirection":false,"layer":0},{"side":3,"counterClockwiseDirection":true,"layer":0},{"side":0,"counterClockwiseDirection":false,"layer":0},{"side":3,"counterClockwiseDirection":true,"layer":0},{"side":0,"counterClockwiseDirection":true,"layer":0},{"side":0,"counterClockwiseDirection":true,"layer":0},{"side":3,"counterClockwiseDirection":true,"layer":0},{"side":0,"counterClockwiseDirection":false,"layer":0},{"side":3,"counterClockwiseDirection":true,"layer":0},{"side":3,"counterClockwiseDirection":true,"layer":0},{"side":0,"counterClockwiseDirection":true,"layer":0},{"side":3,"counterClockwiseDirection":true,"layer":0},{"side":3,"counterClockwiseDirection":true,"layer":0},{"side":0,"counterClockwiseDirection":false,"layer":0}],"totalTime":1613.2999999821186,"data":{"metrics":[{"label":"ITERATIONS_COUNTER_INCREMENT","totalTime":26.999999970197678,"totalRelativeTime":"1.67%","numOfCalls":142670,"avgTimePerCall":0.00018924791455945662},{"label":"ABORTED_VERIFICATION","totalTime":13.200000137090683,"totalRelativeTime":"0.81%","numOfCalls":71335,"avgTimePerCall":0.00018504240747305926},{"label":"POP_CANDIDATE","totalTime":35.70000031590462,"totalRelativeTime":"2.21%","numOfCalls":71335,"avgTimePerCall":0.0005004556012603156},{"label":"VISISTED_LIST_CHECK","totalTime":133.60000044107437,"totalRelativeTime":"8.28%","numOfCalls":382564,"avgTimePerCall":0.00034922261488554694},{"label":"CHECK_SOLUTION","totalTime":12.399999976158142,"totalRelativeTime":"0.76%","numOfCalls":65220,"avgTimePerCall":0.00019012572793864063},{"label":"ADD_TO_VISISTED_LIST_CHECK","totalTime":15.000000178813934,"totalRelativeTime":"0.92%","numOfCalls":65219,"avgTimePerCall":0.00022999432954835146},{"label":"PERFORM_ROTATION","totalTime":424.2999990284443,"totalRelativeTime":"26.3%","numOfCalls":311229,"avgTimePerCall":0.001363304830296805},{"label":"HEURISTIC_CALCULATION","totalTime":141.60000050067902,"totalRelativeTime":"8.77%","numOfCalls":311229,"avgTimePerCall":0.00045497045744670006},{"label":"ADD_CANDIDATE","totalTime":66.09999963641167,"totalRelativeTime":"4.09%","numOfCalls":300459,"avgTimePerCall":0.00021999673711358843},{"label":"BUILD_SOLUTION","totalTime":0,"totalRelativeTime":"0%","numOfCalls":1,"avgTimePerCall":0},{"label":"MEASUREMENT_OVERHEAD","totalTime":352.80000054836273,"totalRelativeTime":"21.86%","numOfCalls":0,"avgTimePerCall":352.80000054836273},{"label":"NOT_MEASURED","totalTime":391.5999992489815,"totalRelativeTime":"24.27%","numOfCalls":0,"avgTimePerCall":391.5999992489815}],"visitedNodes":71335,"differentNodes":65220}}},{"label":"2x2","key":"BiBFS","solution":{"rotations":[{"side":3,"counterClockwiseDirection":true,"layer":0},{"side":2,"counterClockwiseDirection":false,"layer":0},{"side":0,"counterClockwiseDirection":true,"layer":0},{"side":3,"counterClockwiseDirection":true,"layer":0},{"side":3,"counterClockwiseDirection":true,"layer":0},{"side":0,"counterClockwiseDirection":false,"layer":0},{"side":3,"counterClockwiseDirection":false,"layer":0},{"side":0,"counterClockwiseDirection":true,"layer":0},{"side":3,"counterClockwiseDirection":false,"layer":0},{"side":2,"counterClockwiseDirection":true,"layer":0},{"side":0,"counterClockwiseDirection":false,"layer":0},{"side":3,"counterClockwiseDirection":false,"layer":0}],"totalTime":239.2000000178814,"data":{"metrics":[{"label":"POP_CANDIDATE","totalTime":2.299999922513962,"totalRelativeTime":"0.96%","numOfCalls":10554,"avgTimePerCall":0.0002179268450363807},{"label":"VISISTED_LIST_CHECK","totalTime":26.899999976158142,"totalRelativeTime":"11.24%","numOfCalls":64868,"avgTimePerCall":0.00041468828969843595},{"label":"ADD_TO_VISISTED_LIST_CHECK","totalTime":16.89999994635582,"totalRelativeTime":"7.06%","numOfCalls":9214,"avgTimePerCall":0.0018341653946555047},{"label":"PERFORM_ROTATION","totalTime":85.50000023841858,"totalRelativeTime":"35.74%","numOfCalls":45098,"avgTimePerCall":0.001895871219087733},{"label":"ADD_CANDIDATE","totalTime":15.599999904632568,"totalRelativeTime":"6.52%","numOfCalls":44202,"avgTimePerCall":0.0003529252048466714},{"label":"MEASUREMENT_OVERHEAD","totalTime":43.599999755620956,"totalRelativeTime":"18.22%","numOfCalls":0,"avgTimePerCall":43.599999755620956},{"label":"NOT_MEASURED","totalTime":48.400000274181366,"totalRelativeTime":"20.23%","numOfCalls":0,"avgTimePerCall":48.400000274181366}],"iterations":4608,"visitedNodes":4608}}}]}