{"timestamp":1680908013716,"shuffle":"31:  L    B    L    U   2B    U'   R'   B'   U'   B   2L    D    F    R    F'  2R    D    U    B   2F   2B    U'   D    B    L    R   ","solutions":[{"label":"2x2","key":"IDDFS","solution":{"rotations":[{"side":2,"counterClockwiseDirection":true,"layer":0},{"side":3,"counterClockwiseDirection":true,"layer":0},{"side":0,"counterClockwiseDirection":true,"layer":0},{"side":3,"counterClockwiseDirection":true,"layer":0},{"side":0,"counterClockwiseDirection":false,"layer":0},{"side":2,"counterClockwiseDirection":true,"layer":0},{"side":0,"counterClockwiseDirection":true,"layer":0},{"side":0,"counterClockwiseDirection":true,"layer":0},{"side":3,"counterClockwiseDirection":false,"layer":0},{"side":0,"counterClockwiseDirection":true,"layer":0},{"side":2,"counterClockwiseDirection":false,"layer":0}],"totalTime":63938,"data":{"metrics":[{"label":"PERFORM_ROTATION","totalTime":29301.80000475049,"totalRelativeTime":"45.82%","numOfCalls":20312279,"avgTimePerCall":0.0014425658491964634},{"label":"ADD_CANDIDATE","totalTime":5389.799996972084,"totalRelativeTime":"8.42%","numOfCalls":20312279,"avgTimePerCall":0.000265346886825062},{"label":"NOT_MEASURED","totalTime":29246.399998277426,"totalRelativeTime":"45.74%","numOfCalls":0,"avgTimePerCall":29246.399998277426}],"visitedNodes":14026485,"iterations":[{"visitedNodes":37,"bound":2},{"visitedNodes":181,"bound":3},{"visitedNodes":877,"bound":4},{"visitedNodes":4237,"bound":5},{"visitedNodes":20461,"bound":6},{"visitedNodes":98797,"bound":7},{"visitedNodes":477037,"bound":8},{"visitedNodes":2303341,"bound":9},{"visitedNodes":11121517,"bound":10}]}}},{"label":"2x2","key":"IDA*","solution":{"rotations":[{"side":2,"counterClockwiseDirection":true,"layer":0},{"side":3,"counterClockwiseDirection":true,"layer":0},{"side":0,"counterClockwiseDirection":true,"layer":0},{"side":3,"counterClockwiseDirection":true,"layer":0},{"side":0,"counterClockwiseDirection":false,"layer":0},{"side":2,"counterClockwiseDirection":true,"layer":0},{"side":0,"counterClockwiseDirection":true,"layer":0},{"side":0,"counterClockwiseDirection":true,"layer":0},{"side":3,"counterClockwiseDirection":false,"layer":0},{"side":0,"counterClockwiseDirection":true,"layer":0},{"side":2,"counterClockwiseDirection":false,"layer":0}],"totalTime":47329.59999999404,"data":{"metrics":[{"label":"PERFORM_ROTATION","totalTime":23664.60000103712,"totalRelativeTime":"49.99%","numOfCalls":15142956,"avgTimePerCall":0.0015627464017617908},{"label":"ADD_CANDIDATE","totalTime":4247.200001567602,"totalRelativeTime":"8.97%","numOfCalls":15142956,"avgTimePerCall":0.00028047364078503576},{"label":"NOT_MEASURED","totalTime":19417.799997389317,"totalRelativeTime":"41.02%","numOfCalls":0,"avgTimePerCall":19417.799997389317}],"visitedNodes":1832096,"iterations":[{"visitedNodes":7,"bound":2},{"visitedNodes":42,"bound":3.25},{"visitedNodes":543,"bound":4.5},{"visitedNodes":4237,"bound":5.75},{"visitedNodes":20905,"bound":7},{"visitedNodes":141635,"bound":8.25},{"visitedNodes":1664727,"bound":9.5}]}}},{"label":"2x2","key":"SA","solution":{"rotations":[{"side":2,"counterClockwiseDirection":true,"layer":0},{"side":3,"counterClockwiseDirection":true,"layer":0},{"side":0,"counterClockwiseDirection":true,"layer":0},{"side":3,"counterClockwiseDirection":true,"layer":0},{"side":0,"counterClockwiseDirection":false,"layer":0},{"side":2,"counterClockwiseDirection":true,"layer":0},{"side":0,"counterClockwiseDirection":false,"layer":0},{"side":3,"counterClockwiseDirection":false,"layer":0},{"side":2,"counterClockwiseDirection":false,"layer":0},{"layer":0,"side":3,"counterClockwiseDirection":true},{"side":2,"counterClockwiseDirection":false,"layer":0},{"side":3,"counterClockwiseDirection":true,"layer":0},{"side":2,"counterClockwiseDirection":true,"layer":0},{"layer":0,"side":0,"counterClockwiseDirection":false},{"side":3,"counterClockwiseDirection":false,"layer":0}],"totalTime":49989.19999998808,"data":{"restartCounter":0,"iterations":3379,"metrics":[{"label":"CHECK_SOLUTION","totalTime":2685.7999962866306,"totalRelativeTime":"5.37%","numOfCalls":10136040,"avgTimePerCall":0.0002649752759743086},{"label":"APPLYING_ROTATIONS","totalTime":15843.000000864267,"totalRelativeTime":"31.69%","numOfCalls":10136037,"avgTimePerCall":0.0015630369148084472},{"label":"COMPUTE_ROTATION","totalTime":2734.4999993741512,"totalRelativeTime":"5.47%","numOfCalls":10136037,"avgTimePerCall":0.00026977999383527817},{"label":"CALCULATE_CITIZEN_SCORE","totalTime":5545.399997323751,"totalRelativeTime":"11.09%","numOfCalls":10136037,"avgTimePerCall":0.0005470974501497727},{"label":"AGGREGATE_CURRENT_GENERATION","totalTime":93.89999985694885,"totalRelativeTime":"0.18%","numOfCalls":337867,"avgTimePerCall":0.00027792000952134673},{"label":"CREATE_NEXT_GENERATION","totalTime":283.1000002026558,"totalRelativeTime":"0.56%","numOfCalls":3378,"avgTimePerCall":0.08380698644246767},{"label":"MEASUREMENT_OVERHEAD","totalTime":11267.099997401237,"totalRelativeTime":"22.53%","numOfCalls":0,"avgTimePerCall":11267.099997401237},{"label":"NOT_MEASURED","totalTime":11536.400008678436,"totalRelativeTime":"23.07%","numOfCalls":0,"avgTimePerCall":11536.400008678436}]}}},{"label":"2x2","key":"GA","solution":{"rotations":[{"side":0,"counterClockwiseDirection":false,"layer":0},{"side":2,"counterClockwiseDirection":false,"layer":0},{"side":3,"counterClockwiseDirection":true,"layer":0},{"side":0,"counterClockwiseDirection":true,"layer":0},{"side":2,"counterClockwiseDirection":true,"layer":0},{"side":3,"counterClockwiseDirection":true,"layer":0},{"side":3,"counterClockwiseDirection":true,"layer":0},{"side":0,"counterClockwiseDirection":false,"layer":0},{"side":3,"counterClockwiseDirection":true,"layer":0},{"side":2,"counterClockwiseDirection":false,"layer":0},{"side":2,"counterClockwiseDirection":false,"layer":0},{"side":3,"counterClockwiseDirection":true,"layer":0},{"side":0,"counterClockwiseDirection":true,"layer":0},{"side":3,"counterClockwiseDirection":true,"layer":0},{"side":2,"counterClockwiseDirection":false,"layer":0},{"side":3,"counterClockwiseDirection":false,"layer":0},{"side":0,"counterClockwiseDirection":false,"layer":0},{"side":3,"counterClockwiseDirection":true,"layer":0},{"side":0,"counterClockwiseDirection":true,"layer":0},{"side":0,"counterClockwiseDirection":true,"layer":0},{"side":3,"counterClockwiseDirection":true,"layer":0}],"totalTime":115536.5,"data":{"armageddonCounter":2,"generations":10271,"metrics":[{"label":"CHECK_SOLUTION","totalTime":6225.700004130602,"totalRelativeTime":"5.38%","numOfCalls":30806610,"avgTimePerCall":0.00020208974645800372},{"label":"APPLYING_ROTATIONS","totalTime":36218.300000697374,"totalRelativeTime":"31.34%","numOfCalls":30806607,"avgTimePerCall":0.0011756666354297755},{"label":"COMPUTE_GENE","totalTime":6325.799998819828,"totalRelativeTime":"5.47%","numOfCalls":30806607,"avgTimePerCall":0.00020533906894776917},{"label":"CALCULATE_CITIZEN_SCORE","totalTime":12805.600007385015,"totalRelativeTime":"11.08%","numOfCalls":30806607,"avgTimePerCall":0.0004156770658769729},{"label":"AGGREGATE_CURRENT_GENERATION","totalTime":214.49999991059303,"totalRelativeTime":"0.18%","numOfCalls":1026886,"avgTimePerCall":0.00020888394613481246},{"label":"CREATE_NEXT_GENERATION","totalTime":638.4000008106232,"totalRelativeTime":"0.55%","numOfCalls":10268,"avgTimePerCall":0.06217374374859984},{"label":"MEASUREMENT_OVERHEAD","totalTime":26602.700002908707,"totalRelativeTime":"23.02%","numOfCalls":0,"avgTimePerCall":26602.700002908707},{"label":"NOT_MEASURED","totalTime":26505.499985337257,"totalRelativeTime":"22.94%","numOfCalls":0,"avgTimePerCall":26505.499985337257}]}}},{"label":"2x2","key":"WA*","solution":{"rotations":[{"side":0,"counterClockwiseDirection":true,"layer":0},{"side":2,"counterClockwiseDirection":true,"layer":0},{"side":3,"counterClockwiseDirection":true,"layer":0},{"side":0,"counterClockwiseDirection":false,"layer":0},{"side":2,"counterClockwiseDirection":false,"layer":0},{"side":3,"counterClockwiseDirection":true,"layer":0},{"side":0,"counterClockwiseDirection":true,"layer":0},{"side":3,"counterClockwiseDirection":false,"layer":0},{"side":0,"counterClockwiseDirection":true,"layer":0},{"side":3,"counterClockwiseDirection":true,"layer":0},{"side":3,"counterClockwiseDirection":true,"layer":0},{"side":2,"counterClockwiseDirection":false,"layer":0},{"side":3,"counterClockwiseDirection":false,"layer":0},{"side":2,"counterClockwiseDirection":true,"layer":0},{"side":3,"counterClockwiseDirection":false,"layer":0}],"totalTime":1699.5,"data":{"metrics":[{"label":"ITERATIONS_COUNTER_INCREMENT","totalTime":27.799999922513962,"totalRelativeTime":"1.63%","numOfCalls":123070,"avgTimePerCall":0.00022588770555386335},{"label":"ABORTED_VERIFICATION","totalTime":15.29999989271164,"totalRelativeTime":"0.9%","numOfCalls":61535,"avgTimePerCall":0.0002486389841994254},{"label":"POP_CANDIDATE","totalTime":32.20000010728836,"totalRelativeTime":"1.89%","numOfCalls":61535,"avgTimePerCall":0.0005232794362117228},{"label":"VISISTED_LIST_CHECK","totalTime":134.7000009417534,"totalRelativeTime":"7.92%","numOfCalls":333949,"avgTimePerCall":0.00040335500612894},{"label":"CHECK_SOLUTION","totalTime":11.30000028014183,"totalRelativeTime":"0.66%","numOfCalls":57086,"avgTimePerCall":0.00019794696212980118},{"label":"ADD_TO_VISISTED_LIST_CHECK","totalTime":17.899999976158142,"totalRelativeTime":"1.05%","numOfCalls":57085,"avgTimePerCall":0.00031356748666301376},{"label":"PERFORM_ROTATION","totalTime":395.59999987483025,"totalRelativeTime":"23.27%","numOfCalls":272414,"avgTimePerCall":0.001452201428248292},{"label":"HEURISTIC_CALCULATION","totalTime":171.39999985694885,"totalRelativeTime":"10.08%","numOfCalls":272414,"avgTimePerCall":0.0006291893950272337},{"label":"ADD_CANDIDATE","totalTime":81.29999962449074,"totalRelativeTime":"4.78%","numOfCalls":263379,"avgTimePerCall":0.0003086806450950559},{"label":"BUILD_SOLUTION","totalTime":0.09999999403953552,"totalRelativeTime":"0%","numOfCalls":1,"avgTimePerCall":0.09999999403953552},{"label":"MEASUREMENT_OVERHEAD","totalTime":385.600000500679,"totalRelativeTime":"22.68%","numOfCalls":0,"avgTimePerCall":385.600000500679},{"label":"NOT_MEASURED","totalTime":426.2999990284443,"totalRelativeTime":"25.08%","numOfCalls":0,"avgTimePerCall":426.2999990284443}],"visitedNodes":61535,"differentNodes":57086}}},{"label":"2x2","key":"BiBFS","solution":{"rotations":[{"side":3,"counterClockwiseDirection":true,"layer":0},{"side":0,"counterClockwiseDirection":false,"layer":0},{"side":2,"counterClockwiseDirection":true,"layer":0},{"side":3,"counterClockwiseDirection":true,"layer":0},{"side":3,"counterClockwiseDirection":true,"layer":0},{"side":0,"counterClockwiseDirection":false,"layer":0},{"side":2,"counterClockwiseDirection":true,"layer":0},{"side":0,"counterClockwiseDirection":false,"layer":0},{"side":3,"counterClockwiseDirection":false,"layer":0},{"side":0,"counterClockwiseDirection":false,"layer":0},{"side":3,"counterClockwiseDirection":false,"layer":0}],"totalTime":185.2999999821186,"data":{"metrics":[{"label":"POP_CANDIDATE","totalTime":2.1999999284744263,"totalRelativeTime":"1.18%","numOfCalls":7610,"avgTimePerCall":0.0002890932888928287},{"label":"VISISTED_LIST_CHECK","totalTime":14.599999815225601,"totalRelativeTime":"7.87%","numOfCalls":46935,"avgTimePerCall":0.00031106849505114733},{"label":"ADD_TO_VISISTED_LIST_CHECK","totalTime":3.199999988079071,"totalRelativeTime":"1.72%","numOfCalls":6670,"avgTimePerCall":0.00047976011815278424},{"label":"PERFORM_ROTATION","totalTime":76.80000019073486,"totalRelativeTime":"41.44%","numOfCalls":32654,"avgTimePerCall":0.0023519323877851063},{"label":"ADD_CANDIDATE","totalTime":13.600000202655792,"totalRelativeTime":"7.33%","numOfCalls":32162,"avgTimePerCall":0.0004228592812218081},{"label":"MEASUREMENT_OVERHEAD","totalTime":34.40000006556511,"totalRelativeTime":"18.56%","numOfCalls":0,"avgTimePerCall":34.40000006556511},{"label":"NOT_MEASURED","totalTime":40.49999979138374,"totalRelativeTime":"21.85%","numOfCalls":0,"avgTimePerCall":40.49999979138374}],"iterations":3336,"visitedNodes":3336}}}]}