{"timestamp":1680888214884,"shuffle":"31:  D'   U'  2D    R    L    D   2L    U    L   2U   2R    F'   L'  2U    L'   B    F'   R    D'   L    F    L'  2U    R'   B'  ","solutions":[{"label":"2x2","key":"IDDFS","solution":{"rotations":[{"side":0,"counterClockwiseDirection":false,"layer":0},{"side":3,"counterClockwiseDirection":true,"layer":0},{"side":0,"counterClockwiseDirection":false,"layer":0},{"side":3,"counterClockwiseDirection":false,"layer":0},{"side":0,"counterClockwiseDirection":true,"layer":0}],"totalTime":21.30000001192093,"data":{"metrics":[{"label":"PERFORM_ROTATION","totalTime":10.400000005960464,"totalRelativeTime":"48.82%","numOfCalls":3755,"avgTimePerCall":0.002769640480948193},{"label":"ADD_CANDIDATE","totalTime":1.199999988079071,"totalRelativeTime":"5.63%","numOfCalls":3755,"avgTimePerCall":0.00031957389829003223},{"label":"NOT_MEASURED","totalTime":9.700000017881393,"totalRelativeTime":"45.53%","numOfCalls":0,"avgTimePerCall":9.700000017881393}],"visitedNodes":1102,"iterations":[{"visitedNodes":7,"bound":1},{"visitedNodes":37,"bound":2},{"visitedNodes":181,"bound":3},{"visitedNodes":877,"bound":4}]}}},{"label":"2x2","key":"IDA*","solution":{"rotations":[{"side":0,"counterClockwiseDirection":false,"layer":0},{"side":3,"counterClockwiseDirection":true,"layer":0},{"side":0,"counterClockwiseDirection":false,"layer":0},{"side":3,"counterClockwiseDirection":false,"layer":0},{"side":0,"counterClockwiseDirection":true,"layer":0}],"totalTime":23,"data":{"metrics":[{"label":"PERFORM_ROTATION","totalTime":12.400000005960464,"totalRelativeTime":"53.91%","numOfCalls":3639,"avgTimePerCall":0.003407529542720655},{"label":"ADD_CANDIDATE","totalTime":0.7999999523162842,"totalRelativeTime":"3.47%","numOfCalls":3639,"avgTimePerCall":0.00021984060245020174},{"label":"NOT_MEASURED","totalTime":9.800000041723251,"totalRelativeTime":"42.6%","numOfCalls":0,"avgTimePerCall":9.800000041723251}],"visitedNodes":195,"iterations":[{"visitedNodes":7,"bound":1},{"visitedNodes":22,"bound":2.25},{"visitedNodes":166,"bound":3.5}]}}},{"label":"2x2","key":"GA","solution":{"rotations":[{"side":3,"counterClockwiseDirection":true,"layer":0},{"side":3,"counterClockwiseDirection":true,"layer":0},{"side":2,"counterClockwiseDirection":true,"layer":0},{"side":0,"counterClockwiseDirection":false,"layer":0},{"side":0,"counterClockwiseDirection":false,"layer":0},{"layer":0,"side":3,"counterClockwiseDirection":true},{"side":2,"counterClockwiseDirection":true,"layer":0},{"side":0,"counterClockwiseDirection":false,"layer":0},{"side":3,"counterClockwiseDirection":true,"layer":0},{"side":0,"counterClockwiseDirection":false,"layer":0},{"side":0,"counterClockwiseDirection":false,"layer":0},{"side":2,"counterClockwiseDirection":true,"layer":0},{"side":0,"counterClockwiseDirection":false,"layer":0}],"totalTime":216.19999998807907,"data":{"armageddonCounter":0,"generations":21,"metrics":[{"label":"CHECK_SOLUTION","totalTime":11.50000011920929,"totalRelativeTime":"5.31%","numOfCalls":61290,"avgTimePerCall":0.00018763256843219595},{"label":"APPLYING_ROTATIONS","totalTime":68.89999958872795,"totalRelativeTime":"31.86%","numOfCalls":61279,"avgTimePerCall":0.0011243655997768885},{"label":"COMPUTE_GENE","totalTime":10.799999803304672,"totalRelativeTime":"4.99%","numOfCalls":61279,"avgTimePerCall":0.0001762430816969055},{"label":"CALCULATE_CITIZEN_SCORE","totalTime":24.90000006556511,"totalRelativeTime":"11.51%","numOfCalls":61279,"avgTimePerCall":0.00040633822460492354},{"label":"AGGREGATE_CURRENT_GENERATION","totalTime":0.5999999642372131,"totalRelativeTime":"0.27%","numOfCalls":2042,"avgTimePerCall":0.0002938295613306627},{"label":"CREATE_NEXT_GENERATION","totalTime":2.6999999284744263,"totalRelativeTime":"1.24%","numOfCalls":20,"avgTimePerCall":0.13499999642372132},{"label":"MEASUREMENT_OVERHEAD","totalTime":48.00000041723251,"totalRelativeTime":"22.2%","numOfCalls":0,"avgTimePerCall":48.00000041723251},{"label":"NOT_MEASURED","totalTime":48.800000101327896,"totalRelativeTime":"22.57%","numOfCalls":0,"avgTimePerCall":48.800000101327896}]}}},{"label":"2x2","key":"SA","solution":{"rotations":[{"side":0,"counterClockwiseDirection":false,"layer":0},{"side":3,"counterClockwiseDirection":true,"layer":0},{"side":0,"counterClockwiseDirection":false,"layer":0},{"side":3,"counterClockwiseDirection":false,"layer":0},{"side":0,"counterClockwiseDirection":true,"layer":0}],"totalTime":5260.5999999940395,"data":{"restartCounter":0,"iterations":606,"metrics":[{"label":"CHECK_SOLUTION","totalTime":285.1000000536442,"totalRelativeTime":"5.41%","numOfCalls":1816590,"avgTimePerCall":0.00015694240310342133},{"label":"APPLYING_ROTATIONS","totalTime":1683.4999991357327,"totalRelativeTime":"32%","numOfCalls":1816565,"avgTimePerCall":0.0009267491111717625},{"label":"COMPUTE_ROTATION","totalTime":290.30000004172325,"totalRelativeTime":"5.51%","numOfCalls":1816565,"avgTimePerCall":0.00015980710849417625},{"label":"CALCULATE_CITIZEN_SCORE","totalTime":605.9000006020069,"totalRelativeTime":"11.51%","numOfCalls":1816565,"avgTimePerCall":0.0003335416022008609},{"label":"AGGREGATE_CURRENT_GENERATION","totalTime":11.100000083446503,"totalRelativeTime":"0.21%","numOfCalls":60552,"avgTimePerCall":0.00018331351703406167},{"label":"CREATE_NEXT_GENERATION","totalTime":31.600000232458115,"totalRelativeTime":"0.6%","numOfCalls":605,"avgTimePerCall":0.052231405342905976},{"label":"MEASUREMENT_OVERHEAD","totalTime":1150.8999994397163,"totalRelativeTime":"21.87%","numOfCalls":0,"avgTimePerCall":1150.8999994397163},{"label":"NOT_MEASURED","totalTime":1202.2000004053116,"totalRelativeTime":"22.85%","numOfCalls":0,"avgTimePerCall":1202.2000004053116}]}}},{"label":"2x2","key":"WA*","solution":{"rotations":[{"side":0,"counterClockwiseDirection":false,"layer":0},{"side":3,"counterClockwiseDirection":true,"layer":0},{"side":0,"counterClockwiseDirection":false,"layer":0},{"side":3,"counterClockwiseDirection":false,"layer":0},{"side":0,"counterClockwiseDirection":true,"layer":0}],"totalTime":8.599999994039536,"data":{"metrics":[{"label":"ITERATIONS_COUNTER_INCREMENT","totalTime":0.09999999403953552,"totalRelativeTime":"1.16%","numOfCalls":204,"avgTimePerCall":0.0004901960492134094},{"label":"ABORTED_VERIFICATION","totalTime":0,"totalRelativeTime":"0%","numOfCalls":102,"avgTimePerCall":0},{"label":"POP_CANDIDATE","totalTime":0.19999998807907104,"totalRelativeTime":"2.32%","numOfCalls":102,"avgTimePerCall":0.0019607841968536377},{"label":"VISISTED_LIST_CHECK","totalTime":0.19999998807907104,"totalRelativeTime":"2.32%","numOfCalls":555,"avgTimePerCall":0.00036036033888120906},{"label":"CHECK_SOLUTION","totalTime":0,"totalRelativeTime":"0%","numOfCalls":96,"avgTimePerCall":0},{"label":"ADD_TO_VISISTED_LIST_CHECK","totalTime":0.09999999403953552,"totalRelativeTime":"1.16%","numOfCalls":95,"avgTimePerCall":0.001052631516205637},{"label":"PERFORM_ROTATION","totalTime":4.599999934434891,"totalRelativeTime":"53.48%","numOfCalls":453,"avgTimePerCall":0.010154525241578125},{"label":"HEURISTIC_CALCULATION","totalTime":0.30000001192092896,"totalRelativeTime":"3.48%","numOfCalls":453,"avgTimePerCall":0.0006622516819446556},{"label":"ADD_CANDIDATE","totalTime":0.6000000536441803,"totalRelativeTime":"6.97%","numOfCalls":446,"avgTimePerCall":0.001345291600099059},{"label":"BUILD_SOLUTION","totalTime":0,"totalRelativeTime":"0%","numOfCalls":1,"avgTimePerCall":0},{"label":"MEASUREMENT_OVERHEAD","totalTime":1.5,"totalRelativeTime":"17.44%","numOfCalls":0,"avgTimePerCall":1.5},{"label":"NOT_MEASURED","totalTime":1.0000000298023224,"totalRelativeTime":"11.62%","numOfCalls":0,"avgTimePerCall":1.0000000298023224}],"visitedNodes":102,"differentNodes":96}}},{"label":"2x2","key":"BiBFS","solution":{"rotations":[{"side":0,"counterClockwiseDirection":false,"layer":0},{"side":3,"counterClockwiseDirection":true,"layer":0},{"side":0,"counterClockwiseDirection":false,"layer":0},{"side":3,"counterClockwiseDirection":false,"layer":0},{"side":0,"counterClockwiseDirection":true,"layer":0}],"totalTime":5.4000000059604645,"data":{"metrics":[{"label":"POP_CANDIDATE","totalTime":0,"totalRelativeTime":"0%","numOfCalls":214,"avgTimePerCall":0},{"label":"VISISTED_LIST_CHECK","totalTime":0.4000000059604645,"totalRelativeTime":"7.4%","numOfCalls":1361,"avgTimePerCall":0.0002939015473625749},{"label":"ADD_TO_VISISTED_LIST_CHECK","totalTime":0.09999999403953552,"totalRelativeTime":"1.85%","numOfCalls":194,"avgTimePerCall":0.0005154638868017295},{"label":"PERFORM_ROTATION","totalTime":2.599999964237213,"totalRelativeTime":"48.14%","numOfCalls":952,"avgTimePerCall":0.0027310923994088372},{"label":"ADD_CANDIDATE","totalTime":0.19999998807907104,"totalRelativeTime":"3.7%","numOfCalls":952,"avgTimePerCall":0.00021008402109146118},{"label":"MEASUREMENT_OVERHEAD","totalTime":0.9000000059604645,"totalRelativeTime":"16.66%","numOfCalls":0,"avgTimePerCall":0.9000000059604645},{"label":"NOT_MEASURED","totalTime":1.2000000476837158,"totalRelativeTime":"22.22%","numOfCalls":0,"avgTimePerCall":1.2000000476837158}],"iterations":98,"visitedNodes":98}}}]}