{"timestamp":1680906273067,"shuffle":"34:  R    B    L    D'   F'   U'  2F    U'   B    F'   R    L    F   2U    B'   D    F   2L    U'   B'   U    R    F'   L'   F    D'   R'   D'   U'   L'   R   ","solutions":[{"label":"2x2","key":"IDDFS","solution":{"rotations":[{"side":2,"counterClockwiseDirection":true,"layer":0},{"side":0,"counterClockwiseDirection":false,"layer":0},{"side":3,"counterClockwiseDirection":true,"layer":0},{"side":3,"counterClockwiseDirection":true,"layer":0},{"side":0,"counterClockwiseDirection":false,"layer":0},{"side":2,"counterClockwiseDirection":true,"layer":0},{"side":0,"counterClockwiseDirection":true,"layer":0},{"side":2,"counterClockwiseDirection":true,"layer":0},{"side":3,"counterClockwiseDirection":true,"layer":0},{"side":2,"counterClockwiseDirection":true,"layer":0}],"totalTime":8996.600000023842,"data":{"metrics":[{"label":"PERFORM_ROTATION","totalTime":4154.099999457598,"totalRelativeTime":"46.17%","numOfCalls":3908018,"avgTimePerCall":0.0010629684918180002},{"label":"ADD_CANDIDATE","totalTime":765.7999994456768,"totalRelativeTime":"8.51%","numOfCalls":3908018,"avgTimePerCall":0.0001959561085557121},{"label":"NOT_MEASURED","totalTime":4076.7000011205673,"totalRelativeTime":"45.31%","numOfCalls":0,"avgTimePerCall":4076.7000011205673}],"visitedNodes":2904968,"iterations":[{"visitedNodes":37,"bound":2},{"visitedNodes":181,"bound":3},{"visitedNodes":877,"bound":4},{"visitedNodes":4237,"bound":5},{"visitedNodes":20461,"bound":6},{"visitedNodes":98797,"bound":7},{"visitedNodes":477037,"bound":8},{"visitedNodes":2303341,"bound":9}]}}},{"label":"2x2","key":"IDA*","solution":{"rotations":[{"side":2,"counterClockwiseDirection":true,"layer":0},{"side":0,"counterClockwiseDirection":false,"layer":0},{"side":3,"counterClockwiseDirection":true,"layer":0},{"side":3,"counterClockwiseDirection":true,"layer":0},{"side":0,"counterClockwiseDirection":false,"layer":0},{"side":2,"counterClockwiseDirection":true,"layer":0},{"side":0,"counterClockwiseDirection":true,"layer":0},{"side":2,"counterClockwiseDirection":true,"layer":0},{"side":3,"counterClockwiseDirection":true,"layer":0},{"side":2,"counterClockwiseDirection":true,"layer":0}],"totalTime":29642.899999976158,"data":{"metrics":[{"label":"PERFORM_ROTATION","totalTime":14598.599998056889,"totalRelativeTime":"49.24%","numOfCalls":13694346,"avgTimePerCall":0.0010660311925853843},{"label":"ADD_CANDIDATE","totalTime":2668.800001233816,"totalRelativeTime":"9%","numOfCalls":13694346,"avgTimePerCall":0.00019488334829818204},{"label":"NOT_MEASURED","totalTime":12375.500000685453,"totalRelativeTime":"41.74%","numOfCalls":0,"avgTimePerCall":12375.500000685453}],"visitedNodes":1829815,"iterations":[{"visitedNodes":7,"bound":2},{"visitedNodes":47,"bound":3.25},{"visitedNodes":516,"bound":4.5},{"visitedNodes":4250,"bound":5.75},{"visitedNodes":21130,"bound":7},{"visitedNodes":145490,"bound":8.25},{"visitedNodes":1658375,"bound":9.5}]}}},{"label":"2x2","key":"SA","solution":{"rotations":[{"side":3,"counterClockwiseDirection":true,"layer":0},{"side":0,"counterClockwiseDirection":true,"layer":0},{"side":2,"counterClockwiseDirection":true,"layer":0},{"side":3,"counterClockwiseDirection":false,"layer":0},{"side":2,"counterClockwiseDirection":false,"layer":0},{"layer":0,"side":3,"counterClockwiseDirection":true},{"side":0,"counterClockwiseDirection":false,"layer":0},{"side":3,"counterClockwiseDirection":true,"layer":0},{"side":2,"counterClockwiseDirection":true,"layer":0},{"side":0,"counterClockwiseDirection":false,"layer":0},{"side":3,"counterClockwiseDirection":true,"layer":0},{"side":3,"counterClockwiseDirection":true,"layer":0},{"side":0,"counterClockwiseDirection":false,"layer":0},{"side":3,"counterClockwiseDirection":true,"layer":0},{"side":2,"counterClockwiseDirection":false,"layer":0},{"side":3,"counterClockwiseDirection":true,"layer":0},{"side":0,"counterClockwiseDirection":false,"layer":0},{"side":2,"counterClockwiseDirection":true,"layer":0}],"totalTime":97792.79999998212,"data":{"restartCounter":2,"iterations":10754,"metrics":[{"label":"CHECK_SOLUTION","totalTime":5273.800004214048,"totalRelativeTime":"5.39%","numOfCalls":32259120,"avgTimePerCall":0.00016348245098483927},{"label":"APPLYING_ROTATIONS","totalTime":30126.900002598763,"totalRelativeTime":"30.8%","numOfCalls":32259118,"avgTimePerCall":0.0009339034006633028},{"label":"COMPUTE_ROTATION","totalTime":5466.900000393391,"totalRelativeTime":"5.59%","numOfCalls":32259118,"avgTimePerCall":0.00016946836551431414},{"label":"CALCULATE_CITIZEN_SCORE","totalTime":10933.799998760223,"totalRelativeTime":"11.18%","numOfCalls":32259118,"avgTimePerCall":0.00033893673096580706},{"label":"AGGREGATE_CURRENT_GENERATION","totalTime":188.89999935030937,"totalRelativeTime":"0.19%","numOfCalls":1075303,"avgTimePerCall":0.00017567141480151117},{"label":"CREATE_NEXT_GENERATION","totalTime":536.600001424551,"totalRelativeTime":"0.54%","numOfCalls":10753,"avgTimePerCall":0.04990235296424728},{"label":"MEASUREMENT_OVERHEAD","totalTime":22557.800001710653,"totalRelativeTime":"23.06%","numOfCalls":0,"avgTimePerCall":22557.800001710653},{"label":"NOT_MEASURED","totalTime":22708.09999153018,"totalRelativeTime":"23.22%","numOfCalls":0,"avgTimePerCall":22708.09999153018}]}}},{"label":"2x2","key":"GA","solution":{"rotations":[{"side":2,"counterClockwiseDirection":false,"layer":0},{"side":0,"counterClockwiseDirection":true,"layer":0},{"side":3,"counterClockwiseDirection":true,"layer":0},{"side":3,"counterClockwiseDirection":true,"layer":0},{"side":0,"counterClockwiseDirection":true,"layer":0},{"side":2,"counterClockwiseDirection":true,"layer":0},{"side":0,"counterClockwiseDirection":false,"layer":0},{"side":3,"counterClockwiseDirection":false,"layer":0},{"side":2,"counterClockwiseDirection":false,"layer":0},{"side":3,"counterClockwiseDirection":true,"layer":0},{"side":0,"counterClockwiseDirection":true,"layer":0},{"side":3,"counterClockwiseDirection":false,"layer":0}],"totalTime":2713.7000000178814,"data":{"armageddonCounter":0,"generations":269,"metrics":[{"label":"CHECK_SOLUTION","totalTime":134.0999993979931,"totalRelativeTime":"4.94%","numOfCalls":804300,"avgTimePerCall":0.00016672883177669165},{"label":"APPLYING_ROTATIONS","totalTime":849.2999995052814,"totalRelativeTime":"31.29%","numOfCalls":804284,"avgTimePerCall":0.00105597027854002},{"label":"COMPUTE_GENE","totalTime":151.20000034570694,"totalRelativeTime":"5.57%","numOfCalls":804284,"avgTimePerCall":0.000187993296330285},{"label":"CALCULATE_CITIZEN_SCORE","totalTime":299.20000129938126,"totalRelativeTime":"11.02%","numOfCalls":804284,"avgTimePerCall":0.00037200789932335005},{"label":"AGGREGATE_CURRENT_GENERATION","totalTime":5.999999970197678,"totalRelativeTime":"0.22%","numOfCalls":26809,"avgTimePerCall":0.00022380543736050124},{"label":"CREATE_NEXT_GENERATION","totalTime":17.500000089406967,"totalRelativeTime":"0.64%","numOfCalls":268,"avgTimePerCall":0.06529850779629465},{"label":"MEASUREMENT_OVERHEAD","totalTime":624.2000004947186,"totalRelativeTime":"23%","numOfCalls":0,"avgTimePerCall":624.2000004947186},{"label":"NOT_MEASURED","totalTime":632.1999989151955,"totalRelativeTime":"23.29%","numOfCalls":0,"avgTimePerCall":632.1999989151955}]}}},{"label":"2x2","key":"WA*","solution":{"rotations":[{"side":3,"counterClockwiseDirection":false,"layer":0},{"side":0,"counterClockwiseDirection":true,"layer":0},{"side":2,"counterClockwiseDirection":true,"layer":0},{"side":3,"counterClockwiseDirection":false,"layer":0},{"side":2,"counterClockwiseDirection":true,"layer":0},{"side":3,"counterClockwiseDirection":false,"layer":0},{"side":2,"counterClockwiseDirection":true,"layer":0},{"side":0,"counterClockwiseDirection":false,"layer":0},{"side":2,"counterClockwiseDirection":true,"layer":0},{"side":0,"counterClockwiseDirection":false,"layer":0},{"side":2,"counterClockwiseDirection":false,"layer":0},{"side":0,"counterClockwiseDirection":false,"layer":0},{"side":3,"counterClockwiseDirection":false,"layer":0},{"side":0,"counterClockwiseDirection":true,"layer":0},{"side":0,"counterClockwiseDirection":true,"layer":0},{"side":3,"counterClockwiseDirection":true,"layer":0}],"totalTime":800.7999999821186,"data":{"metrics":[{"label":"ITERATIONS_COUNTER_INCREMENT","totalTime":12.299999833106995,"totalRelativeTime":"1.53%","numOfCalls":66034,"avgTimePerCall":0.0001862676777585334},{"label":"ABORTED_VERIFICATION","totalTime":6,"totalRelativeTime":"0.74%","numOfCalls":33017,"avgTimePerCall":0.00018172456613259837},{"label":"POP_CANDIDATE","totalTime":18.39999970793724,"totalRelativeTime":"2.29%","numOfCalls":33017,"avgTimePerCall":0.000557288660627472},{"label":"VISISTED_LIST_CHECK","totalTime":59.199999779462814,"totalRelativeTime":"7.39%","numOfCalls":180796,"avgTimePerCall":0.00032744087136586436},{"label":"CHECK_SOLUTION","totalTime":6.70000022649765,"totalRelativeTime":"0.83%","numOfCalls":30964,"avgTimePerCall":0.00021638031993597887},{"label":"ADD_TO_VISISTED_LIST_CHECK","totalTime":8.30000028014183,"totalRelativeTime":"1.03%","numOfCalls":30963,"avgTimePerCall":0.00026806188935638763},{"label":"PERFORM_ROTATION","totalTime":206.9000000655651,"totalRelativeTime":"25.83%","numOfCalls":147779,"avgTimePerCall":0.0014000636089401412},{"label":"HEURISTIC_CALCULATION","totalTime":81.09999975562096,"totalRelativeTime":"10.12%","numOfCalls":147779,"avgTimePerCall":0.0005487924519425694},{"label":"ADD_CANDIDATE","totalTime":36.300000339746475,"totalRelativeTime":"4.53%","numOfCalls":144082,"avgTimePerCall":0.0002519398699334162},{"label":"BUILD_SOLUTION","totalTime":0,"totalRelativeTime":"0%","numOfCalls":1,"avgTimePerCall":0},{"label":"MEASUREMENT_OVERHEAD","totalTime":172.40000036358833,"totalRelativeTime":"21.52%","numOfCalls":0,"avgTimePerCall":172.40000036358833},{"label":"NOT_MEASURED","totalTime":193.1999996304512,"totalRelativeTime":"24.12%","numOfCalls":0,"avgTimePerCall":193.1999996304512}],"visitedNodes":33017,"differentNodes":30964}}},{"label":"2x2","key":"BiBFS","solution":{"rotations":[{"side":2,"counterClockwiseDirection":true,"layer":0},{"side":0,"counterClockwiseDirection":false,"layer":0},{"side":3,"counterClockwiseDirection":true,"layer":0},{"side":3,"counterClockwiseDirection":true,"layer":0},{"side":0,"counterClockwiseDirection":false,"layer":0},{"side":2,"counterClockwiseDirection":true,"layer":0},{"side":0,"counterClockwiseDirection":true,"layer":0},{"side":2,"counterClockwiseDirection":true,"layer":0},{"side":3,"counterClockwiseDirection":true,"layer":0},{"side":2,"counterClockwiseDirection":true,"layer":0}],"totalTime":172.89999997615814,"data":{"metrics":[{"label":"POP_CANDIDATE","totalTime":1.2999999523162842,"totalRelativeTime":"0.75%","numOfCalls":6354,"avgTimePerCall":0.00020459552287004787},{"label":"VISISTED_LIST_CHECK","totalTime":12.700000047683716,"totalRelativeTime":"7.34%","numOfCalls":39195,"avgTimePerCall":0.0003240209222524229},{"label":"ADD_TO_VISISTED_LIST_CHECK","totalTime":1.3000000417232513,"totalRelativeTime":"0.75%","numOfCalls":5570,"avgTimePerCall":0.0002333931852285909},{"label":"PERFORM_ROTATION","totalTime":86.90000021457672,"totalRelativeTime":"50.26%","numOfCalls":27270,"avgTimePerCall":0.0031866520064017865},{"label":"ADD_CANDIDATE","totalTime":8.100000083446503,"totalRelativeTime":"4.68%","numOfCalls":27030,"avgTimePerCall":0.00029966703971315214},{"label":"MEASUREMENT_OVERHEAD","totalTime":32.59999978542328,"totalRelativeTime":"18.85%","numOfCalls":0,"avgTimePerCall":32.59999978542328},{"label":"NOT_MEASURED","totalTime":29.999999850988388,"totalRelativeTime":"17.35%","numOfCalls":0,"avgTimePerCall":29.999999850988388}],"iterations":2786,"visitedNodes":2786}}}]}