{"timestamp":1680984175470,"shuffle":"35:  B    R    L    F    L'   U'   R'  2U    D'   L    F'  2L    R'   F    B    R    L'   R'  2B    R'   U'   D'   R    D'   R    B    R'   F'   R'   L    B'   L'  ","solutions":[{"label":"2x2","key":"IDDFS","solution":{"rotations":[{"side":2,"counterClockwiseDirection":true,"layer":0},{"side":2,"counterClockwiseDirection":true,"layer":0},{"side":0,"counterClockwiseDirection":true,"layer":0},{"side":3,"counterClockwiseDirection":true,"layer":0},{"side":2,"counterClockwiseDirection":true,"layer":0},{"side":0,"counterClockwiseDirection":false,"layer":0},{"side":3,"counterClockwiseDirection":true,"layer":0},{"side":2,"counterClockwiseDirection":false,"layer":0},{"side":0,"counterClockwiseDirection":false,"layer":0},{"side":3,"counterClockwiseDirection":true,"layer":0},{"side":3,"counterClockwiseDirection":true,"layer":0}],"totalTime":36052.90000000037,"data":{"metrics":[{"label":"PERFORM_ROTATION","totalTime":16841.600000372157,"totalRelativeTime":"46.71%","numOfCalls":14259844,"avgTimePerCall":0.0011810507885199977},{"label":"ADD_CANDIDATE","totalTime":3003.399999834597,"totalRelativeTime":"8.33%","numOfCalls":14259844,"avgTimePerCall":0.00021061941489925116},{"label":"NOT_MEASURED","totalTime":16207.899999793619,"totalRelativeTime":"44.95%","numOfCalls":0,"avgTimePerCall":16207.899999793619}],"visitedNodes":14026485,"iterations":[{"visitedNodes":37,"bound":2},{"visitedNodes":181,"bound":3},{"visitedNodes":877,"bound":4},{"visitedNodes":4237,"bound":5},{"visitedNodes":20461,"bound":6},{"visitedNodes":98797,"bound":7},{"visitedNodes":477037,"bound":8},{"visitedNodes":2303341,"bound":9},{"visitedNodes":11121517,"bound":10}]}}},{"label":"2x2","key":"IDA*","solution":{"rotations":[{"side":2,"counterClockwiseDirection":true,"layer":0},{"side":2,"counterClockwiseDirection":true,"layer":0},{"side":0,"counterClockwiseDirection":true,"layer":0},{"side":3,"counterClockwiseDirection":true,"layer":0},{"side":2,"counterClockwiseDirection":true,"layer":0},{"side":0,"counterClockwiseDirection":false,"layer":0},{"side":3,"counterClockwiseDirection":true,"layer":0},{"side":2,"counterClockwiseDirection":false,"layer":0},{"side":0,"counterClockwiseDirection":false,"layer":0},{"side":3,"counterClockwiseDirection":true,"layer":0},{"side":3,"counterClockwiseDirection":true,"layer":0}],"totalTime":23720.800000000745,"data":{"metrics":[{"label":"PERFORM_ROTATION","totalTime":11753.699999792501,"totalRelativeTime":"49.55%","numOfCalls":9399096,"avgTimePerCall":0.0012505138791850303},{"label":"ADD_CANDIDATE","totalTime":2116.8000001665205,"totalRelativeTime":"8.92%","numOfCalls":9399096,"avgTimePerCall":0.00022521314817579484},{"label":"NOT_MEASURED","totalTime":9850.300000041723,"totalRelativeTime":"41.52%","numOfCalls":0,"avgTimePerCall":9850.300000041723}],"visitedNodes":1898046,"iterations":[{"visitedNodes":7,"bound":2},{"visitedNodes":65,"bound":3.25},{"visitedNodes":697,"bound":4.5},{"visitedNodes":4270,"bound":5.75},{"visitedNodes":21895,"bound":7},{"visitedNodes":159625,"bound":8.25},{"visitedNodes":1711487,"bound":9.5}]}}},{"label":"2x2","key":"SA","solution":{"rotations":[{"side":3,"counterClockwiseDirection":true,"layer":0},{"side":0,"counterClockwiseDirection":false,"layer":0},{"side":2,"counterClockwiseDirection":true,"layer":0},{"side":0,"counterClockwiseDirection":false,"layer":0},{"side":3,"counterClockwiseDirection":false,"layer":0},{"side":0,"counterClockwiseDirection":false,"layer":0},{"side":0,"counterClockwiseDirection":false,"layer":0},{"side":2,"counterClockwiseDirection":true,"layer":0},{"side":3,"counterClockwiseDirection":false,"layer":0},{"side":2,"counterClockwiseDirection":true,"layer":0},{"side":0,"counterClockwiseDirection":false,"layer":0},{"side":3,"counterClockwiseDirection":false,"layer":0},{"side":0,"counterClockwiseDirection":true,"layer":0},{"side":0,"counterClockwiseDirection":true,"layer":0},{"side":3,"counterClockwiseDirection":false,"layer":0}],"totalTime":86340.80000000075,"data":{"restartCounter":1,"iterations":9307,"metrics":[{"label":"CHECK_SOLUTION","totalTime":4552.7000001538545,"totalRelativeTime":"5.27%","numOfCalls":27919410,"avgTimePerCall":0.0001630657667964278},{"label":"APPLYING_ROTATIONS","totalTime":26905.700000211596,"totalRelativeTime":"31.16%","numOfCalls":27919403,"avgTimePerCall":0.0009636918096068027},{"label":"COMPUTE_ROTATION","totalTime":4694.400000059977,"totalRelativeTime":"5.43%","numOfCalls":27919403,"avgTimePerCall":0.00016814113110011618},{"label":"CALCULATE_CITIZEN_SCORE","totalTime":9624.999999947846,"totalRelativeTime":"11.14%","numOfCalls":27919403,"avgTimePerCall":0.0003447423284784365},{"label":"AGGREGATE_CURRENT_GENERATION","totalTime":157.49999998882413,"totalRelativeTime":"0.18%","numOfCalls":930646,"avgTimePerCall":0.0001692372824777887},{"label":"CREATE_NEXT_GENERATION","totalTime":500.1999999471009,"totalRelativeTime":"0.57%","numOfCalls":9306,"avgTimePerCall":0.05375026863820125},{"label":"MEASUREMENT_OVERHEAD","totalTime":20319.000000357628,"totalRelativeTime":"23.53%","numOfCalls":0,"avgTimePerCall":20319.000000357628},{"label":"NOT_MEASURED","totalTime":19586.299999333918,"totalRelativeTime":"22.68%","numOfCalls":0,"avgTimePerCall":19586.299999333918}]}}},{"label":"2x2","key":"GA","solution":{"rotations":[{"side":2,"counterClockwiseDirection":false,"layer":0},{"side":0,"counterClockwiseDirection":true,"layer":0},{"side":2,"counterClockwiseDirection":true,"layer":0},{"side":2,"counterClockwiseDirection":true,"layer":0},{"side":3,"counterClockwiseDirection":true,"layer":0},{"side":0,"counterClockwiseDirection":false,"layer":0},{"side":3,"counterClockwiseDirection":false,"layer":0},{"side":2,"counterClockwiseDirection":false,"layer":0},{"side":3,"counterClockwiseDirection":true,"layer":0},{"side":3,"counterClockwiseDirection":true,"layer":0},{"side":2,"counterClockwiseDirection":true,"layer":0},{"side":0,"counterClockwiseDirection":true,"layer":0},{"side":2,"counterClockwiseDirection":true,"layer":0},{"side":3,"counterClockwiseDirection":true,"layer":0},{"side":0,"counterClockwiseDirection":false,"layer":0},{"side":2,"counterClockwiseDirection":true,"layer":0},{"side":0,"counterClockwiseDirection":true,"layer":0},{"side":0,"counterClockwiseDirection":true,"layer":0},{"side":3,"counterClockwiseDirection":false,"layer":0}],"totalTime":21398.39999999851,"data":{"armageddonCounter":0,"generations":1797,"metrics":[{"label":"CHECK_SOLUTION","totalTime":1107.9000001046807,"totalRelativeTime":"5.17%","numOfCalls":5389380,"avgTimePerCall":0.00020557095623331082},{"label":"APPLYING_ROTATIONS","totalTime":6767.699999736622,"totalRelativeTime":"31.62%","numOfCalls":5389373,"avgTimePerCall":0.0012557490453410113},{"label":"COMPUTE_GENE","totalTime":1162.599999802187,"totalRelativeTime":"5.43%","numOfCalls":5389373,"avgTimePerCall":0.0002157208268572591},{"label":"CALCULATE_CITIZEN_SCORE","totalTime":2400.400000149384,"totalRelativeTime":"11.21%","numOfCalls":5389373,"avgTimePerCall":0.0004453950394877816},{"label":"AGGREGATE_CURRENT_GENERATION","totalTime":42.89999997243285,"totalRelativeTime":"0.2%","numOfCalls":179645,"avgTimePerCall":0.00023880430834386068},{"label":"CREATE_NEXT_GENERATION","totalTime":126.49999998696148,"totalRelativeTime":"0.59%","numOfCalls":1796,"avgTimePerCall":0.0704342984337202},{"label":"MEASUREMENT_OVERHEAD","totalTime":4888.500000087544,"totalRelativeTime":"22.84%","numOfCalls":0,"avgTimePerCall":4888.500000087544},{"label":"NOT_MEASURED","totalTime":4901.900000158697,"totalRelativeTime":"22.9%","numOfCalls":0,"avgTimePerCall":4901.900000158697}]}}},{"label":"2x2","key":"WA*","solution":{"rotations":[{"side":2,"counterClockwiseDirection":false,"layer":0},{"side":3,"counterClockwiseDirection":false,"layer":0},{"side":3,"counterClockwiseDirection":false,"layer":0},{"side":2,"counterClockwiseDirection":false,"layer":0},{"side":2,"counterClockwiseDirection":false,"layer":0},{"side":3,"counterClockwiseDirection":false,"layer":0},{"side":0,"counterClockwiseDirection":true,"layer":0},{"side":3,"counterClockwiseDirection":false,"layer":0},{"side":3,"counterClockwiseDirection":false,"layer":0},{"side":0,"counterClockwiseDirection":false,"layer":0},{"side":2,"counterClockwiseDirection":false,"layer":0},{"side":3,"counterClockwiseDirection":true,"layer":0},{"side":2,"counterClockwiseDirection":true,"layer":0}],"totalTime":380.19999999925494,"data":{"metrics":[{"label":"ITERATIONS_COUNTER_INCREMENT","totalTime":11.49999999627471,"totalRelativeTime":"3.02%","numOfCalls":31828,"avgTimePerCall":0.0003613170791841998},{"label":"ABORTED_VERIFICATION","totalTime":2.300000002607703,"totalRelativeTime":"0.6%","numOfCalls":15914,"avgTimePerCall":0.0001445268318843599},{"label":"POP_CANDIDATE","totalTime":6.800000008195639,"totalRelativeTime":"1.78%","numOfCalls":15914,"avgTimePerCall":0.000427296720384293},{"label":"VISISTED_LIST_CHECK","totalTime":26.50000000372529,"totalRelativeTime":"6.97%","numOfCalls":86643,"avgTimePerCall":0.00030585275214068406},{"label":"CHECK_SOLUTION","totalTime":2.2000000029802322,"totalRelativeTime":"0.57%","numOfCalls":14830,"avgTimePerCall":0.00014834794355901768},{"label":"ADD_TO_VISISTED_LIST_CHECK","totalTime":3.2999999970197678,"totalRelativeTime":"0.86%","numOfCalls":14829,"avgTimePerCall":0.0002225369206972667},{"label":"PERFORM_ROTATION","totalTime":110.59999996237457,"totalRelativeTime":"29.08%","numOfCalls":70729,"avgTimePerCall":0.0015637150244224374},{"label":"HEURISTIC_CALCULATION","totalTime":41.1000000089407,"totalRelativeTime":"10.81%","numOfCalls":70729,"avgTimePerCall":0.0005810912074105486},{"label":"ADD_CANDIDATE","totalTime":14.699999997392297,"totalRelativeTime":"3.86%","numOfCalls":69271,"avgTimePerCall":0.00021221001569765553},{"label":"BUILD_SOLUTION","totalTime":0,"totalRelativeTime":"0%","numOfCalls":1,"avgTimePerCall":0},{"label":"MEASUREMENT_OVERHEAD","totalTime":78.80000001192093,"totalRelativeTime":"20.72%","numOfCalls":0,"avgTimePerCall":78.80000001192093},{"label":"NOT_MEASURED","totalTime":82.40000000782311,"totalRelativeTime":"21.67%","numOfCalls":0,"avgTimePerCall":82.40000000782311}],"visitedNodes":15914,"differentNodes":14830}}},{"label":"2x2","key":"BiBFS","solution":{"rotations":[{"side":2,"counterClockwiseDirection":true,"layer":0},{"side":3,"counterClockwiseDirection":false,"layer":0},{"side":0,"counterClockwiseDirection":true,"layer":0},{"side":2,"counterClockwiseDirection":true,"layer":0},{"side":0,"counterClockwiseDirection":true,"layer":0},{"side":3,"counterClockwiseDirection":false,"layer":0},{"side":3,"counterClockwiseDirection":false,"layer":0},{"side":2,"counterClockwiseDirection":false,"layer":0},{"side":0,"counterClockwiseDirection":false,"layer":0},{"side":3,"counterClockwiseDirection":false,"layer":0},{"side":3,"counterClockwiseDirection":false,"layer":0}],"totalTime":161.69999999925494,"data":{"metrics":[{"label":"POP_CANDIDATE","totalTime":1.799999998882413,"totalRelativeTime":"1.11%","numOfCalls":6876,"avgTimePerCall":0.00026178010454950743},{"label":"VISISTED_LIST_CHECK","totalTime":13.999999998137355,"totalRelativeTime":"8.65%","numOfCalls":42273,"avgTimePerCall":0.0003311806590054492},{"label":"ADD_TO_VISISTED_LIST_CHECK","totalTime":2.300000000745058,"totalRelativeTime":"1.42%","numOfCalls":6004,"avgTimePerCall":0.0003830779481587372},{"label":"PERFORM_ROTATION","totalTime":79.2000000141561,"totalRelativeTime":"48.97%","numOfCalls":29392,"avgTimePerCall":0.002694610778924745},{"label":"ADD_CANDIDATE","totalTime":8.5,"totalRelativeTime":"5.25%","numOfCalls":29120,"avgTimePerCall":0.0002918956043956044},{"label":"MEASUREMENT_OVERHEAD","totalTime":28.29999998398125,"totalRelativeTime":"17.5%","numOfCalls":0,"avgTimePerCall":28.29999998398125},{"label":"NOT_MEASURED","totalTime":27.60000000335276,"totalRelativeTime":"17.06%","numOfCalls":0,"avgTimePerCall":27.60000000335276}],"iterations":3003,"visitedNodes":3003}}}]}