{"timestamp":1680887902685,"shuffle":"32: 2U    R    U    D'   F   2D    U'   B    U'   L'   U    B   2F    U'   B    U'   R'   F    R    U    L'   D    L'   F    B'   D    U'   F'   U'  ","solutions":[{"label":"2x2","key":"IDDFS","solution":{"rotations":[{"side":0,"counterClockwiseDirection":false,"layer":0},{"side":3,"counterClockwiseDirection":true,"layer":0},{"side":0,"counterClockwiseDirection":false,"layer":0},{"side":3,"counterClockwiseDirection":false,"layer":0},{"side":0,"counterClockwiseDirection":true,"layer":0},{"side":2,"counterClockwiseDirection":true,"layer":0},{"side":2,"counterClockwiseDirection":true,"layer":0},{"side":0,"counterClockwiseDirection":true,"layer":0},{"side":3,"counterClockwiseDirection":true,"layer":0},{"side":0,"counterClockwiseDirection":false,"layer":0},{"side":2,"counterClockwiseDirection":true,"layer":0},{"side":3,"counterClockwiseDirection":false,"layer":0}],"totalTime":607133.3999999762,"data":{"metrics":[{"label":"PERFORM_ROTATION","totalTime":261557.90000671148,"totalRelativeTime":"43.08%","numOfCalls":229871986,"avgTimePerCall":0.0011378415637245658},{"label":"ADD_CANDIDATE","totalTime":47103.200002491474,"totalRelativeTime":"7.75%","numOfCalls":229871986,"avgTimePerCall":0.00020491057141034782},{"label":"NOT_MEASURED","totalTime":298472.2999907732,"totalRelativeTime":"49.16%","numOfCalls":0,"avgTimePerCall":298472.2999907732}],"visitedNodes":67725922,"iterations":[{"visitedNodes":37,"bound":2},{"visitedNodes":181,"bound":3},{"visitedNodes":877,"bound":4},{"visitedNodes":4237,"bound":5},{"visitedNodes":20461,"bound":6},{"visitedNodes":98797,"bound":7},{"visitedNodes":477037,"bound":8},{"visitedNodes":2303341,"bound":9},{"visitedNodes":11121517,"bound":10},{"visitedNodes":53699437,"bound":11}]}}},{"label":"2x2","key":"IDA*","solution":{"rotations":[{"side":0,"counterClockwiseDirection":false,"layer":0},{"side":3,"counterClockwiseDirection":true,"layer":0},{"side":0,"counterClockwiseDirection":false,"layer":0},{"side":3,"counterClockwiseDirection":false,"layer":0},{"side":0,"counterClockwiseDirection":true,"layer":0},{"side":2,"counterClockwiseDirection":true,"layer":0},{"side":2,"counterClockwiseDirection":true,"layer":0},{"side":0,"counterClockwiseDirection":true,"layer":0},{"side":3,"counterClockwiseDirection":true,"layer":0},{"side":0,"counterClockwiseDirection":false,"layer":0},{"side":2,"counterClockwiseDirection":true,"layer":0},{"side":3,"counterClockwiseDirection":false,"layer":0}],"totalTime":574437.6999999881,"data":{"metrics":[{"label":"PERFORM_ROTATION","totalTime":282135.10000783205,"totalRelativeTime":"49.11%","numOfCalls":237422565,"avgTimePerCall":0.0011883247070801045},{"label":"ADD_CANDIDATE","totalTime":48573.40000021458,"totalRelativeTime":"8.45%","numOfCalls":237422565,"avgTimePerCall":0.00020458628269058831},{"label":"NOT_MEASURED","totalTime":243729.19999194145,"totalRelativeTime":"42.42%","numOfCalls":0,"avgTimePerCall":243729.19999194145}],"visitedNodes":13101135,"iterations":[{"visitedNodes":7,"bound":2},{"visitedNodes":108,"bound":3.25},{"visitedNodes":732,"bound":4.5},{"visitedNodes":4329,"bound":5.75},{"visitedNodes":22832,"bound":7},{"visitedNodes":168080,"bound":8.25},{"visitedNodes":1732518,"bound":9.5},{"visitedNodes":11172529,"bound":10.75}]}}},{"label":"2x2","key":"GA","solution":{"rotations":[{"side":0,"counterClockwiseDirection":true,"layer":0},{"side":3,"counterClockwiseDirection":true,"layer":0},{"side":2,"counterClockwiseDirection":false,"layer":0},{"side":0,"counterClockwiseDirection":true,"layer":0},{"side":3,"counterClockwiseDirection":true,"layer":0},{"side":2,"counterClockwiseDirection":true,"layer":0},{"side":3,"counterClockwiseDirection":true,"layer":0},{"side":0,"counterClockwiseDirection":false,"layer":0},{"side":0,"counterClockwiseDirection":false,"layer":0},{"side":3,"counterClockwiseDirection":false,"layer":0},{"side":2,"counterClockwiseDirection":false,"layer":0},{"side":3,"counterClockwiseDirection":false,"layer":0},{"side":3,"counterClockwiseDirection":false,"layer":0},{"side":0,"counterClockwiseDirection":false,"layer":0},{"side":2,"counterClockwiseDirection":true,"layer":0},{"side":2,"counterClockwiseDirection":true,"layer":0},{"side":0,"counterClockwiseDirection":false,"layer":0},{"side":3,"counterClockwiseDirection":false,"layer":0}],"totalTime":74284,"data":{"armageddonCounter":1,"generations":5138,"metrics":[{"label":"CHECK_SOLUTION","totalTime":3929.4000011384487,"totalRelativeTime":"5.28%","numOfCalls":15409470,"avgTimePerCall":0.0002549990363807742},{"label":"APPLYING_ROTATIONS","totalTime":23615.899992763996,"totalRelativeTime":"31.79%","numOfCalls":15409464,"avgTimePerCall":0.0015325581728711651},{"label":"COMPUTE_GENE","totalTime":3993.5999999046326,"totalRelativeTime":"5.37%","numOfCalls":15409464,"avgTimePerCall":0.00025916540639600653},{"label":"CALCULATE_CITIZEN_SCORE","totalTime":8293.3999953866,"totalRelativeTime":"11.16%","numOfCalls":15409464,"avgTimePerCall":0.0005382017178135852},{"label":"AGGREGATE_CURRENT_GENERATION","totalTime":149.29999986290932,"totalRelativeTime":"0.2%","numOfCalls":513648,"avgTimePerCall":0.0002906659811055612},{"label":"CREATE_NEXT_GENERATION","totalTime":430.6999996602535,"totalRelativeTime":"0.57%","numOfCalls":5136,"avgTimePerCall":0.08385903420176276},{"label":"MEASUREMENT_OVERHEAD","totalTime":16780.799990206957,"totalRelativeTime":"22.59%","numOfCalls":0,"avgTimePerCall":16780.799990206957},{"label":"NOT_MEASURED","totalTime":17090.900021076202,"totalRelativeTime":"23%","numOfCalls":0,"avgTimePerCall":17090.900021076202}]}}},{"label":"2x2","key":"SA","solution":{"rotations":[{"side":3,"counterClockwiseDirection":true,"layer":0},{"side":0,"counterClockwiseDirection":true,"layer":0},{"side":2,"counterClockwiseDirection":false,"layer":0},{"side":3,"counterClockwiseDirection":true,"layer":0},{"side":0,"counterClockwiseDirection":true,"layer":0},{"side":2,"counterClockwiseDirection":true,"layer":0},{"side":0,"counterClockwiseDirection":false,"layer":0},{"side":2,"counterClockwiseDirection":true,"layer":0},{"side":3,"counterClockwiseDirection":false,"layer":0},{"side":2,"counterClockwiseDirection":false,"layer":0},{"side":2,"counterClockwiseDirection":false,"layer":0},{"side":0,"counterClockwiseDirection":false,"layer":0},{"side":0,"counterClockwiseDirection":false,"layer":0},{"side":3,"counterClockwiseDirection":true,"layer":0},{"side":2,"counterClockwiseDirection":false,"layer":0},{"side":3,"counterClockwiseDirection":false,"layer":0},{"side":0,"counterClockwiseDirection":false,"layer":0},{"side":3,"counterClockwiseDirection":true,"layer":0}],"totalTime":65334.70000001788,"data":{"restartCounter":0,"iterations":4557,"metrics":[{"label":"CHECK_SOLUTION","totalTime":3499.200002372265,"totalRelativeTime":"5.35%","numOfCalls":13669950,"avgTimePerCall":0.0002559775275236753},{"label":"APPLYING_ROTATIONS","totalTime":20471.199997365475,"totalRelativeTime":"31.33%","numOfCalls":13669942,"avgTimePerCall":0.0014975337859784244},{"label":"COMPUTE_ROTATION","totalTime":3606.800000309944,"totalRelativeTime":"5.52%","numOfCalls":13669942,"avgTimePerCall":0.00026384896148864013},{"label":"CALCULATE_CITIZEN_SCORE","totalTime":7446.399999380112,"totalRelativeTime":"11.39%","numOfCalls":13669942,"avgTimePerCall":0.0005447279878276083},{"label":"AGGREGATE_CURRENT_GENERATION","totalTime":121.19999980926514,"totalRelativeTime":"0.18%","numOfCalls":455664,"avgTimePerCall":0.0002659854625541301},{"label":"CREATE_NEXT_GENERATION","totalTime":393.2000001966953,"totalRelativeTime":"0.6%","numOfCalls":4556,"avgTimePerCall":0.08630377528461267},{"label":"MEASUREMENT_OVERHEAD","totalTime":14760.000001490116,"totalRelativeTime":"22.59%","numOfCalls":0,"avgTimePerCall":14760.000001490116},{"label":"NOT_MEASURED","totalTime":15036.69999909401,"totalRelativeTime":"23.01%","numOfCalls":0,"avgTimePerCall":15036.69999909401}]}}},{"label":"2x2","key":"WA*","solution":{"rotations":[{"side":3,"counterClockwiseDirection":false,"layer":0},{"side":2,"counterClockwiseDirection":true,"layer":0},{"side":0,"counterClockwiseDirection":false,"layer":0},{"side":2,"counterClockwiseDirection":false,"layer":0},{"side":3,"counterClockwiseDirection":true,"layer":0},{"side":2,"counterClockwiseDirection":false,"layer":0},{"side":3,"counterClockwiseDirection":false,"layer":0},{"side":2,"counterClockwiseDirection":true,"layer":0},{"side":0,"counterClockwiseDirection":true,"layer":0},{"side":0,"counterClockwiseDirection":true,"layer":0},{"side":2,"counterClockwiseDirection":true,"layer":0},{"side":0,"counterClockwiseDirection":false,"layer":0},{"side":0,"counterClockwiseDirection":false,"layer":0},{"side":2,"counterClockwiseDirection":false,"layer":0}],"totalTime":1198.1000000238419,"data":{"metrics":[{"label":"ITERATIONS_COUNTER_INCREMENT","totalTime":21.10000029206276,"totalRelativeTime":"1.76%","numOfCalls":88664,"avgTimePerCall":0.00023797708531154426},{"label":"ABORTED_VERIFICATION","totalTime":9.500000059604645,"totalRelativeTime":"0.79%","numOfCalls":44332,"avgTimePerCall":0.0002142921605071877},{"label":"POP_CANDIDATE","totalTime":28.000000417232513,"totalRelativeTime":"2.33%","numOfCalls":44332,"avgTimePerCall":0.0006315979522068148},{"label":"VISISTED_LIST_CHECK","totalTime":92.79999953508377,"totalRelativeTime":"7.74%","numOfCalls":239421,"avgTimePerCall":0.00038760175396094647},{"label":"CHECK_SOLUTION","totalTime":8.700000077486038,"totalRelativeTime":"0.72%","numOfCalls":40918,"avgTimePerCall":0.00021262036457026342},{"label":"ADD_TO_VISISTED_LIST_CHECK","totalTime":12.299999862909317,"totalRelativeTime":"1.02%","numOfCalls":40917,"avgTimePerCall":0.0003006085456633995},{"label":"PERFORM_ROTATION","totalTime":296.7000005841255,"totalRelativeTime":"24.76%","numOfCalls":195089,"avgTimePerCall":0.0015208443355808146},{"label":"HEURISTIC_CALCULATION","totalTime":111.69999969005585,"totalRelativeTime":"9.32%","numOfCalls":195089,"avgTimePerCall":0.0005725591893446368},{"label":"ADD_CANDIDATE","totalTime":53.00000038743019,"totalRelativeTime":"4.42%","numOfCalls":189439,"avgTimePerCall":0.00027977343834917936},{"label":"BUILD_SOLUTION","totalTime":0,"totalRelativeTime":"0%","numOfCalls":1,"avgTimePerCall":0},{"label":"MEASUREMENT_OVERHEAD","totalTime":277.3000001013279,"totalRelativeTime":"23.14%","numOfCalls":0,"avgTimePerCall":277.3000001013279},{"label":"NOT_MEASURED","totalTime":286.99999901652336,"totalRelativeTime":"23.95%","numOfCalls":0,"avgTimePerCall":286.99999901652336}],"visitedNodes":44332,"differentNodes":40918}}},{"label":"2x2","key":"BiBFS","solution":{"rotations":[{"side":0,"counterClockwiseDirection":false,"layer":0},{"side":3,"counterClockwiseDirection":true,"layer":0},{"side":0,"counterClockwiseDirection":false,"layer":0},{"side":3,"counterClockwiseDirection":false,"layer":0},{"side":0,"counterClockwiseDirection":true,"layer":0},{"side":2,"counterClockwiseDirection":true,"layer":0},{"side":2,"counterClockwiseDirection":true,"layer":0},{"side":0,"counterClockwiseDirection":true,"layer":0},{"side":3,"counterClockwiseDirection":true,"layer":0},{"side":0,"counterClockwiseDirection":false,"layer":0},{"side":2,"counterClockwiseDirection":true,"layer":0},{"side":3,"counterClockwiseDirection":false,"layer":0}],"totalTime":365.09999999403954,"data":{"metrics":[{"label":"POP_CANDIDATE","totalTime":4.39999994635582,"totalRelativeTime":"1.2%","numOfCalls":18814,"avgTimePerCall":0.0002338683930241214},{"label":"VISISTED_LIST_CHECK","totalTime":34.8999999165535,"totalRelativeTime":"9.55%","numOfCalls":113698,"avgTimePerCall":0.00030695350768310346},{"label":"ADD_TO_VISISTED_LIST_CHECK","totalTime":3.799999922513962,"totalRelativeTime":"1.04%","numOfCalls":16100,"avgTimePerCall":0.00023602483990769948},{"label":"PERFORM_ROTATION","totalTime":149.30000072717667,"totalRelativeTime":"40.89%","numOfCalls":78782,"avgTimePerCall":0.0018951029515267023},{"label":"ADD_CANDIDATE","totalTime":21.499999910593033,"totalRelativeTime":"5.88%","numOfCalls":77022,"avgTimePerCall":0.0002791410234815122},{"label":"MEASUREMENT_OVERHEAD","totalTime":70.89999970793724,"totalRelativeTime":"19.41%","numOfCalls":0,"avgTimePerCall":70.89999970793724},{"label":"NOT_MEASURED","totalTime":80.29999986290932,"totalRelativeTime":"21.99%","numOfCalls":0,"avgTimePerCall":80.29999986290932}],"iterations":8051,"visitedNodes":8051}}}]}