{"timestamp":1680891600128,"shuffle":"35:  B    U'   B'   R'   L   2B    F'  2L    D    R'   U'   D    L   2U    B'   U    D'   U'   D'   F    U    L'   U   2R    U'   B'  2D    L   2B   ","solutions":[{"label":"2x2","key":"IDDFS","solution":{"rotations":[{"side":2,"counterClockwiseDirection":true,"layer":0},{"side":2,"counterClockwiseDirection":true,"layer":0},{"side":0,"counterClockwiseDirection":true,"layer":0},{"side":0,"counterClockwiseDirection":true,"layer":0},{"side":2,"counterClockwiseDirection":false,"layer":0},{"side":3,"counterClockwiseDirection":true,"layer":0},{"side":0,"counterClockwiseDirection":false,"layer":0},{"side":2,"counterClockwiseDirection":true,"layer":0},{"side":0,"counterClockwiseDirection":false,"layer":0},{"side":3,"counterClockwiseDirection":true,"layer":0},{"side":2,"counterClockwiseDirection":true,"layer":0},{"side":2,"counterClockwiseDirection":true,"layer":0},{"side":3,"counterClockwiseDirection":false,"layer":0}],"totalTime":843423,"data":{"metrics":[{"label":"PERFORM_ROTATION","totalTime":366714.30002212524,"totalRelativeTime":"43.47%","numOfCalls":331376822,"avgTimePerCall":0.0011066383514961866},{"label":"ADD_CANDIDATE","totalTime":64924.80000284314,"totalRelativeTime":"7.69%","numOfCalls":331376822,"avgTimePerCall":0.0001959243848468169},{"label":"NOT_MEASURED","totalTime":411783.8999750316,"totalRelativeTime":"48.82%","numOfCalls":0,"avgTimePerCall":411783.8999750316}],"visitedNodes":327009743,"iterations":[{"visitedNodes":37,"bound":2},{"visitedNodes":181,"bound":3},{"visitedNodes":877,"bound":4},{"visitedNodes":4237,"bound":5},{"visitedNodes":20461,"bound":6},{"visitedNodes":98797,"bound":7},{"visitedNodes":477037,"bound":8},{"visitedNodes":2303341,"bound":9},{"visitedNodes":11121517,"bound":10},{"visitedNodes":53699437,"bound":11},{"visitedNodes":259283821,"bound":12}]}}},{"label":"2x2","key":"IDA*","solution":{"rotations":[{"side":2,"counterClockwiseDirection":true,"layer":0},{"side":2,"counterClockwiseDirection":true,"layer":0},{"side":0,"counterClockwiseDirection":true,"layer":0},{"side":0,"counterClockwiseDirection":true,"layer":0},{"side":2,"counterClockwiseDirection":false,"layer":0},{"side":3,"counterClockwiseDirection":true,"layer":0},{"side":0,"counterClockwiseDirection":false,"layer":0},{"side":2,"counterClockwiseDirection":true,"layer":0},{"side":0,"counterClockwiseDirection":false,"layer":0},{"side":3,"counterClockwiseDirection":true,"layer":0},{"side":2,"counterClockwiseDirection":true,"layer":0},{"side":2,"counterClockwiseDirection":true,"layer":0},{"side":3,"counterClockwiseDirection":false,"layer":0}],"totalTime":790947.900000006,"data":{"metrics":[{"label":"PERFORM_ROTATION","totalTime":385446.499904871,"totalRelativeTime":"48.73%","numOfCalls":343891989,"avgTimePerCall":0.001120835937544538},{"label":"ADD_CANDIDATE","totalTime":67521.09997424483,"totalRelativeTime":"8.53%","numOfCalls":343891989,"avgTimePerCall":0.00019634391650293672},{"label":"NOT_MEASURED","totalTime":337980.30012089014,"totalRelativeTime":"42.73%","numOfCalls":0,"avgTimePerCall":337980.30012089014}],"visitedNodes":69814741,"iterations":[{"visitedNodes":7,"bound":2},{"visitedNodes":42,"bound":3.25},{"visitedNodes":653,"bound":4.5},{"visitedNodes":4242,"bound":5.75},{"visitedNodes":21281,"bound":7},{"visitedNodes":149943,"bound":8.25},{"visitedNodes":1705433,"bound":9.5},{"visitedNodes":11155283,"bound":10.75},{"visitedNodes":56777857,"bound":12}]}}},{"label":"2x2","key":"GA","solution":{"rotations":[{"side":0,"counterClockwiseDirection":false,"layer":0},{"side":2,"counterClockwiseDirection":false,"layer":0},{"side":0,"counterClockwiseDirection":false,"layer":0},{"side":2,"counterClockwiseDirection":false,"layer":0},{"side":2,"counterClockwiseDirection":false,"layer":0},{"side":0,"counterClockwiseDirection":false,"layer":0},{"side":0,"counterClockwiseDirection":false,"layer":0},{"side":2,"counterClockwiseDirection":false,"layer":0},{"side":3,"counterClockwiseDirection":true,"layer":0},{"side":2,"counterClockwiseDirection":false,"layer":0},{"side":3,"counterClockwiseDirection":true,"layer":0},{"side":0,"counterClockwiseDirection":true,"layer":0},{"side":2,"counterClockwiseDirection":false,"layer":0},{"side":2,"counterClockwiseDirection":false,"layer":0},{"side":0,"counterClockwiseDirection":true,"layer":0},{"side":3,"counterClockwiseDirection":false,"layer":0},{"side":3,"counterClockwiseDirection":false,"layer":0}],"totalTime":24815.79999998212,"data":{"armageddonCounter":0,"generations":1764,"metrics":[{"label":"CHECK_SOLUTION","totalTime":1330.100000411272,"totalRelativeTime":"5.35%","numOfCalls":5289810,"avgTimePerCall":0.000251445704176761},{"label":"APPLYING_ROTATIONS","totalTime":7907.199999302626,"totalRelativeTime":"31.86%","numOfCalls":5289799,"avgTimePerCall":0.001494801598189766},{"label":"COMPUTE_GENE","totalTime":1362.2999982833862,"totalRelativeTime":"5.48%","numOfCalls":5289799,"avgTimePerCall":0.0002575334144611896},{"label":"CALCULATE_CITIZEN_SCORE","totalTime":2790.799997329712,"totalRelativeTime":"11.24%","numOfCalls":5289799,"avgTimePerCall":0.0005275814822698768},{"label":"AGGREGATE_CURRENT_GENERATION","totalTime":47.39999994635582,"totalRelativeTime":"0.19%","numOfCalls":176326,"avgTimePerCall":0.00026882025309004807},{"label":"CREATE_NEXT_GENERATION","totalTime":162.70000034570694,"totalRelativeTime":"0.65%","numOfCalls":1763,"avgTimePerCall":0.09228587654322572},{"label":"MEASUREMENT_OVERHEAD","totalTime":5593.999999314547,"totalRelativeTime":"22.54%","numOfCalls":0,"avgTimePerCall":5593.999999314547},{"label":"NOT_MEASURED","totalTime":5621.300005048513,"totalRelativeTime":"22.65%","numOfCalls":0,"avgTimePerCall":5621.300005048513}]}}},{"label":"2x2","key":"SA","solution":{"rotations":[{"side":3,"counterClockwiseDirection":false,"layer":0},{"side":3,"counterClockwiseDirection":false,"layer":0},{"side":2,"counterClockwiseDirection":false,"layer":0},{"layer":0,"side":3,"counterClockwiseDirection":false},{"side":2,"counterClockwiseDirection":true,"layer":0},{"side":0,"counterClockwiseDirection":false,"layer":0},{"side":3,"counterClockwiseDirection":true,"layer":0},{"side":0,"counterClockwiseDirection":true,"layer":0},{"side":3,"counterClockwiseDirection":false,"layer":0},{"side":0,"counterClockwiseDirection":true,"layer":0},{"side":0,"counterClockwiseDirection":true,"layer":0},{"side":2,"counterClockwiseDirection":true,"layer":0},{"side":3,"counterClockwiseDirection":false,"layer":0},{"side":0,"counterClockwiseDirection":true,"layer":0},{"side":0,"counterClockwiseDirection":true,"layer":0},{"side":3,"counterClockwiseDirection":true,"layer":0},{"side":0,"counterClockwiseDirection":true,"layer":0}],"totalTime":19288.90000000596,"data":{"restartCounter":0,"iterations":1351,"metrics":[{"label":"CHECK_SOLUTION","totalTime":1015.4000011086464,"totalRelativeTime":"5.26%","numOfCalls":4051740,"avgTimePerCall":0.0002506083808706004},{"label":"APPLYING_ROTATIONS","totalTime":6220.099999606609,"totalRelativeTime":"32.24%","numOfCalls":4051737,"avgTimePerCall":0.0015351687435800026},{"label":"COMPUTE_ROTATION","totalTime":1043.0999989509583,"totalRelativeTime":"5.4%","numOfCalls":4051737,"avgTimePerCall":0.0002574451399365157},{"label":"CALCULATE_CITIZEN_SCORE","totalTime":2205.3000004291534,"totalRelativeTime":"11.43%","numOfCalls":4051737,"avgTimePerCall":0.0005442850808009388},{"label":"AGGREGATE_CURRENT_GENERATION","totalTime":35.10000038146973,"totalRelativeTime":"0.18%","numOfCalls":135057,"avgTimePerCall":0.0002598902713777866},{"label":"CREATE_NEXT_GENERATION","totalTime":128.9000003039837,"totalRelativeTime":"0.66%","numOfCalls":1350,"avgTimePerCall":0.09548148170665459},{"label":"MEASUREMENT_OVERHEAD","totalTime":4322.899999976158,"totalRelativeTime":"22.41%","numOfCalls":0,"avgTimePerCall":4322.899999976158},{"label":"NOT_MEASURED","totalTime":4318.0999992489815,"totalRelativeTime":"22.38%","numOfCalls":0,"avgTimePerCall":4318.0999992489815}]}}},{"label":"2x2","key":"WA*","solution":{"rotations":[{"side":0,"counterClockwiseDirection":false,"layer":0},{"side":2,"counterClockwiseDirection":true,"layer":0},{"side":0,"counterClockwiseDirection":false,"layer":0},{"side":3,"counterClockwiseDirection":true,"layer":0},{"side":0,"counterClockwiseDirection":false,"layer":0},{"side":2,"counterClockwiseDirection":true,"layer":0},{"side":0,"counterClockwiseDirection":false,"layer":0},{"side":2,"counterClockwiseDirection":false,"layer":0},{"side":2,"counterClockwiseDirection":false,"layer":0},{"side":3,"counterClockwiseDirection":true,"layer":0},{"side":2,"counterClockwiseDirection":true,"layer":0},{"side":3,"counterClockwiseDirection":true,"layer":0},{"side":2,"counterClockwiseDirection":false,"layer":0},{"side":3,"counterClockwiseDirection":false,"layer":0},{"side":2,"counterClockwiseDirection":true,"layer":0}],"totalTime":1168.0999999940395,"data":{"metrics":[{"label":"ITERATIONS_COUNTER_INCREMENT","totalTime":18.800000190734863,"totalRelativeTime":"1.6%","numOfCalls":73212,"avgTimePerCall":0.0002567885072219699},{"label":"ABORTED_VERIFICATION","totalTime":9.39999982714653,"totalRelativeTime":"0.8%","numOfCalls":36606,"avgTimePerCall":0.0002567884998947312},{"label":"POP_CANDIDATE","totalTime":32.000000178813934,"totalRelativeTime":"2.73%","numOfCalls":36606,"avgTimePerCall":0.0008741736376226284},{"label":"VISISTED_LIST_CHECK","totalTime":97.60000029206276,"totalRelativeTime":"8.35%","numOfCalls":199591,"avgTimePerCall":0.0004890000064735522},{"label":"CHECK_SOLUTION","totalTime":8.39999994635582,"totalRelativeTime":"0.71%","numOfCalls":34158,"avgTimePerCall":0.0002459160356682423},{"label":"ADD_TO_VISISTED_LIST_CHECK","totalTime":11.300000131130219,"totalRelativeTime":"0.96%","numOfCalls":34157,"avgTimePerCall":0.0003308253105111754},{"label":"PERFORM_ROTATION","totalTime":317.8999996781349,"totalRelativeTime":"27.21%","numOfCalls":162985,"avgTimePerCall":0.0019504862390903146},{"label":"HEURISTIC_CALCULATION","totalTime":112.0999992787838,"totalRelativeTime":"9.59%","numOfCalls":162985,"avgTimePerCall":0.0006877933507916913},{"label":"ADD_CANDIDATE","totalTime":56.000000447034836,"totalRelativeTime":"4.79%","numOfCalls":158509,"avgTimePerCall":0.0003532922449011402},{"label":"BUILD_SOLUTION","totalTime":0,"totalRelativeTime":"0%","numOfCalls":1,"avgTimePerCall":0},{"label":"MEASUREMENT_OVERHEAD","totalTime":245.10000070929527,"totalRelativeTime":"20.98%","numOfCalls":0,"avgTimePerCall":245.10000070929527},{"label":"NOT_MEASURED","totalTime":259.4999993145466,"totalRelativeTime":"22.21%","numOfCalls":0,"avgTimePerCall":259.4999993145466}],"visitedNodes":36606,"differentNodes":34158}}},{"label":"2x2","key":"BiBFS","solution":{"rotations":[{"side":2,"counterClockwiseDirection":false,"layer":0},{"side":0,"counterClockwiseDirection":true,"layer":0},{"side":2,"counterClockwiseDirection":true,"layer":0},{"side":0,"counterClockwiseDirection":false,"layer":0},{"side":2,"counterClockwiseDirection":true,"layer":0},{"side":3,"counterClockwiseDirection":false,"layer":0},{"side":2,"counterClockwiseDirection":true,"layer":0},{"side":0,"counterClockwiseDirection":false,"layer":0},{"side":2,"counterClockwiseDirection":false,"layer":0},{"side":0,"counterClockwiseDirection":false,"layer":0},{"side":0,"counterClockwiseDirection":false,"layer":0},{"side":3,"counterClockwiseDirection":false,"layer":0},{"side":3,"counterClockwiseDirection":false,"layer":0}],"totalTime":645.1000000238419,"data":{"metrics":[{"label":"POP_CANDIDATE","totalTime":11.299999952316284,"totalRelativeTime":"1.75%","numOfCalls":29064,"avgTimePerCall":0.0003887971357114053},{"label":"VISISTED_LIST_CHECK","totalTime":67.69999966025352,"totalRelativeTime":"10.49%","numOfCalls":172047,"avgTimePerCall":0.00039349712381066526},{"label":"ADD_TO_VISISTED_LIST_CHECK","totalTime":7.60000005364418,"totalRelativeTime":"1.17%","numOfCalls":24256,"avgTimePerCall":0.00031332454047015916},{"label":"PERFORM_ROTATION","totalTime":218.49999979138374,"totalRelativeTime":"33.87%","numOfCalls":118726,"avgTimePerCall":0.0018403719470999086},{"label":"ADD_CANDIDATE","totalTime":37.200000405311584,"totalRelativeTime":"5.76%","numOfCalls":116280,"avgTimePerCall":0.0003199174441461265},{"label":"MEASUREMENT_OVERHEAD","totalTime":159.80000022053719,"totalRelativeTime":"24.77%","numOfCalls":0,"avgTimePerCall":159.80000022053719},{"label":"NOT_MEASURED","totalTime":142.99999994039536,"totalRelativeTime":"22.16%","numOfCalls":0,"avgTimePerCall":142.99999994039536}],"iterations":12129,"visitedNodes":12129}}}]}