{"timestamp":1680907534795,"shuffle":"35:  U'   F   2L    R'   F'  2R   2B    L'   F    R'   U    L'   R'   D'   R   2D    L    D'   L   2U    B'  2U    R    U'   B'   U'   L'   D    U   ","solutions":[{"label":"2x2","key":"IDDFS","solution":{"rotations":[{"side":2,"counterClockwiseDirection":false,"layer":0},{"side":0,"counterClockwiseDirection":true,"layer":0},{"side":2,"counterClockwiseDirection":false,"layer":0},{"side":0,"counterClockwiseDirection":true,"layer":0},{"side":0,"counterClockwiseDirection":true,"layer":0},{"side":2,"counterClockwiseDirection":true,"layer":0},{"side":0,"counterClockwiseDirection":true,"layer":0},{"side":2,"counterClockwiseDirection":false,"layer":0},{"side":3,"counterClockwiseDirection":true,"layer":0},{"side":3,"counterClockwiseDirection":true,"layer":0},{"side":2,"counterClockwiseDirection":true,"layer":0}],"totalTime":65514.90000000596,"data":{"metrics":[{"label":"PERFORM_ROTATION","totalTime":31060.500004321337,"totalRelativeTime":"47.4%","numOfCalls":24995509,"avgTimePerCall":0.0012426432286024396},{"label":"ADD_CANDIDATE","totalTime":5468.5000013411045,"totalRelativeTime":"8.34%","numOfCalls":24995509,"avgTimePerCall":0.00021877930156737773},{"label":"NOT_MEASURED","totalTime":28985.89999434352,"totalRelativeTime":"44.24%","numOfCalls":0,"avgTimePerCall":28985.89999434352}],"visitedNodes":14026485,"iterations":[{"visitedNodes":37,"bound":2},{"visitedNodes":181,"bound":3},{"visitedNodes":877,"bound":4},{"visitedNodes":4237,"bound":5},{"visitedNodes":20461,"bound":6},{"visitedNodes":98797,"bound":7},{"visitedNodes":477037,"bound":8},{"visitedNodes":2303341,"bound":9},{"visitedNodes":11121517,"bound":10}]}}},{"label":"2x2","key":"IDA*","solution":{"rotations":[{"side":2,"counterClockwiseDirection":false,"layer":0},{"side":0,"counterClockwiseDirection":true,"layer":0},{"side":2,"counterClockwiseDirection":false,"layer":0},{"side":0,"counterClockwiseDirection":true,"layer":0},{"side":0,"counterClockwiseDirection":true,"layer":0},{"side":2,"counterClockwiseDirection":true,"layer":0},{"side":0,"counterClockwiseDirection":true,"layer":0},{"side":2,"counterClockwiseDirection":false,"layer":0},{"side":3,"counterClockwiseDirection":true,"layer":0},{"side":3,"counterClockwiseDirection":true,"layer":0},{"side":2,"counterClockwiseDirection":true,"layer":0}],"totalTime":51713.70000001788,"data":{"metrics":[{"label":"PERFORM_ROTATION","totalTime":25838.70000305772,"totalRelativeTime":"49.96%","numOfCalls":20195997,"avgTimePerCall":0.001279397100477769},{"label":"ADD_CANDIDATE","totalTime":4537.699999094009,"totalRelativeTime":"8.77%","numOfCalls":20195997,"avgTimePerCall":0.0002246831388959906},{"label":"NOT_MEASURED","totalTime":21337.299997866154,"totalRelativeTime":"41.26%","numOfCalls":0,"avgTimePerCall":21337.299997866154}],"visitedNodes":1902349,"iterations":[{"visitedNodes":7,"bound":2},{"visitedNodes":47,"bound":3.25},{"visitedNodes":640,"bound":4.5},{"visitedNodes":4267,"bound":5.75},{"visitedNodes":21723,"bound":7},{"visitedNodes":158816,"bound":8.25},{"visitedNodes":1716849,"bound":9.5}]}}},{"label":"2x2","key":"SA","solution":{"rotations":[{"side":3,"counterClockwiseDirection":false,"layer":0},{"side":0,"counterClockwiseDirection":true,"layer":0},{"side":3,"counterClockwiseDirection":false,"layer":0},{"side":2,"counterClockwiseDirection":true,"layer":0},{"side":3,"counterClockwiseDirection":false,"layer":0},{"side":0,"counterClockwiseDirection":false,"layer":0},{"side":3,"counterClockwiseDirection":true,"layer":0},{"side":0,"counterClockwiseDirection":false,"layer":0},{"side":2,"counterClockwiseDirection":false,"layer":0},{"side":0,"counterClockwiseDirection":true,"layer":0},{"side":2,"counterClockwiseDirection":false,"layer":0},{"side":3,"counterClockwiseDirection":true,"layer":0},{"side":2,"counterClockwiseDirection":true,"layer":0},{"side":3,"counterClockwiseDirection":true,"layer":0},{"side":0,"counterClockwiseDirection":false,"layer":0},{"side":2,"counterClockwiseDirection":false,"layer":0},{"side":3,"counterClockwiseDirection":false,"layer":0},{"side":0,"counterClockwiseDirection":true,"layer":0},{"side":3,"counterClockwiseDirection":false,"layer":0},{"side":2,"counterClockwiseDirection":true,"layer":0},{"side":2,"counterClockwiseDirection":true,"layer":0}],"totalTime":36133.19999998808,"data":{"restartCounter":0,"iterations":2876,"metrics":[{"label":"CHECK_SOLUTION","totalTime":1945.7999983727932,"totalRelativeTime":"5.38%","numOfCalls":8625900,"avgTimePerCall":0.00022557646139797507},{"label":"APPLYING_ROTATIONS","totalTime":11422.599998027086,"totalRelativeTime":"31.61%","numOfCalls":8625897,"avgTimePerCall":0.001324221701004207},{"label":"COMPUTE_ROTATION","totalTime":1999.4000032246113,"totalRelativeTime":"5.53%","numOfCalls":8625897,"avgTimePerCall":0.00023179038692725074},{"label":"CALCULATE_CITIZEN_SCORE","totalTime":3998.399997472763,"totalRelativeTime":"11.06%","numOfCalls":8625897,"avgTimePerCall":0.0004635344008249534},{"label":"AGGREGATE_CURRENT_GENERATION","totalTime":67.09999990463257,"totalRelativeTime":"0.18%","numOfCalls":287529,"avgTimePerCall":0.00023336776431119146},{"label":"CREATE_NEXT_GENERATION","totalTime":204.4000001847744,"totalRelativeTime":"0.56%","numOfCalls":2875,"avgTimePerCall":0.0710956522381824},{"label":"MEASUREMENT_OVERHEAD","totalTime":8247.600004017353,"totalRelativeTime":"22.82%","numOfCalls":0,"avgTimePerCall":8247.600004017353},{"label":"NOT_MEASURED","totalTime":8247.899998784065,"totalRelativeTime":"22.82%","numOfCalls":0,"avgTimePerCall":8247.899998784065}]}}},{"label":"2x2","key":"GA","solution":{"rotations":[{"side":2,"counterClockwiseDirection":false,"layer":0},{"side":0,"counterClockwiseDirection":true,"layer":0},{"side":0,"counterClockwiseDirection":true,"layer":0},{"side":2,"counterClockwiseDirection":true,"layer":0},{"side":0,"counterClockwiseDirection":true,"layer":0},{"side":3,"counterClockwiseDirection":true,"layer":0},{"side":3,"counterClockwiseDirection":true,"layer":0},{"side":2,"counterClockwiseDirection":false,"layer":0},{"side":2,"counterClockwiseDirection":false,"layer":0},{"side":0,"counterClockwiseDirection":true,"layer":0},{"side":2,"counterClockwiseDirection":false,"layer":0}],"totalTime":5420,"data":{"armageddonCounter":0,"generations":453,"metrics":[{"label":"CHECK_SOLUTION","totalTime":286.2999996840954,"totalRelativeTime":"5.28%","numOfCalls":1356720,"avgTimePerCall":0.00021102364502925835},{"label":"APPLYING_ROTATIONS","totalTime":1724.5999999642372,"totalRelativeTime":"31.81%","numOfCalls":1356705,"avgTimePerCall":0.001271168013653843},{"label":"COMPUTE_GENE","totalTime":294.4000004529953,"totalRelativeTime":"5.43%","numOfCalls":1356705,"avgTimePerCall":0.0002169963259905398},{"label":"CALCULATE_CITIZEN_SCORE","totalTime":597.3999983370304,"totalRelativeTime":"11.02%","numOfCalls":1356705,"avgTimePerCall":0.00044033153731800977},{"label":"AGGREGATE_CURRENT_GENERATION","totalTime":9.400000125169754,"totalRelativeTime":"0.17%","numOfCalls":45223,"avgTimePerCall":0.00020785883566259988},{"label":"CREATE_NEXT_GENERATION","totalTime":41.000000298023224,"totalRelativeTime":"0.75%","numOfCalls":452,"avgTimePerCall":0.09070796526111333},{"label":"MEASUREMENT_OVERHEAD","totalTime":1219.5000001490116,"totalRelativeTime":"22.5%","numOfCalls":0,"avgTimePerCall":1219.5000001490116},{"label":"NOT_MEASURED","totalTime":1247.400000989437,"totalRelativeTime":"23.01%","numOfCalls":0,"avgTimePerCall":1247.400000989437}]}}},{"label":"2x2","key":"WA*","solution":{"rotations":[{"side":2,"counterClockwiseDirection":false,"layer":0},{"side":2,"counterClockwiseDirection":false,"layer":0},{"side":0,"counterClockwiseDirection":false,"layer":0},{"side":3,"counterClockwiseDirection":false,"layer":0},{"side":2,"counterClockwiseDirection":true,"layer":0},{"side":2,"counterClockwiseDirection":true,"layer":0},{"side":0,"counterClockwiseDirection":true,"layer":0},{"side":3,"counterClockwiseDirection":false,"layer":0},{"side":0,"counterClockwiseDirection":false,"layer":0},{"side":2,"counterClockwiseDirection":false,"layer":0},{"side":3,"counterClockwiseDirection":false,"layer":0},{"side":2,"counterClockwiseDirection":true,"layer":0},{"side":3,"counterClockwiseDirection":true,"layer":0}],"totalTime":335,"data":{"metrics":[{"label":"ITERATIONS_COUNTER_INCREMENT","totalTime":4.400000095367432,"totalRelativeTime":"1.31%","numOfCalls":24022,"avgTimePerCall":0.0001831654356576235},{"label":"ABORTED_VERIFICATION","totalTime":3.3000001311302185,"totalRelativeTime":"0.98%","numOfCalls":12011,"avgTimePerCall":0.00027474815844894},{"label":"POP_CANDIDATE","totalTime":6.6000001430511475,"totalRelativeTime":"1.97%","numOfCalls":12011,"avgTimePerCall":0.0005494963069728705},{"label":"VISISTED_LIST_CHECK","totalTime":22.099999994039536,"totalRelativeTime":"6.59%","numOfCalls":65447,"avgTimePerCall":0.00033767781554600723},{"label":"CHECK_SOLUTION","totalTime":2.5,"totalRelativeTime":"0.74%","numOfCalls":11201,"avgTimePerCall":0.0002231943576466387},{"label":"ADD_TO_VISISTED_LIST_CHECK","totalTime":2.300000011920929,"totalRelativeTime":"0.68%","numOfCalls":11200,"avgTimePerCall":0.00020535714392151151},{"label":"PERFORM_ROTATION","totalTime":76.49999985098839,"totalRelativeTime":"22.83%","numOfCalls":53436,"avgTimePerCall":0.0014316191303800506},{"label":"HEURISTIC_CALCULATION","totalTime":49.39999955892563,"totalRelativeTime":"14.74%","numOfCalls":53436,"avgTimePerCall":0.0009244703862363506},{"label":"ADD_CANDIDATE","totalTime":13.60000005364418,"totalRelativeTime":"4.05%","numOfCalls":52472,"avgTimePerCall":0.0002591858525240925},{"label":"BUILD_SOLUTION","totalTime":0,"totalRelativeTime":"0%","numOfCalls":1,"avgTimePerCall":0},{"label":"MEASUREMENT_OVERHEAD","totalTime":61.79999998211861,"totalRelativeTime":"18.44%","numOfCalls":0,"avgTimePerCall":61.79999998211861},{"label":"NOT_MEASURED","totalTime":92.50000017881393,"totalRelativeTime":"27.61%","numOfCalls":0,"avgTimePerCall":92.50000017881393}],"visitedNodes":12011,"differentNodes":11201}}},{"label":"2x2","key":"BiBFS","solution":{"rotations":[{"side":3,"counterClockwiseDirection":true,"layer":0},{"side":3,"counterClockwiseDirection":true,"layer":0},{"side":2,"counterClockwiseDirection":true,"layer":0},{"side":2,"counterClockwiseDirection":true,"layer":0},{"side":0,"counterClockwiseDirection":true,"layer":0},{"side":3,"counterClockwiseDirection":false,"layer":0},{"side":2,"counterClockwiseDirection":false,"layer":0},{"side":2,"counterClockwiseDirection":false,"layer":0},{"side":0,"counterClockwiseDirection":true,"layer":0},{"side":3,"counterClockwiseDirection":true,"layer":0},{"side":0,"counterClockwiseDirection":false,"layer":0}],"totalTime":164.59999999403954,"data":{"metrics":[{"label":"POP_CANDIDATE","totalTime":2.2999999821186066,"totalRelativeTime":"1.39%","numOfCalls":7338,"avgTimePerCall":0.0003134369013516771},{"label":"VISISTED_LIST_CHECK","totalTime":16.000000149011612,"totalRelativeTime":"9.72%","numOfCalls":45214,"avgTimePerCall":0.0003538726975939225},{"label":"ADD_TO_VISISTED_LIST_CHECK","totalTime":2.000000089406967,"totalRelativeTime":"1.21%","numOfCalls":6424,"avgTimePerCall":0.0003113325170309725},{"label":"PERFORM_ROTATION","totalTime":50.99999991059303,"totalRelativeTime":"30.98%","numOfCalls":31450,"avgTimePerCall":0.0016216216187787927},{"label":"ADD_CANDIDATE","totalTime":8.400000005960464,"totalRelativeTime":"5.1%","numOfCalls":31034,"avgTimePerCall":0.0002706708772945951},{"label":"MEASUREMENT_OVERHEAD","totalTime":34.8999999165535,"totalRelativeTime":"21.2%","numOfCalls":0,"avgTimePerCall":34.8999999165535},{"label":"NOT_MEASURED","totalTime":49.999999940395355,"totalRelativeTime":"30.37%","numOfCalls":0,"avgTimePerCall":49.999999940395355}],"iterations":3213,"visitedNodes":3213}}}]}