{"timestamp":1680888203224,"shuffle":"30:  L'   R'   D'   L    D    R'  2B    F   2L    R'  2L    D'   U'   D    F    U'   L'   R    L'  2U    B'   L    U    R'   D'   R'  ","solutions":[{"label":"2x2","key":"IDDFS","solution":{"rotations":[{"side":2,"counterClockwiseDirection":true,"layer":0},{"side":0,"counterClockwiseDirection":false,"layer":0},{"side":2,"counterClockwiseDirection":true,"layer":0},{"side":0,"counterClockwiseDirection":false,"layer":0},{"side":2,"counterClockwiseDirection":true,"layer":0},{"side":0,"counterClockwiseDirection":false,"layer":0},{"side":3,"counterClockwiseDirection":false,"layer":0},{"side":0,"counterClockwiseDirection":true,"layer":0},{"side":3,"counterClockwiseDirection":false,"layer":0},{"side":0,"counterClockwiseDirection":false,"layer":0},{"side":3,"counterClockwiseDirection":true,"layer":0},{"side":0,"counterClockwiseDirection":false,"layer":0}],"totalTime":238487.39999997616,"data":{"metrics":[{"label":"PERFORM_ROTATION","totalTime":101327.20002028346,"totalRelativeTime":"42.48%","numOfCalls":84837357,"avgTimePerCall":0.0011943700700186059},{"label":"ADD_CANDIDATE","totalTime":18911.099994927645,"totalRelativeTime":"7.92%","numOfCalls":84837357,"avgTimePerCall":0.0002229100559430163},{"label":"NOT_MEASURED","totalTime":118249.09998476505,"totalRelativeTime":"49.58%","numOfCalls":0,"avgTimePerCall":118249.09998476505}],"visitedNodes":67725922,"iterations":[{"visitedNodes":37,"bound":2},{"visitedNodes":181,"bound":3},{"visitedNodes":877,"bound":4},{"visitedNodes":4237,"bound":5},{"visitedNodes":20461,"bound":6},{"visitedNodes":98797,"bound":7},{"visitedNodes":477037,"bound":8},{"visitedNodes":2303341,"bound":9},{"visitedNodes":11121517,"bound":10},{"visitedNodes":53699437,"bound":11}]}}},{"label":"2x2","key":"IDA*","solution":{"rotations":[{"side":2,"counterClockwiseDirection":true,"layer":0},{"side":0,"counterClockwiseDirection":false,"layer":0},{"side":2,"counterClockwiseDirection":true,"layer":0},{"side":0,"counterClockwiseDirection":false,"layer":0},{"side":2,"counterClockwiseDirection":true,"layer":0},{"side":0,"counterClockwiseDirection":false,"layer":0},{"side":3,"counterClockwiseDirection":false,"layer":0},{"side":0,"counterClockwiseDirection":true,"layer":0},{"side":3,"counterClockwiseDirection":false,"layer":0},{"side":0,"counterClockwiseDirection":false,"layer":0},{"side":3,"counterClockwiseDirection":true,"layer":0},{"side":0,"counterClockwiseDirection":false,"layer":0}],"totalTime":210633.09999999404,"data":{"metrics":[{"label":"PERFORM_ROTATION","totalTime":101047.09999787807,"totalRelativeTime":"47.97%","numOfCalls":81061644,"avgTimePerCall":0.0012465463937281864},{"label":"ADD_CANDIDATE","totalTime":18240.899998813868,"totalRelativeTime":"8.66%","numOfCalls":81061644,"avgTimePerCall":0.00022502504388899227},{"label":"NOT_MEASURED","totalTime":91345.1000033021,"totalRelativeTime":"43.36%","numOfCalls":0,"avgTimePerCall":91345.1000033021}],"visitedNodes":13034923,"iterations":[{"visitedNodes":7,"bound":2},{"visitedNodes":55,"bound":3.25},{"visitedNodes":602,"bound":4.5},{"visitedNodes":4242,"bound":5.75},{"visitedNodes":21340,"bound":7},{"visitedNodes":152432,"bound":8.25},{"visitedNodes":1701565,"bound":9.5},{"visitedNodes":11154680,"bound":10.75}]}}},{"label":"2x2","key":"GA","solution":{"rotations":[{"side":0,"counterClockwiseDirection":true,"layer":0},{"side":3,"counterClockwiseDirection":false,"layer":0},{"side":3,"counterClockwiseDirection":false,"layer":0},{"side":0,"counterClockwiseDirection":true,"layer":0},{"side":2,"counterClockwiseDirection":false,"layer":0},{"side":0,"counterClockwiseDirection":true,"layer":0},{"layer":0,"side":3,"counterClockwiseDirection":true},{"side":2,"counterClockwiseDirection":true,"layer":0},{"side":0,"counterClockwiseDirection":true,"layer":0},{"side":0,"counterClockwiseDirection":true,"layer":0},{"side":3,"counterClockwiseDirection":false,"layer":0},{"side":0,"counterClockwiseDirection":false,"layer":0},{"side":0,"counterClockwiseDirection":false,"layer":0},{"side":2,"counterClockwiseDirection":false,"layer":0},{"side":0,"counterClockwiseDirection":false,"layer":0},{"side":2,"counterClockwiseDirection":false,"layer":0},{"side":0,"counterClockwiseDirection":true,"layer":0},{"side":0,"counterClockwiseDirection":true,"layer":0}],"totalTime":70542.40000000596,"data":{"armageddonCounter":1,"generations":5006,"metrics":[{"label":"CHECK_SOLUTION","totalTime":3771.0999995470047,"totalRelativeTime":"5.34%","numOfCalls":15013230,"avgTimePerCall":0.00025118512135942795},{"label":"APPLYING_ROTATIONS","totalTime":22044.400003135204,"totalRelativeTime":"31.24%","numOfCalls":15013222,"avgTimePerCall":0.0014683323808263944},{"label":"COMPUTE_GENE","totalTime":3884.8999976217747,"totalRelativeTime":"5.5%","numOfCalls":15013222,"avgTimePerCall":0.00025876524024102054},{"label":"CALCULATE_CITIZEN_SCORE","totalTime":7947.1000033319,"totalRelativeTime":"11.26%","numOfCalls":15013222,"avgTimePerCall":0.0005293400712606461},{"label":"AGGREGATE_CURRENT_GENERATION","totalTime":132.7999997138977,"totalRelativeTime":"0.18%","numOfCalls":500440,"avgTimePerCall":0.0002653664769280987},{"label":"CREATE_NEXT_GENERATION","totalTime":457.30000054836273,"totalRelativeTime":"0.64%","numOfCalls":5004,"avgTimePerCall":0.09138689059719479},{"label":"MEASUREMENT_OVERHEAD","totalTime":16175.199996352196,"totalRelativeTime":"22.92%","numOfCalls":0,"avgTimePerCall":16175.199996352196},{"label":"NOT_MEASURED","totalTime":16129.599999755621,"totalRelativeTime":"22.86%","numOfCalls":0,"avgTimePerCall":16129.599999755621}]}}},{"label":"2x2","key":"SA","solution":{"rotations":[{"side":0,"counterClockwiseDirection":true,"layer":0},{"side":2,"counterClockwiseDirection":true,"layer":0},{"side":0,"counterClockwiseDirection":true,"layer":0},{"side":2,"counterClockwiseDirection":true,"layer":0},{"side":0,"counterClockwiseDirection":false,"layer":0},{"side":3,"counterClockwiseDirection":false,"layer":0},{"side":0,"counterClockwiseDirection":false,"layer":0},{"side":2,"counterClockwiseDirection":false,"layer":0},{"side":3,"counterClockwiseDirection":true,"layer":0},{"side":2,"counterClockwiseDirection":false,"layer":0},{"side":0,"counterClockwiseDirection":true,"layer":0},{"side":3,"counterClockwiseDirection":true,"layer":0},{"side":2,"counterClockwiseDirection":true,"layer":0},{"side":0,"counterClockwiseDirection":false,"layer":0},{"side":3,"counterClockwiseDirection":true,"layer":0},{"side":0,"counterClockwiseDirection":false,"layer":0},{"side":3,"counterClockwiseDirection":false,"layer":0},{"side":0,"counterClockwiseDirection":false,"layer":0},{"side":3,"counterClockwiseDirection":false,"layer":0},{"side":2,"counterClockwiseDirection":false,"layer":0},{"side":3,"counterClockwiseDirection":true,"layer":0},{"side":2,"counterClockwiseDirection":true,"layer":0},{"side":0,"counterClockwiseDirection":true,"layer":0},{"layer":0,"side":3,"counterClockwiseDirection":true}],"totalTime":24527.5,"data":{"restartCounter":0,"iterations":1716,"metrics":[{"label":"CHECK_SOLUTION","totalTime":1327.6999974548817,"totalRelativeTime":"5.41%","numOfCalls":5146590,"avgTimePerCall":0.00025797664034921797},{"label":"APPLYING_ROTATIONS","totalTime":7523.000002324581,"totalRelativeTime":"30.67%","numOfCalls":5146586,"avgTimePerCall":0.0014617457091603214},{"label":"COMPUTE_ROTATION","totalTime":1363.9000000357628,"totalRelativeTime":"5.56%","numOfCalls":5146586,"avgTimePerCall":0.00026501063035491154},{"label":"CALCULATE_CITIZEN_SCORE","totalTime":2756.499995917082,"totalRelativeTime":"11.23%","numOfCalls":5146586,"avgTimePerCall":0.0005355977721769503},{"label":"AGGREGATE_CURRENT_GENERATION","totalTime":48.60000017285347,"totalRelativeTime":"0.19%","numOfCalls":171552,"avgTimePerCall":0.00028329602786824677},{"label":"CREATE_NEXT_GENERATION","totalTime":149.70000040531158,"totalRelativeTime":"0.61%","numOfCalls":1715,"avgTimePerCall":0.08728862997394261},{"label":"MEASUREMENT_OVERHEAD","totalTime":5623.399998188019,"totalRelativeTime":"22.92%","numOfCalls":0,"avgTimePerCall":5623.399998188019},{"label":"NOT_MEASURED","totalTime":5734.700005501509,"totalRelativeTime":"23.38%","numOfCalls":0,"avgTimePerCall":5734.700005501509}]}}},{"label":"2x2","key":"WA*","solution":{"rotations":[{"side":2,"counterClockwiseDirection":true,"layer":0},{"side":2,"counterClockwiseDirection":true,"layer":0},{"side":0,"counterClockwiseDirection":false,"layer":0},{"side":3,"counterClockwiseDirection":true,"layer":0},{"side":0,"counterClockwiseDirection":true,"layer":0},{"side":0,"counterClockwiseDirection":true,"layer":0},{"side":3,"counterClockwiseDirection":false,"layer":0},{"side":2,"counterClockwiseDirection":false,"layer":0},{"side":3,"counterClockwiseDirection":false,"layer":0},{"side":0,"counterClockwiseDirection":false,"layer":0},{"side":2,"counterClockwiseDirection":false,"layer":0},{"side":0,"counterClockwiseDirection":true,"layer":0},{"side":3,"counterClockwiseDirection":false,"layer":0},{"side":2,"counterClockwiseDirection":true,"layer":0},{"side":0,"counterClockwiseDirection":false,"layer":0},{"side":2,"counterClockwiseDirection":false,"layer":0}],"totalTime":1291.800000011921,"data":{"metrics":[{"label":"ITERATIONS_COUNTER_INCREMENT","totalTime":26.300000220537186,"totalRelativeTime":"2.03%","numOfCalls":81206,"avgTimePerCall":0.0003238676972211066},{"label":"ABORTED_VERIFICATION","totalTime":13.89999994635582,"totalRelativeTime":"1.07%","numOfCalls":40603,"avgTimePerCall":0.00034233923469585546},{"label":"POP_CANDIDATE","totalTime":27.299999862909317,"totalRelativeTime":"2.11%","numOfCalls":40603,"avgTimePerCall":0.0006723641076499105},{"label":"VISISTED_LIST_CHECK","totalTime":101.2999995648861,"totalRelativeTime":"7.84%","numOfCalls":219727,"avgTimePerCall":0.0004610266356200471},{"label":"CHECK_SOLUTION","totalTime":10.300000041723251,"totalRelativeTime":"0.79%","numOfCalls":37572,"avgTimePerCall":0.0002741403183680201},{"label":"ADD_TO_VISISTED_LIST_CHECK","totalTime":26.199999928474426,"totalRelativeTime":"2.02%","numOfCalls":37571,"avgTimePerCall":0.0006973463556592698},{"label":"PERFORM_ROTATION","totalTime":306.7999998629093,"totalRelativeTime":"23.74%","numOfCalls":179124,"avgTimePerCall":0.0017127799728841994},{"label":"HEURISTIC_CALCULATION","totalTime":113.00000062584877,"totalRelativeTime":"8.74%","numOfCalls":179124,"avgTimePerCall":0.0006308479077390454},{"label":"ADD_CANDIDATE","totalTime":59.50000038743019,"totalRelativeTime":"4.6%","numOfCalls":174255,"avgTimePerCall":0.000341453619049268},{"label":"BUILD_SOLUTION","totalTime":0.09999999403953552,"totalRelativeTime":"0%","numOfCalls":1,"avgTimePerCall":0.09999999403953552},{"label":"MEASUREMENT_OVERHEAD","totalTime":286.3000002205372,"totalRelativeTime":"22.16%","numOfCalls":0,"avgTimePerCall":286.3000002205372},{"label":"NOT_MEASURED","totalTime":320.79999935626984,"totalRelativeTime":"24.83%","numOfCalls":0,"avgTimePerCall":320.79999935626984}],"visitedNodes":40603,"differentNodes":37572}}},{"label":"2x2","key":"BiBFS","solution":{"rotations":[{"side":3,"counterClockwiseDirection":true,"layer":0},{"side":2,"counterClockwiseDirection":true,"layer":0},{"side":0,"counterClockwiseDirection":false,"layer":0},{"side":3,"counterClockwiseDirection":true,"layer":0},{"side":2,"counterClockwiseDirection":true,"layer":0},{"side":0,"counterClockwiseDirection":false,"layer":0},{"side":3,"counterClockwiseDirection":true,"layer":0},{"side":0,"counterClockwiseDirection":false,"layer":0},{"side":3,"counterClockwiseDirection":true,"layer":0},{"side":2,"counterClockwiseDirection":false,"layer":0},{"side":3,"counterClockwiseDirection":false,"layer":0},{"side":3,"counterClockwiseDirection":false,"layer":0}],"totalTime":256.5,"data":{"metrics":[{"label":"POP_CANDIDATE","totalTime":1.3000000417232513,"totalRelativeTime":"0.5%","numOfCalls":9850,"avgTimePerCall":0.00013197969966733517},{"label":"VISISTED_LIST_CHECK","totalTime":28.399999678134918,"totalRelativeTime":"11.07%","numOfCalls":60642,"avgTimePerCall":0.00046832227957743674},{"label":"ADD_TO_VISISTED_LIST_CHECK","totalTime":2.299999952316284,"totalRelativeTime":"0.89%","numOfCalls":8616,"avgTimePerCall":0.0002669452126643784},{"label":"PERFORM_ROTATION","totalTime":99.39999976754189,"totalRelativeTime":"38.75%","numOfCalls":42174,"avgTimePerCall":0.002356902351390475},{"label":"ADD_CANDIDATE","totalTime":12.200000017881393,"totalRelativeTime":"4.75%","numOfCalls":41348,"avgTimePerCall":0.0002950565932543628},{"label":"MEASUREMENT_OVERHEAD","totalTime":54.40000033378601,"totalRelativeTime":"21.2%","numOfCalls":0,"avgTimePerCall":54.40000033378601},{"label":"NOT_MEASURED","totalTime":58.50000020861626,"totalRelativeTime":"22.8%","numOfCalls":0,"avgTimePerCall":58.50000020861626}],"iterations":4309,"visitedNodes":4309}}}]}