{"timestamp":1680889280298,"shuffle":"36: 2R    L    F    B    F'   L'   U   2F    U    L'   U'   R'   F   2R   2L   2D    L'   D    L    D    F    U'   B'   D    U'   L    F   2U    F    U   ","solutions":[{"label":"2x2","key":"IDDFS","solution":{"rotations":[{"side":0,"counterClockwiseDirection":false,"layer":0},{"side":2,"counterClockwiseDirection":false,"layer":0},{"side":3,"counterClockwiseDirection":true,"layer":0},{"side":0,"counterClockwiseDirection":true,"layer":0},{"side":3,"counterClockwiseDirection":true,"layer":0},{"side":3,"counterClockwiseDirection":true,"layer":0},{"side":2,"counterClockwiseDirection":false,"layer":0},{"side":0,"counterClockwiseDirection":true,"layer":0}],"totalTime":1256.1000000238419,"data":{"metrics":[{"label":"PERFORM_ROTATION","totalTime":536.699999243021,"totalRelativeTime":"42.72%","numOfCalls":391187,"avgTimePerCall":0.0013719781057218697},{"label":"ADD_CANDIDATE","totalTime":93.40000012516975,"totalRelativeTime":"7.43%","numOfCalls":391187,"avgTimePerCall":0.00023876049082707185},{"label":"NOT_MEASURED","totalTime":626.0000006556511,"totalRelativeTime":"49.83%","numOfCalls":0,"avgTimePerCall":626.0000006556511}],"visitedNodes":124590,"iterations":[{"visitedNodes":37,"bound":2},{"visitedNodes":181,"bound":3},{"visitedNodes":877,"bound":4},{"visitedNodes":4237,"bound":5},{"visitedNodes":20461,"bound":6},{"visitedNodes":98797,"bound":7}]}}},{"label":"2x2","key":"IDA*","solution":{"rotations":[{"side":0,"counterClockwiseDirection":false,"layer":0},{"side":2,"counterClockwiseDirection":false,"layer":0},{"side":3,"counterClockwiseDirection":true,"layer":0},{"side":0,"counterClockwiseDirection":true,"layer":0},{"side":3,"counterClockwiseDirection":true,"layer":0},{"side":3,"counterClockwiseDirection":true,"layer":0},{"side":2,"counterClockwiseDirection":false,"layer":0},{"side":0,"counterClockwiseDirection":true,"layer":0}],"totalTime":1652.1000000238419,"data":{"metrics":[{"label":"PERFORM_ROTATION","totalTime":812.8999998867512,"totalRelativeTime":"49.2%","numOfCalls":579451,"avgTimePerCall":0.0014028796220677006},{"label":"ADD_CANDIDATE","totalTime":139.29999947547913,"totalRelativeTime":"8.43%","numOfCalls":579451,"avgTimePerCall":0.000240399963889059},{"label":"NOT_MEASURED","totalTime":699.9000006616116,"totalRelativeTime":"42.36%","numOfCalls":0,"avgTimePerCall":699.9000006616116}],"visitedNodes":26573,"iterations":[{"visitedNodes":7,"bound":2},{"visitedNodes":42,"bound":3.25},{"visitedNodes":640,"bound":4.5},{"visitedNodes":4237,"bound":5.75},{"visitedNodes":21647,"bound":7}]}}},{"label":"2x2","key":"GA","solution":{"rotations":[{"side":0,"counterClockwiseDirection":false,"layer":0},{"side":2,"counterClockwiseDirection":false,"layer":0},{"side":2,"counterClockwiseDirection":false,"layer":0},{"side":0,"counterClockwiseDirection":true,"layer":0},{"side":2,"counterClockwiseDirection":true,"layer":0},{"side":3,"counterClockwiseDirection":true,"layer":0},{"side":0,"counterClockwiseDirection":true,"layer":0},{"side":3,"counterClockwiseDirection":true,"layer":0},{"side":2,"counterClockwiseDirection":false,"layer":0},{"side":3,"counterClockwiseDirection":true,"layer":0},{"side":2,"counterClockwiseDirection":false,"layer":0},{"side":0,"counterClockwiseDirection":true,"layer":0}],"totalTime":3938.7999999821186,"data":{"armageddonCounter":0,"generations":381,"metrics":[{"label":"CHECK_SOLUTION","totalTime":201.89999955892563,"totalRelativeTime":"5.12%","numOfCalls":1141710,"avgTimePerCall":0.00017684000276683713},{"label":"APPLYING_ROTATIONS","totalTime":1275.9000009000301,"totalRelativeTime":"32.39%","numOfCalls":1141694,"avgTimePerCall":0.0011175498871852092},{"label":"COMPUTE_GENE","totalTime":221.20000076293945,"totalRelativeTime":"5.61%","numOfCalls":1141694,"avgTimePerCall":0.00019374718686700592},{"label":"CALCULATE_CITIZEN_SCORE","totalTime":424.4000002145767,"totalRelativeTime":"10.77%","numOfCalls":1141694,"avgTimePerCall":0.0003717283266922457},{"label":"AGGREGATE_CURRENT_GENERATION","totalTime":6.299999803304672,"totalRelativeTime":"0.15%","numOfCalls":38056,"avgTimePerCall":0.00016554550670865755},{"label":"CREATE_NEXT_GENERATION","totalTime":27.999999821186066,"totalRelativeTime":"0.71%","numOfCalls":380,"avgTimePerCall":0.0736842100557528},{"label":"MEASUREMENT_OVERHEAD","totalTime":889.0999976098537,"totalRelativeTime":"22.57%","numOfCalls":0,"avgTimePerCall":889.0999976098537},{"label":"NOT_MEASURED","totalTime":892.0000013113022,"totalRelativeTime":"22.64%","numOfCalls":0,"avgTimePerCall":892.0000013113022}]}}},{"label":"2x2","key":"SA","solution":{"rotations":[{"side":3,"counterClockwiseDirection":true,"layer":0},{"side":2,"counterClockwiseDirection":true,"layer":0},{"side":0,"counterClockwiseDirection":false,"layer":0},{"side":0,"counterClockwiseDirection":false,"layer":0},{"side":2,"counterClockwiseDirection":true,"layer":0},{"side":0,"counterClockwiseDirection":true,"layer":0},{"side":3,"counterClockwiseDirection":false,"layer":0},{"side":2,"counterClockwiseDirection":true,"layer":0},{"side":0,"counterClockwiseDirection":false,"layer":0},{"side":2,"counterClockwiseDirection":false,"layer":0},{"side":0,"counterClockwiseDirection":false,"layer":0},{"side":2,"counterClockwiseDirection":false,"layer":0}],"totalTime":1767.699999988079,"data":{"restartCounter":0,"iterations":138,"metrics":[{"label":"CHECK_SOLUTION","totalTime":92.70000004768372,"totalRelativeTime":"5.24%","numOfCalls":413280,"avgTimePerCall":0.00022430313600388046},{"label":"APPLYING_ROTATIONS","totalTime":586.5000004470348,"totalRelativeTime":"33.17%","numOfCalls":413270,"avgTimePerCall":0.0014191690673095914},{"label":"COMPUTE_ROTATION","totalTime":98.99999979138374,"totalRelativeTime":"5.6%","numOfCalls":413270,"avgTimePerCall":0.00023955283420374994},{"label":"CALCULATE_CITIZEN_SCORE","totalTime":192.50000002980232,"totalRelativeTime":"10.88%","numOfCalls":413270,"avgTimePerCall":0.0004657971786720602},{"label":"AGGREGATE_CURRENT_GENERATION","totalTime":2.2000000178813934,"totalRelativeTime":"0.12%","numOfCalls":13775,"avgTimePerCall":0.00015970962017287793},{"label":"CREATE_NEXT_GENERATION","totalTime":19.200000017881393,"totalRelativeTime":"1.08%","numOfCalls":137,"avgTimePerCall":0.140145985531981},{"label":"MEASUREMENT_OVERHEAD","totalTime":392.7999994754791,"totalRelativeTime":"22.22%","numOfCalls":0,"avgTimePerCall":392.7999994754791},{"label":"NOT_MEASURED","totalTime":382.80000016093254,"totalRelativeTime":"21.65%","numOfCalls":0,"avgTimePerCall":382.80000016093254}]}}},{"label":"2x2","key":"WA*","solution":{"rotations":[{"side":3,"counterClockwiseDirection":false,"layer":0},{"side":2,"counterClockwiseDirection":false,"layer":0},{"side":3,"counterClockwiseDirection":false,"layer":0},{"side":0,"counterClockwiseDirection":true,"layer":0},{"side":3,"counterClockwiseDirection":true,"layer":0},{"side":2,"counterClockwiseDirection":false,"layer":0},{"side":3,"counterClockwiseDirection":true,"layer":0},{"side":2,"counterClockwiseDirection":false,"layer":0},{"side":3,"counterClockwiseDirection":true,"layer":0},{"side":3,"counterClockwiseDirection":true,"layer":0},{"side":0,"counterClockwiseDirection":false,"layer":0},{"side":3,"counterClockwiseDirection":true,"layer":0},{"side":0,"counterClockwiseDirection":false,"layer":0},{"side":3,"counterClockwiseDirection":false,"layer":0},{"side":0,"counterClockwiseDirection":true,"layer":0},{"side":0,"counterClockwiseDirection":true,"layer":0}],"totalTime":2570.0999999940395,"data":{"metrics":[{"label":"ITERATIONS_COUNTER_INCREMENT","totalTime":48.1000000834465,"totalRelativeTime":"1.87%","numOfCalls":215956,"avgTimePerCall":0.00022273055661082119},{"label":"ABORTED_VERIFICATION","totalTime":17.500000089406967,"totalRelativeTime":"0.68%","numOfCalls":107978,"avgTimePerCall":0.00016207005213475864},{"label":"POP_CANDIDATE","totalTime":54.19999995827675,"totalRelativeTime":"2.1%","numOfCalls":107978,"avgTimePerCall":0.0005019541013750648},{"label":"VISISTED_LIST_CHECK","totalTime":212.39999976754189,"totalRelativeTime":"8.26%","numOfCalls":580485,"avgTimePerCall":0.00036590092727209467},{"label":"CHECK_SOLUTION","totalTime":20.999999940395355,"totalRelativeTime":"0.81%","numOfCalls":98918,"avgTimePerCall":0.0002122970535230732},{"label":"ADD_TO_VISISTED_LIST_CHECK","totalTime":24.899999886751175,"totalRelativeTime":"0.96%","numOfCalls":98917,"avgTimePerCall":0.00025172619354358884},{"label":"PERFORM_ROTATION","totalTime":674.2000003457069,"totalRelativeTime":"26.23%","numOfCalls":472507,"avgTimePerCall":0.001426857168985236},{"label":"HEURISTIC_CALCULATION","totalTime":238.49999868869781,"totalRelativeTime":"9.27%","numOfCalls":472507,"avgTimePerCall":0.0005047544241433414},{"label":"ADD_CANDIDATE","totalTime":105.2000008225441,"totalRelativeTime":"4.09%","numOfCalls":452842,"avgTimePerCall":0.00023231060904806554},{"label":"BUILD_SOLUTION","totalTime":0,"totalRelativeTime":"0%","numOfCalls":1,"avgTimePerCall":0},{"label":"MEASUREMENT_OVERHEAD","totalTime":556.8000006973743,"totalRelativeTime":"21.66%","numOfCalls":0,"avgTimePerCall":556.8000006973743},{"label":"NOT_MEASURED","totalTime":617.2999997138977,"totalRelativeTime":"24.01%","numOfCalls":0,"avgTimePerCall":617.2999997138977}],"visitedNodes":107978,"differentNodes":98918}}},{"label":"2x2","key":"BiBFS","solution":{"rotations":[{"side":3,"counterClockwiseDirection":true,"layer":0},{"side":2,"counterClockwiseDirection":true,"layer":0},{"side":0,"counterClockwiseDirection":true,"layer":0},{"side":3,"counterClockwiseDirection":false,"layer":0},{"side":2,"counterClockwiseDirection":false,"layer":0},{"side":3,"counterClockwiseDirection":true,"layer":0},{"side":2,"counterClockwiseDirection":false,"layer":0},{"side":0,"counterClockwiseDirection":true,"layer":0}],"totalTime":26.30000001192093,"data":{"metrics":[{"label":"POP_CANDIDATE","totalTime":0.19999998807907104,"totalRelativeTime":"0.76%","numOfCalls":1052,"avgTimePerCall":0.00019011405710938313},{"label":"VISISTED_LIST_CHECK","totalTime":2.899999976158142,"totalRelativeTime":"11.02%","numOfCalls":6683,"avgTimePerCall":0.00043393685113843214},{"label":"ADD_TO_VISISTED_LIST_CHECK","totalTime":1.9000000357627869,"totalRelativeTime":"7.22%","numOfCalls":954,"avgTimePerCall":0.0019916142932523972},{"label":"PERFORM_ROTATION","totalTime":8.200000017881393,"totalRelativeTime":"31.17%","numOfCalls":4676,"avgTimePerCall":0.0017536355897949942},{"label":"ADD_CANDIDATE","totalTime":1.199999988079071,"totalRelativeTime":"4.56%","numOfCalls":4676,"avgTimePerCall":0.0002566295953975772},{"label":"MEASUREMENT_OVERHEAD","totalTime":6.60000005364418,"totalRelativeTime":"25.09%","numOfCalls":0,"avgTimePerCall":6.60000005364418},{"label":"NOT_MEASURED","totalTime":5.299999952316284,"totalRelativeTime":"20.15%","numOfCalls":0,"avgTimePerCall":5.299999952316284}],"iterations":478,"visitedNodes":478}}}]}