{"timestamp":1680984327970,"shuffle":"31:  L    R    U    B    U'   L   2U    R'   B    F    U    B'   R    D'  2B    U    L   2F    U    B'   D    F    D    F   2U    B    R   ","solutions":[{"label":"2x2","key":"IDDFS","solution":{"rotations":[{"side":2,"counterClockwiseDirection":true,"layer":0},{"side":2,"counterClockwiseDirection":true,"layer":0},{"side":3,"counterClockwiseDirection":false,"layer":0},{"side":0,"counterClockwiseDirection":true,"layer":0},{"side":2,"counterClockwiseDirection":false,"layer":0},{"side":3,"counterClockwiseDirection":false,"layer":0},{"side":0,"counterClockwiseDirection":true,"layer":0},{"side":2,"counterClockwiseDirection":true,"layer":0},{"side":0,"counterClockwiseDirection":true,"layer":0},{"side":2,"counterClockwiseDirection":true,"layer":0},{"side":3,"counterClockwiseDirection":false,"layer":0}],"totalTime":41047.29999999888,"data":{"metrics":[{"label":"PERFORM_ROTATION","totalTime":19105.399999734014,"totalRelativeTime":"46.54%","numOfCalls":15368158,"avgTimePerCall":0.0012431808678524787},{"label":"ADD_CANDIDATE","totalTime":3444.200000045821,"totalRelativeTime":"8.39%","numOfCalls":15368158,"avgTimePerCall":0.00022411274012447172},{"label":"NOT_MEASURED","totalTime":18497.700000219047,"totalRelativeTime":"45.06%","numOfCalls":0,"avgTimePerCall":18497.700000219047}],"visitedNodes":14026485,"iterations":[{"visitedNodes":37,"bound":2},{"visitedNodes":181,"bound":3},{"visitedNodes":877,"bound":4},{"visitedNodes":4237,"bound":5},{"visitedNodes":20461,"bound":6},{"visitedNodes":98797,"bound":7},{"visitedNodes":477037,"bound":8},{"visitedNodes":2303341,"bound":9},{"visitedNodes":11121517,"bound":10}]}}},{"label":"2x2","key":"IDA*","solution":{"rotations":[{"side":2,"counterClockwiseDirection":true,"layer":0},{"side":2,"counterClockwiseDirection":true,"layer":0},{"side":3,"counterClockwiseDirection":false,"layer":0},{"side":0,"counterClockwiseDirection":true,"layer":0},{"side":2,"counterClockwiseDirection":false,"layer":0},{"side":3,"counterClockwiseDirection":false,"layer":0},{"side":0,"counterClockwiseDirection":true,"layer":0},{"side":2,"counterClockwiseDirection":true,"layer":0},{"side":0,"counterClockwiseDirection":true,"layer":0},{"side":2,"counterClockwiseDirection":true,"layer":0},{"side":3,"counterClockwiseDirection":false,"layer":0}],"totalTime":25674.5,"data":{"metrics":[{"label":"PERFORM_ROTATION","totalTime":12870.299999974668,"totalRelativeTime":"50.12%","numOfCalls":10254609,"avgTimePerCall":0.0012550746693486478},{"label":"ADD_CANDIDATE","totalTime":2267.700000083074,"totalRelativeTime":"8.83%","numOfCalls":10254609,"avgTimePerCall":0.00022113958709523435},{"label":"NOT_MEASURED","totalTime":10536.499999942258,"totalRelativeTime":"41.03%","numOfCalls":0,"avgTimePerCall":10536.499999942258}],"visitedNodes":1845143,"iterations":[{"visitedNodes":7,"bound":2},{"visitedNodes":47,"bound":3.25},{"visitedNodes":603,"bound":4.5},{"visitedNodes":4237,"bound":5.75},{"visitedNodes":21395,"bound":7},{"visitedNodes":148447,"bound":8.25},{"visitedNodes":1670407,"bound":9.5}]}}},{"label":"2x2","key":"SA","solution":{"rotations":[{"side":2,"counterClockwiseDirection":false,"layer":0},{"side":0,"counterClockwiseDirection":true,"layer":0},{"side":2,"counterClockwiseDirection":false,"layer":0},{"side":3,"counterClockwiseDirection":true,"layer":0},{"side":2,"counterClockwiseDirection":false,"layer":0},{"side":2,"counterClockwiseDirection":false,"layer":0},{"side":3,"counterClockwiseDirection":true,"layer":0},{"side":0,"counterClockwiseDirection":true,"layer":0},{"side":3,"counterClockwiseDirection":false,"layer":0},{"side":2,"counterClockwiseDirection":false,"layer":0},{"side":3,"counterClockwiseDirection":true,"layer":0},{"side":0,"counterClockwiseDirection":true,"layer":0},{"side":2,"counterClockwiseDirection":true,"layer":0},{"side":3,"counterClockwiseDirection":false,"layer":0},{"side":2,"counterClockwiseDirection":false,"layer":0},{"side":2,"counterClockwiseDirection":false,"layer":0},{"side":3,"counterClockwiseDirection":false,"layer":0},{"side":2,"counterClockwiseDirection":false,"layer":0},{"side":0,"counterClockwiseDirection":false,"layer":0}],"totalTime":146446.69999999925,"data":{"restartCounter":3,"iterations":15695,"metrics":[{"label":"CHECK_SOLUTION","totalTime":7626.100000590086,"totalRelativeTime":"5.2%","numOfCalls":47082810,"avgTimePerCall":0.00016197206582593701},{"label":"APPLYING_ROTATIONS","totalTime":46519.8999995552,"totalRelativeTime":"31.76%","numOfCalls":47082809,"avgTimePerCall":0.00098804427746771},{"label":"COMPUTE_ROTATION","totalTime":7883.9999996982515,"totalRelativeTime":"5.38%","numOfCalls":47082809,"avgTimePerCall":0.00016744965237095884},{"label":"CALCULATE_CITIZEN_SCORE","totalTime":16048.599999964237,"totalRelativeTime":"10.95%","numOfCalls":47082809,"avgTimePerCall":0.00034085901714071983},{"label":"AGGREGATE_CURRENT_GENERATION","totalTime":268.59999999962747,"totalRelativeTime":"0.18%","numOfCalls":1569426,"avgTimePerCall":0.00017114537416840773},{"label":"CREATE_NEXT_GENERATION","totalTime":974.3999999649823,"totalRelativeTime":"0.66%","numOfCalls":15694,"avgTimePerCall":0.06208742194246096},{"label":"MEASUREMENT_OVERHEAD","totalTime":34106.700000014156,"totalRelativeTime":"23.28%","numOfCalls":0,"avgTimePerCall":34106.700000014156},{"label":"NOT_MEASURED","totalTime":33018.400000212714,"totalRelativeTime":"22.54%","numOfCalls":0,"avgTimePerCall":33018.400000212714}]}}},{"label":"2x2","key":"GA","solution":{"rotations":[{"side":2,"counterClockwiseDirection":false,"layer":0},{"side":0,"counterClockwiseDirection":false,"layer":0},{"side":3,"counterClockwiseDirection":false,"layer":0},{"side":0,"counterClockwiseDirection":true,"layer":0},{"side":3,"counterClockwiseDirection":true,"layer":0},{"side":0,"counterClockwiseDirection":false,"layer":0},{"side":3,"counterClockwiseDirection":true,"layer":0},{"side":2,"counterClockwiseDirection":true,"layer":0},{"side":3,"counterClockwiseDirection":false,"layer":0},{"side":2,"counterClockwiseDirection":false,"layer":0},{"side":3,"counterClockwiseDirection":true,"layer":0},{"side":0,"counterClockwiseDirection":false,"layer":0},{"side":3,"counterClockwiseDirection":true,"layer":0},{"side":2,"counterClockwiseDirection":true,"layer":0},{"side":0,"counterClockwiseDirection":true,"layer":0}],"totalTime":43072.70000000112,"data":{"armageddonCounter":0,"generations":3649,"metrics":[{"label":"CHECK_SOLUTION","totalTime":2228.0999999847263,"totalRelativeTime":"5.17%","numOfCalls":10945980,"avgTimePerCall":0.00020355418153374355},{"label":"APPLYING_ROTATIONS","totalTime":13842.200000345707,"totalRelativeTime":"32.13%","numOfCalls":10945977,"avgTimePerCall":0.0012645924617186485},{"label":"COMPUTE_GENE","totalTime":2344.300000101328,"totalRelativeTime":"5.44%","numOfCalls":10945977,"avgTimePerCall":0.00021417000968495804},{"label":"CALCULATE_CITIZEN_SCORE","totalTime":4743.499999916181,"totalRelativeTime":"11.01%","numOfCalls":10945977,"avgTimePerCall":0.00043335556067002344},{"label":"AGGREGATE_CURRENT_GENERATION","totalTime":82.20000002719462,"totalRelativeTime":"0.19%","numOfCalls":364865,"avgTimePerCall":0.00022528880552312395},{"label":"CREATE_NEXT_GENERATION","totalTime":240.0999999642372,"totalRelativeTime":"0.55%","numOfCalls":3648,"avgTimePerCall":0.06581688595510889},{"label":"MEASUREMENT_OVERHEAD","totalTime":9750.79999970086,"totalRelativeTime":"22.63%","numOfCalls":0,"avgTimePerCall":9750.79999970086},{"label":"NOT_MEASURED","totalTime":9841.499999960884,"totalRelativeTime":"22.84%","numOfCalls":0,"avgTimePerCall":9841.499999960884}]}}},{"label":"2x2","key":"WA*","solution":{"rotations":[{"side":0,"counterClockwiseDirection":false,"layer":0},{"side":3,"counterClockwiseDirection":true,"layer":0},{"side":3,"counterClockwiseDirection":true,"layer":0},{"side":0,"counterClockwiseDirection":false,"layer":0},{"side":3,"counterClockwiseDirection":false,"layer":0},{"side":0,"counterClockwiseDirection":false,"layer":0},{"side":3,"counterClockwiseDirection":true,"layer":0},{"side":0,"counterClockwiseDirection":false,"layer":0},{"side":2,"counterClockwiseDirection":false,"layer":0},{"side":2,"counterClockwiseDirection":false,"layer":0},{"side":0,"counterClockwiseDirection":true,"layer":0},{"side":2,"counterClockwiseDirection":true,"layer":0},{"side":0,"counterClockwiseDirection":false,"layer":0}],"totalTime":182.2000000011176,"data":{"metrics":[{"label":"ITERATIONS_COUNTER_INCREMENT","totalTime":1.9000000040978193,"totalRelativeTime":"1.04%","numOfCalls":11120,"avgTimePerCall":0.00017086330972102692},{"label":"ABORTED_VERIFICATION","totalTime":1.800000000745058,"totalRelativeTime":"0.98%","numOfCalls":5560,"avgTimePerCall":0.0003237410073282479},{"label":"POP_CANDIDATE","totalTime":3.099999999627471,"totalRelativeTime":"1.7%","numOfCalls":5560,"avgTimePerCall":0.0005575539567675308},{"label":"VISISTED_LIST_CHECK","totalTime":9.50000000372529,"totalRelativeTime":"5.21%","numOfCalls":30289,"avgTimePerCall":0.0003136452178588032},{"label":"CHECK_SOLUTION","totalTime":1.5,"totalRelativeTime":"0.82%","numOfCalls":5195,"avgTimePerCall":0.00028873917228103947},{"label":"ADD_TO_VISISTED_LIST_CHECK","totalTime":1.9000000022351742,"totalRelativeTime":"1.04%","numOfCalls":5194,"avgTimePerCall":0.0003658067004688437},{"label":"PERFORM_ROTATION","totalTime":40.29999999701977,"totalRelativeTime":"22.11%","numOfCalls":24729,"avgTimePerCall":0.0016296655747106543},{"label":"HEURISTIC_CALCULATION","totalTime":21.299999993294477,"totalRelativeTime":"11.69%","numOfCalls":24729,"avgTimePerCall":0.0008613368916371256},{"label":"ADD_CANDIDATE","totalTime":10.400000005960464,"totalRelativeTime":"5.7%","numOfCalls":24285,"avgTimePerCall":0.00042824788988925114},{"label":"BUILD_SOLUTION","totalTime":0,"totalRelativeTime":"0%","numOfCalls":1,"avgTimePerCall":0},{"label":"MEASUREMENT_OVERHEAD","totalTime":38.599999986588955,"totalRelativeTime":"21.18%","numOfCalls":0,"avgTimePerCall":38.599999986588955},{"label":"NOT_MEASURED","totalTime":51.90000000782311,"totalRelativeTime":"28.48%","numOfCalls":0,"avgTimePerCall":51.90000000782311}],"visitedNodes":5560,"differentNodes":5195}}},{"label":"2x2","key":"BiBFS","solution":{"rotations":[{"side":0,"counterClockwiseDirection":true,"layer":0},{"side":2,"counterClockwiseDirection":true,"layer":0},{"side":0,"counterClockwiseDirection":false,"layer":0},{"side":3,"counterClockwiseDirection":false,"layer":0},{"side":0,"counterClockwiseDirection":false,"layer":0},{"side":2,"counterClockwiseDirection":true,"layer":0},{"side":3,"counterClockwiseDirection":false,"layer":0},{"side":0,"counterClockwiseDirection":false,"layer":0},{"side":2,"counterClockwiseDirection":true,"layer":0},{"side":0,"counterClockwiseDirection":true,"layer":0},{"side":3,"counterClockwiseDirection":false,"layer":0}],"totalTime":198.59999999962747,"data":{"metrics":[{"label":"POP_CANDIDATE","totalTime":1.800000000745058,"totalRelativeTime":"0.9%","numOfCalls":9158,"avgTimePerCall":0.00019654946503003473},{"label":"VISISTED_LIST_CHECK","totalTime":24.00000000372529,"totalRelativeTime":"12.08%","numOfCalls":56545,"avgTimePerCall":0.00042444071100407267},{"label":"ADD_TO_VISISTED_LIST_CHECK","totalTime":1.8000000026077032,"totalRelativeTime":"0.9%","numOfCalls":8038,"avgTimePerCall":0.00022393630288724848},{"label":"PERFORM_ROTATION","totalTime":69,"totalRelativeTime":"34.74%","numOfCalls":39348,"avgTimePerCall":0.0017535834095760902},{"label":"ADD_CANDIDATE","totalTime":10.800000000745058,"totalRelativeTime":"5.43%","numOfCalls":38628,"avgTimePerCall":0.0002795899347816366},{"label":"MEASUREMENT_OVERHEAD","totalTime":41.69999997317791,"totalRelativeTime":"20.99%","numOfCalls":0,"avgTimePerCall":41.69999997317791},{"label":"NOT_MEASURED","totalTime":49.50000001862645,"totalRelativeTime":"24.92%","numOfCalls":0,"avgTimePerCall":49.50000001862645}],"iterations":4020,"visitedNodes":4020}}}]}