{"timestamp":1680887958824,"shuffle":"30: 2R    D    F'   L'   F   2U    D    B    U    D   2F    D    R'   B'   D    L    D    F    L   2R    U'   F'   B'  2U    L   ","solutions":[{"label":"2x2","key":"IDDFS","solution":{"rotations":[{"side":2,"counterClockwiseDirection":false,"layer":0},{"side":0,"counterClockwiseDirection":false,"layer":0},{"side":2,"counterClockwiseDirection":false,"layer":0},{"side":3,"counterClockwiseDirection":false,"layer":0},{"side":2,"counterClockwiseDirection":true,"layer":0},{"side":2,"counterClockwiseDirection":true,"layer":0},{"side":0,"counterClockwiseDirection":true,"layer":0},{"side":2,"counterClockwiseDirection":false,"layer":0},{"side":3,"counterClockwiseDirection":false,"layer":0},{"side":0,"counterClockwiseDirection":true,"layer":0}],"totalTime":18526.79999998212,"data":{"metrics":[{"label":"PERFORM_ROTATION","totalTime":8069.1000046133995,"totalRelativeTime":"43.55%","numOfCalls":5603096,"avgTimePerCall":0.0014401145375009458},{"label":"ADD_CANDIDATE","totalTime":1427.5000004172325,"totalRelativeTime":"7.7%","numOfCalls":5603096,"avgTimePerCall":0.0002547698630216638},{"label":"NOT_MEASURED","totalTime":9030.199994951487,"totalRelativeTime":"48.74%","numOfCalls":0,"avgTimePerCall":9030.199994951487}],"visitedNodes":2904968,"iterations":[{"visitedNodes":37,"bound":2},{"visitedNodes":181,"bound":3},{"visitedNodes":877,"bound":4},{"visitedNodes":4237,"bound":5},{"visitedNodes":20461,"bound":6},{"visitedNodes":98797,"bound":7},{"visitedNodes":477037,"bound":8},{"visitedNodes":2303341,"bound":9}]}}},{"label":"2x2","key":"IDA*","solution":{"rotations":[{"side":2,"counterClockwiseDirection":false,"layer":0},{"side":0,"counterClockwiseDirection":false,"layer":0},{"side":2,"counterClockwiseDirection":false,"layer":0},{"side":3,"counterClockwiseDirection":false,"layer":0},{"side":2,"counterClockwiseDirection":true,"layer":0},{"side":2,"counterClockwiseDirection":true,"layer":0},{"side":0,"counterClockwiseDirection":true,"layer":0},{"side":2,"counterClockwiseDirection":false,"layer":0},{"side":3,"counterClockwiseDirection":false,"layer":0},{"side":0,"counterClockwiseDirection":true,"layer":0}],"totalTime":50204.19999998808,"data":{"metrics":[{"label":"PERFORM_ROTATION","totalTime":24315.199989527464,"totalRelativeTime":"48.43%","numOfCalls":22489006,"avgTimePerCall":0.0010812038553205715},{"label":"ADD_CANDIDATE","totalTime":4346.900000154972,"totalRelativeTime":"8.65%","numOfCalls":22489006,"avgTimePerCall":0.00019329000135243736},{"label":"NOT_MEASURED","totalTime":21542.100010305643,"totalRelativeTime":"42.9%","numOfCalls":0,"avgTimePerCall":21542.100010305643}],"visitedNodes":1949990,"iterations":[{"visitedNodes":7,"bound":2},{"visitedNodes":62,"bound":3.25},{"visitedNodes":647,"bound":4.5},{"visitedNodes":4272,"bound":5.75},{"visitedNodes":21907,"bound":7},{"visitedNodes":164555,"bound":8.25},{"visitedNodes":1758540,"bound":9.5}]}}},{"label":"2x2","key":"GA","solution":{"rotations":[{"layer":0,"side":3,"counterClockwiseDirection":false},{"side":2,"counterClockwiseDirection":true,"layer":0},{"side":0,"counterClockwiseDirection":false,"layer":0},{"side":2,"counterClockwiseDirection":true,"layer":0},{"side":2,"counterClockwiseDirection":true,"layer":0},{"side":0,"counterClockwiseDirection":true,"layer":0},{"side":2,"counterClockwiseDirection":true,"layer":0},{"layer":0,"side":3,"counterClockwiseDirection":true},{"side":0,"counterClockwiseDirection":true,"layer":0},{"side":2,"counterClockwiseDirection":true,"layer":0},{"side":0,"counterClockwiseDirection":false,"layer":0},{"side":3,"counterClockwiseDirection":false,"layer":0},{"side":0,"counterClockwiseDirection":false,"layer":0},{"side":3,"counterClockwiseDirection":true,"layer":0},{"side":2,"counterClockwiseDirection":true,"layer":0},{"side":0,"counterClockwiseDirection":false,"layer":0}],"totalTime":18663.09999999404,"data":{"armageddonCounter":0,"generations":1384,"metrics":[{"label":"CHECK_SOLUTION","totalTime":1025.7999997437,"totalRelativeTime":"5.49%","numOfCalls":4150980,"avgTimePerCall":0.0002471223662228438},{"label":"APPLYING_ROTATIONS","totalTime":5867.799998998642,"totalRelativeTime":"31.44%","numOfCalls":4150974,"avgTimePerCall":0.001413595941337778},{"label":"COMPUTE_GENE","totalTime":1010.500001758337,"totalRelativeTime":"5.41%","numOfCalls":4150974,"avgTimePerCall":0.0002434368419937916},{"label":"CALCULATE_CITIZEN_SCORE","totalTime":2131.5999995172024,"totalRelativeTime":"11.42%","numOfCalls":4150974,"avgTimePerCall":0.000513518032037108},{"label":"AGGREGATE_CURRENT_GENERATION","totalTime":37.400000154972076,"totalRelativeTime":"0.2%","numOfCalls":138365,"avgTimePerCall":0.00027029957109798053},{"label":"CREATE_NEXT_GENERATION","totalTime":117.69999894499779,"totalRelativeTime":"0.63%","numOfCalls":1383,"avgTimePerCall":0.0851048437780172},{"label":"MEASUREMENT_OVERHEAD","totalTime":4206.300000369549,"totalRelativeTime":"22.53%","numOfCalls":0,"avgTimePerCall":4206.300000369549},{"label":"NOT_MEASURED","totalTime":4266.0000005066395,"totalRelativeTime":"22.85%","numOfCalls":0,"avgTimePerCall":4266.0000005066395}]}}},{"label":"2x2","key":"SA","solution":{"rotations":[{"side":2,"counterClockwiseDirection":true,"layer":0},{"side":3,"counterClockwiseDirection":false,"layer":0},{"side":0,"counterClockwiseDirection":false,"layer":0},{"side":3,"counterClockwiseDirection":false,"layer":0},{"side":0,"counterClockwiseDirection":true,"layer":0},{"side":2,"counterClockwiseDirection":true,"layer":0},{"side":3,"counterClockwiseDirection":true,"layer":0},{"side":0,"counterClockwiseDirection":true,"layer":0},{"side":2,"counterClockwiseDirection":false,"layer":0},{"side":0,"counterClockwiseDirection":false,"layer":0},{"side":3,"counterClockwiseDirection":false,"layer":0},{"side":0,"counterClockwiseDirection":true,"layer":0},{"side":2,"counterClockwiseDirection":false,"layer":0},{"side":0,"counterClockwiseDirection":true,"layer":0},{"side":2,"counterClockwiseDirection":false,"layer":0},{"side":3,"counterClockwiseDirection":false,"layer":0}],"totalTime":20322.5,"data":{"restartCounter":0,"iterations":1538,"metrics":[{"label":"CHECK_SOLUTION","totalTime":1098.4999987185001,"totalRelativeTime":"5.4%","numOfCalls":4613340,"avgTimePerCall":0.00023811381747681725},{"label":"APPLYING_ROTATIONS","totalTime":6329.799996584654,"totalRelativeTime":"31.14%","numOfCalls":4613334,"avgTimePerCall":0.0013720662749726453},{"label":"COMPUTE_ROTATION","totalTime":1110.2000006437302,"totalRelativeTime":"5.46%","numOfCalls":4613334,"avgTimePerCall":0.0002406502543808296},{"label":"CALCULATE_CITIZEN_SCORE","totalTime":2305.7000004947186,"totalRelativeTime":"11.34%","numOfCalls":4613334,"avgTimePerCall":0.0004997903903109375},{"label":"AGGREGATE_CURRENT_GENERATION","totalTime":40.199999928474426,"totalRelativeTime":"0.19%","numOfCalls":153777,"avgTimePerCall":0.0002614175067043474},{"label":"CREATE_NEXT_GENERATION","totalTime":143.7999990284443,"totalRelativeTime":"0.7%","numOfCalls":1537,"avgTimePerCall":0.09355888030477832},{"label":"MEASUREMENT_OVERHEAD","totalTime":4628.700003474951,"totalRelativeTime":"22.77%","numOfCalls":0,"avgTimePerCall":4628.700003474951},{"label":"NOT_MEASURED","totalTime":4665.600001126528,"totalRelativeTime":"22.95%","numOfCalls":0,"avgTimePerCall":4665.600001126528}]}}},{"label":"2x2","key":"WA*","solution":{"rotations":[{"side":0,"counterClockwiseDirection":false,"layer":0},{"side":2,"counterClockwiseDirection":false,"layer":0},{"side":2,"counterClockwiseDirection":false,"layer":0},{"side":3,"counterClockwiseDirection":false,"layer":0},{"side":2,"counterClockwiseDirection":true,"layer":0},{"side":3,"counterClockwiseDirection":false,"layer":0},{"side":0,"counterClockwiseDirection":true,"layer":0},{"side":3,"counterClockwiseDirection":true,"layer":0},{"side":2,"counterClockwiseDirection":true,"layer":0},{"side":0,"counterClockwiseDirection":true,"layer":0},{"side":2,"counterClockwiseDirection":false,"layer":0},{"side":3,"counterClockwiseDirection":false,"layer":0}],"totalTime":1584.6000000238419,"data":{"metrics":[{"label":"ITERATIONS_COUNTER_INCREMENT","totalTime":25.399999797344208,"totalRelativeTime":"1.6%","numOfCalls":118482,"avgTimePerCall":0.000214378553681945},{"label":"ABORTED_VERIFICATION","totalTime":13.699999749660492,"totalRelativeTime":"0.86%","numOfCalls":59241,"avgTimePerCall":0.00023125875237859747},{"label":"POP_CANDIDATE","totalTime":34.60000026226044,"totalRelativeTime":"2.18%","numOfCalls":59241,"avgTimePerCall":0.0005840549663621552},{"label":"VISISTED_LIST_CHECK","totalTime":122.79999923706055,"totalRelativeTime":"7.74%","numOfCalls":319936,"avgTimePerCall":0.0003838267629684079},{"label":"CHECK_SOLUTION","totalTime":15.200000017881393,"totalRelativeTime":"0.95%","numOfCalls":54630,"avgTimePerCall":0.00027823540212120433},{"label":"ADD_TO_VISISTED_LIST_CHECK","totalTime":15.59999993443489,"totalRelativeTime":"0.98%","numOfCalls":54629,"avgTimePerCall":0.00028556261206382855},{"label":"PERFORM_ROTATION","totalTime":396.6000011563301,"totalRelativeTime":"25.02%","numOfCalls":260695,"avgTimePerCall":0.0015213180197408086},{"label":"HEURISTIC_CALCULATION","totalTime":160.60000059008598,"totalRelativeTime":"10.13%","numOfCalls":260695,"avgTimePerCall":0.0006160455727577666},{"label":"ADD_CANDIDATE","totalTime":74.59999984502792,"totalRelativeTime":"4.7%","numOfCalls":252185,"avgTimePerCall":0.000295814579951337},{"label":"BUILD_SOLUTION","totalTime":0,"totalRelativeTime":"0%","numOfCalls":1,"avgTimePerCall":0},{"label":"MEASUREMENT_OVERHEAD","totalTime":349.6999998688698,"totalRelativeTime":"22.06%","numOfCalls":0,"avgTimePerCall":349.6999998688698},{"label":"NOT_MEASURED","totalTime":375.7999995648861,"totalRelativeTime":"23.71%","numOfCalls":0,"avgTimePerCall":375.7999995648861}],"visitedNodes":59241,"differentNodes":54630}}},{"label":"2x2","key":"BiBFS","solution":{"rotations":[{"side":3,"counterClockwiseDirection":true,"layer":0},{"side":0,"counterClockwiseDirection":false,"layer":0},{"side":3,"counterClockwiseDirection":false,"layer":0},{"side":2,"counterClockwiseDirection":false,"layer":0},{"side":3,"counterClockwiseDirection":true,"layer":0},{"side":2,"counterClockwiseDirection":false,"layer":0},{"side":3,"counterClockwiseDirection":false,"layer":0},{"side":2,"counterClockwiseDirection":true,"layer":0},{"side":0,"counterClockwiseDirection":true,"layer":0},{"side":3,"counterClockwiseDirection":false,"layer":0}],"totalTime":84.69999998807907,"data":{"metrics":[{"label":"POP_CANDIDATE","totalTime":1.2999999523162842,"totalRelativeTime":"1.53%","numOfCalls":2050,"avgTimePerCall":0.0006341463182030655},{"label":"VISISTED_LIST_CHECK","totalTime":6.900000065565109,"totalRelativeTime":"8.14%","numOfCalls":13037,"avgTimePerCall":0.0005292628722532108},{"label":"ADD_TO_VISISTED_LIST_CHECK","totalTime":1.0999999940395355,"totalRelativeTime":"1.29%","numOfCalls":1862,"avgTimePerCall":0.0005907626176367},{"label":"PERFORM_ROTATION","totalTime":41.49999985098839,"totalRelativeTime":"48.99%","numOfCalls":9124,"avgTimePerCall":0.004548443648727355},{"label":"ADD_CANDIDATE","totalTime":4.300000101327896,"totalRelativeTime":"5.07%","numOfCalls":9088,"avgTimePerCall":0.0004731514196003407},{"label":"MEASUREMENT_OVERHEAD","totalTime":11.800000071525574,"totalRelativeTime":"13.93%","numOfCalls":0,"avgTimePerCall":11.800000071525574},{"label":"NOT_MEASURED","totalTime":17.799999952316284,"totalRelativeTime":"21.01%","numOfCalls":0,"avgTimePerCall":17.799999952316284}],"iterations":932,"visitedNodes":932}}}]}