{"timestamp":1680889388601,"shuffle":"37:  L    B    U'   D'  2U    F    U'   D'   B    U    D    B'   F'   U'   D'   R   2L    U    D    B'   D'  2R    D    L    R'  2D    F'  2U    B'   L    R'   F'  ","solutions":[{"label":"2x2","key":"IDDFS","solution":{"rotations":[{"side":0,"counterClockwiseDirection":true,"layer":0},{"side":2,"counterClockwiseDirection":true,"layer":0},{"side":0,"counterClockwiseDirection":false,"layer":0},{"side":3,"counterClockwiseDirection":true,"layer":0},{"side":0,"counterClockwiseDirection":true,"layer":0},{"side":3,"counterClockwiseDirection":false,"layer":0},{"side":2,"counterClockwiseDirection":true,"layer":0},{"side":0,"counterClockwiseDirection":true,"layer":0},{"side":2,"counterClockwiseDirection":false,"layer":0},{"side":0,"counterClockwiseDirection":true,"layer":0},{"side":2,"counterClockwiseDirection":true,"layer":0}],"totalTime":101829.90000000596,"data":{"metrics":[{"label":"PERFORM_ROTATION","totalTime":44571.10000166297,"totalRelativeTime":"43.77%","numOfCalls":32899263,"avgTimePerCall":0.001354775029509414},{"label":"ADD_CANDIDATE","totalTime":7699.399997770786,"totalRelativeTime":"7.56%","numOfCalls":32899263,"avgTimePerCall":0.00023402955858831204},{"label":"NOT_MEASURED","totalTime":49559.400000572205,"totalRelativeTime":"48.66%","numOfCalls":0,"avgTimePerCall":49559.400000572205}],"visitedNodes":14026485,"iterations":[{"visitedNodes":37,"bound":2},{"visitedNodes":181,"bound":3},{"visitedNodes":877,"bound":4},{"visitedNodes":4237,"bound":5},{"visitedNodes":20461,"bound":6},{"visitedNodes":98797,"bound":7},{"visitedNodes":477037,"bound":8},{"visitedNodes":2303341,"bound":9},{"visitedNodes":11121517,"bound":10}]}}},{"label":"2x2","key":"IDA*","solution":{"rotations":[{"side":0,"counterClockwiseDirection":true,"layer":0},{"side":2,"counterClockwiseDirection":true,"layer":0},{"side":0,"counterClockwiseDirection":false,"layer":0},{"side":3,"counterClockwiseDirection":true,"layer":0},{"side":0,"counterClockwiseDirection":true,"layer":0},{"side":3,"counterClockwiseDirection":false,"layer":0},{"side":2,"counterClockwiseDirection":true,"layer":0},{"side":0,"counterClockwiseDirection":true,"layer":0},{"side":2,"counterClockwiseDirection":false,"layer":0},{"side":0,"counterClockwiseDirection":true,"layer":0},{"side":2,"counterClockwiseDirection":true,"layer":0}],"totalTime":83592.90000000596,"data":{"metrics":[{"label":"PERFORM_ROTATION","totalTime":40460.79999756813,"totalRelativeTime":"48.4%","numOfCalls":28080991,"avgTimePerCall":0.0014408608299318257},{"label":"ADD_CANDIDATE","totalTime":7237.4000017642975,"totalRelativeTime":"8.65%","numOfCalls":28080991,"avgTimePerCall":0.0002577330693836374},{"label":"NOT_MEASURED","totalTime":35894.70000067353,"totalRelativeTime":"42.93%","numOfCalls":0,"avgTimePerCall":35894.70000067353}],"visitedNodes":1895622,"iterations":[{"visitedNodes":7,"bound":2},{"visitedNodes":42,"bound":3.25},{"visitedNodes":591,"bound":4.5},{"visitedNodes":4237,"bound":5.75},{"visitedNodes":21090,"bound":7},{"visitedNodes":151746,"bound":8.25},{"visitedNodes":1717909,"bound":9.5}]}}},{"label":"2x2","key":"GA","solution":{"rotations":[{"layer":0,"side":3,"counterClockwiseDirection":false},{"side":2,"counterClockwiseDirection":false,"layer":0},{"side":0,"counterClockwiseDirection":false,"layer":0},{"side":2,"counterClockwiseDirection":false,"layer":0},{"side":3,"counterClockwiseDirection":false,"layer":0},{"side":3,"counterClockwiseDirection":false,"layer":0},{"side":0,"counterClockwiseDirection":false,"layer":0},{"side":0,"counterClockwiseDirection":false,"layer":0},{"side":2,"counterClockwiseDirection":false,"layer":0},{"side":0,"counterClockwiseDirection":true,"layer":0},{"side":3,"counterClockwiseDirection":false,"layer":0},{"side":0,"counterClockwiseDirection":false,"layer":0},{"side":0,"counterClockwiseDirection":false,"layer":0},{"side":3,"counterClockwiseDirection":false,"layer":0},{"side":2,"counterClockwiseDirection":true,"layer":0}],"totalTime":46598.19999998808,"data":{"armageddonCounter":0,"generations":3364,"metrics":[{"label":"CHECK_SOLUTION","totalTime":2523.900000333786,"totalRelativeTime":"5.41%","numOfCalls":10089360,"avgTimePerCall":0.0002501546183636807},{"label":"APPLYING_ROTATIONS","totalTime":14817.100007027388,"totalRelativeTime":"31.79%","numOfCalls":10089357,"avgTimePerCall":0.0014685871465374243},{"label":"COMPUTE_GENE","totalTime":2531.5999979376793,"totalRelativeTime":"5.43%","numOfCalls":10089357,"avgTimePerCall":0.0002509178729563915},{"label":"CALCULATE_CITIZEN_SCORE","totalTime":5230.900001317263,"totalRelativeTime":"11.22%","numOfCalls":10089357,"avgTimePerCall":0.0005184572219336934},{"label":"AGGREGATE_CURRENT_GENERATION","totalTime":89.69999983906746,"totalRelativeTime":"0.19%","numOfCalls":336311,"avgTimePerCall":0.00026671741286805206},{"label":"CREATE_NEXT_GENERATION","totalTime":277.9999994635582,"totalRelativeTime":"0.59%","numOfCalls":3363,"avgTimePerCall":0.08266428767872679},{"label":"MEASUREMENT_OVERHEAD","totalTime":10464.300000190735,"totalRelativeTime":"22.45%","numOfCalls":0,"avgTimePerCall":10464.300000190735},{"label":"NOT_MEASURED","totalTime":10662.699993878603,"totalRelativeTime":"22.88%","numOfCalls":0,"avgTimePerCall":10662.699993878603}]}}},{"label":"2x2","key":"SA","solution":{"rotations":[{"side":3,"counterClockwiseDirection":false,"layer":0},{"side":3,"counterClockwiseDirection":false,"layer":0},{"side":2,"counterClockwiseDirection":false,"layer":0},{"side":3,"counterClockwiseDirection":true,"layer":0},{"side":2,"counterClockwiseDirection":false,"layer":0},{"side":3,"counterClockwiseDirection":true,"layer":0},{"side":3,"counterClockwiseDirection":true,"layer":0},{"side":2,"counterClockwiseDirection":false,"layer":0},{"side":0,"counterClockwiseDirection":false,"layer":0},{"side":3,"counterClockwiseDirection":false,"layer":0},{"side":0,"counterClockwiseDirection":true,"layer":0},{"side":2,"counterClockwiseDirection":false,"layer":0},{"side":0,"counterClockwiseDirection":true,"layer":0},{"layer":0,"side":2,"counterClockwiseDirection":true},{"side":3,"counterClockwiseDirection":false,"layer":0},{"side":2,"counterClockwiseDirection":false,"layer":0},{"side":3,"counterClockwiseDirection":false,"layer":0},{"side":2,"counterClockwiseDirection":true,"layer":0},{"side":0,"counterClockwiseDirection":false,"layer":0}],"totalTime":70876.30000001192,"data":{"restartCounter":1,"iterations":5051,"metrics":[{"label":"CHECK_SOLUTION","totalTime":3874.700003236532,"totalRelativeTime":"5.46%","numOfCalls":15151470,"avgTimePerCall":0.00025573096229187874},{"label":"APPLYING_ROTATIONS","totalTime":22228.40000027418,"totalRelativeTime":"31.36%","numOfCalls":15151469,"avgTimePerCall":0.0014670788687403302},{"label":"COMPUTE_ROTATION","totalTime":3879.0999984443188,"totalRelativeTime":"5.47%","numOfCalls":15151469,"avgTimePerCall":0.0002560213797384477},{"label":"CALCULATE_CITIZEN_SCORE","totalTime":7904.100002199411,"totalRelativeTime":"11.15%","numOfCalls":15151469,"avgTimePerCall":0.0005216721891586493},{"label":"AGGREGATE_CURRENT_GENERATION","totalTime":129.00000008940697,"totalRelativeTime":"0.18%","numOfCalls":505048,"avgTimePerCall":0.00025542126706651043},{"label":"CREATE_NEXT_GENERATION","totalTime":431.8999988436699,"totalRelativeTime":"0.6%","numOfCalls":5050,"avgTimePerCall":0.08552475224627126},{"label":"MEASUREMENT_OVERHEAD","totalTime":15729.000007092953,"totalRelativeTime":"22.19%","numOfCalls":0,"avgTimePerCall":15729.000007092953},{"label":"NOT_MEASURED","totalTime":16700.099989831448,"totalRelativeTime":"23.56%","numOfCalls":0,"avgTimePerCall":16700.099989831448}]}}},{"label":"2x2","key":"WA*","solution":{"rotations":[{"side":0,"counterClockwiseDirection":false,"layer":0},{"side":2,"counterClockwiseDirection":false,"layer":0},{"side":3,"counterClockwiseDirection":true,"layer":0},{"side":2,"counterClockwiseDirection":true,"layer":0},{"side":0,"counterClockwiseDirection":true,"layer":0},{"side":2,"counterClockwiseDirection":false,"layer":0},{"side":0,"counterClockwiseDirection":true,"layer":0},{"side":2,"counterClockwiseDirection":false,"layer":0},{"side":0,"counterClockwiseDirection":true,"layer":0},{"side":2,"counterClockwiseDirection":true,"layer":0},{"side":2,"counterClockwiseDirection":true,"layer":0},{"side":0,"counterClockwiseDirection":true,"layer":0},{"side":2,"counterClockwiseDirection":true,"layer":0},{"side":0,"counterClockwiseDirection":false,"layer":0},{"side":2,"counterClockwiseDirection":false,"layer":0}],"totalTime":384.59999999403954,"data":{"metrics":[{"label":"ITERATIONS_COUNTER_INCREMENT","totalTime":4.799999952316284,"totalRelativeTime":"1.24%","numOfCalls":19606,"avgTimePerCall":0.000244823010931158},{"label":"ABORTED_VERIFICATION","totalTime":2.4000000059604645,"totalRelativeTime":"0.62%","numOfCalls":9803,"avgTimePerCall":0.0002448230139712807},{"label":"POP_CANDIDATE","totalTime":13.299999952316284,"totalRelativeTime":"3.45%","numOfCalls":9803,"avgTimePerCall":0.0013567275275238482},{"label":"VISISTED_LIST_CHECK","totalTime":17.80000028014183,"totalRelativeTime":"4.62%","numOfCalls":53385,"avgTimePerCall":0.0003334269978484936},{"label":"CHECK_SOLUTION","totalTime":2.2999999821186066,"totalRelativeTime":"0.59%","numOfCalls":9136,"avgTimePerCall":0.0002517513115278685},{"label":"ADD_TO_VISISTED_LIST_CHECK","totalTime":3.4999998211860657,"totalRelativeTime":"0.91%","numOfCalls":9135,"avgTimePerCall":0.0003831417428775113},{"label":"PERFORM_ROTATION","totalTime":96.00000023841858,"totalRelativeTime":"24.96%","numOfCalls":43582,"avgTimePerCall":0.0022027442576847914},{"label":"HEURISTIC_CALCULATION","totalTime":27.499999910593033,"totalRelativeTime":"7.15%","numOfCalls":43582,"avgTimePerCall":0.0006309944451973988},{"label":"ADD_CANDIDATE","totalTime":12.699999898672104,"totalRelativeTime":"3.3%","numOfCalls":42825,"avgTimePerCall":0.0002965557477798506},{"label":"BUILD_SOLUTION","totalTime":0,"totalRelativeTime":"0%","numOfCalls":1,"avgTimePerCall":0},{"label":"MEASUREMENT_OVERHEAD","totalTime":132.4999997317791,"totalRelativeTime":"34.45%","numOfCalls":0,"avgTimePerCall":132.4999997317791},{"label":"NOT_MEASURED","totalTime":71.80000022053719,"totalRelativeTime":"18.66%","numOfCalls":0,"avgTimePerCall":71.80000022053719}],"visitedNodes":9803,"differentNodes":9136}}},{"label":"2x2","key":"BiBFS","solution":{"rotations":[{"side":3,"counterClockwiseDirection":true,"layer":0},{"side":3,"counterClockwiseDirection":true,"layer":0},{"side":0,"counterClockwiseDirection":false,"layer":0},{"side":2,"counterClockwiseDirection":true,"layer":0},{"side":3,"counterClockwiseDirection":false,"layer":0},{"side":2,"counterClockwiseDirection":true,"layer":0},{"side":2,"counterClockwiseDirection":true,"layer":0},{"side":0,"counterClockwiseDirection":true,"layer":0},{"side":2,"counterClockwiseDirection":false,"layer":0},{"side":0,"counterClockwiseDirection":false,"layer":0},{"side":3,"counterClockwiseDirection":false,"layer":0}],"totalTime":166,"data":{"metrics":[{"label":"POP_CANDIDATE","totalTime":1.6999999582767487,"totalRelativeTime":"1.02%","numOfCalls":7068,"avgTimePerCall":0.00024052065057678958},{"label":"VISISTED_LIST_CHECK","totalTime":17.59999993443489,"totalRelativeTime":"10.6%","numOfCalls":43492,"avgTimePerCall":0.00040467212210141846},{"label":"ADD_TO_VISISTED_LIST_CHECK","totalTime":2.3999999463558197,"totalRelativeTime":"1.44%","numOfCalls":6178,"avgTimePerCall":0.0003884752260206895},{"label":"PERFORM_ROTATION","totalTime":59.60000044107437,"totalRelativeTime":"35.9%","numOfCalls":30244,"avgTimePerCall":0.001970638818974817},{"label":"ADD_CANDIDATE","totalTime":8.29999989271164,"totalRelativeTime":"4.99%","numOfCalls":29914,"avgTimePerCall":0.0002774620543127512},{"label":"MEASUREMENT_OVERHEAD","totalTime":44.899999767541885,"totalRelativeTime":"27.04%","numOfCalls":0,"avgTimePerCall":44.899999767541885},{"label":"NOT_MEASURED","totalTime":31.500000059604645,"totalRelativeTime":"18.97%","numOfCalls":0,"avgTimePerCall":31.500000059604645}],"iterations":3090,"visitedNodes":3090}}}]}