{"timestamp":1680884520357,"shuffle":"31:  L'   F    R   2U    R'   B'   L    B'   L    R    F    R    F'  2L    F    L    U    R    B'  2R    L'   F    U'   D'   L   2R    B'  ","solutions":[{"label":"2x2","key":"IDDFS","solution":{"rotations":[{"side":3,"counterClockwiseDirection":false,"layer":0},{"side":2,"counterClockwiseDirection":true,"layer":0},{"side":3,"counterClockwiseDirection":false,"layer":0},{"side":2,"counterClockwiseDirection":false,"layer":0},{"side":3,"counterClockwiseDirection":true,"layer":0},{"side":0,"counterClockwiseDirection":false,"layer":0},{"side":2,"counterClockwiseDirection":false,"layer":0},{"side":0,"counterClockwiseDirection":false,"layer":0},{"side":2,"counterClockwiseDirection":false,"layer":0}],"totalTime":6021.0999999940395,"data":{"metrics":[{"label":"PERFORM_ROTATION","totalTime":2786.1999993026257,"totalRelativeTime":"46.27%","numOfCalls":2590022,"avgTimePerCall":0.0010757437578918733},{"label":"ADD_CANDIDATE","totalTime":493.4000010192394,"totalRelativeTime":"8.19%","numOfCalls":2590022,"avgTimePerCall":0.00019050031274608456},{"label":"NOT_MEASURED","totalTime":2741.4999996721745,"totalRelativeTime":"45.53%","numOfCalls":0,"avgTimePerCall":2741.4999996721745}],"visitedNodes":601627,"iterations":[{"visitedNodes":37,"bound":2},{"visitedNodes":181,"bound":3},{"visitedNodes":877,"bound":4},{"visitedNodes":4237,"bound":5},{"visitedNodes":20461,"bound":6},{"visitedNodes":98797,"bound":7},{"visitedNodes":477037,"bound":8}]}}},{"label":"2x2","key":"IDA*","solution":{"rotations":[{"side":3,"counterClockwiseDirection":false,"layer":0},{"side":2,"counterClockwiseDirection":true,"layer":0},{"side":3,"counterClockwiseDirection":false,"layer":0},{"side":2,"counterClockwiseDirection":false,"layer":0},{"side":3,"counterClockwiseDirection":true,"layer":0},{"side":0,"counterClockwiseDirection":false,"layer":0},{"side":2,"counterClockwiseDirection":false,"layer":0},{"side":0,"counterClockwiseDirection":false,"layer":0},{"side":2,"counterClockwiseDirection":false,"layer":0}],"totalTime":18308.09999999404,"data":{"metrics":[{"label":"PERFORM_ROTATION","totalTime":8472.799997419119,"totalRelativeTime":"46.27%","numOfCalls":8216855,"avgTimePerCall":0.001031148778628699},{"label":"ADD_CANDIDATE","totalTime":1550.000002861023,"totalRelativeTime":"8.46%","numOfCalls":8216855,"avgTimePerCall":0.00018863665025864798},{"label":"CYCLE_AVOIDANCE_CHECK","totalTime":408.19999945163727,"totalRelativeTime":"2.22%","numOfCalls":1701710,"avgTimePerCall":0.00023987635933950984},{"label":"NOT_MEASURED","totalTime":7877.10000026226,"totalRelativeTime":"43.02%","numOfCalls":0,"avgTimePerCall":7877.10000026226}],"visitedNodes":187140,"iterations":[{"visitedNodes":7,"bound":2},{"visitedNodes":50,"bound":3.25},{"visitedNodes":638,"bound":4.5},{"visitedNodes":4242,"bound":5.75},{"visitedNodes":21691,"bound":7},{"visitedNodes":160512,"bound":8.25}]}}},{"label":"2x2","key":"GA","solution":{"rotations":[{"side":3,"counterClockwiseDirection":false,"layer":0},{"side":0,"counterClockwiseDirection":false,"layer":0},{"side":2,"counterClockwiseDirection":true,"layer":0},{"side":0,"counterClockwiseDirection":false,"layer":0},{"side":2,"counterClockwiseDirection":true,"layer":0},{"layer":0,"side":0,"counterClockwiseDirection":true},{"side":3,"counterClockwiseDirection":false,"layer":0},{"side":2,"counterClockwiseDirection":false,"layer":0},{"side":2,"counterClockwiseDirection":false,"layer":0},{"side":0,"counterClockwiseDirection":false,"layer":0},{"side":2,"counterClockwiseDirection":false,"layer":0}],"totalTime":79814.69999998808,"data":{"armageddonCounter":1,"generations":7731,"metrics":[{"label":"CHECK_SOLUTION","totalTime":4187.299998819828,"totalRelativeTime":"5.24%","numOfCalls":23187780,"avgTimePerCall":0.00018058218591084736},{"label":"APPLYING_ROTATIONS","totalTime":25654.400003373623,"totalRelativeTime":"32.14%","numOfCalls":23187767,"avgTimePerCall":0.001106376478743021},{"label":"COMPUTE_GENE","totalTime":4324.500003248453,"totalRelativeTime":"5.41%","numOfCalls":23187767,"avgTimePerCall":0.000186499200343373},{"label":"CALCULATE_CITIZEN_SCORE","totalTime":8836.699993699789,"totalRelativeTime":"11.07%","numOfCalls":23187767,"avgTimePerCall":0.0003810931856310178},{"label":"AGGREGATE_CURRENT_GENERATION","totalTime":167.8999997973442,"totalRelativeTime":"0.21%","numOfCalls":772925,"avgTimePerCall":0.00021722676818235174},{"label":"CREATE_NEXT_GENERATION","totalTime":474.29999992251396,"totalRelativeTime":"0.59%","numOfCalls":7729,"avgTimePerCall":0.06136628282087126},{"label":"MEASUREMENT_OVERHEAD","totalTime":17942.000009328127,"totalRelativeTime":"22.47%","numOfCalls":0,"avgTimePerCall":17942.000009328127},{"label":"NOT_MEASURED","totalTime":18227.5999917984,"totalRelativeTime":"22.83%","numOfCalls":0,"avgTimePerCall":18227.5999917984}]}}},{"label":"2x2","key":"SA","solution":{"rotations":[{"side":0,"counterClockwiseDirection":true,"layer":0},{"side":2,"counterClockwiseDirection":false,"layer":0},{"side":3,"counterClockwiseDirection":false,"layer":0},{"side":0,"counterClockwiseDirection":true,"layer":0},{"side":3,"counterClockwiseDirection":true,"layer":0},{"side":2,"counterClockwiseDirection":true,"layer":0},{"side":0,"counterClockwiseDirection":false,"layer":0},{"side":3,"counterClockwiseDirection":true,"layer":0},{"side":2,"counterClockwiseDirection":true,"layer":0},{"side":3,"counterClockwiseDirection":true,"layer":0},{"side":2,"counterClockwiseDirection":false,"layer":0},{"side":3,"counterClockwiseDirection":false,"layer":0},{"side":0,"counterClockwiseDirection":false,"layer":0},{"side":2,"counterClockwiseDirection":true,"layer":0},{"side":0,"counterClockwiseDirection":true,"layer":0},{"side":0,"counterClockwiseDirection":true,"layer":0},{"side":2,"counterClockwiseDirection":false,"layer":0},{"side":0,"counterClockwiseDirection":false,"layer":0},{"side":3,"counterClockwiseDirection":true,"layer":0},{"side":0,"counterClockwiseDirection":false,"layer":0},{"side":0,"counterClockwiseDirection":false,"layer":0}],"totalTime":71106.70000001788,"data":{"restartCounter":1,"iterations":6736,"metrics":[{"label":"CHECK_SOLUTION","totalTime":3820.499997586012,"totalRelativeTime":"5.37%","numOfCalls":20206800,"avgTimePerCall":0.00018907001591474216},{"label":"APPLYING_ROTATIONS","totalTime":22449.099998921156,"totalRelativeTime":"31.57%","numOfCalls":20206799,"avgTimePerCall":0.0011109676499935074},{"label":"COMPUTE_ROTATION","totalTime":4001.600000500679,"totalRelativeTime":"5.62%","numOfCalls":20206799,"avgTimePerCall":0.00019803235537210417},{"label":"CALCULATE_CITIZEN_SCORE","totalTime":8099.9999987185,"totalRelativeTime":"11.39%","numOfCalls":20206799,"avgTimePerCall":0.0004008551774439138},{"label":"AGGREGATE_CURRENT_GENERATION","totalTime":130.90000009536743,"totalRelativeTime":"0.18%","numOfCalls":673559,"avgTimePerCall":0.00019434080770261764},{"label":"CREATE_NEXT_GENERATION","totalTime":409.10000067949295,"totalRelativeTime":"0.57%","numOfCalls":6735,"avgTimePerCall":0.06074239059829146},{"label":"MEASUREMENT_OVERHEAD","totalTime":15826.100007385015,"totalRelativeTime":"22.25%","numOfCalls":0,"avgTimePerCall":15826.100007385015},{"label":"NOT_MEASURED","totalTime":16369.399996131659,"totalRelativeTime":"23.02%","numOfCalls":0,"avgTimePerCall":16369.399996131659}]}}},{"label":"2x2","key":"WA*","solution":{"rotations":[{"side":0,"counterClockwiseDirection":true,"layer":0},{"side":2,"counterClockwiseDirection":false,"layer":0},{"side":3,"counterClockwiseDirection":true,"layer":0},{"side":0,"counterClockwiseDirection":true,"layer":0},{"side":3,"counterClockwiseDirection":true,"layer":0},{"side":3,"counterClockwiseDirection":true,"layer":0},{"side":2,"counterClockwiseDirection":true,"layer":0},{"side":0,"counterClockwiseDirection":false,"layer":0},{"side":2,"counterClockwiseDirection":true,"layer":0},{"side":2,"counterClockwiseDirection":true,"layer":0},{"side":0,"counterClockwiseDirection":false,"layer":0},{"side":2,"counterClockwiseDirection":false,"layer":0},{"side":3,"counterClockwiseDirection":false,"layer":0},{"side":0,"counterClockwiseDirection":true,"layer":0},{"side":3,"counterClockwiseDirection":true,"layer":0}],"totalTime":723.7999999821186,"data":{"metrics":[{"label":"ITERATIONS_COUNTER_INCREMENT","totalTime":10.100000202655792,"totalRelativeTime":"1.39%","numOfCalls":54794,"avgTimePerCall":0.00018432675480263883},{"label":"ABORTED_VERIFICATION","totalTime":4.899999976158142,"totalRelativeTime":"0.67%","numOfCalls":27397,"avgTimePerCall":0.00017885169822090527},{"label":"POP_CANDIDATE","totalTime":17.100000143051147,"totalRelativeTime":"2.36%","numOfCalls":27397,"avgTimePerCall":0.0006241559347027466},{"label":"VISISTED_LIST_CHECK","totalTime":47,"totalRelativeTime":"6.49%","numOfCalls":148621,"avgTimePerCall":0.00031624063894066114},{"label":"CHECK_SOLUTION","totalTime":5.10000005364418,"totalRelativeTime":"0.7%","numOfCalls":25409,"avgTimePerCall":0.00020071628374371996},{"label":"ADD_TO_VISISTED_LIST_CHECK","totalTime":8.399999886751175,"totalRelativeTime":"1.16%","numOfCalls":25408,"avgTimePerCall":0.00033060452954782645},{"label":"PERFORM_ROTATION","totalTime":191.700000166893,"totalRelativeTime":"26.48%","numOfCalls":121224,"avgTimePerCall":0.00158137002711421},{"label":"HEURISTIC_CALCULATION","totalTime":58.399999886751175,"totalRelativeTime":"8.06%","numOfCalls":121224,"avgTimePerCall":0.0004817527872925425},{"label":"ADD_CANDIDATE","totalTime":70.99999985098839,"totalRelativeTime":"9.8%","numOfCalls":118517,"avgTimePerCall":0.0005990701743293232},{"label":"BUILD_SOLUTION","totalTime":0,"totalRelativeTime":"0%","numOfCalls":1,"avgTimePerCall":0},{"label":"MEASUREMENT_OVERHEAD","totalTime":155.99999994039536,"totalRelativeTime":"21.55%","numOfCalls":0,"avgTimePerCall":155.99999994039536},{"label":"NOT_MEASURED","totalTime":154.09999987483025,"totalRelativeTime":"21.29%","numOfCalls":0,"avgTimePerCall":154.09999987483025}],"visitedNodes":27397,"differentNodes":25409}}},{"label":"2x2","key":"BiBFS","solution":{"rotations":[{"side":3,"counterClockwiseDirection":false,"layer":0},{"side":2,"counterClockwiseDirection":true,"layer":0},{"side":3,"counterClockwiseDirection":false,"layer":0},{"side":2,"counterClockwiseDirection":false,"layer":0},{"side":3,"counterClockwiseDirection":true,"layer":0},{"side":0,"counterClockwiseDirection":false,"layer":0},{"side":2,"counterClockwiseDirection":false,"layer":0},{"side":0,"counterClockwiseDirection":false,"layer":0},{"side":2,"counterClockwiseDirection":false,"layer":0}],"totalTime":152.90000000596046,"data":{"metrics":[{"label":"POP_CANDIDATE","totalTime":4.699999958276749,"totalRelativeTime":"3.07%","numOfCalls":2946,"avgTimePerCall":0.0015953835567809737},{"label":"VISISTED_LIST_CHECK","totalTime":47.29999998211861,"totalRelativeTime":"30.93%","numOfCalls":18736,"avgTimePerCall":0.002524551664288995},{"label":"ADD_TO_VISISTED_LIST_CHECK","totalTime":0.7000000178813934,"totalRelativeTime":"0.45%","numOfCalls":2676,"avgTimePerCall":0.0002615844610917016},{"label":"PERFORM_ROTATION","totalTime":55.59999990463257,"totalRelativeTime":"36.36%","numOfCalls":13112,"avgTimePerCall":0.004240390474727926},{"label":"ADD_CANDIDATE","totalTime":4.300000071525574,"totalRelativeTime":"2.81%","numOfCalls":12988,"avgTimePerCall":0.0003310748438193389},{"label":"MEASUREMENT_OVERHEAD","totalTime":16.500000089406967,"totalRelativeTime":"10.79%","numOfCalls":0,"avgTimePerCall":16.500000089406967},{"label":"NOT_MEASURED","totalTime":23.799999982118607,"totalRelativeTime":"15.56%","numOfCalls":0,"avgTimePerCall":23.799999982118607}],"iterations":1339,"visitedNodes":1339}}}]}