{"timestamp":1680886451817,"shuffle":"34: 2L    D    L'   F    U   2F   2B    U    D'   F'   L'   R    U    B'   D'   F'  2U    D   2L   2B    U    F'  2U    D    B   2L   ","solutions":[{"label":"2x2","key":"IDDFS","solution":{"rotations":[{"side":2,"counterClockwiseDirection":true,"layer":0},{"side":2,"counterClockwiseDirection":true,"layer":0},{"side":0,"counterClockwiseDirection":true,"layer":0},{"side":2,"counterClockwiseDirection":true,"layer":0},{"side":2,"counterClockwiseDirection":true,"layer":0},{"side":3,"counterClockwiseDirection":true,"layer":0},{"side":3,"counterClockwiseDirection":true,"layer":0},{"side":0,"counterClockwiseDirection":false,"layer":0},{"side":3,"counterClockwiseDirection":true,"layer":0},{"side":0,"counterClockwiseDirection":true,"layer":0},{"side":2,"counterClockwiseDirection":false,"layer":0},{"side":0,"counterClockwiseDirection":true,"layer":0}],"totalTime":224168,"data":{"metrics":[{"label":"PERFORM_ROTATION","totalTime":106038.89999958873,"totalRelativeTime":"47.3%","numOfCalls":67775124,"avgTimePerCall":0.0015645696199624618},{"label":"ADD_CANDIDATE","totalTime":18559.500003665686,"totalRelativeTime":"8.27%","numOfCalls":67775124,"avgTimePerCall":0.00027383941051388835},{"label":"NOT_MEASURED","totalTime":99569.59999674559,"totalRelativeTime":"44.41%","numOfCalls":0,"avgTimePerCall":99569.59999674559}],"visitedNodes":67725922,"iterations":[{"visitedNodes":37,"bound":2},{"visitedNodes":181,"bound":3},{"visitedNodes":877,"bound":4},{"visitedNodes":4237,"bound":5},{"visitedNodes":20461,"bound":6},{"visitedNodes":98797,"bound":7},{"visitedNodes":477037,"bound":8},{"visitedNodes":2303341,"bound":9},{"visitedNodes":11121517,"bound":10},{"visitedNodes":53699437,"bound":11}]}}},{"label":"2x2","key":"IDA*","solution":{"rotations":[{"side":2,"counterClockwiseDirection":true,"layer":0},{"side":2,"counterClockwiseDirection":true,"layer":0},{"side":0,"counterClockwiseDirection":true,"layer":0},{"side":2,"counterClockwiseDirection":true,"layer":0},{"side":2,"counterClockwiseDirection":true,"layer":0},{"side":3,"counterClockwiseDirection":true,"layer":0},{"side":3,"counterClockwiseDirection":true,"layer":0},{"side":0,"counterClockwiseDirection":false,"layer":0},{"side":3,"counterClockwiseDirection":true,"layer":0},{"side":0,"counterClockwiseDirection":true,"layer":0},{"side":2,"counterClockwiseDirection":false,"layer":0},{"side":0,"counterClockwiseDirection":true,"layer":0}],"totalTime":284923.09999999404,"data":{"metrics":[{"label":"PERFORM_ROTATION","totalTime":136073.4000083804,"totalRelativeTime":"47.75%","numOfCalls":99962958,"avgTimePerCall":0.001361238229948942},{"label":"ADD_CANDIDATE","totalTime":23763.40001103282,"totalRelativeTime":"8.34%","numOfCalls":99962958,"avgTimePerCall":0.00023772205711472462},{"label":"CYCLE_AVOIDANCE_CHECK","totalTime":5694.199999630451,"totalRelativeTime":"1.99%","numOfCalls":20123770,"avgTimePerCall":0.00028295890877457115},{"label":"NOT_MEASURED","totalTime":119392.09998095036,"totalRelativeTime":"41.9%","numOfCalls":0,"avgTimePerCall":119392.09998095036}],"visitedNodes":16253182,"iterations":[{"visitedNodes":7,"bound":2},{"visitedNodes":42,"bound":3.25},{"visitedNodes":609,"bound":4.5},{"visitedNodes":4627,"bound":5.75},{"visitedNodes":23587,"bound":7},{"visitedNodes":167231,"bound":8.25},{"visitedNodes":2033310,"bound":9.5},{"visitedNodes":14023769,"bound":10.75}]}}},{"label":"2x2","key":"GA","solution":{"rotations":[{"side":2,"counterClockwiseDirection":true,"layer":0},{"side":0,"counterClockwiseDirection":false,"layer":0},{"side":2,"counterClockwiseDirection":false,"layer":0},{"side":0,"counterClockwiseDirection":true,"layer":0},{"side":3,"counterClockwiseDirection":false,"layer":0},{"side":2,"counterClockwiseDirection":false,"layer":0},{"side":2,"counterClockwiseDirection":false,"layer":0},{"side":3,"counterClockwiseDirection":false,"layer":0},{"side":0,"counterClockwiseDirection":true,"layer":0},{"side":2,"counterClockwiseDirection":false,"layer":0},{"side":3,"counterClockwiseDirection":false,"layer":0},{"side":0,"counterClockwiseDirection":false,"layer":0},{"side":2,"counterClockwiseDirection":false,"layer":0},{"side":0,"counterClockwiseDirection":false,"layer":0},{"side":2,"counterClockwiseDirection":false,"layer":0},{"side":3,"counterClockwiseDirection":true,"layer":0},{"side":0,"counterClockwiseDirection":true,"layer":0},{"side":0,"counterClockwiseDirection":true,"layer":0}],"totalTime":4640.5,"data":{"armageddonCounter":0,"generations":399,"metrics":[{"label":"CHECK_SOLUTION","totalTime":252.09999951720238,"totalRelativeTime":"5.43%","numOfCalls":1196250,"avgTimePerCall":0.00021074190137279196},{"label":"APPLYING_ROTATIONS","totalTime":1458.1999988555908,"totalRelativeTime":"31.42%","numOfCalls":1196244,"avgTimePerCall":0.0012189820796222098},{"label":"COMPUTE_GENE","totalTime":245.90000054240227,"totalRelativeTime":"5.29%","numOfCalls":1196244,"avgTimePerCall":0.00020556007013820113},{"label":"CALCULATE_CITIZEN_SCORE","totalTime":522.8000001609325,"totalRelativeTime":"11.26%","numOfCalls":1196244,"avgTimePerCall":0.00043703458505198986},{"label":"AGGREGATE_CURRENT_GENERATION","totalTime":8.699999958276749,"totalRelativeTime":"0.18%","numOfCalls":39874,"avgTimePerCall":0.0002181872889170073},{"label":"CREATE_NEXT_GENERATION","totalTime":33.99999985098839,"totalRelativeTime":"0.73%","numOfCalls":398,"avgTimePerCall":0.08542713530399093},{"label":"MEASUREMENT_OVERHEAD","totalTime":1040.0000008642673,"totalRelativeTime":"22.41%","numOfCalls":0,"avgTimePerCall":1040.0000008642673},{"label":"NOT_MEASURED","totalTime":1078.8000002503395,"totalRelativeTime":"23.24%","numOfCalls":0,"avgTimePerCall":1078.8000002503395}]}}},{"label":"2x2","key":"SA","solution":{"rotations":[{"side":2,"counterClockwiseDirection":false,"layer":0},{"side":2,"counterClockwiseDirection":false,"layer":0},{"side":0,"counterClockwiseDirection":false,"layer":0},{"side":2,"counterClockwiseDirection":false,"layer":0},{"side":2,"counterClockwiseDirection":false,"layer":0},{"side":3,"counterClockwiseDirection":true,"layer":0},{"side":2,"counterClockwiseDirection":false,"layer":0},{"side":2,"counterClockwiseDirection":false,"layer":0},{"side":3,"counterClockwiseDirection":false,"layer":0},{"side":2,"counterClockwiseDirection":false,"layer":0},{"side":3,"counterClockwiseDirection":true,"layer":0},{"side":2,"counterClockwiseDirection":true,"layer":0},{"side":0,"counterClockwiseDirection":false,"layer":0},{"side":3,"counterClockwiseDirection":true,"layer":0}],"totalTime":198502.70000001788,"data":{"restartCounter":2,"iterations":13161,"metrics":[{"label":"CHECK_SOLUTION","totalTime":10635.79999858141,"totalRelativeTime":"5.35%","numOfCalls":39481500,"avgTimePerCall":0.0002693869280189813},{"label":"APPLYING_ROTATIONS","totalTime":64205.29999527335,"totalRelativeTime":"32.34%","numOfCalls":39481486,"avgTimePerCall":0.00162621285316549},{"label":"COMPUTE_ROTATION","totalTime":10820.600007653236,"totalRelativeTime":"5.45%","numOfCalls":39481486,"avgTimePerCall":0.00027406769865889134},{"label":"CALCULATE_CITIZEN_SCORE","totalTime":22085.10000655055,"totalRelativeTime":"11.12%","numOfCalls":39481486,"avgTimePerCall":0.0005593786415878711},{"label":"AGGREGATE_CURRENT_GENERATION","totalTime":374.70000049471855,"totalRelativeTime":"0.18%","numOfCalls":1316049,"avgTimePerCall":0.00028471584302310824},{"label":"CREATE_NEXT_GENERATION","totalTime":1190.4000012874603,"totalRelativeTime":"0.59%","numOfCalls":13160,"avgTimePerCall":0.09045592714950307},{"label":"MEASUREMENT_OVERHEAD","totalTime":44155.99999806285,"totalRelativeTime":"22.24%","numOfCalls":0,"avgTimePerCall":44155.99999806285},{"label":"NOT_MEASURED","totalTime":45034.799992114305,"totalRelativeTime":"22.68%","numOfCalls":0,"avgTimePerCall":45034.799992114305}]}}},{"label":"2x2","key":"WA*","solution":{"rotations":[{"side":3,"counterClockwiseDirection":false,"layer":0},{"side":0,"counterClockwiseDirection":true,"layer":0},{"side":3,"counterClockwiseDirection":false,"layer":0},{"side":2,"counterClockwiseDirection":true,"layer":0},{"side":0,"counterClockwiseDirection":true,"layer":0},{"side":3,"counterClockwiseDirection":true,"layer":0},{"side":2,"counterClockwiseDirection":true,"layer":0},{"side":3,"counterClockwiseDirection":true,"layer":0},{"side":0,"counterClockwiseDirection":true,"layer":0},{"side":0,"counterClockwiseDirection":true,"layer":0},{"side":2,"counterClockwiseDirection":false,"layer":0},{"side":0,"counterClockwiseDirection":true,"layer":0},{"side":2,"counterClockwiseDirection":false,"layer":0},{"side":3,"counterClockwiseDirection":false,"layer":0},{"side":2,"counterClockwiseDirection":true,"layer":0},{"side":0,"counterClockwiseDirection":false,"layer":0},{"side":2,"counterClockwiseDirection":true,"layer":0},{"side":0,"counterClockwiseDirection":true,"layer":0}],"totalTime":1950.7000000178814,"data":{"metrics":[{"label":"ITERATIONS_COUNTER_INCREMENT","totalTime":53.6000000834465,"totalRelativeTime":"2.74%","numOfCalls":131580,"avgTimePerCall":0.00040735674178025917},{"label":"ABORTED_VERIFICATION","totalTime":13.60000005364418,"totalRelativeTime":"0.69%","numOfCalls":65790,"avgTimePerCall":0.000206718347068615},{"label":"POP_CANDIDATE","totalTime":43.29999986290932,"totalRelativeTime":"2.21%","numOfCalls":65790,"avgTimePerCall":0.0006581547326783602},{"label":"VISISTED_LIST_CHECK","totalTime":170.0999998152256,"totalRelativeTime":"8.71%","numOfCalls":353995,"avgTimePerCall":0.0004805152609930242},{"label":"CHECK_SOLUTION","totalTime":14.700000047683716,"totalRelativeTime":"0.75%","numOfCalls":60418,"avgTimePerCall":0.0002433049761277056},{"label":"ADD_TO_VISISTED_LIST_CHECK","totalTime":21.800000250339508,"totalRelativeTime":"1.11%","numOfCalls":60417,"avgTimePerCall":0.00036082559958851827},{"label":"PERFORM_ROTATION","totalTime":511.90000063180923,"totalRelativeTime":"26.24%","numOfCalls":288205,"avgTimePerCall":0.001776166272728819},{"label":"HEURISTIC_CALCULATION","totalTime":159.59999978542328,"totalRelativeTime":"8.18%","numOfCalls":288205,"avgTimePerCall":0.0005537724875884294},{"label":"ADD_CANDIDATE","totalTime":79.00000056624413,"totalRelativeTime":"4.04%","numOfCalls":278310,"avgTimePerCall":0.00028385613368633585},{"label":"BUILD_SOLUTION","totalTime":0,"totalRelativeTime":"0%","numOfCalls":1,"avgTimePerCall":0},{"label":"MEASUREMENT_OVERHEAD","totalTime":418.69999888539314,"totalRelativeTime":"21.46%","numOfCalls":0,"avgTimePerCall":418.69999888539314},{"label":"NOT_MEASURED","totalTime":464.4000000357628,"totalRelativeTime":"23.8%","numOfCalls":0,"avgTimePerCall":464.4000000357628}],"visitedNodes":65790,"differentNodes":60418}}},{"label":"2x2","key":"BiBFS","solution":{"rotations":[{"side":3,"counterClockwiseDirection":false,"layer":0},{"side":2,"counterClockwiseDirection":false,"layer":0},{"side":3,"counterClockwiseDirection":false,"layer":0},{"side":2,"counterClockwiseDirection":false,"layer":0},{"side":0,"counterClockwiseDirection":false,"layer":0},{"side":2,"counterClockwiseDirection":false,"layer":0},{"side":2,"counterClockwiseDirection":false,"layer":0},{"side":0,"counterClockwiseDirection":false,"layer":0},{"side":3,"counterClockwiseDirection":true,"layer":0},{"side":2,"counterClockwiseDirection":false,"layer":0},{"side":0,"counterClockwiseDirection":false,"layer":0},{"side":0,"counterClockwiseDirection":false,"layer":0}],"totalTime":330.5,"data":{"metrics":[{"label":"POP_CANDIDATE","totalTime":3.1999999284744263,"totalRelativeTime":"0.96%","numOfCalls":16418,"avgTimePerCall":0.00019490802341786006},{"label":"VISISTED_LIST_CHECK","totalTime":33.39999970793724,"totalRelativeTime":"10.1%","numOfCalls":99883,"avgTimePerCall":0.0003343912348241166},{"label":"ADD_TO_VISISTED_LIST_CHECK","totalTime":12.099999964237213,"totalRelativeTime":"3.66%","numOfCalls":14162,"avgTimePerCall":0.0008543990936475931},{"label":"PERFORM_ROTATION","totalTime":121.00000008940697,"totalRelativeTime":"36.61%","numOfCalls":69302,"avgTimePerCall":0.0017459813582495016},{"label":"ADD_CANDIDATE","totalTime":18.99999976158142,"totalRelativeTime":"5.74%","numOfCalls":67722,"avgTimePerCall":0.0002805587513892298},{"label":"MEASUREMENT_OVERHEAD","totalTime":58.50000041723251,"totalRelativeTime":"17.7%","numOfCalls":0,"avgTimePerCall":58.50000041723251},{"label":"NOT_MEASURED","totalTime":83.30000013113022,"totalRelativeTime":"25.2%","numOfCalls":0,"avgTimePerCall":83.30000013113022}],"iterations":7082,"visitedNodes":7082}}}]}