{"timestamp":1680982911044,"shuffle":"34:  L   2B    U'   D'   B'  2L    U'   L    D'   L    B'   R'   U    F    R    F    B'   R'   D    B    R'   L'   B'   U    B'   D'   U'   L'   U   2B    D'  ","solutions":[{"label":"2x2","key":"IDDFS","solution":{"rotations":[{"side":2,"counterClockwiseDirection":false,"layer":0},{"side":0,"counterClockwiseDirection":false,"layer":0},{"side":3,"counterClockwiseDirection":true,"layer":0},{"side":0,"counterClockwiseDirection":true,"layer":0},{"side":0,"counterClockwiseDirection":true,"layer":0},{"side":2,"counterClockwiseDirection":false,"layer":0},{"side":0,"counterClockwiseDirection":false,"layer":0},{"side":3,"counterClockwiseDirection":false,"layer":0},{"side":0,"counterClockwiseDirection":true,"layer":0},{"side":0,"counterClockwiseDirection":true,"layer":0},{"side":2,"counterClockwiseDirection":true,"layer":0},{"side":0,"counterClockwiseDirection":true,"layer":0}],"totalTime":269997.30000000075,"data":{"metrics":[{"label":"PERFORM_ROTATION","totalTime":125709.80000002496,"totalRelativeTime":"46.55%","numOfCalls":133499452,"avgTimePerCall":0.0009416503072988266},{"label":"ADD_CANDIDATE","totalTime":22630.399999883026,"totalRelativeTime":"8.38%","numOfCalls":133499452,"avgTimePerCall":0.00016951680071228327},{"label":"NOT_MEASURED","totalTime":121657.10000009276,"totalRelativeTime":"45.05%","numOfCalls":0,"avgTimePerCall":121657.10000009276}],"visitedNodes":67725922,"iterations":[{"visitedNodes":37,"bound":2},{"visitedNodes":181,"bound":3},{"visitedNodes":877,"bound":4},{"visitedNodes":4237,"bound":5},{"visitedNodes":20461,"bound":6},{"visitedNodes":98797,"bound":7},{"visitedNodes":477037,"bound":8},{"visitedNodes":2303341,"bound":9},{"visitedNodes":11121517,"bound":10},{"visitedNodes":53699437,"bound":11}]}}},{"label":"2x2","key":"IDA*","solution":{"rotations":[{"side":2,"counterClockwiseDirection":false,"layer":0},{"side":0,"counterClockwiseDirection":false,"layer":0},{"side":3,"counterClockwiseDirection":true,"layer":0},{"side":0,"counterClockwiseDirection":true,"layer":0},{"side":0,"counterClockwiseDirection":true,"layer":0},{"side":2,"counterClockwiseDirection":false,"layer":0},{"side":0,"counterClockwiseDirection":false,"layer":0},{"side":3,"counterClockwiseDirection":false,"layer":0},{"side":0,"counterClockwiseDirection":true,"layer":0},{"side":0,"counterClockwiseDirection":true,"layer":0},{"side":2,"counterClockwiseDirection":true,"layer":0},{"side":0,"counterClockwiseDirection":true,"layer":0}],"totalTime":259981.40000000037,"data":{"metrics":[{"label":"PERFORM_ROTATION","totalTime":126906.6999979727,"totalRelativeTime":"48.81%","numOfCalls":131877440,"avgTimePerCall":0.0009623078822122472},{"label":"ADD_CANDIDATE","totalTime":23039.899998953566,"totalRelativeTime":"8.86%","numOfCalls":131877440,"avgTimePerCall":0.00017470690968033324},{"label":"NOT_MEASURED","totalTime":110034.80000307411,"totalRelativeTime":"42.32%","numOfCalls":0,"avgTimePerCall":110034.80000307411}],"visitedNodes":12988374,"iterations":[{"visitedNodes":7,"bound":2},{"visitedNodes":47,"bound":3.25},{"visitedNodes":549,"bound":4.5},{"visitedNodes":4237,"bound":5.75},{"visitedNodes":21046,"bound":7},{"visitedNodes":145804,"bound":8.25},{"visitedNodes":1668579,"bound":9.5},{"visitedNodes":11148105,"bound":10.75}]}}},{"label":"2x2","key":"SA","solution":{"rotations":[{"side":0,"counterClockwiseDirection":true,"layer":0},{"side":3,"counterClockwiseDirection":true,"layer":0},{"side":2,"counterClockwiseDirection":true,"layer":0},{"side":0,"counterClockwiseDirection":true,"layer":0},{"side":2,"counterClockwiseDirection":true,"layer":0},{"side":2,"counterClockwiseDirection":true,"layer":0},{"side":3,"counterClockwiseDirection":false,"layer":0},{"side":2,"counterClockwiseDirection":true,"layer":0},{"side":3,"counterClockwiseDirection":false,"layer":0},{"side":2,"counterClockwiseDirection":false,"layer":0},{"side":0,"counterClockwiseDirection":true,"layer":0},{"side":3,"counterClockwiseDirection":false,"layer":0},{"side":0,"counterClockwiseDirection":true,"layer":0},{"side":0,"counterClockwiseDirection":true,"layer":0},{"side":3,"counterClockwiseDirection":true,"layer":0},{"side":2,"counterClockwiseDirection":true,"layer":0},{"side":0,"counterClockwiseDirection":false,"layer":0},{"side":2,"counterClockwiseDirection":false,"layer":0}],"totalTime":5546.0999999996275,"data":{"restartCounter":0,"iterations":579,"metrics":[{"label":"CHECK_SOLUTION","totalTime":291.7000000625849,"totalRelativeTime":"5.25%","numOfCalls":1736730,"avgTimePerCall":0.00016795932589555365},{"label":"APPLYING_ROTATIONS","totalTime":1667.4999999850988,"totalRelativeTime":"30.06%","numOfCalls":1736722,"avgTimePerCall":0.0009601421528518087},{"label":"COMPUTE_ROTATION","totalTime":332.6000000555068,"totalRelativeTime":"5.99%","numOfCalls":1736722,"avgTimePerCall":0.00019151021295032067},{"label":"CALCULATE_CITIZEN_SCORE","totalTime":616.4999999459833,"totalRelativeTime":"11.11%","numOfCalls":1736722,"avgTimePerCall":0.0003549790927655568},{"label":"AGGREGATE_CURRENT_GENERATION","totalTime":14.5,"totalRelativeTime":"0.26%","numOfCalls":57890,"avgTimePerCall":0.0002504750388668164},{"label":"CREATE_NEXT_GENERATION","totalTime":37.09999999962747,"totalRelativeTime":"0.66%","numOfCalls":578,"avgTimePerCall":0.06418685121042815},{"label":"MEASUREMENT_OVERHEAD","totalTime":1311.4000000022352,"totalRelativeTime":"23.64%","numOfCalls":0,"avgTimePerCall":1311.4000000022352},{"label":"NOT_MEASURED","totalTime":1274.799999948591,"totalRelativeTime":"22.98%","numOfCalls":0,"avgTimePerCall":1274.799999948591}]}}},{"label":"2x2","key":"GA","solution":{"rotations":[{"side":2,"counterClockwiseDirection":false,"layer":0},{"side":3,"counterClockwiseDirection":true,"layer":0},{"side":2,"counterClockwiseDirection":true,"layer":0},{"side":0,"counterClockwiseDirection":false,"layer":0},{"side":2,"counterClockwiseDirection":true,"layer":0},{"side":2,"counterClockwiseDirection":true,"layer":0},{"side":3,"counterClockwiseDirection":true,"layer":0},{"side":2,"counterClockwiseDirection":false,"layer":0},{"side":3,"counterClockwiseDirection":false,"layer":0},{"side":2,"counterClockwiseDirection":true,"layer":0},{"side":3,"counterClockwiseDirection":false,"layer":0},{"side":0,"counterClockwiseDirection":false,"layer":0},{"side":3,"counterClockwiseDirection":false,"layer":0},{"side":0,"counterClockwiseDirection":false,"layer":0},{"side":2,"counterClockwiseDirection":false,"layer":0},{"side":2,"counterClockwiseDirection":false,"layer":0},{"side":3,"counterClockwiseDirection":false,"layer":0},{"side":0,"counterClockwiseDirection":true,"layer":0}],"totalTime":113029.29999999888,"data":{"armageddonCounter":2,"generations":11814,"metrics":[{"label":"CHECK_SOLUTION","totalTime":5892.19999964349,"totalRelativeTime":"5.21%","numOfCalls":35434020,"avgTimePerCall":0.00016628652350603995},{"label":"APPLYING_ROTATIONS","totalTime":34952.50000038557,"totalRelativeTime":"30.92%","numOfCalls":35434018,"avgTimePerCall":0.0009864108552517406},{"label":"COMPUTE_GENE","totalTime":6158.099999809638,"totalRelativeTime":"5.44%","numOfCalls":35434018,"avgTimePerCall":0.00017379062119936942},{"label":"CALCULATE_CITIZEN_SCORE","totalTime":12663.999999823049,"totalRelativeTime":"11.2%","numOfCalls":35434018,"avgTimePerCall":0.0003573966689248464},{"label":"AGGREGATE_CURRENT_GENERATION","totalTime":201.0999999847263,"totalRelativeTime":"0.17%","numOfCalls":1181133,"avgTimePerCall":0.00017026025010284727},{"label":"CREATE_NEXT_GENERATION","totalTime":665.3999999891967,"totalRelativeTime":"0.58%","numOfCalls":11811,"avgTimePerCall":0.056337312673710664},{"label":"MEASUREMENT_OVERHEAD","totalTime":26008.200000738725,"totalRelativeTime":"23.01%","numOfCalls":0,"avgTimePerCall":26008.200000738725},{"label":"NOT_MEASURED","totalTime":26487.79999962449,"totalRelativeTime":"23.43%","numOfCalls":0,"avgTimePerCall":26487.79999962449}]}}},{"label":"2x2","key":"WA*","solution":{"rotations":[{"side":0,"counterClockwiseDirection":true,"layer":0},{"side":2,"counterClockwiseDirection":true,"layer":0},{"side":3,"counterClockwiseDirection":false,"layer":0},{"side":2,"counterClockwiseDirection":true,"layer":0},{"side":0,"counterClockwiseDirection":true,"layer":0},{"side":2,"counterClockwiseDirection":true,"layer":0},{"side":0,"counterClockwiseDirection":true,"layer":0},{"side":2,"counterClockwiseDirection":false,"layer":0},{"side":3,"counterClockwiseDirection":true,"layer":0},{"side":2,"counterClockwiseDirection":false,"layer":0},{"side":3,"counterClockwiseDirection":true,"layer":0},{"side":2,"counterClockwiseDirection":true,"layer":0},{"side":3,"counterClockwiseDirection":true,"layer":0},{"side":2,"counterClockwiseDirection":false,"layer":0},{"side":3,"counterClockwiseDirection":false,"layer":0},{"side":2,"counterClockwiseDirection":true,"layer":0}],"totalTime":810.7000000011176,"data":{"metrics":[{"label":"ITERATIONS_COUNTER_INCREMENT","totalTime":13.400000002235174,"totalRelativeTime":"1.65%","numOfCalls":58836,"avgTimePerCall":0.00022775171667406305},{"label":"ABORTED_VERIFICATION","totalTime":6.4000000059604645,"totalRelativeTime":"0.78%","numOfCalls":29418,"avgTimePerCall":0.00021755387878035436},{"label":"POP_CANDIDATE","totalTime":14.100000001490116,"totalRelativeTime":"1.73%","numOfCalls":29418,"avgTimePerCall":0.00047929838879224},{"label":"VISISTED_LIST_CHECK","totalTime":68.30000002123415,"totalRelativeTime":"8.42%","numOfCalls":159323,"avgTimePerCall":0.0004286888899985197},{"label":"CHECK_SOLUTION","totalTime":8.299999995157123,"totalRelativeTime":"1.02%","numOfCalls":27253,"avgTimePerCall":0.00030455362694591873},{"label":"ADD_TO_VISISTED_LIST_CHECK","totalTime":7.000000007450581,"totalRelativeTime":"0.86%","numOfCalls":27252,"avgTimePerCall":0.00025686188197015196},{"label":"PERFORM_ROTATION","totalTime":212.19999995827675,"totalRelativeTime":"26.17%","numOfCalls":129905,"avgTimePerCall":0.0016335014045516089},{"label":"HEURISTIC_CALCULATION","totalTime":72.20000000484288,"totalRelativeTime":"8.9%","numOfCalls":129905,"avgTimePerCall":0.0005557907702154873},{"label":"ADD_CANDIDATE","totalTime":30.40000000782311,"totalRelativeTime":"3.74%","numOfCalls":126631,"avgTimePerCall":0.0002400675980433157},{"label":"BUILD_SOLUTION","totalTime":0,"totalRelativeTime":"0%","numOfCalls":1,"avgTimePerCall":0},{"label":"MEASUREMENT_OVERHEAD","totalTime":171.1999999973923,"totalRelativeTime":"21.11%","numOfCalls":0,"avgTimePerCall":171.1999999973923},{"label":"NOT_MEASURED","totalTime":207.19999999925494,"totalRelativeTime":"25.55%","numOfCalls":0,"avgTimePerCall":207.19999999925494}],"visitedNodes":29418,"differentNodes":27253}}},{"label":"2x2","key":"BiBFS","solution":{"rotations":[{"side":3,"counterClockwiseDirection":false,"layer":0},{"side":0,"counterClockwiseDirection":false,"layer":0},{"side":2,"counterClockwiseDirection":false,"layer":0},{"side":0,"counterClockwiseDirection":false,"layer":0},{"side":2,"counterClockwiseDirection":true,"layer":0},{"side":3,"counterClockwiseDirection":true,"layer":0},{"side":0,"counterClockwiseDirection":false,"layer":0},{"side":3,"counterClockwiseDirection":false,"layer":0},{"side":3,"counterClockwiseDirection":false,"layer":0},{"side":2,"counterClockwiseDirection":true,"layer":0},{"side":0,"counterClockwiseDirection":false,"layer":0},{"side":3,"counterClockwiseDirection":false,"layer":0}],"totalTime":296.90000000037253,"data":{"metrics":[{"label":"POP_CANDIDATE","totalTime":2.899999998509884,"totalRelativeTime":"0.97%","numOfCalls":12624,"avgTimePerCall":0.00022972116591491476},{"label":"VISISTED_LIST_CHECK","totalTime":27.800000013783574,"totalRelativeTime":"9.36%","numOfCalls":77328,"avgTimePerCall":0.0003595075524232306},{"label":"ADD_TO_VISISTED_LIST_CHECK","totalTime":4.5,"totalRelativeTime":"1.51%","numOfCalls":10978,"avgTimePerCall":0.00040991073055201313},{"label":"PERFORM_ROTATION","totalTime":111.09999999962747,"totalRelativeTime":"37.42%","numOfCalls":53724,"avgTimePerCall":0.002067977067970134},{"label":"ADD_CANDIDATE","totalTime":13.899999994784594,"totalRelativeTime":"4.68%","numOfCalls":52586,"avgTimePerCall":0.00026432890873587256},{"label":"MEASUREMENT_OVERHEAD","totalTime":58.900000002235174,"totalRelativeTime":"19.83%","numOfCalls":0,"avgTimePerCall":58.900000002235174},{"label":"NOT_MEASURED","totalTime":77.79999999143183,"totalRelativeTime":"26.2%","numOfCalls":0,"avgTimePerCall":77.79999999143183}],"iterations":5490,"visitedNodes":5490}}}]}