{"timestamp":1680907717100,"shuffle":"34:  U    D'   R    B'   F    R    L    D'   R    D'   R'   F   2R    D   2R    B'   U    L    D'   R'   D    U    L    R    F'   L'   U    R   2U    F'   L'  ","solutions":[{"label":"2x2","key":"IDDFS","solution":{"rotations":[{"side":2,"counterClockwiseDirection":false,"layer":0},{"side":3,"counterClockwiseDirection":true,"layer":0},{"side":3,"counterClockwiseDirection":true,"layer":0},{"side":0,"counterClockwiseDirection":true,"layer":0},{"side":3,"counterClockwiseDirection":false,"layer":0},{"side":0,"counterClockwiseDirection":true,"layer":0},{"side":0,"counterClockwiseDirection":true,"layer":0},{"side":2,"counterClockwiseDirection":true,"layer":0},{"side":0,"counterClockwiseDirection":true,"layer":0},{"side":3,"counterClockwiseDirection":true,"layer":0}],"totalTime":18053,"data":{"metrics":[{"label":"PERFORM_ROTATION","totalTime":8483.700003564358,"totalRelativeTime":"46.99%","numOfCalls":6210101,"avgTimePerCall":0.001366113047688654},{"label":"ADD_CANDIDATE","totalTime":1499.4000026583672,"totalRelativeTime":"8.3%","numOfCalls":6210101,"avgTimePerCall":0.0002414453489014699},{"label":"NOT_MEASURED","totalTime":8069.899993777275,"totalRelativeTime":"44.7%","numOfCalls":0,"avgTimePerCall":8069.899993777275}],"visitedNodes":2904968,"iterations":[{"visitedNodes":37,"bound":2},{"visitedNodes":181,"bound":3},{"visitedNodes":877,"bound":4},{"visitedNodes":4237,"bound":5},{"visitedNodes":20461,"bound":6},{"visitedNodes":98797,"bound":7},{"visitedNodes":477037,"bound":8},{"visitedNodes":2303341,"bound":9}]}}},{"label":"2x2","key":"IDA*","solution":{"rotations":[{"side":2,"counterClockwiseDirection":false,"layer":0},{"side":3,"counterClockwiseDirection":true,"layer":0},{"side":3,"counterClockwiseDirection":true,"layer":0},{"side":0,"counterClockwiseDirection":true,"layer":0},{"side":3,"counterClockwiseDirection":false,"layer":0},{"side":0,"counterClockwiseDirection":true,"layer":0},{"side":0,"counterClockwiseDirection":true,"layer":0},{"side":2,"counterClockwiseDirection":true,"layer":0},{"side":0,"counterClockwiseDirection":true,"layer":0},{"side":3,"counterClockwiseDirection":true,"layer":0}],"totalTime":53104.29999998212,"data":{"metrics":[{"label":"PERFORM_ROTATION","totalTime":26631.799995660782,"totalRelativeTime":"50.14%","numOfCalls":25173939,"avgTimePerCall":0.0010579115169724047},{"label":"ADD_CANDIDATE","totalTime":4776.899997651577,"totalRelativeTime":"8.99%","numOfCalls":25173939,"avgTimePerCall":0.00018975576280102916},{"label":"NOT_MEASURED","totalTime":21695.60000666976,"totalRelativeTime":"40.85%","numOfCalls":0,"avgTimePerCall":21695.60000666976}],"visitedNodes":1895114,"iterations":[{"visitedNodes":7,"bound":2},{"visitedNodes":77,"bound":3.25},{"visitedNodes":625,"bound":4.5},{"visitedNodes":4242,"bound":5.75},{"visitedNodes":21651,"bound":7},{"visitedNodes":158368,"bound":8.25},{"visitedNodes":1710144,"bound":9.5}]}}},{"label":"2x2","key":"SA","solution":{"rotations":[{"side":2,"counterClockwiseDirection":false,"layer":0},{"side":3,"counterClockwiseDirection":true,"layer":0},{"side":0,"counterClockwiseDirection":false,"layer":0},{"side":3,"counterClockwiseDirection":true,"layer":0},{"side":0,"counterClockwiseDirection":false,"layer":0},{"side":0,"counterClockwiseDirection":false,"layer":0},{"side":3,"counterClockwiseDirection":true,"layer":0},{"side":2,"counterClockwiseDirection":false,"layer":0},{"side":0,"counterClockwiseDirection":false,"layer":0},{"side":2,"counterClockwiseDirection":false,"layer":0},{"side":3,"counterClockwiseDirection":true,"layer":0},{"side":3,"counterClockwiseDirection":true,"layer":0},{"side":2,"counterClockwiseDirection":true,"layer":0},{"side":3,"counterClockwiseDirection":true,"layer":0},{"side":0,"counterClockwiseDirection":true,"layer":0},{"side":3,"counterClockwiseDirection":false,"layer":0},{"side":0,"counterClockwiseDirection":false,"layer":0},{"layer":0,"side":3,"counterClockwiseDirection":false},{"side":0,"counterClockwiseDirection":false,"layer":0},{"side":3,"counterClockwiseDirection":false,"layer":0}],"totalTime":7754.5999999940395,"data":{"restartCounter":0,"iterations":627,"metrics":[{"label":"CHECK_SOLUTION","totalTime":425.0999998450279,"totalRelativeTime":"5.48%","numOfCalls":1880460,"avgTimePerCall":0.00022606170822300284},{"label":"APPLYING_ROTATIONS","totalTime":2400.3999974429607,"totalRelativeTime":"30.95%","numOfCalls":1880458,"avgTimePerCall":0.0012764975327515748},{"label":"COMPUTE_ROTATION","totalTime":421.5000002682209,"totalRelativeTime":"5.43%","numOfCalls":1880458,"avgTimePerCall":0.00022414752165069408},{"label":"CALCULATE_CITIZEN_SCORE","totalTime":855.2000013589859,"totalRelativeTime":"11.02%","numOfCalls":1880458,"avgTimePerCall":0.0004547828249070098},{"label":"AGGREGATE_CURRENT_GENERATION","totalTime":14.299999952316284,"totalRelativeTime":"0.18%","numOfCalls":62681,"avgTimePerCall":0.00022813930780166692},{"label":"CREATE_NEXT_GENERATION","totalTime":57.39999985694885,"totalRelativeTime":"0.74%","numOfCalls":626,"avgTimePerCall":0.09169329050630808},{"label":"MEASUREMENT_OVERHEAD","totalTime":1750.3999998271465,"totalRelativeTime":"22.57%","numOfCalls":0,"avgTimePerCall":1750.3999998271465},{"label":"NOT_MEASURED","totalTime":1830.3000014424324,"totalRelativeTime":"23.6%","numOfCalls":0,"avgTimePerCall":1830.3000014424324}]}}},{"label":"2x2","key":"GA","solution":{"rotations":[{"side":0,"counterClockwiseDirection":false,"layer":0},{"side":3,"counterClockwiseDirection":true,"layer":0},{"side":2,"counterClockwiseDirection":false,"layer":0},{"side":2,"counterClockwiseDirection":false,"layer":0},{"side":0,"counterClockwiseDirection":false,"layer":0},{"side":2,"counterClockwiseDirection":true,"layer":0},{"side":0,"counterClockwiseDirection":false,"layer":0},{"side":0,"counterClockwiseDirection":false,"layer":0},{"side":3,"counterClockwiseDirection":false,"layer":0},{"side":0,"counterClockwiseDirection":false,"layer":0},{"side":0,"counterClockwiseDirection":false,"layer":0},{"side":3,"counterClockwiseDirection":true,"layer":0}],"totalTime":17726.90000000596,"data":{"armageddonCounter":0,"generations":1360,"metrics":[{"label":"CHECK_SOLUTION","totalTime":956.6999987363815,"totalRelativeTime":"5.39%","numOfCalls":4078980,"avgTimePerCall":0.00023454392979038423},{"label":"APPLYING_ROTATIONS","totalTime":5567.900003671646,"totalRelativeTime":"31.4%","numOfCalls":4078966,"avgTimePerCall":0.0013650273141947362},{"label":"COMPUTE_GENE","totalTime":955.700001090765,"totalRelativeTime":"5.39%","numOfCalls":4078966,"avgTimePerCall":0.00023429957520870853},{"label":"CALCULATE_CITIZEN_SCORE","totalTime":1998.2999982833862,"totalRelativeTime":"11.27%","numOfCalls":4078966,"avgTimePerCall":0.0004899035682776925},{"label":"AGGREGATE_CURRENT_GENERATION","totalTime":31.300000071525574,"totalRelativeTime":"0.17%","numOfCalls":135965,"avgTimePerCall":0.0002302063036187664},{"label":"CREATE_NEXT_GENERATION","totalTime":101.49999934434891,"totalRelativeTime":"0.57%","numOfCalls":1359,"avgTimePerCall":0.07468726956905733},{"label":"MEASUREMENT_OVERHEAD","totalTime":4048.199995458126,"totalRelativeTime":"22.83%","numOfCalls":0,"avgTimePerCall":4048.199995458126},{"label":"NOT_MEASURED","totalTime":4067.300003349781,"totalRelativeTime":"22.94%","numOfCalls":0,"avgTimePerCall":4067.300003349781}]}}},{"label":"2x2","key":"WA*","solution":{"rotations":[{"side":3,"counterClockwiseDirection":true,"layer":0},{"side":2,"counterClockwiseDirection":false,"layer":0},{"side":2,"counterClockwiseDirection":false,"layer":0},{"side":3,"counterClockwiseDirection":true,"layer":0},{"side":0,"counterClockwiseDirection":true,"layer":0},{"side":3,"counterClockwiseDirection":true,"layer":0},{"side":0,"counterClockwiseDirection":false,"layer":0},{"side":2,"counterClockwiseDirection":true,"layer":0},{"side":3,"counterClockwiseDirection":false,"layer":0},{"side":2,"counterClockwiseDirection":true,"layer":0},{"side":3,"counterClockwiseDirection":true,"layer":0},{"side":2,"counterClockwiseDirection":false,"layer":0},{"side":0,"counterClockwiseDirection":true,"layer":0},{"side":3,"counterClockwiseDirection":true,"layer":0},{"side":0,"counterClockwiseDirection":false,"layer":0},{"side":3,"counterClockwiseDirection":false,"layer":0}],"totalTime":1712,"data":{"metrics":[{"label":"ITERATIONS_COUNTER_INCREMENT","totalTime":30.999999940395355,"totalRelativeTime":"1.81%","numOfCalls":136612,"avgTimePerCall":0.00022692003587089973},{"label":"ABORTED_VERIFICATION","totalTime":18.99999988079071,"totalRelativeTime":"1.1%","numOfCalls":68306,"avgTimePerCall":0.00027816004276038286},{"label":"POP_CANDIDATE","totalTime":37.30000016093254,"totalRelativeTime":"2.17%","numOfCalls":68306,"avgTimePerCall":0.0005460720897275868},{"label":"VISISTED_LIST_CHECK","totalTime":133.700000166893,"totalRelativeTime":"7.8%","numOfCalls":365860,"avgTimePerCall":0.0003654403328237386},{"label":"CHECK_SOLUTION","totalTime":12.300000041723251,"totalRelativeTime":"0.71%","numOfCalls":62363,"avgTimePerCall":0.00019723233394357634},{"label":"ADD_TO_VISISTED_LIST_CHECK","totalTime":16.200000077486038,"totalRelativeTime":"0.94%","numOfCalls":62362,"avgTimePerCall":0.0002597735813073031},{"label":"PERFORM_ROTATION","totalTime":410.2000006735325,"totalRelativeTime":"23.96%","numOfCalls":297554,"avgTimePerCall":0.0013785733032442263},{"label":"HEURISTIC_CALCULATION","totalTime":196.1000003516674,"totalRelativeTime":"11.45%","numOfCalls":297554,"avgTimePerCall":0.0006590400409729575},{"label":"ADD_CANDIDATE","totalTime":77.49999967217445,"totalRelativeTime":"4.52%","numOfCalls":287157,"avgTimePerCall":0.00026988720341894663},{"label":"BUILD_SOLUTION","totalTime":0,"totalRelativeTime":"0%","numOfCalls":1,"avgTimePerCall":0},{"label":"MEASUREMENT_OVERHEAD","totalTime":369.6999989449978,"totalRelativeTime":"21.59%","numOfCalls":0,"avgTimePerCall":369.6999989449978},{"label":"NOT_MEASURED","totalTime":409.00000008940697,"totalRelativeTime":"23.89%","numOfCalls":0,"avgTimePerCall":409.00000008940697}],"visitedNodes":68306,"differentNodes":62363}}},{"label":"2x2","key":"BiBFS","solution":{"rotations":[{"side":2,"counterClockwiseDirection":false,"layer":0},{"side":3,"counterClockwiseDirection":true,"layer":0},{"side":3,"counterClockwiseDirection":true,"layer":0},{"side":0,"counterClockwiseDirection":true,"layer":0},{"side":3,"counterClockwiseDirection":false,"layer":0},{"side":0,"counterClockwiseDirection":false,"layer":0},{"side":0,"counterClockwiseDirection":false,"layer":0},{"side":2,"counterClockwiseDirection":true,"layer":0},{"side":0,"counterClockwiseDirection":true,"layer":0},{"side":3,"counterClockwiseDirection":true,"layer":0}],"totalTime":149.39999997615814,"data":{"metrics":[{"label":"POP_CANDIDATE","totalTime":2.300000101327896,"totalRelativeTime":"1.53%","numOfCalls":5966,"avgTimePerCall":0.0003855179519490272},{"label":"VISISTED_LIST_CHECK","totalTime":12.39999982714653,"totalRelativeTime":"8.29%","numOfCalls":36972,"avgTimePerCall":0.00033538893830862627},{"label":"ADD_TO_VISISTED_LIST_CHECK","totalTime":1.7000000476837158,"totalRelativeTime":"1.13%","numOfCalls":5258,"avgTimePerCall":0.00032331685958229665},{"label":"PERFORM_ROTATION","totalTime":60.99999997019768,"totalRelativeTime":"40.82%","numOfCalls":25746,"avgTimePerCall":0.0023693000842926154},{"label":"ADD_CANDIDATE","totalTime":7.5,"totalRelativeTime":"5.02%","numOfCalls":25506,"avgTimePerCall":0.00029404845918607386},{"label":"MEASUREMENT_OVERHEAD","totalTime":24.399999916553497,"totalRelativeTime":"16.33%","numOfCalls":0,"avgTimePerCall":24.399999916553497},{"label":"NOT_MEASURED","totalTime":40.100000113248825,"totalRelativeTime":"26.84%","numOfCalls":0,"avgTimePerCall":40.100000113248825}],"iterations":2630,"visitedNodes":2630}}}]}