{"timestamp":1680987738027,"shuffle":"31:  L    F'   L'   U    R'   D'   R'   B'   F'   R'  2B    U'   B'   R'   L    B    U'   F    R    B    L'   U'   L   2R    U    R    F'   B'   R   ","solutions":[{"label":"2x2","key":"IDDFS","solution":{"rotations":[{"side":3,"counterClockwiseDirection":true,"layer":0},{"side":2,"counterClockwiseDirection":true,"layer":0},{"side":0,"counterClockwiseDirection":true,"layer":0},{"side":0,"counterClockwiseDirection":true,"layer":0},{"side":3,"counterClockwiseDirection":false,"layer":0},{"side":0,"counterClockwiseDirection":false,"layer":0},{"side":2,"counterClockwiseDirection":false,"layer":0},{"side":0,"counterClockwiseDirection":true,"layer":0},{"side":3,"counterClockwiseDirection":false,"layer":0},{"side":2,"counterClockwiseDirection":true,"layer":0},{"side":3,"counterClockwiseDirection":false,"layer":0}],"totalTime":149519.5,"data":{"metrics":[{"label":"PERFORM_ROTATION","totalTime":63470.10000209883,"totalRelativeTime":"42.44%","numOfCalls":50363743,"avgTimePerCall":0.001260233974311616},{"label":"ADD_CANDIDATE","totalTime":12003.500000339001,"totalRelativeTime":"8.02%","numOfCalls":50363743,"avgTimePerCall":0.00023833613797010682},{"label":"NOT_MEASURED","totalTime":74045.89999756217,"totalRelativeTime":"49.52%","numOfCalls":0,"avgTimePerCall":74045.89999756217}],"visitedNodes":14026485,"iterations":[{"visitedNodes":37,"bound":2},{"visitedNodes":181,"bound":3},{"visitedNodes":877,"bound":4},{"visitedNodes":4237,"bound":5},{"visitedNodes":20461,"bound":6},{"visitedNodes":98797,"bound":7},{"visitedNodes":477037,"bound":8},{"visitedNodes":2303341,"bound":9},{"visitedNodes":11121517,"bound":10}]}}},{"label":"2x2","key":"IDA*","solution":{"rotations":[{"side":3,"counterClockwiseDirection":true,"layer":0},{"side":2,"counterClockwiseDirection":true,"layer":0},{"side":0,"counterClockwiseDirection":true,"layer":0},{"side":0,"counterClockwiseDirection":true,"layer":0},{"side":3,"counterClockwiseDirection":false,"layer":0},{"side":0,"counterClockwiseDirection":false,"layer":0},{"side":2,"counterClockwiseDirection":false,"layer":0},{"side":0,"counterClockwiseDirection":true,"layer":0},{"side":3,"counterClockwiseDirection":false,"layer":0},{"side":2,"counterClockwiseDirection":true,"layer":0},{"side":3,"counterClockwiseDirection":false,"layer":0}],"totalTime":128763.60000000149,"data":{"metrics":[{"label":"PERFORM_ROTATION","totalTime":61981.0999995321,"totalRelativeTime":"48.13%","numOfCalls":46009938,"avgTimePerCall":0.0013471241799876388},{"label":"ADD_CANDIDATE","totalTime":11154.099998869002,"totalRelativeTime":"8.66%","numOfCalls":46009938,"avgTimePerCall":0.0002424280597567639},{"label":"NOT_MEASURED","totalTime":55628.400001600385,"totalRelativeTime":"43.2%","numOfCalls":0,"avgTimePerCall":55628.400001600385}],"visitedNodes":1961359,"iterations":[{"visitedNodes":7,"bound":2},{"visitedNodes":80,"bound":3.25},{"visitedNodes":736,"bound":4.5},{"visitedNodes":4277,"bound":5.75},{"visitedNodes":22349,"bound":7},{"visitedNodes":167762,"bound":8.25},{"visitedNodes":1766148,"bound":9.5}]}}},{"label":"2x2","key":"SA","solution":{"rotations":[{"side":2,"counterClockwiseDirection":false,"layer":0},{"side":0,"counterClockwiseDirection":true,"layer":0},{"side":2,"counterClockwiseDirection":false,"layer":0},{"side":0,"counterClockwiseDirection":false,"layer":0},{"side":2,"counterClockwiseDirection":false,"layer":0},{"side":3,"counterClockwiseDirection":true,"layer":0},{"side":2,"counterClockwiseDirection":true,"layer":0},{"side":0,"counterClockwiseDirection":false,"layer":0},{"side":3,"counterClockwiseDirection":true,"layer":0},{"side":2,"counterClockwiseDirection":true,"layer":0},{"side":3,"counterClockwiseDirection":true,"layer":0},{"side":2,"counterClockwiseDirection":false,"layer":0},{"side":0,"counterClockwiseDirection":false,"layer":0},{"side":3,"counterClockwiseDirection":true,"layer":0},{"side":0,"counterClockwiseDirection":true,"layer":0}],"totalTime":133925.5,"data":{"restartCounter":2,"iterations":10295,"metrics":[{"label":"CHECK_SOLUTION","totalTime":6976.00000013411,"totalRelativeTime":"5.2%","numOfCalls":30883020,"avgTimePerCall":0.0002258846447055408},{"label":"APPLYING_ROTATIONS","totalTime":40575.10000068322,"totalRelativeTime":"30.29%","numOfCalls":30883013,"avgTimePerCall":0.0013138322999988123},{"label":"COMPUTE_ROTATION","totalTime":7398.400000914931,"totalRelativeTime":"5.52%","numOfCalls":30883013,"avgTimePerCall":0.00023956211788386488},{"label":"CALCULATE_CITIZEN_SCORE","totalTime":14936.700001128018,"totalRelativeTime":"11.15%","numOfCalls":30883013,"avgTimePerCall":0.00048365423416193293},{"label":"AGGREGATE_CURRENT_GENERATION","totalTime":244.39999974146485,"totalRelativeTime":"0.18%","numOfCalls":1029433,"avgTimePerCall":0.00023741224513053774},{"label":"CREATE_NEXT_GENERATION","totalTime":930.5000001639128,"totalRelativeTime":"0.69%","numOfCalls":10294,"avgTimePerCall":0.09039246164405602},{"label":"MEASUREMENT_OVERHEAD","totalTime":31617.900000289083,"totalRelativeTime":"23.6%","numOfCalls":0,"avgTimePerCall":31617.900000289083},{"label":"NOT_MEASURED","totalTime":31246.499996945262,"totalRelativeTime":"23.33%","numOfCalls":0,"avgTimePerCall":31246.499996945262}]}}},{"label":"2x2","key":"GA","solution":{"rotations":[{"side":2,"counterClockwiseDirection":true,"layer":0},{"side":0,"counterClockwiseDirection":true,"layer":0},{"side":0,"counterClockwiseDirection":true,"layer":0},{"side":3,"counterClockwiseDirection":false,"layer":0},{"side":0,"counterClockwiseDirection":false,"layer":0},{"side":3,"counterClockwiseDirection":true,"layer":0},{"side":0,"counterClockwiseDirection":false,"layer":0},{"side":2,"counterClockwiseDirection":true,"layer":0},{"side":3,"counterClockwiseDirection":false,"layer":0},{"side":2,"counterClockwiseDirection":false,"layer":0},{"side":0,"counterClockwiseDirection":false,"layer":0},{"side":0,"counterClockwiseDirection":false,"layer":0},{"side":3,"counterClockwiseDirection":true,"layer":0}],"totalTime":13213,"data":{"armageddonCounter":0,"generations":1299,"metrics":[{"label":"CHECK_SOLUTION","totalTime":683.5999999940395,"totalRelativeTime":"5.17%","numOfCalls":3896400,"avgTimePerCall":0.0001754439995878348},{"label":"APPLYING_ROTATIONS","totalTime":4044.2999995797873,"totalRelativeTime":"30.6%","numOfCalls":3896387,"avgTimePerCall":0.0010379615781440055},{"label":"COMPUTE_GENE","totalTime":713.3000001907349,"totalRelativeTime":"5.39%","numOfCalls":3896387,"avgTimePerCall":0.00018306703112158388},{"label":"CALCULATE_CITIZEN_SCORE","totalTime":1507.799999780953,"totalRelativeTime":"11.41%","numOfCalls":3896387,"avgTimePerCall":0.000386973881131662},{"label":"AGGREGATE_CURRENT_GENERATION","totalTime":24.300000078976154,"totalRelativeTime":"0.18%","numOfCalls":129879,"avgTimePerCall":0.00018709722186786281},{"label":"CREATE_NEXT_GENERATION","totalTime":83.09999999776483,"totalRelativeTime":"0.62%","numOfCalls":1298,"avgTimePerCall":0.06402157164696828},{"label":"MEASUREMENT_OVERHEAD","totalTime":3076.700000103563,"totalRelativeTime":"23.28%","numOfCalls":0,"avgTimePerCall":3076.700000103563},{"label":"NOT_MEASURED","totalTime":3079.9000002741814,"totalRelativeTime":"23.3%","numOfCalls":0,"avgTimePerCall":3079.9000002741814}]}}},{"label":"2x2","key":"WA*","solution":{"rotations":[{"side":3,"counterClockwiseDirection":false,"layer":0},{"side":2,"counterClockwiseDirection":true,"layer":0},{"side":3,"counterClockwiseDirection":true,"layer":0},{"side":2,"counterClockwiseDirection":true,"layer":0},{"side":3,"counterClockwiseDirection":true,"layer":0},{"side":3,"counterClockwiseDirection":true,"layer":0},{"side":0,"counterClockwiseDirection":false,"layer":0},{"side":3,"counterClockwiseDirection":true,"layer":0},{"side":2,"counterClockwiseDirection":false,"layer":0},{"side":3,"counterClockwiseDirection":true,"layer":0},{"side":2,"counterClockwiseDirection":false,"layer":0},{"side":3,"counterClockwiseDirection":false,"layer":0},{"side":2,"counterClockwiseDirection":true,"layer":0},{"side":2,"counterClockwiseDirection":true,"layer":0},{"side":3,"counterClockwiseDirection":true,"layer":0}],"totalTime":1910.300000000745,"data":{"metrics":[{"label":"ITERATIONS_COUNTER_INCREMENT","totalTime":29.49999999627471,"totalRelativeTime":"1.54%","numOfCalls":171308,"avgTimePerCall":0.0001722044504417465},{"label":"ABORTED_VERIFICATION","totalTime":15.80000001564622,"totalRelativeTime":"0.82%","numOfCalls":85654,"avgTimePerCall":0.00018446307254356154},{"label":"POP_CANDIDATE","totalTime":42.50000001490116,"totalRelativeTime":"2.22%","numOfCalls":85654,"avgTimePerCall":0.0004961823150687785},{"label":"VISISTED_LIST_CHECK","totalTime":163.10000003501773,"totalRelativeTime":"8.53%","numOfCalls":461361,"avgTimePerCall":0.0003535192615652769},{"label":"CHECK_SOLUTION","totalTime":16.200000002980232,"totalRelativeTime":"0.84%","numOfCalls":78677,"avgTimePerCall":0.00020590515656392888},{"label":"ADD_TO_VISISTED_LIST_CHECK","totalTime":20.599999982863665,"totalRelativeTime":"1.07%","numOfCalls":78676,"avgTimePerCall":0.00026183334158909533},{"label":"PERFORM_ROTATION","totalTime":458.49999994039536,"totalRelativeTime":"24%","numOfCalls":375707,"avgTimePerCall":0.0012203658700540457},{"label":"HEURISTIC_CALCULATION","totalTime":178.99999995529652,"totalRelativeTime":"9.37%","numOfCalls":375707,"avgTimePerCall":0.00047643509424976515},{"label":"ADD_CANDIDATE","totalTime":85.3999999128282,"totalRelativeTime":"4.47%","numOfCalls":361343,"avgTimePerCall":0.00023634054046384794},{"label":"BUILD_SOLUTION","totalTime":0,"totalRelativeTime":"0%","numOfCalls":1,"avgTimePerCall":0},{"label":"MEASUREMENT_OVERHEAD","totalTime":423.2000000886619,"totalRelativeTime":"22.15%","numOfCalls":0,"avgTimePerCall":423.2000000886619},{"label":"NOT_MEASURED","totalTime":476.50000005587935,"totalRelativeTime":"24.94%","numOfCalls":0,"avgTimePerCall":476.50000005587935}],"visitedNodes":85654,"differentNodes":78677}}},{"label":"2x2","key":"BiBFS","solution":{"rotations":[{"side":3,"counterClockwiseDirection":true,"layer":0},{"side":2,"counterClockwiseDirection":true,"layer":0},{"side":0,"counterClockwiseDirection":true,"layer":0},{"side":0,"counterClockwiseDirection":true,"layer":0},{"side":3,"counterClockwiseDirection":false,"layer":0},{"side":0,"counterClockwiseDirection":false,"layer":0},{"side":2,"counterClockwiseDirection":false,"layer":0},{"side":0,"counterClockwiseDirection":true,"layer":0},{"side":3,"counterClockwiseDirection":false,"layer":0},{"side":2,"counterClockwiseDirection":true,"layer":0},{"side":3,"counterClockwiseDirection":false,"layer":0}],"totalTime":209.30000000074506,"data":{"metrics":[{"label":"POP_CANDIDATE","totalTime":2.3000000044703484,"totalRelativeTime":"1.09%","numOfCalls":9708,"avgTimePerCall":0.0002369180062289193},{"label":"VISISTED_LIST_CHECK","totalTime":18.8000000230968,"totalRelativeTime":"8.98%","numOfCalls":59792,"avgTimePerCall":0.00031442333461160024},{"label":"ADD_TO_VISISTED_LIST_CHECK","totalTime":2.5000000074505806,"totalRelativeTime":"1.19%","numOfCalls":8496,"avgTimePerCall":0.00029425612140425856},{"label":"PERFORM_ROTATION","totalTime":84.2000000178814,"totalRelativeTime":"40.22%","numOfCalls":41586,"avgTimePerCall":0.0020247198580743853},{"label":"ADD_CANDIDATE","totalTime":15.600000012665987,"totalRelativeTime":"7.45%","numOfCalls":40778,"avgTimePerCall":0.0003825592234211091},{"label":"MEASUREMENT_OVERHEAD","totalTime":40.6000000089407,"totalRelativeTime":"19.39%","numOfCalls":0,"avgTimePerCall":40.6000000089407},{"label":"NOT_MEASURED","totalTime":45.29999992623925,"totalRelativeTime":"21.64%","numOfCalls":0,"avgTimePerCall":45.29999992623925}],"iterations":4249,"visitedNodes":4249}}}]}