{"timestamp":1680889041533,"shuffle":"34:  F    D'   F'   B'   R'   D   2L   2R    B    D'   L'   F    U'   L'   B'   L'   D'   L    D    F    U'  2B    L    D    F    B    R    L'   R    F    D   ","solutions":[{"label":"2x2","key":"IDDFS","solution":{"rotations":[{"side":2,"counterClockwiseDirection":false,"layer":0},{"side":3,"counterClockwiseDirection":false,"layer":0},{"side":0,"counterClockwiseDirection":true,"layer":0},{"side":3,"counterClockwiseDirection":true,"layer":0},{"side":3,"counterClockwiseDirection":true,"layer":0},{"side":0,"counterClockwiseDirection":false,"layer":0},{"side":2,"counterClockwiseDirection":false,"layer":0},{"side":3,"counterClockwiseDirection":true,"layer":0},{"side":0,"counterClockwiseDirection":true,"layer":0},{"side":2,"counterClockwiseDirection":false,"layer":0}],"totalTime":23822.70000001788,"data":{"metrics":[{"label":"PERFORM_ROTATION","totalTime":10095.500002026558,"totalRelativeTime":"42.37%","numOfCalls":6449854,"avgTimePerCall":0.001565229228758753},{"label":"ADD_CANDIDATE","totalTime":1848.8999989926815,"totalRelativeTime":"7.76%","numOfCalls":6449854,"avgTimePerCall":0.0002866576513193448},{"label":"NOT_MEASURED","totalTime":11878.299998998642,"totalRelativeTime":"49.86%","numOfCalls":0,"avgTimePerCall":11878.299998998642}],"visitedNodes":2904968,"iterations":[{"visitedNodes":37,"bound":2},{"visitedNodes":181,"bound":3},{"visitedNodes":877,"bound":4},{"visitedNodes":4237,"bound":5},{"visitedNodes":20461,"bound":6},{"visitedNodes":98797,"bound":7},{"visitedNodes":477037,"bound":8},{"visitedNodes":2303341,"bound":9}]}}},{"label":"2x2","key":"IDA*","solution":{"rotations":[{"side":2,"counterClockwiseDirection":false,"layer":0},{"side":3,"counterClockwiseDirection":false,"layer":0},{"side":0,"counterClockwiseDirection":true,"layer":0},{"side":3,"counterClockwiseDirection":true,"layer":0},{"side":3,"counterClockwiseDirection":true,"layer":0},{"side":0,"counterClockwiseDirection":false,"layer":0},{"side":2,"counterClockwiseDirection":false,"layer":0},{"side":3,"counterClockwiseDirection":true,"layer":0},{"side":0,"counterClockwiseDirection":true,"layer":0},{"side":2,"counterClockwiseDirection":false,"layer":0}],"totalTime":70340.19999998808,"data":{"metrics":[{"label":"PERFORM_ROTATION","totalTime":32977.80000072718,"totalRelativeTime":"46.88%","numOfCalls":26099215,"avgTimePerCall":0.0012635552448886749},{"label":"ADD_CANDIDATE","totalTime":6277.600005656481,"totalRelativeTime":"8.92%","numOfCalls":26099215,"avgTimePerCall":0.00024052830729416502},{"label":"NOT_MEASURED","totalTime":31084.79999360442,"totalRelativeTime":"44.19%","numOfCalls":0,"avgTimePerCall":31084.79999360442}],"visitedNodes":1852339,"iterations":[{"visitedNodes":7,"bound":2},{"visitedNodes":47,"bound":3.25},{"visitedNodes":559,"bound":4.5},{"visitedNodes":4242,"bound":5.75},{"visitedNodes":21279,"bound":7},{"visitedNodes":147558,"bound":8.25},{"visitedNodes":1678647,"bound":9.5}]}}},{"label":"2x2","key":"GA","solution":{"rotations":[{"side":3,"counterClockwiseDirection":false,"layer":0},{"side":3,"counterClockwiseDirection":false,"layer":0},{"side":0,"counterClockwiseDirection":true,"layer":0},{"side":2,"counterClockwiseDirection":true,"layer":0},{"side":3,"counterClockwiseDirection":false,"layer":0},{"side":2,"counterClockwiseDirection":true,"layer":0},{"side":3,"counterClockwiseDirection":true,"layer":0},{"side":2,"counterClockwiseDirection":true,"layer":0},{"side":0,"counterClockwiseDirection":true,"layer":0},{"side":3,"counterClockwiseDirection":false,"layer":0},{"side":2,"counterClockwiseDirection":false,"layer":0},{"side":3,"counterClockwiseDirection":false,"layer":0},{"side":0,"counterClockwiseDirection":false,"layer":0},{"side":2,"counterClockwiseDirection":false,"layer":0},{"side":3,"counterClockwiseDirection":false,"layer":0},{"side":2,"counterClockwiseDirection":false,"layer":0}],"totalTime":41628.20000001788,"data":{"armageddonCounter":0,"generations":2719,"metrics":[{"label":"CHECK_SOLUTION","totalTime":2233.100003361702,"totalRelativeTime":"5.36%","numOfCalls":8156820,"avgTimePerCall":0.000273770906230823},{"label":"APPLYING_ROTATIONS","totalTime":13148.999993622303,"totalRelativeTime":"31.58%","numOfCalls":8156818,"avgTimePerCall":0.0016120256690320051},{"label":"COMPUTE_GENE","totalTime":2294.000000655651,"totalRelativeTime":"5.51%","numOfCalls":8156818,"avgTimePerCall":0.00028123711975131123},{"label":"CALCULATE_CITIZEN_SCORE","totalTime":4567.899998784065,"totalRelativeTime":"10.97%","numOfCalls":8156818,"avgTimePerCall":0.0005600100429829458},{"label":"AGGREGATE_CURRENT_GENERATION","totalTime":86.59999921917915,"totalRelativeTime":"0.2%","numOfCalls":271893,"avgTimePerCall":0.00031850764535747204},{"label":"CREATE_NEXT_GENERATION","totalTime":239.00000059604645,"totalRelativeTime":"0.57%","numOfCalls":2718,"avgTimePerCall":0.08793230338338721},{"label":"MEASUREMENT_OVERHEAD","totalTime":9511.100001841784,"totalRelativeTime":"22.84%","numOfCalls":0,"avgTimePerCall":9511.100001841784},{"label":"NOT_MEASURED","totalTime":9547.500001937151,"totalRelativeTime":"22.93%","numOfCalls":0,"avgTimePerCall":9547.500001937151}]}}},{"label":"2x2","key":"SA","solution":{"rotations":[{"side":3,"counterClockwiseDirection":false,"layer":0},{"side":2,"counterClockwiseDirection":false,"layer":0},{"side":3,"counterClockwiseDirection":true,"layer":0},{"side":0,"counterClockwiseDirection":false,"layer":0},{"side":2,"counterClockwiseDirection":false,"layer":0},{"side":0,"counterClockwiseDirection":false,"layer":0},{"side":2,"counterClockwiseDirection":true,"layer":0},{"side":0,"counterClockwiseDirection":false,"layer":0},{"side":2,"counterClockwiseDirection":false,"layer":0},{"side":0,"counterClockwiseDirection":false,"layer":0},{"side":2,"counterClockwiseDirection":true,"layer":0},{"side":3,"counterClockwiseDirection":false,"layer":0},{"side":3,"counterClockwiseDirection":false,"layer":0},{"side":2,"counterClockwiseDirection":false,"layer":0},{"side":3,"counterClockwiseDirection":true,"layer":0},{"side":2,"counterClockwiseDirection":true,"layer":0},{"side":0,"counterClockwiseDirection":true,"layer":0},{"side":3,"counterClockwiseDirection":false,"layer":0}],"totalTime":45022.30000001192,"data":{"restartCounter":0,"iterations":3053,"metrics":[{"label":"CHECK_SOLUTION","totalTime":2407.5000001490116,"totalRelativeTime":"5.34%","numOfCalls":9157530,"avgTimePerCall":0.00026289840165950987},{"label":"APPLYING_ROTATIONS","totalTime":13896.100001692772,"totalRelativeTime":"30.86%","numOfCalls":9157522,"avgTimePerCall":0.001517451992110177},{"label":"COMPUTE_ROTATION","totalTime":2509.399999976158,"totalRelativeTime":"5.57%","numOfCalls":9157522,"avgTimePerCall":0.00027402609570319984},{"label":"CALCULATE_CITIZEN_SCORE","totalTime":5099.900002092123,"totalRelativeTime":"11.32%","numOfCalls":9157522,"avgTimePerCall":0.000556908299220261},{"label":"AGGREGATE_CURRENT_GENERATION","totalTime":85.90000036358833,"totalRelativeTime":"0.19%","numOfCalls":305250,"avgTimePerCall":0.000281408682599798},{"label":"CREATE_NEXT_GENERATION","totalTime":287.8999988436699,"totalRelativeTime":"0.63%","numOfCalls":3052,"avgTimePerCall":0.09433158546647114},{"label":"MEASUREMENT_OVERHEAD","totalTime":10290.500000238419,"totalRelativeTime":"22.85%","numOfCalls":0,"avgTimePerCall":10290.500000238419},{"label":"NOT_MEASURED","totalTime":10445.09999665618,"totalRelativeTime":"23.19%","numOfCalls":0,"avgTimePerCall":10445.09999665618}]}}},{"label":"2x2","key":"WA*","solution":{"rotations":[{"side":3,"counterClockwiseDirection":true,"layer":0},{"side":0,"counterClockwiseDirection":true,"layer":0},{"side":2,"counterClockwiseDirection":false,"layer":0},{"side":2,"counterClockwiseDirection":false,"layer":0},{"side":0,"counterClockwiseDirection":false,"layer":0},{"side":0,"counterClockwiseDirection":false,"layer":0},{"side":2,"counterClockwiseDirection":true,"layer":0},{"side":2,"counterClockwiseDirection":true,"layer":0},{"side":3,"counterClockwiseDirection":false,"layer":0},{"side":2,"counterClockwiseDirection":false,"layer":0},{"side":3,"counterClockwiseDirection":false,"layer":0},{"side":2,"counterClockwiseDirection":false,"layer":0},{"side":2,"counterClockwiseDirection":false,"layer":0},{"side":3,"counterClockwiseDirection":true,"layer":0}],"totalTime":326.30000001192093,"data":{"metrics":[{"label":"ITERATIONS_COUNTER_INCREMENT","totalTime":4.799999952316284,"totalRelativeTime":"1.47%","numOfCalls":19112,"avgTimePerCall":0.0002511511067557704},{"label":"ABORTED_VERIFICATION","totalTime":1.899999976158142,"totalRelativeTime":"0.58%","numOfCalls":9556,"avgTimePerCall":0.00019882795899520115},{"label":"POP_CANDIDATE","totalTime":7.799999803304672,"totalRelativeTime":"2.39%","numOfCalls":9556,"avgTimePerCall":0.0008162410844814433},{"label":"VISISTED_LIST_CHECK","totalTime":22.899999916553497,"totalRelativeTime":"7.01%","numOfCalls":51892,"avgTimePerCall":0.0004413011623478281},{"label":"CHECK_SOLUTION","totalTime":1.800000011920929,"totalRelativeTime":"0.55%","numOfCalls":8881,"avgTimePerCall":0.00020267987973436876},{"label":"ADD_TO_VISISTED_LIST_CHECK","totalTime":7,"totalRelativeTime":"2.14%","numOfCalls":8880,"avgTimePerCall":0.0007882882882882883},{"label":"PERFORM_ROTATION","totalTime":101.79999989271164,"totalRelativeTime":"31.19%","numOfCalls":42336,"avgTimePerCall":0.0024045729377530148},{"label":"HEURISTIC_CALCULATION","totalTime":23.299999952316284,"totalRelativeTime":"7.14%","numOfCalls":42336,"avgTimePerCall":0.0005503590313755736},{"label":"ADD_CANDIDATE","totalTime":12.10000017285347,"totalRelativeTime":"3.7%","numOfCalls":41587,"avgTimePerCall":0.0002909563126182093},{"label":"BUILD_SOLUTION","totalTime":0,"totalRelativeTime":"0%","numOfCalls":1,"avgTimePerCall":0},{"label":"MEASUREMENT_OVERHEAD","totalTime":75.80000022053719,"totalRelativeTime":"23.23%","numOfCalls":0,"avgTimePerCall":75.80000022053719},{"label":"NOT_MEASURED","totalTime":67.10000011324883,"totalRelativeTime":"20.56%","numOfCalls":0,"avgTimePerCall":67.10000011324883}],"visitedNodes":9556,"differentNodes":8881}}},{"label":"2x2","key":"BiBFS","solution":{"rotations":[{"side":0,"counterClockwiseDirection":false,"layer":0},{"side":3,"counterClockwiseDirection":true,"layer":0},{"side":0,"counterClockwiseDirection":true,"layer":0},{"side":3,"counterClockwiseDirection":true,"layer":0},{"side":2,"counterClockwiseDirection":false,"layer":0},{"side":0,"counterClockwiseDirection":true,"layer":0},{"side":3,"counterClockwiseDirection":false,"layer":0},{"side":0,"counterClockwiseDirection":true,"layer":0},{"side":2,"counterClockwiseDirection":false,"layer":0},{"side":3,"counterClockwiseDirection":true,"layer":0}],"totalTime":127,"data":{"metrics":[{"label":"POP_CANDIDATE","totalTime":1,"totalRelativeTime":"0.78%","numOfCalls":4268,"avgTimePerCall":0.00023430178069353328},{"label":"VISISTED_LIST_CHECK","totalTime":11.499999910593033,"totalRelativeTime":"9.05%","numOfCalls":26884,"avgTimePerCall":0.0004277637223104089},{"label":"ADD_TO_VISISTED_LIST_CHECK","totalTime":2.5999999940395355,"totalRelativeTime":"2.04%","numOfCalls":3834,"avgTimePerCall":0.000678142930109425},{"label":"PERFORM_ROTATION","totalTime":43.60000014305115,"totalRelativeTime":"34.33%","numOfCalls":18780,"avgTimePerCall":0.00232161875096119},{"label":"ADD_CANDIDATE","totalTime":5.60000005364418,"totalRelativeTime":"4.4%","numOfCalls":18580,"avgTimePerCall":0.00030139935703144135},{"label":"MEASUREMENT_OVERHEAD","totalTime":19.500000029802322,"totalRelativeTime":"15.35%","numOfCalls":0,"avgTimePerCall":19.500000029802322},{"label":"NOT_MEASURED","totalTime":43.19999986886978,"totalRelativeTime":"34.01%","numOfCalls":0,"avgTimePerCall":43.19999986886978}],"iterations":1918,"visitedNodes":1918}}}]}