{"timestamp":1680910151651,"shuffle":"35:  B'  2F    U'   R'   U    R    D'   U    D    R   2U    F'   U'   D    U'  2F    R'   F    R'   U    F    D'   L'   B'   D    L'   F   2D    F    D'   B'  ","solutions":[{"label":"2x2","key":"IDDFS","solution":{"rotations":[{"side":0,"counterClockwiseDirection":false,"layer":0},{"side":3,"counterClockwiseDirection":true,"layer":0},{"side":0,"counterClockwiseDirection":false,"layer":0},{"side":3,"counterClockwiseDirection":false,"layer":0},{"side":0,"counterClockwiseDirection":true,"layer":0},{"side":3,"counterClockwiseDirection":true,"layer":0},{"side":3,"counterClockwiseDirection":true,"layer":0},{"side":2,"counterClockwiseDirection":false,"layer":0},{"side":0,"counterClockwiseDirection":true,"layer":0}],"totalTime":6045.4000000059605,"data":{"metrics":[{"label":"PERFORM_ROTATION","totalTime":2827.1000005304813,"totalRelativeTime":"46.76%","numOfCalls":2042593,"avgTimePerCall":0.0013840740668995151},{"label":"ADD_CANDIDATE","totalTime":502.69999915361404,"totalRelativeTime":"8.31%","numOfCalls":2042593,"avgTimePerCall":0.0002461087446954014},{"label":"NOT_MEASURED","totalTime":2715.600000321865,"totalRelativeTime":"44.92%","numOfCalls":0,"avgTimePerCall":2715.600000321865}],"visitedNodes":601627,"iterations":[{"visitedNodes":37,"bound":2},{"visitedNodes":181,"bound":3},{"visitedNodes":877,"bound":4},{"visitedNodes":4237,"bound":5},{"visitedNodes":20461,"bound":6},{"visitedNodes":98797,"bound":7},{"visitedNodes":477037,"bound":8}]}}},{"label":"2x2","key":"IDA*","solution":{"rotations":[{"side":0,"counterClockwiseDirection":false,"layer":0},{"side":3,"counterClockwiseDirection":true,"layer":0},{"side":0,"counterClockwiseDirection":false,"layer":0},{"side":3,"counterClockwiseDirection":false,"layer":0},{"side":0,"counterClockwiseDirection":true,"layer":0},{"side":3,"counterClockwiseDirection":true,"layer":0},{"side":3,"counterClockwiseDirection":true,"layer":0},{"side":2,"counterClockwiseDirection":false,"layer":0},{"side":0,"counterClockwiseDirection":true,"layer":0}],"totalTime":16298.09999999404,"data":{"metrics":[{"label":"PERFORM_ROTATION","totalTime":8222.900001525879,"totalRelativeTime":"50.45%","numOfCalls":6064337,"avgTimePerCall":0.0013559437744844786},{"label":"ADD_CANDIDATE","totalTime":1404.499998420477,"totalRelativeTime":"8.61%","numOfCalls":6064337,"avgTimePerCall":0.00023159992566713838},{"label":"NOT_MEASURED","totalTime":6670.700000047684,"totalRelativeTime":"40.92%","numOfCalls":0,"avgTimePerCall":6670.700000047684}],"visitedNodes":192381,"iterations":[{"visitedNodes":7,"bound":2},{"visitedNodes":42,"bound":3.25},{"visitedNodes":591,"bound":4.5},{"visitedNodes":4262,"bound":5.75},{"visitedNodes":22103,"bound":7},{"visitedNodes":165376,"bound":8.25}]}}},{"label":"2x2","key":"SA","solution":{"rotations":[{"side":0,"counterClockwiseDirection":false,"layer":0},{"side":0,"counterClockwiseDirection":false,"layer":0},{"side":3,"counterClockwiseDirection":true,"layer":0},{"side":2,"counterClockwiseDirection":true,"layer":0},{"side":0,"counterClockwiseDirection":true,"layer":0},{"side":3,"counterClockwiseDirection":true,"layer":0},{"side":0,"counterClockwiseDirection":false,"layer":0},{"side":2,"counterClockwiseDirection":true,"layer":0},{"side":3,"counterClockwiseDirection":false,"layer":0},{"side":2,"counterClockwiseDirection":false,"layer":0},{"side":3,"counterClockwiseDirection":false,"layer":0},{"side":3,"counterClockwiseDirection":false,"layer":0},{"side":0,"counterClockwiseDirection":true,"layer":0},{"side":2,"counterClockwiseDirection":false,"layer":0},{"side":0,"counterClockwiseDirection":false,"layer":0},{"side":3,"counterClockwiseDirection":true,"layer":0},{"layer":0,"side":0,"counterClockwiseDirection":false},{"side":2,"counterClockwiseDirection":true,"layer":0},{"side":0,"counterClockwiseDirection":false,"layer":0}],"totalTime":104642.80000001192,"data":{"restartCounter":1,"iterations":9960,"metrics":[{"label":"CHECK_SOLUTION","totalTime":5712.2999997437,"totalRelativeTime":"5.45%","numOfCalls":29878860,"avgTimePerCall":0.00019118199287870087},{"label":"APPLYING_ROTATIONS","totalTime":32650.899995952845,"totalRelativeTime":"31.2%","numOfCalls":29878855,"avgTimePerCall":0.0010927761454029227},{"label":"COMPUTE_ROTATION","totalTime":5829.00000295043,"totalRelativeTime":"5.57%","numOfCalls":29878855,"avgTimePerCall":0.00019508779713782305},{"label":"CALCULATE_CITIZEN_SCORE","totalTime":11512.900000154972,"totalRelativeTime":"11%","numOfCalls":29878855,"avgTimePerCall":0.0003853193169602708},{"label":"AGGREGATE_CURRENT_GENERATION","totalTime":192.99999979138374,"totalRelativeTime":"0.18%","numOfCalls":995961,"avgTimePerCall":0.00019378268806849238},{"label":"CREATE_NEXT_GENERATION","totalTime":578.7999996840954,"totalRelativeTime":"0.55%","numOfCalls":9959,"avgTimePerCall":0.058118284936649806},{"label":"MEASUREMENT_OVERHEAD","totalTime":23958.700000315905,"totalRelativeTime":"22.89%","numOfCalls":0,"avgTimePerCall":23958.700000315905},{"label":"NOT_MEASURED","totalTime":24207.20000141859,"totalRelativeTime":"23.13%","numOfCalls":0,"avgTimePerCall":24207.20000141859}]}}},{"label":"2x2","key":"GA","solution":{"rotations":[{"side":3,"counterClockwiseDirection":true,"layer":0},{"side":2,"counterClockwiseDirection":true,"layer":0},{"side":3,"counterClockwiseDirection":false,"layer":0},{"layer":0,"side":2,"counterClockwiseDirection":true},{"side":0,"counterClockwiseDirection":false,"layer":0},{"side":3,"counterClockwiseDirection":false,"layer":0},{"side":2,"counterClockwiseDirection":false,"layer":0},{"side":3,"counterClockwiseDirection":true,"layer":0},{"side":0,"counterClockwiseDirection":true,"layer":0},{"side":2,"counterClockwiseDirection":false,"layer":0},{"side":2,"counterClockwiseDirection":false,"layer":0},{"layer":0,"side":0,"counterClockwiseDirection":false},{"layer":0,"side":3,"counterClockwiseDirection":false}],"totalTime":55035.40000000596,"data":{"armageddonCounter":0,"generations":4712,"metrics":[{"label":"CHECK_SOLUTION","totalTime":2885.5999997854233,"totalRelativeTime":"5.24%","numOfCalls":14135550,"avgTimePerCall":0.00020413779441093012},{"label":"APPLYING_ROTATIONS","totalTime":17696.299996733665,"totalRelativeTime":"32.15%","numOfCalls":14135543,"avgTimePerCall":0.001251900970251632},{"label":"COMPUTE_GENE","totalTime":2956.200001358986,"totalRelativeTime":"5.37%","numOfCalls":14135543,"avgTimePerCall":0.0002091323977691544},{"label":"CALCULATE_CITIZEN_SCORE","totalTime":6113.100004285574,"totalRelativeTime":"11.1%","numOfCalls":14135543,"avgTimePerCall":0.0004324630475310056},{"label":"AGGREGATE_CURRENT_GENERATION","totalTime":104.3000001013279,"totalRelativeTime":"0.18%","numOfCalls":471184,"avgTimePerCall":0.00022135726192172887},{"label":"CREATE_NEXT_GENERATION","totalTime":312.6999989748001,"totalRelativeTime":"0.56%","numOfCalls":4711,"avgTimePerCall":0.06637656526741671},{"label":"MEASUREMENT_OVERHEAD","totalTime":12554.999995827675,"totalRelativeTime":"22.81%","numOfCalls":0,"avgTimePerCall":12554.999995827675},{"label":"NOT_MEASURED","totalTime":12412.200002938509,"totalRelativeTime":"22.55%","numOfCalls":0,"avgTimePerCall":12412.200002938509}]}}},{"label":"2x2","key":"WA*","solution":{"rotations":[{"side":3,"counterClockwiseDirection":false,"layer":0},{"side":2,"counterClockwiseDirection":true,"layer":0},{"side":0,"counterClockwiseDirection":false,"layer":0},{"side":3,"counterClockwiseDirection":false,"layer":0},{"side":0,"counterClockwiseDirection":false,"layer":0},{"side":2,"counterClockwiseDirection":false,"layer":0},{"side":3,"counterClockwiseDirection":true,"layer":0},{"side":0,"counterClockwiseDirection":true,"layer":0},{"side":3,"counterClockwiseDirection":false,"layer":0},{"side":0,"counterClockwiseDirection":false,"layer":0},{"side":3,"counterClockwiseDirection":false,"layer":0},{"side":3,"counterClockwiseDirection":false,"layer":0},{"side":0,"counterClockwiseDirection":true,"layer":0},{"side":3,"counterClockwiseDirection":true,"layer":0},{"side":2,"counterClockwiseDirection":true,"layer":0},{"side":0,"counterClockwiseDirection":false,"layer":0},{"side":2,"counterClockwiseDirection":false,"layer":0}],"totalTime":1481.7000000178814,"data":{"metrics":[{"label":"ITERATIONS_COUNTER_INCREMENT","totalTime":25.89999982714653,"totalRelativeTime":"1.74%","numOfCalls":115246,"avgTimePerCall":0.00022473664879602356},{"label":"ABORTED_VERIFICATION","totalTime":12.499999940395355,"totalRelativeTime":"0.84%","numOfCalls":57623,"avgTimePerCall":0.00021692726759098545},{"label":"POP_CANDIDATE","totalTime":28.700000405311584,"totalRelativeTime":"1.93%","numOfCalls":57623,"avgTimePerCall":0.0004980650157977124},{"label":"VISISTED_LIST_CHECK","totalTime":108.50000014901161,"totalRelativeTime":"7.32%","numOfCalls":311690,"avgTimePerCall":0.0003481022815907203},{"label":"CHECK_SOLUTION","totalTime":11.79999989271164,"totalRelativeTime":"0.79%","numOfCalls":53245,"avgTimePerCall":0.000221617051229442},{"label":"ADD_TO_VISISTED_LIST_CHECK","totalTime":15.19999971985817,"totalRelativeTime":"1.02%","numOfCalls":53244,"avgTimePerCall":0.0002854781706832351},{"label":"PERFORM_ROTATION","totalTime":394.59999963641167,"totalRelativeTime":"26.63%","numOfCalls":254067,"avgTimePerCall":0.0015531336208024326},{"label":"HEURISTIC_CALCULATION","totalTime":160.4999993443489,"totalRelativeTime":"10.83%","numOfCalls":254067,"avgTimePerCall":0.0006317231255706129},{"label":"ADD_CANDIDATE","totalTime":63.20000061392784,"totalRelativeTime":"4.26%","numOfCalls":245991,"avgTimePerCall":0.00025691997111247097},{"label":"BUILD_SOLUTION","totalTime":0,"totalRelativeTime":"0%","numOfCalls":1,"avgTimePerCall":0},{"label":"MEASUREMENT_OVERHEAD","totalTime":318.3999996781349,"totalRelativeTime":"21.48%","numOfCalls":0,"avgTimePerCall":318.3999996781349},{"label":"NOT_MEASURED","totalTime":342.40000081062317,"totalRelativeTime":"23.1%","numOfCalls":0,"avgTimePerCall":342.40000081062317}],"visitedNodes":57623,"differentNodes":53245}}},{"label":"2x2","key":"BiBFS","solution":{"rotations":[{"side":0,"counterClockwiseDirection":false,"layer":0},{"side":3,"counterClockwiseDirection":true,"layer":0},{"side":0,"counterClockwiseDirection":false,"layer":0},{"side":3,"counterClockwiseDirection":false,"layer":0},{"side":0,"counterClockwiseDirection":true,"layer":0},{"side":3,"counterClockwiseDirection":false,"layer":0},{"side":3,"counterClockwiseDirection":false,"layer":0},{"side":2,"counterClockwiseDirection":false,"layer":0},{"side":0,"counterClockwiseDirection":true,"layer":0}],"totalTime":105.09999999403954,"data":{"metrics":[{"label":"POP_CANDIDATE","totalTime":1.2999999821186066,"totalRelativeTime":"1.23%","numOfCalls":4320,"avgTimePerCall":0.00030092592178671446},{"label":"VISISTED_LIST_CHECK","totalTime":9,"totalRelativeTime":"8.56%","numOfCalls":27208,"avgTimePerCall":0.00033078506321670097},{"label":"ADD_TO_VISISTED_LIST_CHECK","totalTime":1.0999999642372131,"totalRelativeTime":"1.04%","numOfCalls":3880,"avgTimePerCall":0.00028350514542196215},{"label":"PERFORM_ROTATION","totalTime":50.59999978542328,"totalRelativeTime":"48.14%","numOfCalls":19006,"avgTimePerCall":0.0026623171517112113},{"label":"ADD_CANDIDATE","totalTime":4.300000011920929,"totalRelativeTime":"4.09%","numOfCalls":18804,"avgTimePerCall":0.00022867475068713726},{"label":"MEASUREMENT_OVERHEAD","totalTime":18.400000154972076,"totalRelativeTime":"17.5%","numOfCalls":0,"avgTimePerCall":18.400000154972076},{"label":"NOT_MEASURED","totalTime":20.40000009536743,"totalRelativeTime":"19.41%","numOfCalls":0,"avgTimePerCall":20.40000009536743}],"iterations":1941,"visitedNodes":1941}}}]}