{"timestamp":1680897200496,"shuffle":"30:  D    B'   R    B    F'   B    D'   B    F'   B    U'   R'  2L    R'   B'   D'   L    F    U    B    L'  2U    R    F    U   2D    F'  ","solutions":[{"label":"2x2","key":"IDDFS","solution":{"rotations":[{"side":2,"counterClockwiseDirection":true,"layer":0},{"side":0,"counterClockwiseDirection":false,"layer":0},{"side":2,"counterClockwiseDirection":true,"layer":0},{"side":0,"counterClockwiseDirection":false,"layer":0},{"side":3,"counterClockwiseDirection":true,"layer":0},{"side":2,"counterClockwiseDirection":false,"layer":0},{"side":0,"counterClockwiseDirection":true,"layer":0},{"side":3,"counterClockwiseDirection":false,"layer":0},{"side":0,"counterClockwiseDirection":true,"layer":0},{"side":2,"counterClockwiseDirection":true,"layer":0},{"side":0,"counterClockwiseDirection":true,"layer":0},{"side":2,"counterClockwiseDirection":true,"layer":0}],"totalTime":279684.2999999821,"data":{"metrics":[{"label":"PERFORM_ROTATION","totalTime":128713.79999017715,"totalRelativeTime":"46.02%","numOfCalls":85039291,"avgTimePerCall":0.001513580351818516},{"label":"ADD_CANDIDATE","totalTime":23264.700010180473,"totalRelativeTime":"8.31%","numOfCalls":85039291,"avgTimePerCall":0.0002735758934088535},{"label":"NOT_MEASURED","totalTime":127705.79999962449,"totalRelativeTime":"45.66%","numOfCalls":0,"avgTimePerCall":127705.79999962449}],"visitedNodes":67725922,"iterations":[{"visitedNodes":37,"bound":2},{"visitedNodes":181,"bound":3},{"visitedNodes":877,"bound":4},{"visitedNodes":4237,"bound":5},{"visitedNodes":20461,"bound":6},{"visitedNodes":98797,"bound":7},{"visitedNodes":477037,"bound":8},{"visitedNodes":2303341,"bound":9},{"visitedNodes":11121517,"bound":10},{"visitedNodes":53699437,"bound":11}]}}},{"label":"2x2","key":"IDA*","solution":{"rotations":[{"side":2,"counterClockwiseDirection":true,"layer":0},{"side":0,"counterClockwiseDirection":false,"layer":0},{"side":2,"counterClockwiseDirection":true,"layer":0},{"side":0,"counterClockwiseDirection":false,"layer":0},{"side":3,"counterClockwiseDirection":true,"layer":0},{"side":2,"counterClockwiseDirection":false,"layer":0},{"side":0,"counterClockwiseDirection":true,"layer":0},{"side":3,"counterClockwiseDirection":false,"layer":0},{"side":0,"counterClockwiseDirection":true,"layer":0},{"side":2,"counterClockwiseDirection":true,"layer":0},{"side":0,"counterClockwiseDirection":true,"layer":0},{"side":2,"counterClockwiseDirection":true,"layer":0}],"totalTime":263444.09999999404,"data":{"metrics":[{"label":"PERFORM_ROTATION","totalTime":131109.59998902678,"totalRelativeTime":"49.76%","numOfCalls":81744471,"avgTimePerCall":0.0016038956321465067},{"label":"ADD_CANDIDATE","totalTime":22832.500004947186,"totalRelativeTime":"8.66%","numOfCalls":81744471,"avgTimePerCall":0.0002793155271008749},{"label":"NOT_MEASURED","totalTime":109502.00000602007,"totalRelativeTime":"41.56%","numOfCalls":0,"avgTimePerCall":109502.00000602007}],"visitedNodes":13096768,"iterations":[{"visitedNodes":7,"bound":2},{"visitedNodes":70,"bound":3.25},{"visitedNodes":687,"bound":4.5},{"visitedNodes":4237,"bound":5.75},{"visitedNodes":21661,"bound":7},{"visitedNodes":160709,"bound":8.25},{"visitedNodes":1758383,"bound":9.5},{"visitedNodes":11151014,"bound":10.75}]}}},{"label":"2x2","key":"GA","solution":{"rotations":[{"layer":0,"side":2,"counterClockwiseDirection":true},{"side":0,"counterClockwiseDirection":true,"layer":0},{"side":3,"counterClockwiseDirection":true,"layer":0},{"side":0,"counterClockwiseDirection":true,"layer":0},{"side":2,"counterClockwiseDirection":false,"layer":0},{"side":0,"counterClockwiseDirection":true,"layer":0},{"side":2,"counterClockwiseDirection":true,"layer":0},{"side":2,"counterClockwiseDirection":true,"layer":0},{"side":0,"counterClockwiseDirection":false,"layer":0},{"side":3,"counterClockwiseDirection":true,"layer":0},{"side":0,"counterClockwiseDirection":false,"layer":0},{"side":2,"counterClockwiseDirection":true,"layer":0},{"side":0,"counterClockwiseDirection":true,"layer":0},{"side":0,"counterClockwiseDirection":true,"layer":0},{"side":3,"counterClockwiseDirection":false,"layer":0},{"side":0,"counterClockwiseDirection":true,"layer":0}],"totalTime":58802.40000000596,"data":{"armageddonCounter":0,"generations":3272,"metrics":[{"label":"CHECK_SOLUTION","totalTime":3159.100002795458,"totalRelativeTime":"5.37%","numOfCalls":9814140,"avgTimePerCall":0.0003218926979639029},{"label":"APPLYING_ROTATIONS","totalTime":17912.100006699562,"totalRelativeTime":"30.46%","numOfCalls":9814138,"avgTimePerCall":0.0018251322741436448},{"label":"COMPUTE_GENE","totalTime":3199.799995750189,"totalRelativeTime":"5.44%","numOfCalls":9814138,"avgTimePerCall":0.000326039841272885},{"label":"CALCULATE_CITIZEN_SCORE","totalTime":7106.900005668402,"totalRelativeTime":"12.08%","numOfCalls":9814138,"avgTimePerCall":0.000724149182095096},{"label":"AGGREGATE_CURRENT_GENERATION","totalTime":114.79999938607216,"totalRelativeTime":"0.19%","numOfCalls":327137,"avgTimePerCall":0.00035092331159750247},{"label":"CREATE_NEXT_GENERATION","totalTime":318.7000004053116,"totalRelativeTime":"0.54%","numOfCalls":3271,"avgTimePerCall":0.09743197811229336},{"label":"MEASUREMENT_OVERHEAD","totalTime":13487.699994951487,"totalRelativeTime":"22.93%","numOfCalls":0,"avgTimePerCall":13487.699994951487},{"label":"NOT_MEASURED","totalTime":13503.29999434948,"totalRelativeTime":"22.96%","numOfCalls":0,"avgTimePerCall":13503.29999434948}]}}},{"label":"2x2","key":"SA","solution":{"rotations":[{"side":3,"counterClockwiseDirection":false,"layer":0},{"side":3,"counterClockwiseDirection":false,"layer":0},{"side":0,"counterClockwiseDirection":true,"layer":0},{"side":2,"counterClockwiseDirection":true,"layer":0},{"side":3,"counterClockwiseDirection":true,"layer":0},{"side":0,"counterClockwiseDirection":false,"layer":0},{"side":2,"counterClockwiseDirection":true,"layer":0},{"side":3,"counterClockwiseDirection":true,"layer":0},{"side":2,"counterClockwiseDirection":true,"layer":0},{"side":0,"counterClockwiseDirection":true,"layer":0},{"side":3,"counterClockwiseDirection":false,"layer":0},{"side":0,"counterClockwiseDirection":true,"layer":0},{"side":2,"counterClockwiseDirection":false,"layer":0},{"side":3,"counterClockwiseDirection":false,"layer":0},{"side":0,"counterClockwiseDirection":true,"layer":0},{"side":2,"counterClockwiseDirection":true,"layer":0},{"side":0,"counterClockwiseDirection":false,"layer":0},{"side":3,"counterClockwiseDirection":false,"layer":0}],"totalTime":118016,"data":{"restartCounter":1,"iterations":6896,"metrics":[{"label":"CHECK_SOLUTION","totalTime":6295.700003117323,"totalRelativeTime":"5.33%","numOfCalls":20685030,"avgTimePerCall":0.00030436020654150964},{"label":"APPLYING_ROTATIONS","totalTime":36881.300003409386,"totalRelativeTime":"31.25%","numOfCalls":20685026,"avgTimePerCall":0.0017829951000984667},{"label":"COMPUTE_ROTATION","totalTime":6424.09999704361,"totalRelativeTime":"5.44%","numOfCalls":20685026,"avgTimePerCall":0.0003105676539658983},{"label":"CALCULATE_CITIZEN_SCORE","totalTime":14276.19999653101,"totalRelativeTime":"12.09%","numOfCalls":20685026,"avgTimePerCall":0.0006901707542707952},{"label":"AGGREGATE_CURRENT_GENERATION","totalTime":231.50000002980232,"totalRelativeTime":"0.19%","numOfCalls":689500,"avgTimePerCall":0.00033575054391559437},{"label":"CREATE_NEXT_GENERATION","totalTime":1011.6000009477139,"totalRelativeTime":"0.85%","numOfCalls":6895,"avgTimePerCall":0.14671501101489687},{"label":"MEASUREMENT_OVERHEAD","totalTime":26243.70000511408,"totalRelativeTime":"22.23%","numOfCalls":0,"avgTimePerCall":26243.70000511408},{"label":"NOT_MEASURED","totalTime":26651.899993807077,"totalRelativeTime":"22.58%","numOfCalls":0,"avgTimePerCall":26651.899993807077}]}}},{"label":"2x2","key":"WA*","solution":{"rotations":[{"side":0,"counterClockwiseDirection":false,"layer":0},{"side":3,"counterClockwiseDirection":false,"layer":0},{"side":0,"counterClockwiseDirection":false,"layer":0},{"side":0,"counterClockwiseDirection":false,"layer":0},{"side":3,"counterClockwiseDirection":false,"layer":0},{"side":0,"counterClockwiseDirection":true,"layer":0},{"side":2,"counterClockwiseDirection":true,"layer":0},{"side":0,"counterClockwiseDirection":false,"layer":0},{"side":3,"counterClockwiseDirection":true,"layer":0},{"side":3,"counterClockwiseDirection":true,"layer":0},{"side":0,"counterClockwiseDirection":true,"layer":0},{"side":3,"counterClockwiseDirection":false,"layer":0},{"side":0,"counterClockwiseDirection":false,"layer":0},{"side":3,"counterClockwiseDirection":true,"layer":0},{"side":0,"counterClockwiseDirection":true,"layer":0},{"side":3,"counterClockwiseDirection":false,"layer":0}],"totalTime":2374.5999999940395,"data":{"metrics":[{"label":"ITERATIONS_COUNTER_INCREMENT","totalTime":41.79999968409538,"totalRelativeTime":"1.76%","numOfCalls":107674,"avgTimePerCall":0.00038820884971390847},{"label":"ABORTED_VERIFICATION","totalTime":20.399999767541885,"totalRelativeTime":"0.85%","numOfCalls":53837,"avgTimePerCall":0.00037892155520444833},{"label":"POP_CANDIDATE","totalTime":46.59999996423721,"totalRelativeTime":"1.96%","numOfCalls":53837,"avgTimePerCall":0.0008655757186365736},{"label":"VISISTED_LIST_CHECK","totalTime":184.50000005960464,"totalRelativeTime":"7.76%","numOfCalls":290187,"avgTimePerCall":0.0006357969173657146},{"label":"CHECK_SOLUTION","totalTime":21.700000077486038,"totalRelativeTime":"0.91%","numOfCalls":49553,"avgTimePerCall":0.0004379149613037765},{"label":"ADD_TO_VISISTED_LIST_CHECK","totalTime":23.600000143051147,"totalRelativeTime":"0.99%","numOfCalls":49552,"avgTimePerCall":0.0004762673583922172},{"label":"PERFORM_ROTATION","totalTime":560.4000007212162,"totalRelativeTime":"23.59%","numOfCalls":236350,"avgTimePerCall":0.0023710598718900623},{"label":"HEURISTIC_CALCULATION","totalTime":205.70000025629997,"totalRelativeTime":"8.66%","numOfCalls":236350,"avgTimePerCall":0.0008703194425906494},{"label":"ADD_CANDIDATE","totalTime":131.20000037550926,"totalRelativeTime":"5.52%","numOfCalls":229063,"avgTimePerCall":0.0005727681920498259},{"label":"BUILD_SOLUTION","totalTime":0,"totalRelativeTime":"0%","numOfCalls":1,"avgTimePerCall":0},{"label":"MEASUREMENT_OVERHEAD","totalTime":552.2999994456768,"totalRelativeTime":"23.25%","numOfCalls":0,"avgTimePerCall":552.2999994456768},{"label":"NOT_MEASURED","totalTime":586.399999499321,"totalRelativeTime":"24.69%","numOfCalls":0,"avgTimePerCall":586.399999499321}],"visitedNodes":53837,"differentNodes":49553}}},{"label":"2x2","key":"BiBFS","solution":{"rotations":[{"side":0,"counterClockwiseDirection":true,"layer":0},{"side":2,"counterClockwiseDirection":false,"layer":0},{"side":3,"counterClockwiseDirection":true,"layer":0},{"side":2,"counterClockwiseDirection":false,"layer":0},{"side":0,"counterClockwiseDirection":true,"layer":0},{"side":2,"counterClockwiseDirection":false,"layer":0},{"side":0,"counterClockwiseDirection":false,"layer":0},{"side":2,"counterClockwiseDirection":false,"layer":0},{"side":3,"counterClockwiseDirection":false,"layer":0},{"side":0,"counterClockwiseDirection":true,"layer":0},{"side":3,"counterClockwiseDirection":false,"layer":0},{"side":0,"counterClockwiseDirection":true,"layer":0}],"totalTime":548.9000000059605,"data":{"metrics":[{"label":"POP_CANDIDATE","totalTime":7.700000166893005,"totalRelativeTime":"1.4%","numOfCalls":18792,"avgTimePerCall":0.0004097488381701259},{"label":"VISISTED_LIST_CHECK","totalTime":56.500000059604645,"totalRelativeTime":"10.29%","numOfCalls":113559,"avgTimePerCall":0.000497538724888425},{"label":"ADD_TO_VISISTED_LIST_CHECK","totalTime":7.39999994635582,"totalRelativeTime":"1.34%","numOfCalls":16080,"avgTimePerCall":0.0004601990016390435},{"label":"PERFORM_ROTATION","totalTime":191.70000010728836,"totalRelativeTime":"34.92%","numOfCalls":78686,"avgTimePerCall":0.002436265664886871},{"label":"ADD_CANDIDATE","totalTime":30.399999737739563,"totalRelativeTime":"5.53%","numOfCalls":76926,"avgTimePerCall":0.00039518497956139096},{"label":"MEASUREMENT_OVERHEAD","totalTime":118.90000000596046,"totalRelativeTime":"21.66%","numOfCalls":0,"avgTimePerCall":118.90000000596046},{"label":"NOT_MEASURED","totalTime":136.2999999821186,"totalRelativeTime":"24.83%","numOfCalls":0,"avgTimePerCall":136.2999999821186}],"iterations":8041,"visitedNodes":8041}}}]}