{"timestamp":1680984873550,"shuffle":"34:  B'   U   2L    U'   F'   R    D    R'   F'   D'   U    D'   F'   D    F'   L    B'   F    R    B'   F    L'   U    L    U'   D    U   2L    U'   L'   U'   D'  ","solutions":[{"label":"2x2","key":"IDDFS","solution":{"rotations":[{"side":3,"counterClockwiseDirection":true,"layer":0},{"side":2,"counterClockwiseDirection":false,"layer":0},{"side":0,"counterClockwiseDirection":true,"layer":0},{"side":3,"counterClockwiseDirection":true,"layer":0},{"side":0,"counterClockwiseDirection":true,"layer":0},{"side":3,"counterClockwiseDirection":true,"layer":0},{"side":3,"counterClockwiseDirection":true,"layer":0},{"side":2,"counterClockwiseDirection":false,"layer":0},{"side":3,"counterClockwiseDirection":false,"layer":0},{"side":0,"counterClockwiseDirection":false,"layer":0}],"totalTime":26391.199999999255,"data":{"metrics":[{"label":"PERFORM_ROTATION","totalTime":12249.799999995157,"totalRelativeTime":"46.41%","numOfCalls":10825113,"avgTimePerCall":0.0011316094344691974},{"label":"ADD_CANDIDATE","totalTime":2306.499999847263,"totalRelativeTime":"8.73%","numOfCalls":10825113,"avgTimePerCall":0.0002130693693310419},{"label":"NOT_MEASURED","totalTime":11834.900000156835,"totalRelativeTime":"44.84%","numOfCalls":0,"avgTimePerCall":11834.900000156835}],"visitedNodes":2904968,"iterations":[{"visitedNodes":37,"bound":2},{"visitedNodes":181,"bound":3},{"visitedNodes":877,"bound":4},{"visitedNodes":4237,"bound":5},{"visitedNodes":20461,"bound":6},{"visitedNodes":98797,"bound":7},{"visitedNodes":477037,"bound":8},{"visitedNodes":2303341,"bound":9}]}}},{"label":"2x2","key":"IDA*","solution":{"rotations":[{"side":3,"counterClockwiseDirection":true,"layer":0},{"side":2,"counterClockwiseDirection":false,"layer":0},{"side":0,"counterClockwiseDirection":true,"layer":0},{"side":3,"counterClockwiseDirection":true,"layer":0},{"side":0,"counterClockwiseDirection":true,"layer":0},{"side":3,"counterClockwiseDirection":true,"layer":0},{"side":3,"counterClockwiseDirection":true,"layer":0},{"side":2,"counterClockwiseDirection":false,"layer":0},{"side":3,"counterClockwiseDirection":false,"layer":0},{"side":0,"counterClockwiseDirection":false,"layer":0}],"totalTime":91637,"data":{"metrics":[{"label":"PERFORM_ROTATION","totalTime":45252.49999968149,"totalRelativeTime":"49.38%","numOfCalls":47534188,"avgTimePerCall":0.0009519990117361737},{"label":"ADD_CANDIDATE","totalTime":8136.400000788271,"totalRelativeTime":"8.87%","numOfCalls":47534188,"avgTimePerCall":0.00017116943284669703},{"label":"NOT_MEASURED","totalTime":38248.09999953024,"totalRelativeTime":"41.73%","numOfCalls":0,"avgTimePerCall":38248.09999953024}],"visitedNodes":1897144,"iterations":[{"visitedNodes":7,"bound":2},{"visitedNodes":65,"bound":3.25},{"visitedNodes":691,"bound":4.5},{"visitedNodes":4237,"bound":5.75},{"visitedNodes":21681,"bound":7},{"visitedNodes":155851,"bound":8.25},{"visitedNodes":1714612,"bound":9.5}]}}},{"label":"2x2","key":"SA","solution":{"rotations":[{"side":0,"counterClockwiseDirection":true,"layer":0},{"side":0,"counterClockwiseDirection":true,"layer":0},{"side":3,"counterClockwiseDirection":true,"layer":0},{"side":2,"counterClockwiseDirection":true,"layer":0},{"side":2,"counterClockwiseDirection":true,"layer":0},{"side":3,"counterClockwiseDirection":false,"layer":0},{"side":0,"counterClockwiseDirection":true,"layer":0},{"side":2,"counterClockwiseDirection":false,"layer":0},{"side":3,"counterClockwiseDirection":false,"layer":0},{"side":0,"counterClockwiseDirection":true,"layer":0},{"side":0,"counterClockwiseDirection":true,"layer":0},{"side":2,"counterClockwiseDirection":false,"layer":0},{"side":3,"counterClockwiseDirection":true,"layer":0},{"side":0,"counterClockwiseDirection":false,"layer":0},{"side":2,"counterClockwiseDirection":false,"layer":0},{"side":2,"counterClockwiseDirection":false,"layer":0},{"side":0,"counterClockwiseDirection":false,"layer":0},{"side":2,"counterClockwiseDirection":false,"layer":0}],"totalTime":4174.5999999996275,"data":{"restartCounter":0,"iterations":399,"metrics":[{"label":"CHECK_SOLUTION","totalTime":215.00000006705523,"totalRelativeTime":"5.15%","numOfCalls":1195320,"avgTimePerCall":0.00017986815251736375},{"label":"APPLYING_ROTATIONS","totalTime":1263.6000000108033,"totalRelativeTime":"30.26%","numOfCalls":1195316,"avgTimePerCall":0.0010571263163973404},{"label":"COMPUTE_ROTATION","totalTime":218.6000000424683,"totalRelativeTime":"5.23%","numOfCalls":1195316,"avgTimePerCall":0.00018288051029390412},{"label":"CALCULATE_CITIZEN_SCORE","totalTime":474.49999996088445,"totalRelativeTime":"11.36%","numOfCalls":1195316,"avgTimePerCall":0.00039696615787029074},{"label":"AGGREGATE_CURRENT_GENERATION","totalTime":12.399999994784594,"totalRelativeTime":"0.29%","numOfCalls":39843,"avgTimePerCall":0.00031122154443150854},{"label":"CREATE_NEXT_GENERATION","totalTime":27.500000001862645,"totalRelativeTime":"0.65%","numOfCalls":398,"avgTimePerCall":0.06909547739161469},{"label":"MEASUREMENT_OVERHEAD","totalTime":1005.4000000208616,"totalRelativeTime":"24.08%","numOfCalls":0,"avgTimePerCall":1005.4000000208616},{"label":"NOT_MEASURED","totalTime":957.5999999009073,"totalRelativeTime":"22.93%","numOfCalls":0,"avgTimePerCall":957.5999999009073}]}}},{"label":"2x2","key":"GA","solution":{"rotations":[{"side":3,"counterClockwiseDirection":false,"layer":0},{"side":3,"counterClockwiseDirection":false,"layer":0},{"side":0,"counterClockwiseDirection":true,"layer":0},{"side":3,"counterClockwiseDirection":false,"layer":0},{"side":2,"counterClockwiseDirection":true,"layer":0},{"side":2,"counterClockwiseDirection":true,"layer":0},{"side":3,"counterClockwiseDirection":true,"layer":0},{"side":0,"counterClockwiseDirection":true,"layer":0},{"side":2,"counterClockwiseDirection":true,"layer":0},{"side":3,"counterClockwiseDirection":true,"layer":0},{"side":3,"counterClockwiseDirection":true,"layer":0},{"side":2,"counterClockwiseDirection":false,"layer":0},{"side":0,"counterClockwiseDirection":false,"layer":0},{"side":0,"counterClockwiseDirection":false,"layer":0}],"totalTime":38691.70000000112,"data":{"armageddonCounter":0,"generations":3713,"metrics":[{"label":"CHECK_SOLUTION","totalTime":2021.2000001110137,"totalRelativeTime":"5.22%","numOfCalls":11136720,"avgTimePerCall":0.00018148970254356882},{"label":"APPLYING_ROTATIONS","totalTime":11897.699999941513,"totalRelativeTime":"30.75%","numOfCalls":11136718,"avgTimePerCall":0.0010683309032285377},{"label":"COMPUTE_GENE","totalTime":2097.900000030175,"totalRelativeTime":"5.42%","numOfCalls":11136718,"avgTimePerCall":0.00018837686291690018},{"label":"CALCULATE_CITIZEN_SCORE","totalTime":4333.399999734014,"totalRelativeTime":"11.19%","numOfCalls":11136718,"avgTimePerCall":0.00038910925101398944},{"label":"AGGREGATE_CURRENT_GENERATION","totalTime":68.8999999910593,"totalRelativeTime":"0.17%","numOfCalls":371223,"avgTimePerCall":0.00018560272394506618},{"label":"CREATE_NEXT_GENERATION","totalTime":296.70000004954636,"totalRelativeTime":"0.76%","numOfCalls":3712,"avgTimePerCall":0.07992995690989935},{"label":"MEASUREMENT_OVERHEAD","totalTime":9038.199999956414,"totalRelativeTime":"23.35%","numOfCalls":0,"avgTimePerCall":9038.199999956414},{"label":"NOT_MEASURED","totalTime":8937.700000187382,"totalRelativeTime":"23.09%","numOfCalls":0,"avgTimePerCall":8937.700000187382}]}}},{"label":"2x2","key":"WA*","solution":{"rotations":[{"side":3,"counterClockwiseDirection":true,"layer":0},{"side":2,"counterClockwiseDirection":true,"layer":0},{"side":2,"counterClockwiseDirection":true,"layer":0},{"side":0,"counterClockwiseDirection":false,"layer":0},{"side":3,"counterClockwiseDirection":true,"layer":0},{"side":2,"counterClockwiseDirection":true,"layer":0},{"side":3,"counterClockwiseDirection":false,"layer":0},{"side":2,"counterClockwiseDirection":false,"layer":0},{"side":2,"counterClockwiseDirection":false,"layer":0},{"side":3,"counterClockwiseDirection":true,"layer":0},{"side":2,"counterClockwiseDirection":true,"layer":0},{"side":0,"counterClockwiseDirection":true,"layer":0},{"side":3,"counterClockwiseDirection":false,"layer":0},{"side":0,"counterClockwiseDirection":false,"layer":0}],"totalTime":918.5,"data":{"metrics":[{"label":"ITERATIONS_COUNTER_INCREMENT","totalTime":16.000000005587935,"totalRelativeTime":"1.74%","numOfCalls":77946,"avgTimePerCall":0.00020527031541821178},{"label":"ABORTED_VERIFICATION","totalTime":8.300000004470348,"totalRelativeTime":"0.9%","numOfCalls":38973,"avgTimePerCall":0.00021296795228672026},{"label":"POP_CANDIDATE","totalTime":18.100000008940697,"totalRelativeTime":"1.97%","numOfCalls":38973,"avgTimePerCall":0.0004644240887009134},{"label":"VISISTED_LIST_CHECK","totalTime":66.99999997578561,"totalRelativeTime":"7.29%","numOfCalls":212662,"avgTimePerCall":0.0003150539352389501},{"label":"CHECK_SOLUTION","totalTime":6.199999995529652,"totalRelativeTime":"0.67%","numOfCalls":36409,"avgTimePerCall":0.00017028756613830787},{"label":"ADD_TO_VISISTED_LIST_CHECK","totalTime":10.700000010430813,"totalRelativeTime":"1.16%","numOfCalls":36408,"avgTimePerCall":0.00029389145271453563},{"label":"PERFORM_ROTATION","totalTime":241.59999999403954,"totalRelativeTime":"26.3%","numOfCalls":173689,"avgTimePerCall":0.0013909919453393108},{"label":"HEURISTIC_CALCULATION","totalTime":93.39999997802079,"totalRelativeTime":"10.16%","numOfCalls":173689,"avgTimePerCall":0.0005377427469674003},{"label":"ADD_CANDIDATE","totalTime":38.69999999180436,"totalRelativeTime":"4.21%","numOfCalls":168896,"avgTimePerCall":0.0002291350890003574},{"label":"BUILD_SOLUTION","totalTime":0,"totalRelativeTime":"0%","numOfCalls":1,"avgTimePerCall":0},{"label":"MEASUREMENT_OVERHEAD","totalTime":201.9000000357628,"totalRelativeTime":"21.98%","numOfCalls":0,"avgTimePerCall":201.9000000357628},{"label":"NOT_MEASURED","totalTime":216.59999999962747,"totalRelativeTime":"23.58%","numOfCalls":0,"avgTimePerCall":216.59999999962747}],"visitedNodes":38973,"differentNodes":36409}}},{"label":"2x2","key":"BiBFS","solution":{"rotations":[{"side":3,"counterClockwiseDirection":true,"layer":0},{"side":2,"counterClockwiseDirection":false,"layer":0},{"side":3,"counterClockwiseDirection":false,"layer":0},{"side":0,"counterClockwiseDirection":false,"layer":0},{"side":2,"counterClockwiseDirection":false,"layer":0},{"side":0,"counterClockwiseDirection":false,"layer":0},{"side":2,"counterClockwiseDirection":true,"layer":0},{"side":3,"counterClockwiseDirection":true,"layer":0},{"side":2,"counterClockwiseDirection":false,"layer":0},{"side":3,"counterClockwiseDirection":true,"layer":0}],"totalTime":65.20000000111759,"data":{"metrics":[{"label":"POP_CANDIDATE","totalTime":0.9000000040978193,"totalRelativeTime":"1.38%","numOfCalls":2950,"avgTimePerCall":0.00030508474715180316},{"label":"VISISTED_LIST_CHECK","totalTime":5.600000005215406,"totalRelativeTime":"8.58%","numOfCalls":18763,"avgTimePerCall":0.00029845973486198403},{"label":"ADD_TO_VISISTED_LIST_CHECK","totalTime":0.7999999988824129,"totalRelativeTime":"1.22%","numOfCalls":2680,"avgTimePerCall":0.00029850746226955704},{"label":"PERFORM_ROTATION","totalTime":23.899999994784594,"totalRelativeTime":"36.65%","numOfCalls":13132,"avgTimePerCall":0.0018199817236357442},{"label":"ADD_CANDIDATE","totalTime":2.100000001490116,"totalRelativeTime":"3.22%","numOfCalls":13008,"avgTimePerCall":0.00016143911450569774},{"label":"MEASUREMENT_OVERHEAD","totalTime":11.300000000745058,"totalRelativeTime":"17.33%","numOfCalls":0,"avgTimePerCall":11.300000000745058},{"label":"NOT_MEASURED","totalTime":20.59999999590218,"totalRelativeTime":"31.59%","numOfCalls":0,"avgTimePerCall":20.59999999590218}],"iterations":1341,"visitedNodes":1341}}}]}