{"timestamp":1680886160398,"shuffle":"33:  U'   D    F    B    F'   B'   U    L'   R    B    L    D    U'   R'   F    R'  2D    B    F'   R   2B    L   2U    L    R'   U    F'   B'  2L   ","solutions":[{"label":"2x2","key":"IDDFS","solution":{"rotations":[{"side":0,"counterClockwiseDirection":true,"layer":0},{"side":3,"counterClockwiseDirection":false,"layer":0},{"side":2,"counterClockwiseDirection":false,"layer":0},{"side":3,"counterClockwiseDirection":true,"layer":0},{"side":2,"counterClockwiseDirection":false,"layer":0},{"side":3,"counterClockwiseDirection":true,"layer":0},{"side":0,"counterClockwiseDirection":false,"layer":0},{"side":2,"counterClockwiseDirection":true,"layer":0},{"side":3,"counterClockwiseDirection":false,"layer":0}],"totalTime":3973,"data":{"metrics":[{"label":"PERFORM_ROTATION","totalTime":1857.9000003635883,"totalRelativeTime":"46.76%","numOfCalls":1701132,"avgTimePerCall":0.0010921551063430635},{"label":"ADD_CANDIDATE","totalTime":330.2999999523163,"totalRelativeTime":"8.31%","numOfCalls":1701132,"avgTimePerCall":0.0001941648266873566},{"label":"NOT_MEASURED","totalTime":1784.7999996840954,"totalRelativeTime":"44.92%","numOfCalls":0,"avgTimePerCall":1784.7999996840954}],"visitedNodes":601627,"iterations":[{"visitedNodes":37,"bound":2},{"visitedNodes":181,"bound":3},{"visitedNodes":877,"bound":4},{"visitedNodes":4237,"bound":5},{"visitedNodes":20461,"bound":6},{"visitedNodes":98797,"bound":7},{"visitedNodes":477037,"bound":8}]}}},{"label":"2x2","key":"IDA*","solution":{"rotations":[{"side":0,"counterClockwiseDirection":true,"layer":0},{"side":3,"counterClockwiseDirection":false,"layer":0},{"side":2,"counterClockwiseDirection":false,"layer":0},{"side":3,"counterClockwiseDirection":true,"layer":0},{"side":2,"counterClockwiseDirection":false,"layer":0},{"side":3,"counterClockwiseDirection":true,"layer":0},{"side":0,"counterClockwiseDirection":false,"layer":0},{"side":2,"counterClockwiseDirection":true,"layer":0},{"side":3,"counterClockwiseDirection":false,"layer":0}],"totalTime":15492.5,"data":{"metrics":[{"label":"PERFORM_ROTATION","totalTime":7430.200002580881,"totalRelativeTime":"47.95%","numOfCalls":7550028,"avgTimePerCall":0.0009841288009237688},{"label":"ADD_CANDIDATE","totalTime":1277.699998408556,"totalRelativeTime":"8.24%","numOfCalls":7550028,"avgTimePerCall":0.00016923116025643295},{"label":"CYCLE_AVOIDANCE_CHECK","totalTime":307.4999998509884,"totalRelativeTime":"1.98%","numOfCalls":1520080,"avgTimePerCall":0.00020229198453435896},{"label":"NOT_MEASURED","totalTime":6477.0999991595745,"totalRelativeTime":"41.8%","numOfCalls":0,"avgTimePerCall":6477.0999991595745}],"visitedNodes":223905,"iterations":[{"visitedNodes":7,"bound":2},{"visitedNodes":57,"bound":3.25},{"visitedNodes":678,"bound":4.5},{"visitedNodes":4657,"bound":5.75},{"visitedNodes":24792,"bound":7},{"visitedNodes":193714,"bound":8.25}]}}},{"label":"2x2","key":"GA","solution":{"rotations":[{"side":0,"counterClockwiseDirection":true,"layer":0},{"side":3,"counterClockwiseDirection":false,"layer":0},{"side":2,"counterClockwiseDirection":false,"layer":0},{"side":0,"counterClockwiseDirection":true,"layer":0},{"side":3,"counterClockwiseDirection":true,"layer":0},{"side":3,"counterClockwiseDirection":true,"layer":0},{"side":0,"counterClockwiseDirection":true,"layer":0},{"side":2,"counterClockwiseDirection":true,"layer":0},{"side":0,"counterClockwiseDirection":true,"layer":0},{"side":2,"counterClockwiseDirection":false,"layer":0},{"side":0,"counterClockwiseDirection":false,"layer":0},{"side":0,"counterClockwiseDirection":false,"layer":0},{"side":2,"counterClockwiseDirection":false,"layer":0},{"side":2,"counterClockwiseDirection":false,"layer":0},{"side":0,"counterClockwiseDirection":true,"layer":0},{"side":2,"counterClockwiseDirection":true,"layer":0},{"side":2,"counterClockwiseDirection":true,"layer":0},{"side":0,"counterClockwiseDirection":false,"layer":0},{"side":2,"counterClockwiseDirection":true,"layer":0},{"side":0,"counterClockwiseDirection":false,"layer":0},{"side":3,"counterClockwiseDirection":true,"layer":0}],"totalTime":1621.9000000059605,"data":{"armageddonCounter":0,"generations":144,"metrics":[{"label":"CHECK_SOLUTION","totalTime":94.3999995291233,"totalRelativeTime":"5.82%","numOfCalls":430440,"avgTimePerCall":0.00021931047191042492},{"label":"APPLYING_ROTATIONS","totalTime":512.4000008702278,"totalRelativeTime":"31.59%","numOfCalls":430437,"avgTimePerCall":0.0011904181119890432},{"label":"COMPUTE_GENE","totalTime":84.70000007748604,"totalRelativeTime":"5.22%","numOfCalls":430437,"avgTimePerCall":0.0001967767642593133},{"label":"CALCULATE_CITIZEN_SCORE","totalTime":175.50000044703484,"totalRelativeTime":"10.82%","numOfCalls":430437,"avgTimePerCall":0.0004077251733634303},{"label":"AGGREGATE_CURRENT_GENERATION","totalTime":3.0000000596046448,"totalRelativeTime":"0.18%","numOfCalls":14347,"avgTimePerCall":0.0002091029525060741},{"label":"CREATE_NEXT_GENERATION","totalTime":12.300000131130219,"totalRelativeTime":"0.75%","numOfCalls":143,"avgTimePerCall":0.08601398693098054},{"label":"MEASUREMENT_OVERHEAD","totalTime":369.5999992489815,"totalRelativeTime":"22.78%","numOfCalls":0,"avgTimePerCall":369.5999992489815},{"label":"NOT_MEASURED","totalTime":369.99999964237213,"totalRelativeTime":"22.81%","numOfCalls":0,"avgTimePerCall":369.99999964237213}]}}},{"label":"2x2","key":"SA","solution":{"rotations":[{"side":3,"counterClockwiseDirection":true,"layer":0},{"side":0,"counterClockwiseDirection":false,"layer":0},{"side":2,"counterClockwiseDirection":false,"layer":0},{"side":3,"counterClockwiseDirection":false,"layer":0},{"side":3,"counterClockwiseDirection":false,"layer":0},{"side":0,"counterClockwiseDirection":false,"layer":0},{"side":0,"counterClockwiseDirection":false,"layer":0},{"side":2,"counterClockwiseDirection":false,"layer":0},{"side":3,"counterClockwiseDirection":true,"layer":0},{"side":3,"counterClockwiseDirection":true,"layer":0},{"side":2,"counterClockwiseDirection":true,"layer":0},{"side":0,"counterClockwiseDirection":true,"layer":0},{"side":3,"counterClockwiseDirection":true,"layer":0},{"side":2,"counterClockwiseDirection":true,"layer":0},{"side":2,"counterClockwiseDirection":true,"layer":0},{"side":0,"counterClockwiseDirection":false,"layer":0},{"side":3,"counterClockwiseDirection":false,"layer":0},{"side":2,"counterClockwiseDirection":true,"layer":0},{"side":0,"counterClockwiseDirection":false,"layer":0},{"side":3,"counterClockwiseDirection":false,"layer":0},{"side":0,"counterClockwiseDirection":true,"layer":0}],"totalTime":16384.69999998808,"data":{"restartCounter":0,"iterations":1776,"metrics":[{"label":"CHECK_SOLUTION","totalTime":868.1000004410744,"totalRelativeTime":"5.29%","numOfCalls":5325660,"avgTimePerCall":0.00016300327103890868},{"label":"APPLYING_ROTATIONS","totalTime":5266.500000149012,"totalRelativeTime":"32.14%","numOfCalls":5325657,"avgTimePerCall":0.0009888920747522815},{"label":"COMPUTE_ROTATION","totalTime":890.5000015497208,"totalRelativeTime":"5.43%","numOfCalls":5325657,"avgTimePerCall":0.0001672094168944265},{"label":"CALCULATE_CITIZEN_SCORE","totalTime":1793.1999985575676,"totalRelativeTime":"10.94%","numOfCalls":5325657,"avgTimePerCall":0.00033670963010903025},{"label":"AGGREGATE_CURRENT_GENERATION","totalTime":33.80000030994415,"totalRelativeTime":"0.2%","numOfCalls":177521,"avgTimePerCall":0.00019040001075897584},{"label":"CREATE_NEXT_GENERATION","totalTime":93.79999989271164,"totalRelativeTime":"0.57%","numOfCalls":1775,"avgTimePerCall":0.052845070362091066},{"label":"MEASUREMENT_OVERHEAD","totalTime":3695.8000028431416,"totalRelativeTime":"22.55%","numOfCalls":0,"avgTimePerCall":3695.8000028431416},{"label":"NOT_MEASURED","totalTime":3742.9999962449074,"totalRelativeTime":"22.84%","numOfCalls":0,"avgTimePerCall":3742.9999962449074}]}}},{"label":"2x2","key":"WA*","solution":{"rotations":[{"side":2,"counterClockwiseDirection":false,"layer":0},{"side":3,"counterClockwiseDirection":true,"layer":0},{"side":0,"counterClockwiseDirection":true,"layer":0},{"side":2,"counterClockwiseDirection":false,"layer":0},{"side":3,"counterClockwiseDirection":false,"layer":0},{"side":3,"counterClockwiseDirection":false,"layer":0},{"side":2,"counterClockwiseDirection":true,"layer":0},{"side":3,"counterClockwiseDirection":true,"layer":0},{"side":2,"counterClockwiseDirection":false,"layer":0},{"side":3,"counterClockwiseDirection":true,"layer":0},{"side":2,"counterClockwiseDirection":false,"layer":0},{"side":3,"counterClockwiseDirection":false,"layer":0},{"side":3,"counterClockwiseDirection":false,"layer":0},{"side":2,"counterClockwiseDirection":false,"layer":0},{"side":3,"counterClockwiseDirection":true,"layer":0},{"side":3,"counterClockwiseDirection":true,"layer":0},{"side":2,"counterClockwiseDirection":true,"layer":0}],"totalTime":1946.199999988079,"data":{"metrics":[{"label":"ITERATIONS_COUNTER_INCREMENT","totalTime":45.70000022649765,"totalRelativeTime":"2.34%","numOfCalls":175136,"avgTimePerCall":0.00026094007072502315},{"label":"ABORTED_VERIFICATION","totalTime":17.40000006556511,"totalRelativeTime":"0.89%","numOfCalls":87568,"avgTimePerCall":0.00019870272320442523},{"label":"POP_CANDIDATE","totalTime":44.099999606609344,"totalRelativeTime":"2.26%","numOfCalls":87568,"avgTimePerCall":0.0005036086196625405},{"label":"VISISTED_LIST_CHECK","totalTime":170.90000000596046,"totalRelativeTime":"8.78%","numOfCalls":468166,"avgTimePerCall":0.00036504145966593143},{"label":"CHECK_SOLUTION","totalTime":15.499999970197678,"totalRelativeTime":"0.79%","numOfCalls":79721,"avgTimePerCall":0.0001944280675129223},{"label":"ADD_TO_VISISTED_LIST_CHECK","totalTime":21.299999952316284,"totalRelativeTime":"1.09%","numOfCalls":79720,"avgTimePerCall":0.0002671851474199233},{"label":"PERFORM_ROTATION","totalTime":464.8999997675419,"totalRelativeTime":"23.88%","numOfCalls":380598,"avgTimePerCall":0.001221498798647239},{"label":"HEURISTIC_CALCULATION","totalTime":168.0999999344349,"totalRelativeTime":"8.63%","numOfCalls":380598,"avgTimePerCall":0.0004416733664770569},{"label":"ADD_CANDIDATE","totalTime":85.20000013709068,"totalRelativeTime":"4.37%","numOfCalls":365957,"avgTimePerCall":0.00023281423811292223},{"label":"BUILD_SOLUTION","totalTime":0,"totalRelativeTime":"0%","numOfCalls":1,"avgTimePerCall":0},{"label":"MEASUREMENT_OVERHEAD","totalTime":420.2000007927418,"totalRelativeTime":"21.59%","numOfCalls":0,"avgTimePerCall":420.2000007927418},{"label":"NOT_MEASURED","totalTime":492.8999995291233,"totalRelativeTime":"25.32%","numOfCalls":0,"avgTimePerCall":492.8999995291233}],"visitedNodes":87568,"differentNodes":79721}}},{"label":"2x2","key":"BiBFS","solution":{"rotations":[{"side":0,"counterClockwiseDirection":true,"layer":0},{"side":3,"counterClockwiseDirection":false,"layer":0},{"side":2,"counterClockwiseDirection":false,"layer":0},{"side":3,"counterClockwiseDirection":true,"layer":0},{"side":2,"counterClockwiseDirection":false,"layer":0},{"side":3,"counterClockwiseDirection":true,"layer":0},{"side":0,"counterClockwiseDirection":false,"layer":0},{"side":2,"counterClockwiseDirection":true,"layer":0},{"side":3,"counterClockwiseDirection":false,"layer":0}],"totalTime":89.09999999403954,"data":{"metrics":[{"label":"POP_CANDIDATE","totalTime":0.8999999761581421,"totalRelativeTime":"1.01%","numOfCalls":2404,"avgTimePerCall":0.0003743760300158661},{"label":"VISISTED_LIST_CHECK","totalTime":5.899999886751175,"totalRelativeTime":"6.62%","numOfCalls":15279,"avgTimePerCall":0.00038615091869567214},{"label":"ADD_TO_VISISTED_LIST_CHECK","totalTime":0.9000000059604645,"totalRelativeTime":"1.01%","numOfCalls":2182,"avgTimePerCall":0.0004124656305959966},{"label":"PERFORM_ROTATION","totalTime":37.30000016093254,"totalRelativeTime":"41.86%","numOfCalls":10692,"avgTimePerCall":0.0034885896147523886},{"label":"ADD_CANDIDATE","totalTime":3.5000000596046448,"totalRelativeTime":"3.92%","numOfCalls":10616,"avgTimePerCall":0.00032969103801852345},{"label":"MEASUREMENT_OVERHEAD","totalTime":15.299999922513962,"totalRelativeTime":"17.17%","numOfCalls":0,"avgTimePerCall":15.299999922513962},{"label":"NOT_MEASURED","totalTime":25.299999982118607,"totalRelativeTime":"28.39%","numOfCalls":0,"avgTimePerCall":25.299999982118607}],"iterations":1092,"visitedNodes":1092}}}]}