{"timestamp":1680906168571,"shuffle":"38:  F'   L    D    B    D'   L'  2U    B    R'   F'   B    F    L    D    L    B'   U    R    F'   U'   R    F    U    F'   U    D'   R'   B'  2D    U    R'   D    B    D    B    D   ","solutions":[{"label":"2x2","key":"IDDFS","solution":{"rotations":[{"side":2,"counterClockwiseDirection":false,"layer":0},{"side":0,"counterClockwiseDirection":true,"layer":0},{"side":2,"counterClockwiseDirection":false,"layer":0},{"side":3,"counterClockwiseDirection":true,"layer":0},{"side":0,"counterClockwiseDirection":false,"layer":0},{"side":2,"counterClockwiseDirection":false,"layer":0},{"side":0,"counterClockwiseDirection":false,"layer":0},{"side":3,"counterClockwiseDirection":true,"layer":0},{"side":2,"counterClockwiseDirection":true,"layer":0},{"side":0,"counterClockwiseDirection":false,"layer":0}],"totalTime":15329.09999999404,"data":{"metrics":[{"label":"PERFORM_ROTATION","totalTime":7279.400000631809,"totalRelativeTime":"47.48%","numOfCalls":5213974,"avgTimePerCall":0.0013961327771545868},{"label":"ADD_CANDIDATE","totalTime":1248.099999934435,"totalRelativeTime":"8.14%","numOfCalls":5213974,"avgTimePerCall":0.00023937595391431468},{"label":"NOT_MEASURED","totalTime":6801.599999427795,"totalRelativeTime":"44.37%","numOfCalls":0,"avgTimePerCall":6801.599999427795}],"visitedNodes":2904968,"iterations":[{"visitedNodes":37,"bound":2},{"visitedNodes":181,"bound":3},{"visitedNodes":877,"bound":4},{"visitedNodes":4237,"bound":5},{"visitedNodes":20461,"bound":6},{"visitedNodes":98797,"bound":7},{"visitedNodes":477037,"bound":8},{"visitedNodes":2303341,"bound":9}]}}},{"label":"2x2","key":"IDA*","solution":{"rotations":[{"side":2,"counterClockwiseDirection":false,"layer":0},{"side":0,"counterClockwiseDirection":true,"layer":0},{"side":2,"counterClockwiseDirection":false,"layer":0},{"side":3,"counterClockwiseDirection":true,"layer":0},{"side":0,"counterClockwiseDirection":false,"layer":0},{"side":2,"counterClockwiseDirection":false,"layer":0},{"side":0,"counterClockwiseDirection":false,"layer":0},{"side":3,"counterClockwiseDirection":true,"layer":0},{"side":2,"counterClockwiseDirection":true,"layer":0},{"side":0,"counterClockwiseDirection":false,"layer":0}],"totalTime":51079.79999998212,"data":{"metrics":[{"label":"PERFORM_ROTATION","totalTime":25822.799992233515,"totalRelativeTime":"50.55%","numOfCalls":20092715,"avgTimePerCall":0.0012851822161531437},{"label":"ADD_CANDIDATE","totalTime":4456.300004303455,"totalRelativeTime":"8.72%","numOfCalls":20092715,"avgTimePerCall":0.00022178685181686275},{"label":"NOT_MEASURED","totalTime":20800.70000344515,"totalRelativeTime":"40.72%","numOfCalls":0,"avgTimePerCall":20800.70000344515}],"visitedNodes":1847801,"iterations":[{"visitedNodes":7,"bound":2},{"visitedNodes":37,"bound":3.25},{"visitedNodes":543,"bound":4.5},{"visitedNodes":4237,"bound":5.75},{"visitedNodes":21154,"bound":7},{"visitedNodes":144563,"bound":8.25},{"visitedNodes":1677260,"bound":9.5}]}}},{"label":"2x2","key":"SA","solution":{"rotations":[{"side":0,"counterClockwiseDirection":true,"layer":0},{"side":3,"counterClockwiseDirection":false,"layer":0},{"side":0,"counterClockwiseDirection":true,"layer":0},{"side":2,"counterClockwiseDirection":true,"layer":0},{"side":0,"counterClockwiseDirection":false,"layer":0},{"side":3,"counterClockwiseDirection":false,"layer":0},{"side":2,"counterClockwiseDirection":true,"layer":0},{"side":2,"counterClockwiseDirection":true,"layer":0},{"side":3,"counterClockwiseDirection":true,"layer":0},{"side":2,"counterClockwiseDirection":false,"layer":0},{"side":0,"counterClockwiseDirection":false,"layer":0},{"side":2,"counterClockwiseDirection":false,"layer":0},{"side":3,"counterClockwiseDirection":true,"layer":0},{"side":0,"counterClockwiseDirection":true,"layer":0},{"layer":0,"side":3,"counterClockwiseDirection":true},{"side":2,"counterClockwiseDirection":true,"layer":0},{"side":3,"counterClockwiseDirection":true,"layer":0},{"side":2,"counterClockwiseDirection":false,"layer":0},{"side":0,"counterClockwiseDirection":false,"layer":0},{"side":2,"counterClockwiseDirection":false,"layer":0},{"side":0,"counterClockwiseDirection":false,"layer":0},{"side":3,"counterClockwiseDirection":true,"layer":0},{"side":0,"counterClockwiseDirection":true,"layer":0},{"side":3,"counterClockwiseDirection":true,"layer":0}],"totalTime":185129.20000001788,"data":{"restartCounter":4,"iterations":20007,"metrics":[{"label":"CHECK_SOLUTION","totalTime":9905.800000399351,"totalRelativeTime":"5.35%","numOfCalls":60019500,"avgTimePerCall":0.0001650430276893235},{"label":"APPLYING_ROTATIONS","totalTime":58618.999999284744,"totalRelativeTime":"31.66%","numOfCalls":60019496,"avgTimePerCall":0.0009766659819883316},{"label":"COMPUTE_ROTATION","totalTime":10026.699998050928,"totalRelativeTime":"5.41%","numOfCalls":60019496,"avgTimePerCall":0.00016705738412150158},{"label":"CALCULATE_CITIZEN_SCORE","totalTime":20546.20000383258,"totalRelativeTime":"11.09%","numOfCalls":60019496,"avgTimePerCall":0.00034232543378625804},{"label":"AGGREGATE_CURRENT_GENERATION","totalTime":336.5000002384186,"totalRelativeTime":"0.18%","numOfCalls":2000649,"avgTimePerCall":0.00016819542070519046},{"label":"CREATE_NEXT_GENERATION","totalTime":1053.5999993383884,"totalRelativeTime":"0.56%","numOfCalls":20006,"avgTimePerCall":0.05266420070670741},{"label":"MEASUREMENT_OVERHEAD","totalTime":41876.60000282526,"totalRelativeTime":"22.62%","numOfCalls":0,"avgTimePerCall":41876.60000282526},{"label":"NOT_MEASURED","totalTime":42764.79999604821,"totalRelativeTime":"23.09%","numOfCalls":0,"avgTimePerCall":42764.79999604821}]}}},{"label":"2x2","key":"GA","solution":{"rotations":[{"side":2,"counterClockwiseDirection":false,"layer":0},{"side":0,"counterClockwiseDirection":true,"layer":0},{"side":2,"counterClockwiseDirection":false,"layer":0},{"side":3,"counterClockwiseDirection":false,"layer":0},{"side":3,"counterClockwiseDirection":false,"layer":0},{"side":2,"counterClockwiseDirection":false,"layer":0},{"side":0,"counterClockwiseDirection":false,"layer":0},{"side":0,"counterClockwiseDirection":false,"layer":0},{"side":3,"counterClockwiseDirection":false,"layer":0},{"side":2,"counterClockwiseDirection":false,"layer":0},{"side":3,"counterClockwiseDirection":true,"layer":0},{"side":2,"counterClockwiseDirection":true,"layer":0}],"totalTime":30039.70000001788,"data":{"armageddonCounter":0,"generations":2332,"metrics":[{"label":"CHECK_SOLUTION","totalTime":1607.4999986588955,"totalRelativeTime":"5.35%","numOfCalls":6994140,"avgTimePerCall":0.00022983526189908918},{"label":"APPLYING_ROTATIONS","totalTime":9658.1999964118,"totalRelativeTime":"32.15%","numOfCalls":6994126,"avgTimePerCall":0.001380901630369799},{"label":"COMPUTE_GENE","totalTime":1633.8000020086765,"totalRelativeTime":"5.43%","numOfCalls":6994126,"avgTimePerCall":0.0002335960207191973},{"label":"CALCULATE_CITIZEN_SCORE","totalTime":3322.1000009179115,"totalRelativeTime":"11.05%","numOfCalls":6994126,"avgTimePerCall":0.00047498429409448896},{"label":"AGGREGATE_CURRENT_GENERATION","totalTime":58.099999994039536,"totalRelativeTime":"0.19%","numOfCalls":233137,"avgTimePerCall":0.00024920969212969},{"label":"CREATE_NEXT_GENERATION","totalTime":169.40000012516975,"totalRelativeTime":"0.56%","numOfCalls":2331,"avgTimePerCall":0.07267267272637055},{"label":"MEASUREMENT_OVERHEAD","totalTime":6819.800003170967,"totalRelativeTime":"22.7%","numOfCalls":0,"avgTimePerCall":6819.800003170967},{"label":"NOT_MEASURED","totalTime":6770.799998730421,"totalRelativeTime":"22.53%","numOfCalls":0,"avgTimePerCall":6770.799998730421}]}}},{"label":"2x2","key":"WA*","solution":{"rotations":[{"side":2,"counterClockwiseDirection":true,"layer":0},{"side":0,"counterClockwiseDirection":false,"layer":0},{"side":0,"counterClockwiseDirection":false,"layer":0},{"side":2,"counterClockwiseDirection":false,"layer":0},{"side":0,"counterClockwiseDirection":true,"layer":0},{"side":3,"counterClockwiseDirection":true,"layer":0},{"side":0,"counterClockwiseDirection":false,"layer":0},{"side":3,"counterClockwiseDirection":false,"layer":0},{"side":2,"counterClockwiseDirection":false,"layer":0},{"side":3,"counterClockwiseDirection":true,"layer":0},{"side":2,"counterClockwiseDirection":true,"layer":0},{"side":2,"counterClockwiseDirection":true,"layer":0},{"side":3,"counterClockwiseDirection":false,"layer":0},{"side":2,"counterClockwiseDirection":true,"layer":0},{"side":3,"counterClockwiseDirection":true,"layer":0},{"side":2,"counterClockwiseDirection":false,"layer":0}],"totalTime":870.3999999761581,"data":{"metrics":[{"label":"ITERATIONS_COUNTER_INCREMENT","totalTime":14.199999988079071,"totalRelativeTime":"1.63%","numOfCalls":59302,"avgTimePerCall":0.00023945229483118732},{"label":"ABORTED_VERIFICATION","totalTime":10.099999994039536,"totalRelativeTime":"1.16%","numOfCalls":29651,"avgTimePerCall":0.0003406293209011344},{"label":"POP_CANDIDATE","totalTime":23.000000029802322,"totalRelativeTime":"2.64%","numOfCalls":29651,"avgTimePerCall":0.0007756905342080309},{"label":"VISISTED_LIST_CHECK","totalTime":61.099999994039536,"totalRelativeTime":"7.01%","numOfCalls":161084,"avgTimePerCall":0.000379305207184075},{"label":"CHECK_SOLUTION","totalTime":7.099999964237213,"totalRelativeTime":"0.81%","numOfCalls":27550,"avgTimePerCall":0.0002577132473407337},{"label":"ADD_TO_VISISTED_LIST_CHECK","totalTime":8.099999904632568,"totalRelativeTime":"0.93%","numOfCalls":27549,"avgTimePerCall":0.0002940215581194442},{"label":"PERFORM_ROTATION","totalTime":239.40000095963478,"totalRelativeTime":"27.5%","numOfCalls":131433,"avgTimePerCall":0.0018214603711368895},{"label":"HEURISTIC_CALCULATION","totalTime":85.09999960660934,"totalRelativeTime":"9.77%","numOfCalls":131433,"avgTimePerCall":0.0006474781798072733},{"label":"ADD_CANDIDATE","totalTime":36.69999969005585,"totalRelativeTime":"4.21%","numOfCalls":128244,"avgTimePerCall":0.0002861732298591423},{"label":"BUILD_SOLUTION","totalTime":0,"totalRelativeTime":"0%","numOfCalls":1,"avgTimePerCall":0},{"label":"MEASUREMENT_OVERHEAD","totalTime":192.6000000834465,"totalRelativeTime":"22.12%","numOfCalls":0,"avgTimePerCall":192.6000000834465},{"label":"NOT_MEASURED","totalTime":192.99999976158142,"totalRelativeTime":"22.17%","numOfCalls":0,"avgTimePerCall":192.99999976158142}],"visitedNodes":29651,"differentNodes":27550}}},{"label":"2x2","key":"BiBFS","solution":{"rotations":[{"side":0,"counterClockwiseDirection":true,"layer":0},{"side":3,"counterClockwiseDirection":true,"layer":0},{"side":0,"counterClockwiseDirection":true,"layer":0},{"side":2,"counterClockwiseDirection":false,"layer":0},{"side":0,"counterClockwiseDirection":true,"layer":0},{"side":2,"counterClockwiseDirection":false,"layer":0},{"side":3,"counterClockwiseDirection":false,"layer":0},{"side":3,"counterClockwiseDirection":false,"layer":0},{"side":2,"counterClockwiseDirection":true,"layer":0},{"side":0,"counterClockwiseDirection":false,"layer":0}],"totalTime":102.19999998807907,"data":{"metrics":[{"label":"POP_CANDIDATE","totalTime":3.0000000298023224,"totalRelativeTime":"2.93%","numOfCalls":4048,"avgTimePerCall":0.0007411067267298228},{"label":"VISISTED_LIST_CHECK","totalTime":8.900000035762787,"totalRelativeTime":"8.7%","numOfCalls":25521,"avgTimePerCall":0.0003487324178426702},{"label":"ADD_TO_VISISTED_LIST_CHECK","totalTime":1.4999999701976776,"totalRelativeTime":"1.46%","numOfCalls":3640,"avgTimePerCall":0.0004120879039004609},{"label":"PERFORM_ROTATION","totalTime":42.999999940395355,"totalRelativeTime":"42.07%","numOfCalls":17832,"avgTimePerCall":0.0024113952411616954},{"label":"ADD_CANDIDATE","totalTime":7.599999904632568,"totalRelativeTime":"7.43%","numOfCalls":17636,"avgTimePerCall":0.0004309367149372062},{"label":"MEASUREMENT_OVERHEAD","totalTime":15.300000160932541,"totalRelativeTime":"14.97%","numOfCalls":0,"avgTimePerCall":15.300000160932541},{"label":"NOT_MEASURED","totalTime":22.89999994635582,"totalRelativeTime":"22.4%","numOfCalls":0,"avgTimePerCall":22.89999994635582}],"iterations":1821,"visitedNodes":1821}}}]}