{"timestamp":1680908543252,"shuffle":"36: 2L    B   2U   2R    D   2U    F    B    F    R    F'   B'  2U   2D    B    D   2U    L    R'  2D    R'   D'   L    D    F'  2B    U   ","solutions":[{"label":"2x2","key":"IDDFS","solution":{"rotations":[{"side":0,"counterClockwiseDirection":false,"layer":0},{"side":2,"counterClockwiseDirection":true,"layer":0},{"side":3,"counterClockwiseDirection":true,"layer":0},{"side":2,"counterClockwiseDirection":true,"layer":0},{"side":3,"counterClockwiseDirection":false,"layer":0},{"side":0,"counterClockwiseDirection":false,"layer":0},{"side":3,"counterClockwiseDirection":true,"layer":0},{"side":0,"counterClockwiseDirection":true,"layer":0},{"side":3,"counterClockwiseDirection":false,"layer":0},{"side":0,"counterClockwiseDirection":false,"layer":0}],"totalTime":24635.20000001788,"data":{"metrics":[{"label":"PERFORM_ROTATION","totalTime":11514.199999004602,"totalRelativeTime":"46.73%","numOfCalls":8706293,"avgTimePerCall":0.0013225146453266163},{"label":"ADD_CANDIDATE","totalTime":2064.7000011503696,"totalRelativeTime":"8.38%","numOfCalls":8706293,"avgTimePerCall":0.00023715030049532788},{"label":"NOT_MEASURED","totalTime":11056.29999986291,"totalRelativeTime":"44.88%","numOfCalls":0,"avgTimePerCall":11056.29999986291}],"visitedNodes":2904968,"iterations":[{"visitedNodes":37,"bound":2},{"visitedNodes":181,"bound":3},{"visitedNodes":877,"bound":4},{"visitedNodes":4237,"bound":5},{"visitedNodes":20461,"bound":6},{"visitedNodes":98797,"bound":7},{"visitedNodes":477037,"bound":8},{"visitedNodes":2303341,"bound":9}]}}},{"label":"2x2","key":"IDA*","solution":{"rotations":[{"side":0,"counterClockwiseDirection":false,"layer":0},{"side":2,"counterClockwiseDirection":true,"layer":0},{"side":3,"counterClockwiseDirection":true,"layer":0},{"side":2,"counterClockwiseDirection":true,"layer":0},{"side":3,"counterClockwiseDirection":false,"layer":0},{"side":0,"counterClockwiseDirection":false,"layer":0},{"side":3,"counterClockwiseDirection":true,"layer":0},{"side":0,"counterClockwiseDirection":true,"layer":0},{"side":3,"counterClockwiseDirection":false,"layer":0},{"side":0,"counterClockwiseDirection":false,"layer":0}],"totalTime":77641.5,"data":{"metrics":[{"label":"PERFORM_ROTATION","totalTime":38402.39999487996,"totalRelativeTime":"49.46%","numOfCalls":37549900,"avgTimePerCall":0.001022703122907916},{"label":"ADD_CANDIDATE","totalTime":6931.39999383688,"totalRelativeTime":"8.92%","numOfCalls":37549900,"avgTimePerCall":0.00018459170314266828},{"label":"NOT_MEASURED","totalTime":32307.70001128316,"totalRelativeTime":"41.61%","numOfCalls":0,"avgTimePerCall":32307.70001128316}],"visitedNodes":1955690,"iterations":[{"visitedNodes":7,"bound":2},{"visitedNodes":82,"bound":3.25},{"visitedNodes":792,"bound":4.5},{"visitedNodes":4255,"bound":5.75},{"visitedNodes":21864,"bound":7},{"visitedNodes":162998,"bound":8.25},{"visitedNodes":1765692,"bound":9.5}]}}},{"label":"2x2","key":"SA","solution":{"rotations":[{"side":0,"counterClockwiseDirection":false,"layer":0},{"side":0,"counterClockwiseDirection":false,"layer":0},{"side":2,"counterClockwiseDirection":false,"layer":0},{"side":3,"counterClockwiseDirection":true,"layer":0},{"side":0,"counterClockwiseDirection":true,"layer":0},{"side":3,"counterClockwiseDirection":true,"layer":0},{"side":3,"counterClockwiseDirection":true,"layer":0},{"side":0,"counterClockwiseDirection":true,"layer":0},{"side":3,"counterClockwiseDirection":true,"layer":0},{"side":0,"counterClockwiseDirection":false,"layer":0},{"side":2,"counterClockwiseDirection":false,"layer":0},{"side":0,"counterClockwiseDirection":true,"layer":0},{"side":0,"counterClockwiseDirection":true,"layer":0},{"side":3,"counterClockwiseDirection":true,"layer":0},{"side":2,"counterClockwiseDirection":true,"layer":0},{"layer":0,"side":3,"counterClockwiseDirection":false}],"totalTime":8246.09999999404,"data":{"restartCounter":0,"iterations":709,"metrics":[{"label":"CHECK_SOLUTION","totalTime":436.99999859929085,"totalRelativeTime":"5.29%","numOfCalls":2126820,"avgTimePerCall":0.0002054710782291359},{"label":"APPLYING_ROTATIONS","totalTime":2616.099999755621,"totalRelativeTime":"31.72%","numOfCalls":2126810,"avgTimePerCall":0.001230058162109272},{"label":"COMPUTE_ROTATION","totalTime":458.29999935626984,"totalRelativeTime":"5.55%","numOfCalls":2126810,"avgTimePerCall":0.00021548704367398583},{"label":"CALCULATE_CITIZEN_SCORE","totalTime":926.2999993562698,"totalRelativeTime":"11.23%","numOfCalls":2126810,"avgTimePerCall":0.00043553490878652526},{"label":"AGGREGATE_CURRENT_GENERATION","totalTime":15.29999977350235,"totalRelativeTime":"0.18%","numOfCalls":70893,"avgTimePerCall":0.00021581820170542013},{"label":"CREATE_NEXT_GENERATION","totalTime":45.10000005364418,"totalRelativeTime":"0.54%","numOfCalls":708,"avgTimePerCall":0.06370056504752003},{"label":"MEASUREMENT_OVERHEAD","totalTime":1872.0000037252903,"totalRelativeTime":"22.7%","numOfCalls":0,"avgTimePerCall":1872.0000037252903},{"label":"NOT_MEASURED","totalTime":1875.9999993741512,"totalRelativeTime":"22.75%","numOfCalls":0,"avgTimePerCall":1875.9999993741512}]}}},{"label":"2x2","key":"GA","solution":{"rotations":[{"side":0,"counterClockwiseDirection":true,"layer":0},{"side":2,"counterClockwiseDirection":true,"layer":0},{"side":0,"counterClockwiseDirection":true,"layer":0},{"side":3,"counterClockwiseDirection":true,"layer":0},{"side":2,"counterClockwiseDirection":false,"layer":0},{"side":0,"counterClockwiseDirection":true,"layer":0},{"layer":0,"side":3,"counterClockwiseDirection":true},{"side":2,"counterClockwiseDirection":false,"layer":0},{"side":2,"counterClockwiseDirection":false,"layer":0},{"side":3,"counterClockwiseDirection":false,"layer":0},{"side":3,"counterClockwiseDirection":false,"layer":0},{"side":0,"counterClockwiseDirection":false,"layer":0}],"totalTime":28653.90000000596,"data":{"armageddonCounter":0,"generations":2319,"metrics":[{"label":"CHECK_SOLUTION","totalTime":1542.6999993920326,"totalRelativeTime":"5.38%","numOfCalls":6955530,"avgTimePerCall":0.00022179474452587117},{"label":"APPLYING_ROTATIONS","totalTime":9059.599998533726,"totalRelativeTime":"31.61%","numOfCalls":6955520,"avgTimePerCall":0.0013025050605179377},{"label":"COMPUTE_GENE","totalTime":1585.7999997437,"totalRelativeTime":"5.53%","numOfCalls":6955520,"avgTimePerCall":0.00022799158075078498},{"label":"CALCULATE_CITIZEN_SCORE","totalTime":3179.700000911951,"totalRelativeTime":"11.09%","numOfCalls":6955520,"avgTimePerCall":0.00045714770440052666},{"label":"AGGREGATE_CURRENT_GENERATION","totalTime":57.300000071525574,"totalRelativeTime":"0.19%","numOfCalls":231850,"avgTimePerCall":0.0002471425493703928},{"label":"CREATE_NEXT_GENERATION","totalTime":169.40000015497208,"totalRelativeTime":"0.59%","numOfCalls":2318,"avgTimePerCall":0.07308024165443144},{"label":"MEASUREMENT_OVERHEAD","totalTime":6546.00000205636,"totalRelativeTime":"22.84%","numOfCalls":0,"avgTimePerCall":6546.00000205636},{"label":"NOT_MEASURED","totalTime":6513.399999141693,"totalRelativeTime":"22.73%","numOfCalls":0,"avgTimePerCall":6513.399999141693}]}}},{"label":"2x2","key":"WA*","solution":{"rotations":[{"side":0,"counterClockwiseDirection":false,"layer":0},{"side":2,"counterClockwiseDirection":true,"layer":0},{"side":0,"counterClockwiseDirection":false,"layer":0},{"side":3,"counterClockwiseDirection":false,"layer":0},{"side":0,"counterClockwiseDirection":true,"layer":0},{"side":3,"counterClockwiseDirection":true,"layer":0},{"side":3,"counterClockwiseDirection":true,"layer":0},{"side":2,"counterClockwiseDirection":true,"layer":0},{"side":0,"counterClockwiseDirection":true,"layer":0},{"side":3,"counterClockwiseDirection":false,"layer":0},{"side":3,"counterClockwiseDirection":false,"layer":0},{"side":0,"counterClockwiseDirection":false,"layer":0}],"totalTime":202,"data":{"metrics":[{"label":"ITERATIONS_COUNTER_INCREMENT","totalTime":1.6999999582767487,"totalRelativeTime":"0.84%","numOfCalls":10734,"avgTimePerCall":0.00015837525230824937},{"label":"ABORTED_VERIFICATION","totalTime":0.9000000357627869,"totalRelativeTime":"0.44%","numOfCalls":5367,"avgTimePerCall":0.0001676914543996249},{"label":"POP_CANDIDATE","totalTime":4.10000005364418,"totalRelativeTime":"2.02%","numOfCalls":5367,"avgTimePerCall":0.0007639277163488318},{"label":"VISISTED_LIST_CHECK","totalTime":9.499999970197678,"totalRelativeTime":"4.7%","numOfCalls":29240,"avgTimePerCall":0.0003248973998015622},{"label":"CHECK_SOLUTION","totalTime":1.100000023841858,"totalRelativeTime":"0.54%","numOfCalls":5011,"avgTimePerCall":0.00021951706722048652},{"label":"ADD_TO_VISISTED_LIST_CHECK","totalTime":1.2000000178813934,"totalRelativeTime":"0.59%","numOfCalls":5010,"avgTimePerCall":0.00023952096165297273},{"label":"PERFORM_ROTATION","totalTime":50.100000113248825,"totalRelativeTime":"24.8%","numOfCalls":23873,"avgTimePerCall":0.002098605123497207},{"label":"HEURISTIC_CALCULATION","totalTime":43.89999997615814,"totalRelativeTime":"21.73%","numOfCalls":23873,"avgTimePerCall":0.0018388974982682588},{"label":"ADD_CANDIDATE","totalTime":8.499999970197678,"totalRelativeTime":"4.2%","numOfCalls":23481,"avgTimePerCall":0.00036199480304065744},{"label":"BUILD_SOLUTION","totalTime":0,"totalRelativeTime":"0%","numOfCalls":1,"avgTimePerCall":0},{"label":"MEASUREMENT_OVERHEAD","totalTime":31.999999940395355,"totalRelativeTime":"15.84%","numOfCalls":0,"avgTimePerCall":31.999999940395355},{"label":"NOT_MEASURED","totalTime":48.999999940395355,"totalRelativeTime":"24.25%","numOfCalls":0,"avgTimePerCall":48.999999940395355}],"visitedNodes":5367,"differentNodes":5011}}},{"label":"2x2","key":"BiBFS","solution":{"rotations":[{"side":0,"counterClockwiseDirection":false,"layer":0},{"side":2,"counterClockwiseDirection":true,"layer":0},{"side":3,"counterClockwiseDirection":true,"layer":0},{"side":2,"counterClockwiseDirection":true,"layer":0},{"side":3,"counterClockwiseDirection":false,"layer":0},{"side":0,"counterClockwiseDirection":false,"layer":0},{"side":3,"counterClockwiseDirection":true,"layer":0},{"side":0,"counterClockwiseDirection":true,"layer":0},{"side":3,"counterClockwiseDirection":false,"layer":0},{"side":0,"counterClockwiseDirection":false,"layer":0}],"totalTime":133.40000000596046,"data":{"metrics":[{"label":"POP_CANDIDATE","totalTime":2.099999874830246,"totalRelativeTime":"1.57%","numOfCalls":4642,"avgTimePerCall":0.0004523911837204321},{"label":"VISISTED_LIST_CHECK","totalTime":11.90000006556511,"totalRelativeTime":"8.92%","numOfCalls":29158,"avgTimePerCall":0.0004081212725689385},{"label":"ADD_TO_VISISTED_LIST_CHECK","totalTime":1.0999999642372131,"totalRelativeTime":"0.82%","numOfCalls":4156,"avgTimePerCall":0.0002646775659858549},{"label":"PERFORM_ROTATION","totalTime":51.19999998807907,"totalRelativeTime":"38.38%","numOfCalls":20358,"avgTimePerCall":0.0025149818247410883},{"label":"ADD_CANDIDATE","totalTime":5.000000029802322,"totalRelativeTime":"3.74%","numOfCalls":20136,"avgTimePerCall":0.0002483114834029759},{"label":"MEASUREMENT_OVERHEAD","totalTime":19.99999988079071,"totalRelativeTime":"14.99%","numOfCalls":0,"avgTimePerCall":19.99999988079071},{"label":"NOT_MEASURED","totalTime":42.10000020265579,"totalRelativeTime":"31.55%","numOfCalls":0,"avgTimePerCall":42.10000020265579}],"iterations":2079,"visitedNodes":2079}}}]}