{"timestamp":1680986524129,"shuffle":"39:  U'   L'   F'   D'   U    F   2L    U    F    B    L   2R   2F    R'   D'   R'   F'  2L    D    B    D'   L    B'   L'   U'   D    U    R    L    B   2R    D    F    R'  ","solutions":[{"label":"2x2","key":"IDDFS","solution":{"rotations":[{"side":2,"counterClockwiseDirection":true,"layer":0},{"side":3,"counterClockwiseDirection":false,"layer":0},{"side":2,"counterClockwiseDirection":true,"layer":0},{"side":2,"counterClockwiseDirection":true,"layer":0},{"side":0,"counterClockwiseDirection":true,"layer":0},{"side":2,"counterClockwiseDirection":true,"layer":0},{"side":3,"counterClockwiseDirection":false,"layer":0},{"side":0,"counterClockwiseDirection":true,"layer":0},{"side":3,"counterClockwiseDirection":false,"layer":0},{"side":2,"counterClockwiseDirection":true,"layer":0},{"side":3,"counterClockwiseDirection":true,"layer":0}],"totalTime":60172.699999999255,"data":{"metrics":[{"label":"PERFORM_ROTATION","totalTime":25435.29999985732,"totalRelativeTime":"42.27%","numOfCalls":21125946,"avgTimePerCall":0.0012039839541319155},{"label":"ADD_CANDIDATE","totalTime":4772.500000059605,"totalRelativeTime":"7.93%","numOfCalls":21125946,"avgTimePerCall":0.00022590704340812027},{"label":"NOT_MEASURED","totalTime":29964.90000008233,"totalRelativeTime":"49.79%","numOfCalls":0,"avgTimePerCall":29964.90000008233}],"visitedNodes":14026485,"iterations":[{"visitedNodes":37,"bound":2},{"visitedNodes":181,"bound":3},{"visitedNodes":877,"bound":4},{"visitedNodes":4237,"bound":5},{"visitedNodes":20461,"bound":6},{"visitedNodes":98797,"bound":7},{"visitedNodes":477037,"bound":8},{"visitedNodes":2303341,"bound":9},{"visitedNodes":11121517,"bound":10}]}}},{"label":"2x2","key":"IDA*","solution":{"rotations":[{"side":2,"counterClockwiseDirection":true,"layer":0},{"side":3,"counterClockwiseDirection":false,"layer":0},{"side":2,"counterClockwiseDirection":true,"layer":0},{"side":2,"counterClockwiseDirection":true,"layer":0},{"side":0,"counterClockwiseDirection":true,"layer":0},{"side":2,"counterClockwiseDirection":true,"layer":0},{"side":3,"counterClockwiseDirection":false,"layer":0},{"side":0,"counterClockwiseDirection":true,"layer":0},{"side":3,"counterClockwiseDirection":false,"layer":0},{"side":2,"counterClockwiseDirection":true,"layer":0},{"side":3,"counterClockwiseDirection":true,"layer":0}],"totalTime":44405.70000000112,"data":{"metrics":[{"label":"PERFORM_ROTATION","totalTime":21321.099999463186,"totalRelativeTime":"48.01%","numOfCalls":16669264,"avgTimePerCall":0.0012790666702179043},{"label":"ADD_CANDIDATE","totalTime":3819.599999871105,"totalRelativeTime":"8.6%","numOfCalls":16669264,"avgTimePerCall":0.00022914029076935281},{"label":"NOT_MEASURED","totalTime":19265.000000666827,"totalRelativeTime":"43.38%","numOfCalls":0,"avgTimePerCall":19265.000000666827}],"visitedNodes":1975345,"iterations":[{"visitedNodes":7,"bound":2},{"visitedNodes":47,"bound":3.25},{"visitedNodes":729,"bound":4.5},{"visitedNodes":4250,"bound":5.75},{"visitedNodes":22125,"bound":7},{"visitedNodes":166998,"bound":8.25},{"visitedNodes":1781189,"bound":9.5}]}}},{"label":"2x2","key":"SA","solution":{"rotations":[{"side":3,"counterClockwiseDirection":false,"layer":0},{"side":3,"counterClockwiseDirection":false,"layer":0},{"side":2,"counterClockwiseDirection":false,"layer":0},{"side":2,"counterClockwiseDirection":false,"layer":0},{"side":3,"counterClockwiseDirection":true,"layer":0},{"side":2,"counterClockwiseDirection":false,"layer":0},{"side":3,"counterClockwiseDirection":true,"layer":0},{"side":0,"counterClockwiseDirection":true,"layer":0},{"side":3,"counterClockwiseDirection":false,"layer":0},{"side":0,"counterClockwiseDirection":true,"layer":0},{"side":3,"counterClockwiseDirection":false,"layer":0},{"side":2,"counterClockwiseDirection":false,"layer":0},{"side":2,"counterClockwiseDirection":false,"layer":0},{"side":3,"counterClockwiseDirection":true,"layer":0},{"side":0,"counterClockwiseDirection":true,"layer":0},{"side":3,"counterClockwiseDirection":false,"layer":0},{"side":0,"counterClockwiseDirection":true,"layer":0}],"totalTime":82460.89999999851,"data":{"restartCounter":1,"iterations":7597,"metrics":[{"label":"CHECK_SOLUTION","totalTime":4316.299999995157,"totalRelativeTime":"5.23%","numOfCalls":22790400,"avgTimePerCall":0.00018939114714946456},{"label":"APPLYING_ROTATIONS","totalTime":25114.899999840185,"totalRelativeTime":"30.45%","numOfCalls":22790395,"avgTimePerCall":0.0011019949412829477},{"label":"COMPUTE_ROTATION","totalTime":4498.000000026077,"totalRelativeTime":"5.45%","numOfCalls":22790395,"avgTimePerCall":0.00019736384560364474},{"label":"CALCULATE_CITIZEN_SCORE","totalTime":9248.600000279024,"totalRelativeTime":"11.21%","numOfCalls":22790395,"avgTimePerCall":0.00040581130780221336},{"label":"AGGREGATE_CURRENT_GENERATION","totalTime":152.09999999776483,"totalRelativeTime":"0.18%","numOfCalls":759679,"avgTimePerCall":0.00020021614392100456},{"label":"CREATE_NEXT_GENERATION","totalTime":501.1000000871718,"totalRelativeTime":"0.6%","numOfCalls":7596,"avgTimePerCall":0.0659689310278004},{"label":"MEASUREMENT_OVERHEAD","totalTime":19617.899999903515,"totalRelativeTime":"23.79%","numOfCalls":0,"avgTimePerCall":19617.899999903515},{"label":"NOT_MEASURED","totalTime":19011.999999869615,"totalRelativeTime":"23.05%","numOfCalls":0,"avgTimePerCall":19011.999999869615}]}}},{"label":"2x2","key":"GA","solution":{"rotations":[{"side":0,"counterClockwiseDirection":false,"layer":0},{"side":2,"counterClockwiseDirection":true,"layer":0},{"side":3,"counterClockwiseDirection":false,"layer":0},{"side":3,"counterClockwiseDirection":false,"layer":0},{"side":0,"counterClockwiseDirection":true,"layer":0},{"side":3,"counterClockwiseDirection":true,"layer":0},{"side":2,"counterClockwiseDirection":true,"layer":0},{"side":3,"counterClockwiseDirection":false,"layer":0},{"side":0,"counterClockwiseDirection":true,"layer":0},{"side":3,"counterClockwiseDirection":true,"layer":0},{"side":0,"counterClockwiseDirection":false,"layer":0},{"side":0,"counterClockwiseDirection":false,"layer":0},{"side":2,"counterClockwiseDirection":true,"layer":0}],"totalTime":12453.799999998882,"data":{"armageddonCounter":0,"generations":986,"metrics":[{"label":"CHECK_SOLUTION","totalTime":674.5999999623746,"totalRelativeTime":"5.41%","numOfCalls":2956710,"avgTimePerCall":0.00022815900103911936},{"label":"APPLYING_ROTATIONS","totalTime":3870.2000002898276,"totalRelativeTime":"31.07%","numOfCalls":2956695,"avgTimePerCall":0.001308961526396814},{"label":"COMPUTE_GENE","totalTime":671.9999999832362,"totalRelativeTime":"5.39%","numOfCalls":2956695,"avgTimePerCall":0.00022728079831813434},{"label":"CALCULATE_CITIZEN_SCORE","totalTime":1424.5999999362975,"totalRelativeTime":"11.43%","numOfCalls":2956695,"avgTimePerCall":0.0004818217638059717},{"label":"AGGREGATE_CURRENT_GENERATION","totalTime":24.699999989941716,"totalRelativeTime":"0.19%","numOfCalls":98556,"avgTimePerCall":0.00025061893735482075},{"label":"CREATE_NEXT_GENERATION","totalTime":78.50000001303852,"totalRelativeTime":"0.63%","numOfCalls":985,"avgTimePerCall":0.0796954314853183},{"label":"MEASUREMENT_OVERHEAD","totalTime":2855.4999998770654,"totalRelativeTime":"22.92%","numOfCalls":0,"avgTimePerCall":2855.4999998770654},{"label":"NOT_MEASURED","totalTime":2853.699999947101,"totalRelativeTime":"22.91%","numOfCalls":0,"avgTimePerCall":2853.699999947101}]}}},{"label":"2x2","key":"WA*","solution":{"rotations":[{"side":2,"counterClockwiseDirection":true,"layer":0},{"side":0,"counterClockwiseDirection":false,"layer":0},{"side":3,"counterClockwiseDirection":false,"layer":0},{"side":0,"counterClockwiseDirection":true,"layer":0},{"side":3,"counterClockwiseDirection":false,"layer":0},{"side":0,"counterClockwiseDirection":true,"layer":0},{"side":0,"counterClockwiseDirection":true,"layer":0},{"side":2,"counterClockwiseDirection":true,"layer":0},{"side":3,"counterClockwiseDirection":true,"layer":0},{"side":0,"counterClockwiseDirection":true,"layer":0},{"side":3,"counterClockwiseDirection":false,"layer":0},{"side":0,"counterClockwiseDirection":true,"layer":0},{"side":3,"counterClockwiseDirection":true,"layer":0},{"side":0,"counterClockwiseDirection":true,"layer":0},{"side":3,"counterClockwiseDirection":false,"layer":0}],"totalTime":733.5,"data":{"metrics":[{"label":"ITERATIONS_COUNTER_INCREMENT","totalTime":11.699999993667006,"totalRelativeTime":"1.59%","numOfCalls":58256,"avgTimePerCall":0.000200837681846797},{"label":"ABORTED_VERIFICATION","totalTime":5.5,"totalRelativeTime":"0.74%","numOfCalls":29128,"avgTimePerCall":0.00018882175226586103},{"label":"POP_CANDIDATE","totalTime":16.600000008940697,"totalRelativeTime":"2.26%","numOfCalls":29128,"avgTimePerCall":0.0005698983798729984},{"label":"VISISTED_LIST_CHECK","totalTime":54.20000001788139,"totalRelativeTime":"7.38%","numOfCalls":158334,"avgTimePerCall":0.0003423143482630477},{"label":"CHECK_SOLUTION","totalTime":5.4000000059604645,"totalRelativeTime":"0.73%","numOfCalls":27074,"avgTimePerCall":0.00019945335029771975},{"label":"ADD_TO_VISISTED_LIST_CHECK","totalTime":6.99999999627471,"totalRelativeTime":"0.95%","numOfCalls":27073,"avgTimePerCall":0.00025856018898070805},{"label":"PERFORM_ROTATION","totalTime":188.60000001639128,"totalRelativeTime":"25.71%","numOfCalls":129206,"avgTimePerCall":0.0014596845349007885},{"label":"HEURISTIC_CALCULATION","totalTime":63.80000000074506,"totalRelativeTime":"8.69%","numOfCalls":129206,"avgTimePerCall":0.0004937851183439241},{"label":"ADD_CANDIDATE","totalTime":29.899999987334013,"totalRelativeTime":"4.07%","numOfCalls":125916,"avgTimePerCall":0.0002374598937969282},{"label":"BUILD_SOLUTION","totalTime":0.10000000149011612,"totalRelativeTime":"0.01%","numOfCalls":1,"avgTimePerCall":0.10000000149011612},{"label":"MEASUREMENT_OVERHEAD","totalTime":171.19999994896352,"totalRelativeTime":"23.34%","numOfCalls":0,"avgTimePerCall":171.19999994896352},{"label":"NOT_MEASURED","totalTime":179.50000002235174,"totalRelativeTime":"24.47%","numOfCalls":0,"avgTimePerCall":179.50000002235174}],"visitedNodes":29128,"differentNodes":27074}}},{"label":"2x2","key":"BiBFS","solution":{"rotations":[{"side":0,"counterClockwiseDirection":true,"layer":0},{"side":3,"counterClockwiseDirection":false,"layer":0},{"side":0,"counterClockwiseDirection":false,"layer":0},{"side":3,"counterClockwiseDirection":true,"layer":0},{"side":0,"counterClockwiseDirection":false,"layer":0},{"side":2,"counterClockwiseDirection":true,"layer":0},{"side":0,"counterClockwiseDirection":true,"layer":0},{"side":2,"counterClockwiseDirection":true,"layer":0},{"side":3,"counterClockwiseDirection":false,"layer":0},{"side":0,"counterClockwiseDirection":false,"layer":0},{"side":3,"counterClockwiseDirection":false,"layer":0}],"totalTime":180.5,"data":{"metrics":[{"label":"POP_CANDIDATE","totalTime":1.300000000745058,"totalRelativeTime":"0.72%","numOfCalls":7734,"avgTimePerCall":0.00016808895794479675},{"label":"VISISTED_LIST_CHECK","totalTime":15.000000001862645,"totalRelativeTime":"8.31%","numOfCalls":47695,"avgTimePerCall":0.00031449837513078193},{"label":"ADD_TO_VISISTED_LIST_CHECK","totalTime":2.3000000063329935,"totalRelativeTime":"1.27%","numOfCalls":6778,"avgTimePerCall":0.000339333137552817},{"label":"PERFORM_ROTATION","totalTime":52.600000001490116,"totalRelativeTime":"29.14%","numOfCalls":33182,"avgTimePerCall":0.001585196793487135},{"label":"ADD_CANDIDATE","totalTime":12.599999990314245,"totalRelativeTime":"6.98%","numOfCalls":32664,"avgTimePerCall":0.0003857457748687927},{"label":"MEASUREMENT_OVERHEAD","totalTime":38.800000013783574,"totalRelativeTime":"21.49%","numOfCalls":0,"avgTimePerCall":38.800000013783574},{"label":"NOT_MEASURED","totalTime":57.89999998547137,"totalRelativeTime":"32.07%","numOfCalls":0,"avgTimePerCall":57.89999998547137}],"iterations":3390,"visitedNodes":3390}}}]}