{"timestamp":1680986434829,"shuffle":"32:  U    B'   D'  2R   2B    D    F    B'   R'   B    D   2F    R   2U   2F   2U   2R    B    L    B    D   2B    F'   R'  ","solutions":[{"label":"2x2","key":"IDDFS","solution":{"rotations":[{"side":2,"counterClockwiseDirection":false,"layer":0},{"side":0,"counterClockwiseDirection":true,"layer":0},{"side":3,"counterClockwiseDirection":true,"layer":0},{"side":0,"counterClockwiseDirection":false,"layer":0},{"side":3,"counterClockwiseDirection":true,"layer":0},{"side":3,"counterClockwiseDirection":true,"layer":0},{"side":0,"counterClockwiseDirection":true,"layer":0},{"side":3,"counterClockwiseDirection":false,"layer":0},{"side":2,"counterClockwiseDirection":true,"layer":0},{"side":0,"counterClockwiseDirection":false,"layer":0}],"totalTime":16541.099999999627,"data":{"metrics":[{"label":"PERFORM_ROTATION","totalTime":6965.199999945238,"totalRelativeTime":"42.1%","numOfCalls":5363751,"avgTimePerCall":0.0012985688560011898},{"label":"ADD_CANDIDATE","totalTime":1311.5999999120831,"totalRelativeTime":"7.92%","numOfCalls":5363751,"avgTimePerCall":0.00024453036688542836},{"label":"NOT_MEASURED","totalTime":8264.300000142306,"totalRelativeTime":"49.96%","numOfCalls":0,"avgTimePerCall":8264.300000142306}],"visitedNodes":2904968,"iterations":[{"visitedNodes":37,"bound":2},{"visitedNodes":181,"bound":3},{"visitedNodes":877,"bound":4},{"visitedNodes":4237,"bound":5},{"visitedNodes":20461,"bound":6},{"visitedNodes":98797,"bound":7},{"visitedNodes":477037,"bound":8},{"visitedNodes":2303341,"bound":9}]}}},{"label":"2x2","key":"IDA*","solution":{"rotations":[{"side":2,"counterClockwiseDirection":false,"layer":0},{"side":0,"counterClockwiseDirection":true,"layer":0},{"side":3,"counterClockwiseDirection":true,"layer":0},{"side":0,"counterClockwiseDirection":false,"layer":0},{"side":3,"counterClockwiseDirection":true,"layer":0},{"side":3,"counterClockwiseDirection":true,"layer":0},{"side":0,"counterClockwiseDirection":true,"layer":0},{"side":3,"counterClockwiseDirection":false,"layer":0},{"side":2,"counterClockwiseDirection":true,"layer":0},{"side":0,"counterClockwiseDirection":false,"layer":0}],"totalTime":54873,"data":{"metrics":[{"label":"PERFORM_ROTATION","totalTime":26567.100000280887,"totalRelativeTime":"48.41%","numOfCalls":21085000,"avgTimePerCall":0.0012600000000133216},{"label":"ADD_CANDIDATE","totalTime":4727.7999999038875,"totalRelativeTime":"8.61%","numOfCalls":21085000,"avgTimePerCall":0.00022422575290035037},{"label":"NOT_MEASURED","totalTime":23578.099999815226,"totalRelativeTime":"42.96%","numOfCalls":0,"avgTimePerCall":23578.099999815226}],"visitedNodes":1899613,"iterations":[{"visitedNodes":7,"bound":2},{"visitedNodes":45,"bound":3.25},{"visitedNodes":657,"bound":4.5},{"visitedNodes":4262,"bound":5.75},{"visitedNodes":21708,"bound":7},{"visitedNodes":157494,"bound":8.25},{"visitedNodes":1715440,"bound":9.5}]}}},{"label":"2x2","key":"SA","solution":{"rotations":[{"layer":0,"side":0,"counterClockwiseDirection":false},{"side":2,"counterClockwiseDirection":false,"layer":0},{"side":2,"counterClockwiseDirection":false,"layer":0},{"side":3,"counterClockwiseDirection":false,"layer":0},{"side":0,"counterClockwiseDirection":true,"layer":0},{"side":0,"counterClockwiseDirection":true,"layer":0},{"side":3,"counterClockwiseDirection":false,"layer":0},{"side":0,"counterClockwiseDirection":true,"layer":0},{"side":2,"counterClockwiseDirection":false,"layer":0},{"layer":0,"side":3,"counterClockwiseDirection":false},{"side":0,"counterClockwiseDirection":true,"layer":0},{"side":0,"counterClockwiseDirection":true,"layer":0},{"side":3,"counterClockwiseDirection":true,"layer":0},{"side":0,"counterClockwiseDirection":false,"layer":0},{"side":0,"counterClockwiseDirection":false,"layer":0},{"side":3,"counterClockwiseDirection":false,"layer":0}],"totalTime":76375,"data":{"restartCounter":1,"iterations":6940,"metrics":[{"label":"CHECK_SOLUTION","totalTime":4038.499999759719,"totalRelativeTime":"5.28%","numOfCalls":20818440,"avgTimePerCall":0.00019398667718425197},{"label":"APPLYING_ROTATIONS","totalTime":23179.600000118837,"totalRelativeTime":"30.34%","numOfCalls":20818440,"avgTimePerCall":0.0011134167593786488},{"label":"COMPUTE_ROTATION","totalTime":4175.900000048801,"totalRelativeTime":"5.46%","numOfCalls":20818440,"avgTimePerCall":0.00020058659534762457},{"label":"CALCULATE_CITIZEN_SCORE","totalTime":8500.799999881536,"totalRelativeTime":"11.13%","numOfCalls":20818440,"avgTimePerCall":0.00040833030716429936},{"label":"AGGREGATE_CURRENT_GENERATION","totalTime":140.9000000357628,"totalRelativeTime":"0.18%","numOfCalls":693947,"avgTimePerCall":0.00020304144269773166},{"label":"CREATE_NEXT_GENERATION","totalTime":514.0999999884516,"totalRelativeTime":"0.67%","numOfCalls":6939,"avgTimePerCall":0.07408848537086779},{"label":"MEASUREMENT_OVERHEAD","totalTime":18283.29999910295,"totalRelativeTime":"23.93%","numOfCalls":0,"avgTimePerCall":18283.29999910295},{"label":"NOT_MEASURED","totalTime":17541.900001063943,"totalRelativeTime":"22.96%","numOfCalls":0,"avgTimePerCall":17541.900001063943}]}}},{"label":"2x2","key":"GA","solution":{"rotations":[{"side":2,"counterClockwiseDirection":false,"layer":0},{"side":3,"counterClockwiseDirection":false,"layer":0},{"side":3,"counterClockwiseDirection":false,"layer":0},{"side":2,"counterClockwiseDirection":true,"layer":0},{"side":0,"counterClockwiseDirection":true,"layer":0},{"side":0,"counterClockwiseDirection":true,"layer":0},{"side":2,"counterClockwiseDirection":false,"layer":0},{"side":3,"counterClockwiseDirection":true,"layer":0},{"side":3,"counterClockwiseDirection":true,"layer":0},{"side":2,"counterClockwiseDirection":false,"layer":0},{"side":3,"counterClockwiseDirection":true,"layer":0},{"side":2,"counterClockwiseDirection":true,"layer":0},{"side":3,"counterClockwiseDirection":false,"layer":0},{"layer":0,"side":2,"counterClockwiseDirection":true}],"totalTime":45561,"data":{"armageddonCounter":0,"generations":3694,"metrics":[{"label":"CHECK_SOLUTION","totalTime":2348.700000114739,"totalRelativeTime":"5.15%","numOfCalls":11079030,"avgTimePerCall":0.0002119950934436263},{"label":"APPLYING_ROTATIONS","totalTime":14309.39999991469,"totalRelativeTime":"31.4%","numOfCalls":11079026,"avgTimePerCall":0.0012915756312797434},{"label":"COMPUTE_GENE","totalTime":2483.1999998800457,"totalRelativeTime":"5.45%","numOfCalls":11079026,"avgTimePerCall":0.00022413522631683017},{"label":"CALCULATE_CITIZEN_SCORE","totalTime":5122.200000103563,"totalRelativeTime":"11.24%","numOfCalls":11079026,"avgTimePerCall":0.00046233306069536827},{"label":"AGGREGATE_CURRENT_GENERATION","totalTime":83.79999999888241,"totalRelativeTime":"0.18%","numOfCalls":369300,"avgTimePerCall":0.00022691578662031522},{"label":"CREATE_NEXT_GENERATION","totalTime":275.2000000104308,"totalRelativeTime":"0.6%","numOfCalls":3693,"avgTimePerCall":0.0745193609559791},{"label":"MEASUREMENT_OVERHEAD","totalTime":10511.699999801815,"totalRelativeTime":"23.07%","numOfCalls":0,"avgTimePerCall":10511.699999801815},{"label":"NOT_MEASURED","totalTime":10426.800000175834,"totalRelativeTime":"22.88%","numOfCalls":0,"avgTimePerCall":10426.800000175834}]}}},{"label":"2x2","key":"WA*","solution":{"rotations":[{"side":2,"counterClockwiseDirection":false,"layer":0},{"side":0,"counterClockwiseDirection":true,"layer":0},{"side":2,"counterClockwiseDirection":true,"layer":0},{"side":0,"counterClockwiseDirection":true,"layer":0},{"side":3,"counterClockwiseDirection":true,"layer":0},{"side":2,"counterClockwiseDirection":true,"layer":0},{"side":0,"counterClockwiseDirection":true,"layer":0},{"side":2,"counterClockwiseDirection":false,"layer":0},{"side":0,"counterClockwiseDirection":true,"layer":0},{"side":3,"counterClockwiseDirection":false,"layer":0},{"side":0,"counterClockwiseDirection":true,"layer":0},{"side":2,"counterClockwiseDirection":true,"layer":0},{"side":3,"counterClockwiseDirection":true,"layer":0},{"side":3,"counterClockwiseDirection":true,"layer":0},{"side":2,"counterClockwiseDirection":true,"layer":0},{"side":3,"counterClockwiseDirection":false,"layer":0},{"side":3,"counterClockwiseDirection":false,"layer":0},{"side":2,"counterClockwiseDirection":false,"layer":0}],"totalTime":1795.3999999985099,"data":{"metrics":[{"label":"ITERATIONS_COUNTER_INCREMENT","totalTime":29.299999989569187,"totalRelativeTime":"1.63%","numOfCalls":141174,"avgTimePerCall":0.00020754529863550788},{"label":"ABORTED_VERIFICATION","totalTime":18.799999997019768,"totalRelativeTime":"1.04%","numOfCalls":70587,"avgTimePerCall":0.00026633799420601196},{"label":"POP_CANDIDATE","totalTime":43.20000000298023,"totalRelativeTime":"2.4%","numOfCalls":70587,"avgTimePerCall":0.0006120107102296489},{"label":"VISISTED_LIST_CHECK","totalTime":148.99999997019768,"totalRelativeTime":"8.29%","numOfCalls":380472,"avgTimePerCall":0.00039161883126799784},{"label":"CHECK_SOLUTION","totalTime":16.100000014528632,"totalRelativeTime":"0.89%","numOfCalls":64922,"avgTimePerCall":0.000247989895790774},{"label":"ADD_TO_VISISTED_LIST_CHECK","totalTime":22.299999993294477,"totalRelativeTime":"1.24%","numOfCalls":64921,"avgTimePerCall":0.00034349440078394473},{"label":"PERFORM_ROTATION","totalTime":428.0999999791384,"totalRelativeTime":"23.84%","numOfCalls":309885,"avgTimePerCall":0.0013814802264683298},{"label":"HEURISTIC_CALCULATION","totalTime":183.89999998919666,"totalRelativeTime":"10.24%","numOfCalls":309885,"avgTimePerCall":0.0005934459557229187},{"label":"ADD_CANDIDATE","totalTime":81.49999997392297,"totalRelativeTime":"4.53%","numOfCalls":299042,"avgTimePerCall":0.0002725369679641086},{"label":"BUILD_SOLUTION","totalTime":0,"totalRelativeTime":"0%","numOfCalls":1,"avgTimePerCall":0},{"label":"MEASUREMENT_OVERHEAD","totalTime":397.5000000651926,"totalRelativeTime":"22.13%","numOfCalls":0,"avgTimePerCall":397.5000000651926},{"label":"NOT_MEASURED","totalTime":425.70000002346933,"totalRelativeTime":"23.71%","numOfCalls":0,"avgTimePerCall":425.70000002346933}],"visitedNodes":70587,"differentNodes":64922}}},{"label":"2x2","key":"BiBFS","solution":{"rotations":[{"side":2,"counterClockwiseDirection":false,"layer":0},{"side":3,"counterClockwiseDirection":false,"layer":0},{"side":0,"counterClockwiseDirection":true,"layer":0},{"side":3,"counterClockwiseDirection":true,"layer":0},{"side":3,"counterClockwiseDirection":true,"layer":0},{"side":0,"counterClockwiseDirection":false,"layer":0},{"side":3,"counterClockwiseDirection":true,"layer":0},{"side":0,"counterClockwiseDirection":true,"layer":0},{"side":2,"counterClockwiseDirection":true,"layer":0},{"side":0,"counterClockwiseDirection":false,"layer":0}],"totalTime":160.5,"data":{"metrics":[{"label":"POP_CANDIDATE","totalTime":1.599999999627471,"totalRelativeTime":"0.99%","numOfCalls":6180,"avgTimePerCall":0.00025889967631512477},{"label":"VISISTED_LIST_CHECK","totalTime":12.800000002607703,"totalRelativeTime":"7.97%","numOfCalls":38282,"avgTimePerCall":0.0003343607962647642},{"label":"ADD_TO_VISISTED_LIST_CHECK","totalTime":1.900000000372529,"totalRelativeTime":"1.18%","numOfCalls":5444,"avgTimePerCall":0.00034900808236086134},{"label":"PERFORM_ROTATION","totalTime":61.29999999701977,"totalRelativeTime":"38.19%","numOfCalls":26656,"avgTimePerCall":0.0022996698678353755},{"label":"ADD_CANDIDATE","totalTime":9.399999998509884,"totalRelativeTime":"5.85%","numOfCalls":26416,"avgTimePerCall":0.0003558449424027061},{"label":"MEASUREMENT_OVERHEAD","totalTime":39.8000000026077,"totalRelativeTime":"24.79%","numOfCalls":0,"avgTimePerCall":39.8000000026077},{"label":"NOT_MEASURED","totalTime":33.69999999925494,"totalRelativeTime":"20.99%","numOfCalls":0,"avgTimePerCall":33.69999999925494}],"iterations":2723,"visitedNodes":2723}}}]}