{"timestamp":1680925129456,"shuffle":"35:  F'  2B    U   2F    D    R   2U    B    R'   L    F    D'   B   2F    U    L'   D    F'   R'   B'   D'   U    B'   R'   F'   B   2R    U'   B'   U'  ","solutions":[{"label":"2x2","key":"IDDFS","solution":{"rotations":[{"side":0,"counterClockwiseDirection":true,"layer":0},{"side":0,"counterClockwiseDirection":true,"layer":0},{"side":2,"counterClockwiseDirection":false,"layer":0},{"side":3,"counterClockwiseDirection":true,"layer":0},{"side":0,"counterClockwiseDirection":true,"layer":0},{"side":0,"counterClockwiseDirection":true,"layer":0},{"side":2,"counterClockwiseDirection":false,"layer":0},{"side":0,"counterClockwiseDirection":false,"layer":0},{"side":3,"counterClockwiseDirection":false,"layer":0},{"side":0,"counterClockwiseDirection":false,"layer":0},{"side":3,"counterClockwiseDirection":true,"layer":0}],"totalTime":76607,"data":{"metrics":[{"label":"PERFORM_ROTATION","totalTime":35951.00000244379,"totalRelativeTime":"46.92%","numOfCalls":36283117,"avgTimePerCall":0.000990846514163703},{"label":"ADD_CANDIDATE","totalTime":6353.699999392033,"totalRelativeTime":"8.29%","numOfCalls":36283117,"avgTimePerCall":0.00017511450296268737},{"label":"NOT_MEASURED","totalTime":34302.29999816418,"totalRelativeTime":"44.77%","numOfCalls":0,"avgTimePerCall":34302.29999816418}],"visitedNodes":14026485,"iterations":[{"visitedNodes":37,"bound":2},{"visitedNodes":181,"bound":3},{"visitedNodes":877,"bound":4},{"visitedNodes":4237,"bound":5},{"visitedNodes":20461,"bound":6},{"visitedNodes":98797,"bound":7},{"visitedNodes":477037,"bound":8},{"visitedNodes":2303341,"bound":9},{"visitedNodes":11121517,"bound":10}]}}},{"label":"2x2","key":"IDA*","solution":{"rotations":[{"side":0,"counterClockwiseDirection":true,"layer":0},{"side":0,"counterClockwiseDirection":true,"layer":0},{"side":2,"counterClockwiseDirection":false,"layer":0},{"side":3,"counterClockwiseDirection":true,"layer":0},{"side":0,"counterClockwiseDirection":true,"layer":0},{"side":0,"counterClockwiseDirection":true,"layer":0},{"side":2,"counterClockwiseDirection":false,"layer":0},{"side":0,"counterClockwiseDirection":false,"layer":0},{"side":3,"counterClockwiseDirection":false,"layer":0},{"side":0,"counterClockwiseDirection":false,"layer":0},{"side":3,"counterClockwiseDirection":true,"layer":0}],"totalTime":63106.80000001192,"data":{"metrics":[{"label":"PERFORM_ROTATION","totalTime":31531.199994444847,"totalRelativeTime":"49.96%","numOfCalls":31213571,"avgTimePerCall":0.0010101759902590077},{"label":"ADD_CANDIDATE","totalTime":5635.3000031113625,"totalRelativeTime":"8.92%","numOfCalls":31213571,"avgTimePerCall":0.00018054006070344732},{"label":"NOT_MEASURED","totalTime":25940.30000245571,"totalRelativeTime":"41.1%","numOfCalls":0,"avgTimePerCall":25940.30000245571}],"visitedNodes":1844644,"iterations":[{"visitedNodes":7,"bound":2},{"visitedNodes":37,"bound":3.25},{"visitedNodes":594,"bound":4.5},{"visitedNodes":4237,"bound":5.75},{"visitedNodes":21050,"bound":7},{"visitedNodes":145144,"bound":8.25},{"visitedNodes":1673575,"bound":9.5}]}}},{"label":"2x2","key":"SA","solution":{"rotations":[{"side":0,"counterClockwiseDirection":false,"layer":0},{"side":3,"counterClockwiseDirection":true,"layer":0},{"side":0,"counterClockwiseDirection":true,"layer":0},{"side":2,"counterClockwiseDirection":false,"layer":0},{"side":0,"counterClockwiseDirection":false,"layer":0},{"side":2,"counterClockwiseDirection":true,"layer":0},{"side":0,"counterClockwiseDirection":false,"layer":0},{"side":0,"counterClockwiseDirection":false,"layer":0},{"side":3,"counterClockwiseDirection":true,"layer":0},{"side":2,"counterClockwiseDirection":true,"layer":0},{"side":0,"counterClockwiseDirection":false,"layer":0},{"side":3,"counterClockwiseDirection":true,"layer":0},{"side":3,"counterClockwiseDirection":true,"layer":0},{"side":2,"counterClockwiseDirection":true,"layer":0},{"side":3,"counterClockwiseDirection":false,"layer":0},{"side":2,"counterClockwiseDirection":true,"layer":0},{"side":3,"counterClockwiseDirection":true,"layer":0},{"side":0,"counterClockwiseDirection":false,"layer":0},{"side":3,"counterClockwiseDirection":false,"layer":0}],"totalTime":51813.5,"data":{"restartCounter":1,"iterations":5352,"metrics":[{"label":"CHECK_SOLUTION","totalTime":2779.39999628067,"totalRelativeTime":"5.36%","numOfCalls":16053150,"avgTimePerCall":0.00017313735910277236},{"label":"APPLYING_ROTATIONS","totalTime":16237.300001055002,"totalRelativeTime":"31.33%","numOfCalls":16053149,"avgTimePerCall":0.0010114713319520675},{"label":"COMPUTE_ROTATION","totalTime":2834.899999886751,"totalRelativeTime":"5.47%","numOfCalls":16053149,"avgTimePerCall":0.00017659463572453922},{"label":"CALCULATE_CITIZEN_SCORE","totalTime":5577.900001436472,"totalRelativeTime":"10.76%","numOfCalls":16053149,"avgTimePerCall":0.0003474645380439982},{"label":"AGGREGATE_CURRENT_GENERATION","totalTime":95.69999930262566,"totalRelativeTime":"0.18%","numOfCalls":535104,"avgTimePerCall":0.0001788437374839763},{"label":"CREATE_NEXT_GENERATION","totalTime":440.599999576807,"totalRelativeTime":"0.85%","numOfCalls":5351,"avgTimePerCall":0.08233974950043114},{"label":"MEASUREMENT_OVERHEAD","totalTime":11963.999999463558,"totalRelativeTime":"23.09%","numOfCalls":0,"avgTimePerCall":11963.999999463558},{"label":"NOT_MEASURED","totalTime":11883.700002998114,"totalRelativeTime":"22.93%","numOfCalls":0,"avgTimePerCall":11883.700002998114}]}}},{"label":"2x2","key":"GA","solution":{"rotations":[{"side":2,"counterClockwiseDirection":true,"layer":0},{"side":0,"counterClockwiseDirection":false,"layer":0},{"side":2,"counterClockwiseDirection":true,"layer":0},{"side":3,"counterClockwiseDirection":true,"layer":0},{"side":3,"counterClockwiseDirection":true,"layer":0},{"side":0,"counterClockwiseDirection":false,"layer":0},{"side":3,"counterClockwiseDirection":true,"layer":0},{"side":0,"counterClockwiseDirection":false,"layer":0},{"side":2,"counterClockwiseDirection":true,"layer":0},{"side":3,"counterClockwiseDirection":false,"layer":0},{"side":0,"counterClockwiseDirection":false,"layer":0},{"side":2,"counterClockwiseDirection":true,"layer":0},{"side":0,"counterClockwiseDirection":false,"layer":0},{"side":0,"counterClockwiseDirection":false,"layer":0},{"side":2,"counterClockwiseDirection":false,"layer":0},{"side":0,"counterClockwiseDirection":true,"layer":0},{"side":2,"counterClockwiseDirection":false,"layer":0},{"side":3,"counterClockwiseDirection":true,"layer":0},{"side":2,"counterClockwiseDirection":true,"layer":0},{"side":3,"counterClockwiseDirection":false,"layer":0},{"side":3,"counterClockwiseDirection":false,"layer":0},{"side":0,"counterClockwiseDirection":false,"layer":0},{"side":2,"counterClockwiseDirection":false,"layer":0}],"totalTime":35729.29999998212,"data":{"armageddonCounter":0,"generations":3695,"metrics":[{"label":"CHECK_SOLUTION","totalTime":1912.0000002086163,"totalRelativeTime":"5.35%","numOfCalls":11084700,"avgTimePerCall":0.00017249000876962085},{"label":"APPLYING_ROTATIONS","totalTime":11221.4000017941,"totalRelativeTime":"31.4%","numOfCalls":11084699,"avgTimePerCall":0.001012332405399019},{"label":"COMPUTE_GENE","totalTime":1956.2999991178513,"totalRelativeTime":"5.47%","numOfCalls":11084699,"avgTimePerCall":0.00017648652427258976},{"label":"CALCULATE_CITIZEN_SCORE","totalTime":3927.8000010848045,"totalRelativeTime":"10.99%","numOfCalls":11084699,"avgTimePerCall":0.00035434430840971},{"label":"AGGREGATE_CURRENT_GENERATION","totalTime":68.69999995827675,"totalRelativeTime":"0.19%","numOfCalls":369489,"avgTimePerCall":0.00018593246337042984},{"label":"CREATE_NEXT_GENERATION","totalTime":210.20000019669533,"totalRelativeTime":"0.58%","numOfCalls":3694,"avgTimePerCall":0.05690308613879137},{"label":"MEASUREMENT_OVERHEAD","totalTime":8217.29999601841,"totalRelativeTime":"22.99%","numOfCalls":0,"avgTimePerCall":8217.29999601841},{"label":"NOT_MEASURED","totalTime":8215.600001603365,"totalRelativeTime":"22.99%","numOfCalls":0,"avgTimePerCall":8215.600001603365}]}}},{"label":"2x2","key":"WA*","solution":{"rotations":[{"side":3,"counterClockwiseDirection":false,"layer":0},{"side":2,"counterClockwiseDirection":false,"layer":0},{"side":3,"counterClockwiseDirection":false,"layer":0},{"side":0,"counterClockwiseDirection":true,"layer":0},{"side":2,"counterClockwiseDirection":false,"layer":0},{"side":3,"counterClockwiseDirection":true,"layer":0},{"side":3,"counterClockwiseDirection":true,"layer":0},{"side":0,"counterClockwiseDirection":false,"layer":0},{"side":2,"counterClockwiseDirection":false,"layer":0},{"side":0,"counterClockwiseDirection":true,"layer":0},{"side":2,"counterClockwiseDirection":false,"layer":0},{"side":0,"counterClockwiseDirection":false,"layer":0},{"side":0,"counterClockwiseDirection":false,"layer":0},{"side":3,"counterClockwiseDirection":true,"layer":0},{"side":2,"counterClockwiseDirection":true,"layer":0},{"side":3,"counterClockwiseDirection":false,"layer":0},{"side":2,"counterClockwiseDirection":false,"layer":0}],"totalTime":567.0999999940395,"data":{"metrics":[{"label":"ITERATIONS_COUNTER_INCREMENT","totalTime":9.400000154972076,"totalRelativeTime":"1.65%","numOfCalls":42962,"avgTimePerCall":0.00021879801114873786},{"label":"ABORTED_VERIFICATION","totalTime":2.900000035762787,"totalRelativeTime":"0.51%","numOfCalls":21481,"avgTimePerCall":0.00013500302759474823},{"label":"POP_CANDIDATE","totalTime":12.199999839067459,"totalRelativeTime":"2.15%","numOfCalls":21481,"avgTimePerCall":0.0005679437567649299},{"label":"VISISTED_LIST_CHECK","totalTime":38.599999755620956,"totalRelativeTime":"6.8%","numOfCalls":117034,"avgTimePerCall":0.0003298186830803096},{"label":"CHECK_SOLUTION","totalTime":5.199999958276749,"totalRelativeTime":"0.91%","numOfCalls":20042,"avgTimePerCall":0.0002594551421153951},{"label":"ADD_TO_VISISTED_LIST_CHECK","totalTime":5.400000035762787,"totalRelativeTime":"0.95%","numOfCalls":20041,"avgTimePerCall":0.0002694476341381561},{"label":"PERFORM_ROTATION","totalTime":143.59999978542328,"totalRelativeTime":"25.32%","numOfCalls":95553,"avgTimePerCall":0.0015028308874176978},{"label":"HEURISTIC_CALCULATION","totalTime":68.40000060200691,"totalRelativeTime":"12.06%","numOfCalls":95553,"avgTimePerCall":0.0007158331041621604},{"label":"ADD_CANDIDATE","totalTime":25.10000005364418,"totalRelativeTime":"4.42%","numOfCalls":93422,"avgTimePerCall":0.0002686733323376098},{"label":"BUILD_SOLUTION","totalTime":0,"totalRelativeTime":"0%","numOfCalls":1,"avgTimePerCall":0},{"label":"MEASUREMENT_OVERHEAD","totalTime":119.0999992787838,"totalRelativeTime":"21%","numOfCalls":0,"avgTimePerCall":119.0999992787838},{"label":"NOT_MEASURED","totalTime":137.20000049471855,"totalRelativeTime":"24.19%","numOfCalls":0,"avgTimePerCall":137.20000049471855}],"visitedNodes":21481,"differentNodes":20042}}},{"label":"2x2","key":"BiBFS","solution":{"rotations":[{"side":0,"counterClockwiseDirection":true,"layer":0},{"side":0,"counterClockwiseDirection":true,"layer":0},{"side":2,"counterClockwiseDirection":false,"layer":0},{"side":3,"counterClockwiseDirection":true,"layer":0},{"side":0,"counterClockwiseDirection":false,"layer":0},{"side":0,"counterClockwiseDirection":false,"layer":0},{"side":2,"counterClockwiseDirection":false,"layer":0},{"side":0,"counterClockwiseDirection":false,"layer":0},{"side":3,"counterClockwiseDirection":false,"layer":0},{"side":0,"counterClockwiseDirection":false,"layer":0},{"side":3,"counterClockwiseDirection":true,"layer":0}],"totalTime":246.19999998807907,"data":{"metrics":[{"label":"POP_CANDIDATE","totalTime":1.9999999403953552,"totalRelativeTime":"0.81%","numOfCalls":11010,"avgTimePerCall":0.00018165303727478248},{"label":"VISISTED_LIST_CHECK","totalTime":26.60000017285347,"totalRelativeTime":"10.8%","numOfCalls":67525,"avgTimePerCall":0.00039392817730993663},{"label":"ADD_TO_VISISTED_LIST_CHECK","totalTime":2.1999999582767487,"totalRelativeTime":"0.89%","numOfCalls":9588,"avgTimePerCall":0.00022945347916945646},{"label":"PERFORM_ROTATION","totalTime":88.70000004768372,"totalRelativeTime":"36.02%","numOfCalls":46926,"avgTimePerCall":0.0018902101190743663},{"label":"ADD_CANDIDATE","totalTime":20.200000077486038,"totalRelativeTime":"8.2%","numOfCalls":45992,"avgTimePerCall":0.00043920682026191594},{"label":"MEASUREMENT_OVERHEAD","totalTime":50.100000113248825,"totalRelativeTime":"20.34%","numOfCalls":0,"avgTimePerCall":50.100000113248825},{"label":"NOT_MEASURED","totalTime":56.39999967813492,"totalRelativeTime":"22.9%","numOfCalls":0,"avgTimePerCall":56.39999967813492}],"iterations":4795,"visitedNodes":4795}}}]}