{"timestamp":1680907657597,"shuffle":"30:  D   2B    U'   F    L    F'   B'   U    D'   F    B    L    F    B'   L    F    L'   B'   L    U    R    D    F'  2U    L'   U    R    L'  ","solutions":[{"label":"2x2","key":"IDDFS","solution":{"rotations":[{"side":2,"counterClockwiseDirection":true,"layer":0},{"side":3,"counterClockwiseDirection":false,"layer":0},{"side":2,"counterClockwiseDirection":true,"layer":0},{"side":0,"counterClockwiseDirection":false,"layer":0},{"side":2,"counterClockwiseDirection":true,"layer":0},{"side":0,"counterClockwiseDirection":true,"layer":0},{"side":2,"counterClockwiseDirection":true,"layer":0},{"side":3,"counterClockwiseDirection":true,"layer":0},{"side":3,"counterClockwiseDirection":true,"layer":0},{"side":0,"counterClockwiseDirection":false,"layer":0}],"totalTime":11466.800000011921,"data":{"metrics":[{"label":"PERFORM_ROTATION","totalTime":5414.800002545118,"totalRelativeTime":"47.22%","numOfCalls":4405492,"avgTimePerCall":0.0012291022211696487},{"label":"ADD_CANDIDATE","totalTime":949.3999990224838,"totalRelativeTime":"8.27%","numOfCalls":4405492,"avgTimePerCall":0.00021550373920154294},{"label":"NOT_MEASURED","totalTime":5102.599998444319,"totalRelativeTime":"44.49%","numOfCalls":0,"avgTimePerCall":5102.599998444319}],"visitedNodes":2904968,"iterations":[{"visitedNodes":37,"bound":2},{"visitedNodes":181,"bound":3},{"visitedNodes":877,"bound":4},{"visitedNodes":4237,"bound":5},{"visitedNodes":20461,"bound":6},{"visitedNodes":98797,"bound":7},{"visitedNodes":477037,"bound":8},{"visitedNodes":2303341,"bound":9}]}}},{"label":"2x2","key":"IDA*","solution":{"rotations":[{"side":2,"counterClockwiseDirection":true,"layer":0},{"side":3,"counterClockwiseDirection":false,"layer":0},{"side":2,"counterClockwiseDirection":true,"layer":0},{"side":0,"counterClockwiseDirection":false,"layer":0},{"side":2,"counterClockwiseDirection":true,"layer":0},{"side":0,"counterClockwiseDirection":true,"layer":0},{"side":2,"counterClockwiseDirection":true,"layer":0},{"side":3,"counterClockwiseDirection":true,"layer":0},{"side":3,"counterClockwiseDirection":true,"layer":0},{"side":0,"counterClockwiseDirection":false,"layer":0}],"totalTime":41964.70000001788,"data":{"metrics":[{"label":"PERFORM_ROTATION","totalTime":21175.900003135204,"totalRelativeTime":"50.46%","numOfCalls":16485991,"avgTimePerCall":0.0012844784400971227},{"label":"ADD_CANDIDATE","totalTime":3635.7000016868114,"totalRelativeTime":"8.66%","numOfCalls":16485991,"avgTimePerCall":0.0002205326935873501},{"label":"NOT_MEASURED","totalTime":17153.099995195866,"totalRelativeTime":"40.87%","numOfCalls":0,"avgTimePerCall":17153.099995195866}],"visitedNodes":1908172,"iterations":[{"visitedNodes":7,"bound":2},{"visitedNodes":57,"bound":3.25},{"visitedNodes":644,"bound":4.5},{"visitedNodes":4257,"bound":5.75},{"visitedNodes":22294,"bound":7},{"visitedNodes":163280,"bound":8.25},{"visitedNodes":1717633,"bound":9.5}]}}},{"label":"2x2","key":"SA","solution":{"rotations":[{"side":2,"counterClockwiseDirection":true,"layer":0},{"side":3,"counterClockwiseDirection":false,"layer":0},{"side":2,"counterClockwiseDirection":true,"layer":0},{"side":0,"counterClockwiseDirection":false,"layer":0},{"side":2,"counterClockwiseDirection":true,"layer":0},{"side":0,"counterClockwiseDirection":true,"layer":0},{"side":2,"counterClockwiseDirection":true,"layer":0},{"side":3,"counterClockwiseDirection":true,"layer":0},{"side":3,"counterClockwiseDirection":true,"layer":0},{"side":0,"counterClockwiseDirection":false,"layer":0}],"totalTime":94963.69999998808,"data":{"restartCounter":1,"iterations":8109,"metrics":[{"label":"CHECK_SOLUTION","totalTime":5111.100001245737,"totalRelativeTime":"5.38%","numOfCalls":24325800,"avgTimePerCall":0.00021011025336250964},{"label":"APPLYING_ROTATIONS","totalTime":29728.900000214577,"totalRelativeTime":"31.3%","numOfCalls":24325786,"avgTimePerCall":0.0012221146728913334},{"label":"COMPUTE_ROTATION","totalTime":5224.100002706051,"totalRelativeTime":"5.5%","numOfCalls":24325786,"avgTimePerCall":0.00021475565076113268},{"label":"CALCULATE_CITIZEN_SCORE","totalTime":10672.300003021955,"totalRelativeTime":"11.23%","numOfCalls":24325786,"avgTimePerCall":0.00043872374783786864},{"label":"AGGREGATE_CURRENT_GENERATION","totalTime":176.69999980926514,"totalRelativeTime":"0.18%","numOfCalls":810859,"avgTimePerCall":0.00021791704822819396},{"label":"CREATE_NEXT_GENERATION","totalTime":532.9000006318092,"totalRelativeTime":"0.56%","numOfCalls":8108,"avgTimePerCall":0.06572520974738644},{"label":"MEASUREMENT_OVERHEAD","totalTime":21686.299996584654,"totalRelativeTime":"22.83%","numOfCalls":0,"avgTimePerCall":21686.299996584654},{"label":"NOT_MEASURED","totalTime":21831.39999577403,"totalRelativeTime":"22.98%","numOfCalls":0,"avgTimePerCall":21831.39999577403}]}}},{"label":"2x2","key":"GA","solution":{"rotations":[{"side":0,"counterClockwiseDirection":true,"layer":0},{"side":3,"counterClockwiseDirection":false,"layer":0},{"side":0,"counterClockwiseDirection":false,"layer":0},{"side":2,"counterClockwiseDirection":true,"layer":0},{"side":0,"counterClockwiseDirection":false,"layer":0},{"side":2,"counterClockwiseDirection":false,"layer":0},{"side":0,"counterClockwiseDirection":true,"layer":0},{"side":2,"counterClockwiseDirection":true,"layer":0},{"side":0,"counterClockwiseDirection":true,"layer":0},{"side":2,"counterClockwiseDirection":true,"layer":0},{"side":3,"counterClockwiseDirection":true,"layer":0},{"side":2,"counterClockwiseDirection":true,"layer":0},{"side":3,"counterClockwiseDirection":true,"layer":0},{"side":2,"counterClockwiseDirection":false,"layer":0},{"side":0,"counterClockwiseDirection":false,"layer":0},{"side":3,"counterClockwiseDirection":true,"layer":0}],"totalTime":94238,"data":{"armageddonCounter":1,"generations":8038,"metrics":[{"label":"CHECK_SOLUTION","totalTime":5060.0999974012375,"totalRelativeTime":"5.36%","numOfCalls":24110580,"avgTimePerCall":0.00020987052146407252},{"label":"APPLYING_ROTATIONS","totalTime":29666.899997144938,"totalRelativeTime":"31.48%","numOfCalls":24110578,"avgTimePerCall":0.0012304516298673942},{"label":"COMPUTE_GENE","totalTime":5136.40000090003,"totalRelativeTime":"5.45%","numOfCalls":24110578,"avgTimePerCall":0.0002130351251181133},{"label":"CALCULATE_CITIZEN_SCORE","totalTime":10479.499998509884,"totalRelativeTime":"11.12%","numOfCalls":24110578,"avgTimePerCall":0.000434643250713852},{"label":"AGGREGATE_CURRENT_GENERATION","totalTime":179.10000017285347,"totalRelativeTime":"0.19%","numOfCalls":803685,"avgTimePerCall":0.00022284850429316643},{"label":"CREATE_NEXT_GENERATION","totalTime":541.7999991476536,"totalRelativeTime":"0.57%","numOfCalls":8036,"avgTimePerCall":0.06742160268139044},{"label":"MEASUREMENT_OVERHEAD","totalTime":21643.099984139204,"totalRelativeTime":"22.96%","numOfCalls":0,"avgTimePerCall":21643.099984139204},{"label":"NOT_MEASURED","totalTime":21531.1000225842,"totalRelativeTime":"22.84%","numOfCalls":0,"avgTimePerCall":21531.1000225842}]}}},{"label":"2x2","key":"WA*","solution":{"rotations":[{"side":0,"counterClockwiseDirection":false,"layer":0},{"side":2,"counterClockwiseDirection":true,"layer":0},{"side":3,"counterClockwiseDirection":false,"layer":0},{"side":2,"counterClockwiseDirection":true,"layer":0},{"side":3,"counterClockwiseDirection":true,"layer":0},{"side":2,"counterClockwiseDirection":true,"layer":0},{"side":0,"counterClockwiseDirection":false,"layer":0},{"side":3,"counterClockwiseDirection":true,"layer":0},{"side":3,"counterClockwiseDirection":true,"layer":0},{"side":2,"counterClockwiseDirection":false,"layer":0},{"side":3,"counterClockwiseDirection":true,"layer":0},{"side":3,"counterClockwiseDirection":true,"layer":0},{"side":2,"counterClockwiseDirection":true,"layer":0},{"side":3,"counterClockwiseDirection":false,"layer":0},{"side":2,"counterClockwiseDirection":false,"layer":0},{"side":3,"counterClockwiseDirection":true,"layer":0},{"side":2,"counterClockwiseDirection":true,"layer":0},{"side":3,"counterClockwiseDirection":false,"layer":0}],"totalTime":1211,"data":{"metrics":[{"label":"ITERATIONS_COUNTER_INCREMENT","totalTime":19.100000023841858,"totalRelativeTime":"1.57%","numOfCalls":106916,"avgTimePerCall":0.00017864491772832746},{"label":"ABORTED_VERIFICATION","totalTime":9.500000029802322,"totalRelativeTime":"0.78%","numOfCalls":53458,"avgTimePerCall":0.0001777096043586053},{"label":"POP_CANDIDATE","totalTime":38.29999992251396,"totalRelativeTime":"3.16%","numOfCalls":53458,"avgTimePerCall":0.0007164502959802829},{"label":"VISISTED_LIST_CHECK","totalTime":91.90000009536743,"totalRelativeTime":"7.58%","numOfCalls":287952,"avgTimePerCall":0.000319150414289074},{"label":"CHECK_SOLUTION","totalTime":10.899999976158142,"totalRelativeTime":"0.9%","numOfCalls":49147,"avgTimePerCall":0.0002217836282206064},{"label":"ADD_TO_VISISTED_LIST_CHECK","totalTime":12.499999850988388,"totalRelativeTime":"1.03%","numOfCalls":49146,"avgTimePerCall":0.00025434419588549195},{"label":"PERFORM_ROTATION","totalTime":322.600000590086,"totalRelativeTime":"26.63%","numOfCalls":234494,"avgTimePerCall":0.0013757281661368136},{"label":"HEURISTIC_CALCULATION","totalTime":115.79999974370003,"totalRelativeTime":"9.56%","numOfCalls":234494,"avgTimePerCall":0.0004938292653274711},{"label":"ADD_CANDIDATE","totalTime":58.599999994039536,"totalRelativeTime":"4.83%","numOfCalls":227107,"avgTimePerCall":0.0002580281541037464},{"label":"BUILD_SOLUTION","totalTime":0,"totalRelativeTime":"0%","numOfCalls":1,"avgTimePerCall":0},{"label":"MEASUREMENT_OVERHEAD","totalTime":253.200000166893,"totalRelativeTime":"20.9%","numOfCalls":0,"avgTimePerCall":253.200000166893},{"label":"NOT_MEASURED","totalTime":278.59999960660934,"totalRelativeTime":"23%","numOfCalls":0,"avgTimePerCall":278.59999960660934}],"visitedNodes":53458,"differentNodes":49147}}},{"label":"2x2","key":"BiBFS","solution":{"rotations":[{"side":3,"counterClockwiseDirection":true,"layer":0},{"side":0,"counterClockwiseDirection":false,"layer":0},{"side":3,"counterClockwiseDirection":true,"layer":0},{"side":0,"counterClockwiseDirection":false,"layer":0},{"side":3,"counterClockwiseDirection":true,"layer":0},{"side":2,"counterClockwiseDirection":true,"layer":0},{"side":3,"counterClockwiseDirection":false,"layer":0},{"side":2,"counterClockwiseDirection":false,"layer":0},{"side":2,"counterClockwiseDirection":false,"layer":0},{"side":0,"counterClockwiseDirection":true,"layer":0}],"totalTime":154.5,"data":{"metrics":[{"label":"POP_CANDIDATE","totalTime":2.5000000298023224,"totalRelativeTime":"1.61%","numOfCalls":4796,"avgTimePerCall":0.0005212677293165809},{"label":"VISISTED_LIST_CHECK","totalTime":16.299999982118607,"totalRelativeTime":"10.55%","numOfCalls":30111,"avgTimePerCall":0.0005413304102194748},{"label":"ADD_TO_VISISTED_LIST_CHECK","totalTime":5.100000023841858,"totalRelativeTime":"3.3%","numOfCalls":4292,"avgTimePerCall":0.0011882572282949342},{"label":"PERFORM_ROTATION","totalTime":52.09999990463257,"totalRelativeTime":"33.72%","numOfCalls":21022,"avgTimePerCall":0.002478356003455074},{"label":"ADD_CANDIDATE","totalTime":7.900000095367432,"totalRelativeTime":"5.11%","numOfCalls":20798,"avgTimePerCall":0.0003798442203753934},{"label":"MEASUREMENT_OVERHEAD","totalTime":31.49999988079071,"totalRelativeTime":"20.38%","numOfCalls":0,"avgTimePerCall":31.49999988079071},{"label":"NOT_MEASURED","totalTime":39.1000000834465,"totalRelativeTime":"25.3%","numOfCalls":0,"avgTimePerCall":39.1000000834465}],"iterations":2147,"visitedNodes":2147}}}]}