{"timestamp":1680888392938,"shuffle":"37:  U'   B'   R'   F    B'   R'   D    L    U'  2R    D    B    F'   D'  2R    U'   L    D'   U    D'   B'  2U   2B    R    B    L'   D    R'   U    B    R    B'   L   ","solutions":[{"label":"2x2","key":"IDDFS","solution":{"rotations":[{"side":0,"counterClockwiseDirection":true,"layer":0},{"side":0,"counterClockwiseDirection":true,"layer":0},{"side":3,"counterClockwiseDirection":false,"layer":0},{"side":0,"counterClockwiseDirection":true,"layer":0},{"side":0,"counterClockwiseDirection":true,"layer":0},{"side":2,"counterClockwiseDirection":true,"layer":0},{"side":3,"counterClockwiseDirection":false,"layer":0},{"side":2,"counterClockwiseDirection":true,"layer":0},{"side":0,"counterClockwiseDirection":false,"layer":0},{"side":2,"counterClockwiseDirection":true,"layer":0},{"side":0,"counterClockwiseDirection":true,"layer":0}],"totalTime":111968.5,"data":{"metrics":[{"label":"PERFORM_ROTATION","totalTime":49016.80000281334,"totalRelativeTime":"43.77%","numOfCalls":36979869,"avgTimePerCall":0.0013254995576867333},{"label":"ADD_CANDIDATE","totalTime":8613.700000971556,"totalRelativeTime":"7.69%","numOfCalls":36979869,"avgTimePerCall":0.00023292943522789535},{"label":"NOT_MEASURED","totalTime":54337.999996215105,"totalRelativeTime":"48.52%","numOfCalls":0,"avgTimePerCall":54337.999996215105}],"visitedNodes":14026485,"iterations":[{"visitedNodes":37,"bound":2},{"visitedNodes":181,"bound":3},{"visitedNodes":877,"bound":4},{"visitedNodes":4237,"bound":5},{"visitedNodes":20461,"bound":6},{"visitedNodes":98797,"bound":7},{"visitedNodes":477037,"bound":8},{"visitedNodes":2303341,"bound":9},{"visitedNodes":11121517,"bound":10}]}}},{"label":"2x2","key":"IDA*","solution":{"rotations":[{"side":0,"counterClockwiseDirection":true,"layer":0},{"side":0,"counterClockwiseDirection":true,"layer":0},{"side":3,"counterClockwiseDirection":false,"layer":0},{"side":0,"counterClockwiseDirection":true,"layer":0},{"side":0,"counterClockwiseDirection":true,"layer":0},{"side":2,"counterClockwiseDirection":true,"layer":0},{"side":3,"counterClockwiseDirection":false,"layer":0},{"side":2,"counterClockwiseDirection":true,"layer":0},{"side":0,"counterClockwiseDirection":false,"layer":0},{"side":2,"counterClockwiseDirection":true,"layer":0},{"side":0,"counterClockwiseDirection":true,"layer":0}],"totalTime":94340.09999999404,"data":{"metrics":[{"label":"PERFORM_ROTATION","totalTime":45727.20001390576,"totalRelativeTime":"48.47%","numOfCalls":31981321,"avgTimePerCall":0.001429809607111156},{"label":"ADD_CANDIDATE","totalTime":8110.899999946356,"totalRelativeTime":"8.59%","numOfCalls":31981321,"avgTimePerCall":0.00025361366404928537},{"label":"NOT_MEASURED","totalTime":40501.99998614192,"totalRelativeTime":"42.93%","numOfCalls":0,"avgTimePerCall":40501.99998614192}],"visitedNodes":1850054,"iterations":[{"visitedNodes":7,"bound":2},{"visitedNodes":57,"bound":3.25},{"visitedNodes":567,"bound":4.5},{"visitedNodes":4247,"bound":5.75},{"visitedNodes":21502,"bound":7},{"visitedNodes":152599,"bound":8.25},{"visitedNodes":1671075,"bound":9.5}]}}},{"label":"2x2","key":"GA","solution":{"rotations":[{"side":0,"counterClockwiseDirection":false,"layer":0},{"side":2,"counterClockwiseDirection":false,"layer":0},{"side":2,"counterClockwiseDirection":false,"layer":0},{"side":0,"counterClockwiseDirection":true,"layer":0},{"side":3,"counterClockwiseDirection":true,"layer":0},{"side":2,"counterClockwiseDirection":false,"layer":0},{"side":0,"counterClockwiseDirection":true,"layer":0},{"side":2,"counterClockwiseDirection":false,"layer":0},{"side":3,"counterClockwiseDirection":true,"layer":0},{"side":2,"counterClockwiseDirection":false,"layer":0},{"side":0,"counterClockwiseDirection":false,"layer":0},{"side":2,"counterClockwiseDirection":true,"layer":0},{"side":0,"counterClockwiseDirection":false,"layer":0},{"side":0,"counterClockwiseDirection":false,"layer":0},{"side":3,"counterClockwiseDirection":true,"layer":0},{"side":3,"counterClockwiseDirection":true,"layer":0},{"side":0,"counterClockwiseDirection":false,"layer":0},{"side":3,"counterClockwiseDirection":false,"layer":0},{"side":3,"counterClockwiseDirection":false,"layer":0},{"side":2,"counterClockwiseDirection":true,"layer":0},{"side":0,"counterClockwiseDirection":false,"layer":0},{"side":3,"counterClockwiseDirection":true,"layer":0},{"side":2,"counterClockwiseDirection":true,"layer":0},{"side":3,"counterClockwiseDirection":true,"layer":0},{"side":0,"counterClockwiseDirection":true,"layer":0}],"totalTime":66925.79999998212,"data":{"armageddonCounter":0,"generations":4756,"metrics":[{"label":"CHECK_SOLUTION","totalTime":3590.2000004947186,"totalRelativeTime":"5.36%","numOfCalls":14266590,"avgTimePerCall":0.0002516508850744795},{"label":"APPLYING_ROTATIONS","totalTime":21275.599996447563,"totalRelativeTime":"31.78%","numOfCalls":14266589,"avgTimePerCall":0.0014912884920458256},{"label":"COMPUTE_GENE","totalTime":3638.4000024199486,"totalRelativeTime":"5.43%","numOfCalls":14266589,"avgTimePerCall":0.0002550294259139272},{"label":"CALCULATE_CITIZEN_SCORE","totalTime":7372.100006699562,"totalRelativeTime":"11.01%","numOfCalls":14266589,"avgTimePerCall":0.0005167387948653712},{"label":"AGGREGATE_CURRENT_GENERATION","totalTime":123.9999997317791,"totalRelativeTime":"0.18%","numOfCalls":475552,"avgTimePerCall":0.0002607496125171992},{"label":"CREATE_NEXT_GENERATION","totalTime":395.7999995946884,"totalRelativeTime":"0.59%","numOfCalls":4755,"avgTimePerCall":0.08323869602411954},{"label":"MEASUREMENT_OVERHEAD","totalTime":15120.300000786781,"totalRelativeTime":"22.59%","numOfCalls":0,"avgTimePerCall":15120.300000786781},{"label":"NOT_MEASURED","totalTime":15409.399993807077,"totalRelativeTime":"23.02%","numOfCalls":0,"avgTimePerCall":15409.399993807077}]}}},{"label":"2x2","key":"SA","solution":{"rotations":[{"side":3,"counterClockwiseDirection":false,"layer":0},{"side":0,"counterClockwiseDirection":true,"layer":0},{"side":0,"counterClockwiseDirection":true,"layer":0},{"side":2,"counterClockwiseDirection":true,"layer":0},{"side":3,"counterClockwiseDirection":false,"layer":0},{"side":3,"counterClockwiseDirection":false,"layer":0},{"side":0,"counterClockwiseDirection":true,"layer":0},{"side":0,"counterClockwiseDirection":true,"layer":0},{"side":2,"counterClockwiseDirection":false,"layer":0},{"side":2,"counterClockwiseDirection":false,"layer":0},{"side":0,"counterClockwiseDirection":true,"layer":0},{"side":3,"counterClockwiseDirection":false,"layer":0},{"side":2,"counterClockwiseDirection":false,"layer":0},{"side":0,"counterClockwiseDirection":true,"layer":0},{"side":3,"counterClockwiseDirection":false,"layer":0},{"side":0,"counterClockwiseDirection":true,"layer":0},{"side":3,"counterClockwiseDirection":true,"layer":0},{"side":2,"counterClockwiseDirection":true,"layer":0},{"side":3,"counterClockwiseDirection":false,"layer":0}],"totalTime":53997.40000000596,"data":{"restartCounter":0,"iterations":3758,"metrics":[{"label":"CHECK_SOLUTION","totalTime":2897.5999993681908,"totalRelativeTime":"5.36%","numOfCalls":11273220,"avgTimePerCall":0.0002570339263642678},{"label":"APPLYING_ROTATIONS","totalTime":17193.199999451637,"totalRelativeTime":"31.84%","numOfCalls":11273217,"avgTimePerCall":0.0015251369683961231},{"label":"COMPUTE_ROTATION","totalTime":2950.900001704693,"totalRelativeTime":"5.46%","numOfCalls":11273217,"avgTimePerCall":0.000261762015377216},{"label":"CALCULATE_CITIZEN_SCORE","totalTime":5950.599998503923,"totalRelativeTime":"11.02%","numOfCalls":11273217,"avgTimePerCall":0.0005278528745170011},{"label":"AGGREGATE_CURRENT_GENERATION","totalTime":101.10000023245811,"totalRelativeTime":"0.18%","numOfCalls":375773,"avgTimePerCall":0.0002690454083514731},{"label":"CREATE_NEXT_GENERATION","totalTime":387.40000024437904,"totalRelativeTime":"0.71%","numOfCalls":3757,"avgTimePerCall":0.1031141869162574},{"label":"MEASUREMENT_OVERHEAD","totalTime":12133.100006580353,"totalRelativeTime":"22.46%","numOfCalls":0,"avgTimePerCall":12133.100006580353},{"label":"NOT_MEASURED","totalTime":12383.499993920326,"totalRelativeTime":"22.93%","numOfCalls":0,"avgTimePerCall":12383.499993920326}]}}},{"label":"2x2","key":"WA*","solution":{"rotations":[{"side":3,"counterClockwiseDirection":false,"layer":0},{"side":0,"counterClockwiseDirection":false,"layer":0},{"side":3,"counterClockwiseDirection":true,"layer":0},{"side":0,"counterClockwiseDirection":false,"layer":0},{"side":3,"counterClockwiseDirection":true,"layer":0},{"side":2,"counterClockwiseDirection":false,"layer":0},{"side":2,"counterClockwiseDirection":false,"layer":0},{"side":0,"counterClockwiseDirection":false,"layer":0},{"side":3,"counterClockwiseDirection":false,"layer":0},{"side":0,"counterClockwiseDirection":false,"layer":0},{"side":3,"counterClockwiseDirection":true,"layer":0},{"side":0,"counterClockwiseDirection":true,"layer":0},{"side":3,"counterClockwiseDirection":false,"layer":0}],"totalTime":466.90000000596046,"data":{"metrics":[{"label":"ITERATIONS_COUNTER_INCREMENT","totalTime":7.899999916553497,"totalRelativeTime":"1.69%","numOfCalls":33690,"avgTimePerCall":0.00023449094439161465},{"label":"ABORTED_VERIFICATION","totalTime":3.700000077486038,"totalRelativeTime":"0.79%","numOfCalls":16845,"avgTimePerCall":0.00021964975229955702},{"label":"POP_CANDIDATE","totalTime":10.800000101327896,"totalRelativeTime":"2.31%","numOfCalls":16845,"avgTimePerCall":0.0006411398101114809},{"label":"VISISTED_LIST_CHECK","totalTime":33.100000351667404,"totalRelativeTime":"7.08%","numOfCalls":91774,"avgTimePerCall":0.00036066860278147846},{"label":"CHECK_SOLUTION","totalTime":3.2999998927116394,"totalRelativeTime":"0.7%","numOfCalls":15712,"avgTimePerCall":0.00021003054306973265},{"label":"ADD_TO_VISISTED_LIST_CHECK","totalTime":5.199999958276749,"totalRelativeTime":"1.11%","numOfCalls":15711,"avgTimePerCall":0.0003309782928061071},{"label":"PERFORM_ROTATION","totalTime":133.60000014305115,"totalRelativeTime":"28.61%","numOfCalls":74929,"avgTimePerCall":0.0017830212620354089},{"label":"HEURISTIC_CALCULATION","totalTime":39.89999973773956,"totalRelativeTime":"8.54%","numOfCalls":74929,"avgTimePerCall":0.0005325041003848919},{"label":"ADD_CANDIDATE","totalTime":21.799999833106995,"totalRelativeTime":"4.66%","numOfCalls":73418,"avgTimePerCall":0.00029692990592371075},{"label":"BUILD_SOLUTION","totalTime":0,"totalRelativeTime":"0%","numOfCalls":1,"avgTimePerCall":0},{"label":"MEASUREMENT_OVERHEAD","totalTime":98.8999996483326,"totalRelativeTime":"21.18%","numOfCalls":0,"avgTimePerCall":98.8999996483326},{"label":"NOT_MEASURED","totalTime":108.70000034570694,"totalRelativeTime":"23.28%","numOfCalls":0,"avgTimePerCall":108.70000034570694}],"visitedNodes":16845,"differentNodes":15712}}},{"label":"2x2","key":"BiBFS","solution":{"rotations":[{"side":0,"counterClockwiseDirection":true,"layer":0},{"side":0,"counterClockwiseDirection":true,"layer":0},{"side":3,"counterClockwiseDirection":false,"layer":0},{"side":0,"counterClockwiseDirection":true,"layer":0},{"side":0,"counterClockwiseDirection":true,"layer":0},{"side":2,"counterClockwiseDirection":true,"layer":0},{"side":3,"counterClockwiseDirection":false,"layer":0},{"side":2,"counterClockwiseDirection":true,"layer":0},{"side":0,"counterClockwiseDirection":false,"layer":0},{"side":2,"counterClockwiseDirection":true,"layer":0},{"side":0,"counterClockwiseDirection":true,"layer":0}],"totalTime":288.59999999403954,"data":{"metrics":[{"label":"POP_CANDIDATE","totalTime":4.5999999940395355,"totalRelativeTime":"1.59%","numOfCalls":16212,"avgTimePerCall":0.0002837404388131961},{"label":"VISISTED_LIST_CHECK","totalTime":26.299999833106995,"totalRelativeTime":"9.11%","numOfCalls":98678,"avgTimePerCall":0.00026652343818386057},{"label":"ADD_TO_VISISTED_LIST_CHECK","totalTime":3.5,"totalRelativeTime":"1.21%","numOfCalls":13992,"avgTimePerCall":0.00025014293882218413},{"label":"PERFORM_ROTATION","totalTime":102.59999984502792,"totalRelativeTime":"35.55%","numOfCalls":68472,"avgTimePerCall":0.0014984227106704627},{"label":"ADD_CANDIDATE","totalTime":14.400000214576721,"totalRelativeTime":"4.98%","numOfCalls":66938,"avgTimePerCall":0.0002151244467204984},{"label":"MEASUREMENT_OVERHEAD","totalTime":57.30000039935112,"totalRelativeTime":"19.85%","numOfCalls":0,"avgTimePerCall":57.30000039935112},{"label":"NOT_MEASURED","totalTime":79.89999970793724,"totalRelativeTime":"27.68%","numOfCalls":0,"avgTimePerCall":79.89999970793724}],"iterations":6997,"visitedNodes":6997}}}]}