{"timestamp":1680886631662,"shuffle":"35:  F    U    D'   F   2R    B'   U    F    B'   U    F'   B'  2L    F'   L'  2R    U'   R'   U'  2L   2U    F'   D    R'   L    F'   D'   L'   R    B'  ","solutions":[{"label":"2x2","key":"IDDFS","solution":{"rotations":[{"side":3,"counterClockwiseDirection":true,"layer":0},{"side":2,"counterClockwiseDirection":false,"layer":0},{"side":3,"counterClockwiseDirection":true,"layer":0},{"side":3,"counterClockwiseDirection":true,"layer":0},{"side":2,"counterClockwiseDirection":false,"layer":0},{"side":0,"counterClockwiseDirection":true,"layer":0},{"side":2,"counterClockwiseDirection":true,"layer":0},{"side":2,"counterClockwiseDirection":true,"layer":0},{"side":3,"counterClockwiseDirection":false,"layer":0},{"side":2,"counterClockwiseDirection":true,"layer":0},{"side":3,"counterClockwiseDirection":true,"layer":0}],"totalTime":135425.20000001788,"data":{"metrics":[{"label":"PERFORM_ROTATION","totalTime":62114.10000690818,"totalRelativeTime":"45.86%","numOfCalls":53102933,"avgTimePerCall":0.001169692453840698},{"label":"ADD_CANDIDATE","totalTime":11666.900001943111,"totalRelativeTime":"8.61%","numOfCalls":53102933,"avgTimePerCall":0.00021970349551018417},{"label":"NOT_MEASURED","totalTime":61644.19999116659,"totalRelativeTime":"45.51%","numOfCalls":0,"avgTimePerCall":61644.19999116659}],"visitedNodes":14026485,"iterations":[{"visitedNodes":37,"bound":2},{"visitedNodes":181,"bound":3},{"visitedNodes":877,"bound":4},{"visitedNodes":4237,"bound":5},{"visitedNodes":20461,"bound":6},{"visitedNodes":98797,"bound":7},{"visitedNodes":477037,"bound":8},{"visitedNodes":2303341,"bound":9},{"visitedNodes":11121517,"bound":10}]}}},{"label":"2x2","key":"IDA*","solution":{"rotations":[{"side":3,"counterClockwiseDirection":true,"layer":0},{"side":2,"counterClockwiseDirection":false,"layer":0},{"side":3,"counterClockwiseDirection":true,"layer":0},{"side":3,"counterClockwiseDirection":true,"layer":0},{"side":2,"counterClockwiseDirection":false,"layer":0},{"side":0,"counterClockwiseDirection":true,"layer":0},{"side":2,"counterClockwiseDirection":true,"layer":0},{"side":2,"counterClockwiseDirection":true,"layer":0},{"side":3,"counterClockwiseDirection":false,"layer":0},{"side":2,"counterClockwiseDirection":true,"layer":0},{"side":3,"counterClockwiseDirection":true,"layer":0}],"totalTime":173359.59999999404,"data":{"metrics":[{"label":"PERFORM_ROTATION","totalTime":80223.29999706149,"totalRelativeTime":"46.27%","numOfCalls":74451498,"avgTimePerCall":0.0010775243232454704},{"label":"ADD_CANDIDATE","totalTime":15068.399996966124,"totalRelativeTime":"8.69%","numOfCalls":74451498,"avgTimePerCall":0.0002023921667360692},{"label":"CYCLE_AVOIDANCE_CHECK","totalTime":3624.400002539158,"totalRelativeTime":"2.09%","numOfCalls":14988072,"avgTimePerCall":0.0002418189612739489},{"label":"NOT_MEASURED","totalTime":74443.50000342727,"totalRelativeTime":"42.94%","numOfCalls":0,"avgTimePerCall":74443.50000342727}],"visitedNodes":2220524,"iterations":[{"visitedNodes":7,"bound":2},{"visitedNodes":47,"bound":3.25},{"visitedNodes":569,"bound":4.5},{"visitedNodes":4627,"bound":5.75},{"visitedNodes":23630,"bound":7},{"visitedNodes":168274,"bound":8.25},{"visitedNodes":2023370,"bound":9.5}]}}},{"label":"2x2","key":"GA","solution":{"rotations":[{"side":0,"counterClockwiseDirection":true,"layer":0},{"side":0,"counterClockwiseDirection":true,"layer":0},{"side":3,"counterClockwiseDirection":false,"layer":0},{"side":2,"counterClockwiseDirection":true,"layer":0},{"side":0,"counterClockwiseDirection":false,"layer":0},{"side":2,"counterClockwiseDirection":true,"layer":0},{"side":3,"counterClockwiseDirection":false,"layer":0},{"side":2,"counterClockwiseDirection":false,"layer":0},{"side":3,"counterClockwiseDirection":false,"layer":0},{"side":0,"counterClockwiseDirection":false,"layer":0},{"side":2,"counterClockwiseDirection":true,"layer":0},{"side":2,"counterClockwiseDirection":true,"layer":0},{"side":3,"counterClockwiseDirection":false,"layer":0},{"side":0,"counterClockwiseDirection":true,"layer":0},{"side":2,"counterClockwiseDirection":true,"layer":0},{"side":0,"counterClockwiseDirection":true,"layer":0},{"side":3,"counterClockwiseDirection":true,"layer":0},{"side":2,"counterClockwiseDirection":false,"layer":0},{"side":0,"counterClockwiseDirection":true,"layer":0},{"side":0,"counterClockwiseDirection":true,"layer":0},{"side":3,"counterClockwiseDirection":true,"layer":0},{"side":2,"counterClockwiseDirection":true,"layer":0},{"side":0,"counterClockwiseDirection":true,"layer":0},{"side":0,"counterClockwiseDirection":true,"layer":0},{"side":3,"counterClockwiseDirection":true,"layer":0}],"totalTime":5036,"data":{"armageddonCounter":0,"generations":445,"metrics":[{"label":"CHECK_SOLUTION","totalTime":259.29999992251396,"totalRelativeTime":"5.14%","numOfCalls":1332870,"avgTimePerCall":0.00019454260349660053},{"label":"APPLYING_ROTATIONS","totalTime":1556.8999990820885,"totalRelativeTime":"30.91%","numOfCalls":1332869,"avgTimePerCall":0.0011680817837927723},{"label":"COMPUTE_GENE","totalTime":277.40000000596046,"totalRelativeTime":"5.5%","numOfCalls":1332869,"avgTimePerCall":0.0002081224786576629},{"label":"CALCULATE_CITIZEN_SCORE","totalTime":557.3999995589256,"totalRelativeTime":"11.06%","numOfCalls":1332869,"avgTimePerCall":0.0004181956362995355},{"label":"AGGREGATE_CURRENT_GENERATION","totalTime":10.40000006556511,"totalRelativeTime":"0.2%","numOfCalls":44428,"avgTimePerCall":0.00023408661352221819},{"label":"CREATE_NEXT_GENERATION","totalTime":30.299999952316284,"totalRelativeTime":"0.6%","numOfCalls":444,"avgTimePerCall":0.06824324313584748},{"label":"MEASUREMENT_OVERHEAD","totalTime":1136.299998909235,"totalRelativeTime":"22.56%","numOfCalls":0,"avgTimePerCall":1136.299998909235},{"label":"NOT_MEASURED","totalTime":1208.000002503395,"totalRelativeTime":"23.98%","numOfCalls":0,"avgTimePerCall":1208.000002503395}]}}},{"label":"2x2","key":"SA","solution":{"rotations":[{"side":3,"counterClockwiseDirection":false,"layer":0},{"side":2,"counterClockwiseDirection":false,"layer":0},{"side":3,"counterClockwiseDirection":true,"layer":0},{"side":3,"counterClockwiseDirection":true,"layer":0},{"side":2,"counterClockwiseDirection":false,"layer":0},{"side":2,"counterClockwiseDirection":false,"layer":0},{"side":3,"counterClockwiseDirection":false,"layer":0},{"side":0,"counterClockwiseDirection":true,"layer":0},{"side":2,"counterClockwiseDirection":true,"layer":0},{"side":0,"counterClockwiseDirection":false,"layer":0},{"side":3,"counterClockwiseDirection":false,"layer":0},{"layer":0,"side":2,"counterClockwiseDirection":false},{"side":0,"counterClockwiseDirection":true,"layer":0},{"side":3,"counterClockwiseDirection":false,"layer":0},{"side":0,"counterClockwiseDirection":true,"layer":0},{"side":0,"counterClockwiseDirection":true,"layer":0},{"side":3,"counterClockwiseDirection":false,"layer":0}],"totalTime":53219.60000002384,"data":{"restartCounter":0,"iterations":4300,"metrics":[{"label":"CHECK_SOLUTION","totalTime":2920.19999986887,"totalRelativeTime":"5.48%","numOfCalls":12897030,"avgTimePerCall":0.00022642422324123228},{"label":"APPLYING_ROTATIONS","totalTime":16523.400004386902,"totalRelativeTime":"31.04%","numOfCalls":12897027,"avgTimePerCall":0.0012811789883348233},{"label":"COMPUTE_ROTATION","totalTime":2956.0999971032143,"totalRelativeTime":"5.55%","numOfCalls":12897027,"avgTimePerCall":0.00022920786295192017},{"label":"CALCULATE_CITIZEN_SCORE","totalTime":5889.10000449419,"totalRelativeTime":"11.06%","numOfCalls":12897027,"avgTimePerCall":0.0004566246162386254},{"label":"AGGREGATE_CURRENT_GENERATION","totalTime":103.40000003576279,"totalRelativeTime":"0.19%","numOfCalls":429900,"avgTimePerCall":0.00024052105149049264},{"label":"CREATE_NEXT_GENERATION","totalTime":316.7999991774559,"totalRelativeTime":"0.59%","numOfCalls":4299,"avgTimePerCall":0.07369155598452103},{"label":"MEASUREMENT_OVERHEAD","totalTime":12005.699996501207,"totalRelativeTime":"22.55%","numOfCalls":0,"avgTimePerCall":12005.699996501207},{"label":"NOT_MEASURED","totalTime":12504.89999845624,"totalRelativeTime":"23.49%","numOfCalls":0,"avgTimePerCall":12504.89999845624}]}}},{"label":"2x2","key":"WA*","solution":{"rotations":[{"side":3,"counterClockwiseDirection":false,"layer":0},{"side":2,"counterClockwiseDirection":true,"layer":0},{"side":3,"counterClockwiseDirection":false,"layer":0},{"side":2,"counterClockwiseDirection":true,"layer":0},{"side":3,"counterClockwiseDirection":false,"layer":0},{"side":2,"counterClockwiseDirection":false,"layer":0},{"side":3,"counterClockwiseDirection":true,"layer":0},{"side":2,"counterClockwiseDirection":true,"layer":0},{"side":0,"counterClockwiseDirection":true,"layer":0},{"side":0,"counterClockwiseDirection":true,"layer":0},{"side":3,"counterClockwiseDirection":false,"layer":0},{"side":0,"counterClockwiseDirection":false,"layer":0},{"side":0,"counterClockwiseDirection":false,"layer":0},{"side":3,"counterClockwiseDirection":true,"layer":0},{"side":0,"counterClockwiseDirection":false,"layer":0},{"side":3,"counterClockwiseDirection":false,"layer":0},{"side":0,"counterClockwiseDirection":true,"layer":0}],"totalTime":1066,"data":{"metrics":[{"label":"ITERATIONS_COUNTER_INCREMENT","totalTime":18.80000016093254,"totalRelativeTime":"1.76%","numOfCalls":75160,"avgTimePerCall":0.00025013305163561124},{"label":"ABORTED_VERIFICATION","totalTime":7.000000059604645,"totalRelativeTime":"0.65%","numOfCalls":37580,"avgTimePerCall":0.0001862692937627633},{"label":"POP_CANDIDATE","totalTime":17.899999797344208,"totalRelativeTime":"1.67%","numOfCalls":37580,"avgTimePerCall":0.00047631718460202786},{"label":"VISISTED_LIST_CHECK","totalTime":75.10000056028366,"totalRelativeTime":"7.04%","numOfCalls":204831,"avgTimePerCall":0.00036664372365649567},{"label":"CHECK_SOLUTION","totalTime":12.000000029802322,"totalRelativeTime":"1.12%","numOfCalls":35050,"avgTimePerCall":0.000342368046499353},{"label":"ADD_TO_VISISTED_LIST_CHECK","totalTime":8.700000077486038,"totalRelativeTime":"0.81%","numOfCalls":35049,"avgTimePerCall":0.00024822391730109386},{"label":"PERFORM_ROTATION","totalTime":267.199999243021,"totalRelativeTime":"25.06%","numOfCalls":167251,"avgTimePerCall":0.0015975988140161854},{"label":"HEURISTIC_CALCULATION","totalTime":98.0999995470047,"totalRelativeTime":"9.2%","numOfCalls":167251,"avgTimePerCall":0.0005865435755063031},{"label":"ADD_CANDIDATE","totalTime":41.50000038743019,"totalRelativeTime":"3.89%","numOfCalls":162759,"avgTimePerCall":0.00025497822171081285},{"label":"BUILD_SOLUTION","totalTime":0,"totalRelativeTime":"0%","numOfCalls":1,"avgTimePerCall":0},{"label":"MEASUREMENT_OVERHEAD","totalTime":218.70000100135803,"totalRelativeTime":"20.51%","numOfCalls":0,"avgTimePerCall":218.70000100135803},{"label":"NOT_MEASURED","totalTime":300.99999913573265,"totalRelativeTime":"28.23%","numOfCalls":0,"avgTimePerCall":300.99999913573265}],"visitedNodes":37580,"differentNodes":35050}}},{"label":"2x2","key":"BiBFS","solution":{"rotations":[{"side":3,"counterClockwiseDirection":true,"layer":0},{"side":0,"counterClockwiseDirection":false,"layer":0},{"side":3,"counterClockwiseDirection":true,"layer":0},{"side":2,"counterClockwiseDirection":false,"layer":0},{"side":0,"counterClockwiseDirection":false,"layer":0},{"side":3,"counterClockwiseDirection":true,"layer":0},{"side":3,"counterClockwiseDirection":true,"layer":0},{"side":0,"counterClockwiseDirection":true,"layer":0},{"side":3,"counterClockwiseDirection":false,"layer":0},{"side":2,"counterClockwiseDirection":false,"layer":0},{"side":0,"counterClockwiseDirection":true,"layer":0}],"totalTime":265.19999998807907,"data":{"metrics":[{"label":"POP_CANDIDATE","totalTime":2.2000000178813934,"totalRelativeTime":"0.82%","numOfCalls":8666,"avgTimePerCall":0.000253865684038933},{"label":"VISISTED_LIST_CHECK","totalTime":16.60000005364418,"totalRelativeTime":"6.25%","numOfCalls":53568,"avgTimePerCall":0.00030988650040405055},{"label":"ADD_TO_VISISTED_LIST_CHECK","totalTime":2.300000011920929,"totalRelativeTime":"0.86%","numOfCalls":7616,"avgTimePerCall":0.0003019957998845758},{"label":"PERFORM_ROTATION","totalTime":107.59999987483025,"totalRelativeTime":"40.57%","numOfCalls":37284,"avgTimePerCall":0.0028859564390846006},{"label":"ADD_CANDIDATE","totalTime":7.399999976158142,"totalRelativeTime":"2.79%","numOfCalls":36636,"avgTimePerCall":0.00020198711584665745},{"label":"MEASUREMENT_OVERHEAD","totalTime":35.60000020265579,"totalRelativeTime":"13.42%","numOfCalls":0,"avgTimePerCall":35.60000020265579},{"label":"NOT_MEASURED","totalTime":93.49999985098839,"totalRelativeTime":"35.25%","numOfCalls":0,"avgTimePerCall":93.49999985098839}],"iterations":3809,"visitedNodes":3809}}}]}