{"timestamp":1680987216778,"shuffle":"32:  F   2D    U'   D'   R'   F    D'   L    F'   R'   B    F'   R'   F'   D    L    U    D    U'  2F    D    R    B'   R    L'  2F    L    U    D   ","solutions":[{"label":"2x2","key":"IDDFS","solution":{"rotations":[{"side":2,"counterClockwiseDirection":true,"layer":0},{"side":0,"counterClockwiseDirection":true,"layer":0},{"side":2,"counterClockwiseDirection":false,"layer":0},{"side":0,"counterClockwiseDirection":true,"layer":0},{"side":2,"counterClockwiseDirection":false,"layer":0},{"side":3,"counterClockwiseDirection":true,"layer":0},{"side":2,"counterClockwiseDirection":true,"layer":0},{"side":0,"counterClockwiseDirection":false,"layer":0},{"side":2,"counterClockwiseDirection":false,"layer":0},{"side":3,"counterClockwiseDirection":true,"layer":0},{"side":0,"counterClockwiseDirection":false,"layer":0},{"side":2,"counterClockwiseDirection":false,"layer":0}],"totalTime":201822.09999999776,"data":{"metrics":[{"label":"PERFORM_ROTATION","totalTime":86644.30000125244,"totalRelativeTime":"42.93%","numOfCalls":77439532,"avgTimePerCall":0.0011188639414976378},{"label":"ADD_CANDIDATE","totalTime":15872.500000186265,"totalRelativeTime":"7.86%","numOfCalls":77439532,"avgTimePerCall":0.00020496637299133297},{"label":"NOT_MEASURED","totalTime":99305.29999855906,"totalRelativeTime":"49.2%","numOfCalls":0,"avgTimePerCall":99305.29999855906}],"visitedNodes":67725922,"iterations":[{"visitedNodes":37,"bound":2},{"visitedNodes":181,"bound":3},{"visitedNodes":877,"bound":4},{"visitedNodes":4237,"bound":5},{"visitedNodes":20461,"bound":6},{"visitedNodes":98797,"bound":7},{"visitedNodes":477037,"bound":8},{"visitedNodes":2303341,"bound":9},{"visitedNodes":11121517,"bound":10},{"visitedNodes":53699437,"bound":11}]}}},{"label":"2x2","key":"IDA*","solution":{"rotations":[{"side":2,"counterClockwiseDirection":true,"layer":0},{"side":0,"counterClockwiseDirection":true,"layer":0},{"side":2,"counterClockwiseDirection":false,"layer":0},{"side":0,"counterClockwiseDirection":true,"layer":0},{"side":2,"counterClockwiseDirection":false,"layer":0},{"side":3,"counterClockwiseDirection":true,"layer":0},{"side":2,"counterClockwiseDirection":true,"layer":0},{"side":0,"counterClockwiseDirection":false,"layer":0},{"side":2,"counterClockwiseDirection":false,"layer":0},{"side":3,"counterClockwiseDirection":true,"layer":0},{"side":0,"counterClockwiseDirection":false,"layer":0},{"side":2,"counterClockwiseDirection":false,"layer":0}],"totalTime":176192.8999999985,"data":{"metrics":[{"label":"PERFORM_ROTATION","totalTime":83987.39999734983,"totalRelativeTime":"47.66%","numOfCalls":73096465,"avgTimePerCall":0.0011489940039829537},{"label":"ADD_CANDIDATE","totalTime":15313.499998472631,"totalRelativeTime":"8.69%","numOfCalls":73096465,"avgTimePerCall":0.00020949713503207892},{"label":"NOT_MEASURED","totalTime":76892.00000417605,"totalRelativeTime":"43.64%","numOfCalls":0,"avgTimePerCall":76892.00000417605}],"visitedNodes":13028890,"iterations":[{"visitedNodes":7,"bound":2},{"visitedNodes":47,"bound":3.25},{"visitedNodes":636,"bound":4.5},{"visitedNodes":4242,"bound":5.75},{"visitedNodes":21494,"bound":7},{"visitedNodes":153891,"bound":8.25},{"visitedNodes":1692310,"bound":9.5},{"visitedNodes":11156263,"bound":10.75}]}}},{"label":"2x2","key":"SA","solution":{"rotations":[{"side":3,"counterClockwiseDirection":true,"layer":0},{"side":0,"counterClockwiseDirection":false,"layer":0},{"side":2,"counterClockwiseDirection":false,"layer":0},{"side":0,"counterClockwiseDirection":false,"layer":0},{"side":2,"counterClockwiseDirection":false,"layer":0},{"side":0,"counterClockwiseDirection":true,"layer":0},{"side":3,"counterClockwiseDirection":true,"layer":0},{"side":2,"counterClockwiseDirection":true,"layer":0},{"side":3,"counterClockwiseDirection":true,"layer":0},{"side":3,"counterClockwiseDirection":true,"layer":0},{"side":0,"counterClockwiseDirection":true,"layer":0},{"side":2,"counterClockwiseDirection":false,"layer":0},{"side":0,"counterClockwiseDirection":false,"layer":0},{"side":3,"counterClockwiseDirection":false,"layer":0},{"side":2,"counterClockwiseDirection":true,"layer":0},{"side":2,"counterClockwiseDirection":true,"layer":0}],"totalTime":57449.79999999702,"data":{"restartCounter":1,"iterations":5182,"metrics":[{"label":"CHECK_SOLUTION","totalTime":3047.1999995708466,"totalRelativeTime":"5.3%","numOfCalls":15544710,"avgTimePerCall":0.00019602810213705156},{"label":"APPLYING_ROTATIONS","totalTime":17510.89999980107,"totalRelativeTime":"30.48%","numOfCalls":15544704,"avgTimePerCall":0.0011264865512911066},{"label":"COMPUTE_ROTATION","totalTime":3160.900000486523,"totalRelativeTime":"5.5%","numOfCalls":15544704,"avgTimePerCall":0.00020334256609109592},{"label":"CALCULATE_CITIZEN_SCORE","totalTime":6413.4999997243285,"totalRelativeTime":"11.16%","numOfCalls":15544704,"avgTimePerCall":0.0004125842473246405},{"label":"AGGREGATE_CURRENT_GENERATION","totalTime":107.80000006780028,"totalRelativeTime":"0.18%","numOfCalls":518156,"avgTimePerCall":0.0002080454536236197},{"label":"CREATE_NEXT_GENERATION","totalTime":362.200000051409,"totalRelativeTime":"0.63%","numOfCalls":5181,"avgTimePerCall":0.06990928393194538},{"label":"MEASUREMENT_OVERHEAD","totalTime":13633.69999942556,"totalRelativeTime":"23.73%","numOfCalls":0,"avgTimePerCall":13633.69999942556},{"label":"NOT_MEASURED","totalTime":13213.600000869483,"totalRelativeTime":"23%","numOfCalls":0,"avgTimePerCall":13213.600000869483}]}}},{"label":"2x2","key":"GA","solution":{"rotations":[{"side":3,"counterClockwiseDirection":false,"layer":0},{"side":3,"counterClockwiseDirection":false,"layer":0},{"side":2,"counterClockwiseDirection":false,"layer":0},{"side":3,"counterClockwiseDirection":false,"layer":0},{"side":0,"counterClockwiseDirection":false,"layer":0},{"side":3,"counterClockwiseDirection":true,"layer":0},{"side":3,"counterClockwiseDirection":true,"layer":0},{"side":2,"counterClockwiseDirection":false,"layer":0},{"side":3,"counterClockwiseDirection":false,"layer":0},{"side":3,"counterClockwiseDirection":false,"layer":0},{"side":2,"counterClockwiseDirection":false,"layer":0},{"side":3,"counterClockwiseDirection":true,"layer":0},{"side":2,"counterClockwiseDirection":false,"layer":0},{"side":3,"counterClockwiseDirection":false,"layer":0}],"totalTime":23259,"data":{"armageddonCounter":0,"generations":2195,"metrics":[{"label":"CHECK_SOLUTION","totalTime":1223.1999999918044,"totalRelativeTime":"5.25%","numOfCalls":6582330,"avgTimePerCall":0.00018583085320726921},{"label":"APPLYING_ROTATIONS","totalTime":7244.200000055134,"totalRelativeTime":"31.14%","numOfCalls":6582320,"avgTimePerCall":0.0011005542118971935},{"label":"COMPUTE_GENE","totalTime":1260.8999999165535,"totalRelativeTime":"5.42%","numOfCalls":6582320,"avgTimePerCall":0.00019155859938692642},{"label":"CALCULATE_CITIZEN_SCORE","totalTime":2627.3999995812774,"totalRelativeTime":"11.29%","numOfCalls":6582320,"avgTimePerCall":0.0003991601744645167},{"label":"AGGREGATE_CURRENT_GENERATION","totalTime":44.69999998807907,"totalRelativeTime":"0.19%","numOfCalls":219410,"avgTimePerCall":0.0002037281800650794},{"label":"CREATE_NEXT_GENERATION","totalTime":145.49999993667006,"totalRelativeTime":"0.62%","numOfCalls":2194,"avgTimePerCall":0.06631722877696904},{"label":"MEASUREMENT_OVERHEAD","totalTime":5381.90000031516,"totalRelativeTime":"23.13%","numOfCalls":0,"avgTimePerCall":5381.90000031516},{"label":"NOT_MEASURED","totalTime":5331.200000215322,"totalRelativeTime":"22.92%","numOfCalls":0,"avgTimePerCall":5331.200000215322}]}}},{"label":"2x2","key":"WA*","solution":{"rotations":[{"side":2,"counterClockwiseDirection":true,"layer":0},{"side":3,"counterClockwiseDirection":true,"layer":0},{"side":3,"counterClockwiseDirection":true,"layer":0},{"side":0,"counterClockwiseDirection":true,"layer":0},{"side":3,"counterClockwiseDirection":false,"layer":0},{"side":2,"counterClockwiseDirection":true,"layer":0},{"side":3,"counterClockwiseDirection":false,"layer":0},{"side":2,"counterClockwiseDirection":false,"layer":0},{"side":0,"counterClockwiseDirection":false,"layer":0},{"side":2,"counterClockwiseDirection":true,"layer":0},{"side":0,"counterClockwiseDirection":true,"layer":0},{"side":2,"counterClockwiseDirection":false,"layer":0},{"side":3,"counterClockwiseDirection":true,"layer":0},{"side":3,"counterClockwiseDirection":true,"layer":0},{"side":2,"counterClockwiseDirection":true,"layer":0},{"side":3,"counterClockwiseDirection":true,"layer":0}],"totalTime":1993.8999999985099,"data":{"metrics":[{"label":"ITERATIONS_COUNTER_INCREMENT","totalTime":31.999999959021807,"totalRelativeTime":"1.6%","numOfCalls":171924,"avgTimePerCall":0.0001861287543276204},{"label":"ABORTED_VERIFICATION","totalTime":15.599999997764826,"totalRelativeTime":"0.78%","numOfCalls":85962,"avgTimePerCall":0.00018147553567581984},{"label":"POP_CANDIDATE","totalTime":42.6000000089407,"totalRelativeTime":"2.13%","numOfCalls":85962,"avgTimePerCall":0.0004955678091359053},{"label":"VISISTED_LIST_CHECK","totalTime":170.39999988675117,"totalRelativeTime":"8.54%","numOfCalls":461331,"avgTimePerCall":0.0003693660297850159},{"label":"CHECK_SOLUTION","totalTime":13.799999956041574,"totalRelativeTime":"0.69%","numOfCalls":78609,"avgTimePerCall":0.0001755524171028963},{"label":"ADD_TO_VISISTED_LIST_CHECK","totalTime":21.49999999254942,"totalRelativeTime":"1.07%","numOfCalls":78608,"avgTimePerCall":0.00027350905750749823},{"label":"PERFORM_ROTATION","totalTime":506.30000004172325,"totalRelativeTime":"25.39%","numOfCalls":375369,"avgTimePerCall":0.001348806108234093},{"label":"HEURISTIC_CALCULATION","totalTime":190.69999999925494,"totalRelativeTime":"9.56%","numOfCalls":375369,"avgTimePerCall":0.0005080334284377637},{"label":"ADD_CANDIDATE","totalTime":90.19999999180436,"totalRelativeTime":"4.52%","numOfCalls":360930,"avgTimePerCall":0.0002499099548161814},{"label":"BUILD_SOLUTION","totalTime":0.09999999776482582,"totalRelativeTime":"0%","numOfCalls":1,"avgTimePerCall":0.09999999776482582},{"label":"MEASUREMENT_OVERHEAD","totalTime":417.20000006631017,"totalRelativeTime":"20.92%","numOfCalls":0,"avgTimePerCall":417.20000006631017},{"label":"NOT_MEASURED","totalTime":493.50000010058284,"totalRelativeTime":"24.75%","numOfCalls":0,"avgTimePerCall":493.50000010058284}],"visitedNodes":85962,"differentNodes":78609}}},{"label":"2x2","key":"BiBFS","solution":{"rotations":[{"side":3,"counterClockwiseDirection":false,"layer":0},{"side":2,"counterClockwiseDirection":true,"layer":0},{"side":3,"counterClockwiseDirection":true,"layer":0},{"side":3,"counterClockwiseDirection":true,"layer":0},{"side":0,"counterClockwiseDirection":true,"layer":0},{"side":3,"counterClockwiseDirection":true,"layer":0},{"side":2,"counterClockwiseDirection":true,"layer":0},{"side":3,"counterClockwiseDirection":false,"layer":0},{"side":2,"counterClockwiseDirection":false,"layer":0},{"side":3,"counterClockwiseDirection":true,"layer":0},{"side":2,"counterClockwiseDirection":false,"layer":0},{"side":3,"counterClockwiseDirection":false,"layer":0}],"totalTime":241.80000000074506,"data":{"metrics":[{"label":"POP_CANDIDATE","totalTime":3.3000000230968,"totalRelativeTime":"1.36%","numOfCalls":12644,"avgTimePerCall":0.0002609933583594432},{"label":"VISISTED_LIST_CHECK","totalTime":25.400000009685755,"totalRelativeTime":"10.5%","numOfCalls":77454,"avgTimePerCall":0.0003279365818380685},{"label":"ADD_TO_VISISTED_LIST_CHECK","totalTime":3.4999999962747097,"totalRelativeTime":"1.44%","numOfCalls":10996,"avgTimePerCall":0.000318297562411305},{"label":"PERFORM_ROTATION","totalTime":94.20000000670552,"totalRelativeTime":"38.95%","numOfCalls":53812,"avgTimePerCall":0.0017505389133781596},{"label":"ADD_CANDIDATE","totalTime":15.099999975413084,"totalRelativeTime":"6.24%","numOfCalls":52668,"avgTimePerCall":0.00028670160202424783},{"label":"MEASUREMENT_OVERHEAD","totalTime":45.99999997764826,"totalRelativeTime":"19.02%","numOfCalls":0,"avgTimePerCall":45.99999997764826},{"label":"NOT_MEASURED","totalTime":54.30000001192093,"totalRelativeTime":"22.45%","numOfCalls":0,"avgTimePerCall":54.30000001192093}],"iterations":5499,"visitedNodes":5499}}}]}