{"timestamp":1680892417085,"shuffle":"35:  D'   F'   R'   U    F'   R'   U'   L'   D    B'   L'   F'   B    D'   F'   D'   R    U    D'   L    D    R'   L    F'   D   2F    R   2U   2D    U'   F'   R   ","solutions":[{"label":"2x2","key":"IDDFS","solution":{"rotations":[{"side":3,"counterClockwiseDirection":false,"layer":0},{"side":2,"counterClockwiseDirection":true,"layer":0},{"side":2,"counterClockwiseDirection":true,"layer":0},{"side":3,"counterClockwiseDirection":false,"layer":0},{"side":0,"counterClockwiseDirection":false,"layer":0},{"side":2,"counterClockwiseDirection":true,"layer":0},{"side":0,"counterClockwiseDirection":false,"layer":0},{"side":3,"counterClockwiseDirection":true,"layer":0},{"side":2,"counterClockwiseDirection":false,"layer":0},{"side":0,"counterClockwiseDirection":false,"layer":0},{"side":2,"counterClockwiseDirection":false,"layer":0}],"totalTime":138218.5,"data":{"metrics":[{"label":"PERFORM_ROTATION","totalTime":60019.499996215105,"totalRelativeTime":"43.42%","numOfCalls":59065703,"avgTimePerCall":0.0010161480681304192},{"label":"ADD_CANDIDATE","totalTime":10861.500001460314,"totalRelativeTime":"7.85%","numOfCalls":59065703,"avgTimePerCall":0.00018388844032653456},{"label":"NOT_MEASURED","totalTime":67337.50000232458,"totalRelativeTime":"48.71%","numOfCalls":0,"avgTimePerCall":67337.50000232458}],"visitedNodes":14026485,"iterations":[{"visitedNodes":37,"bound":2},{"visitedNodes":181,"bound":3},{"visitedNodes":877,"bound":4},{"visitedNodes":4237,"bound":5},{"visitedNodes":20461,"bound":6},{"visitedNodes":98797,"bound":7},{"visitedNodes":477037,"bound":8},{"visitedNodes":2303341,"bound":9},{"visitedNodes":11121517,"bound":10}]}}},{"label":"2x2","key":"IDA*","solution":{"rotations":[{"side":3,"counterClockwiseDirection":false,"layer":0},{"side":2,"counterClockwiseDirection":true,"layer":0},{"side":2,"counterClockwiseDirection":true,"layer":0},{"side":3,"counterClockwiseDirection":false,"layer":0},{"side":0,"counterClockwiseDirection":false,"layer":0},{"side":2,"counterClockwiseDirection":true,"layer":0},{"side":0,"counterClockwiseDirection":false,"layer":0},{"side":3,"counterClockwiseDirection":true,"layer":0},{"side":2,"counterClockwiseDirection":false,"layer":0},{"side":0,"counterClockwiseDirection":false,"layer":0},{"side":2,"counterClockwiseDirection":false,"layer":0}],"totalTime":112330.40000000596,"data":{"metrics":[{"label":"PERFORM_ROTATION","totalTime":55145.20000547171,"totalRelativeTime":"49.09%","numOfCalls":54027660,"avgTimePerCall":0.0010206845901797655},{"label":"ADD_CANDIDATE","totalTime":9604.900004863739,"totalRelativeTime":"8.55%","numOfCalls":54027660,"avgTimePerCall":0.0001777774570444794},{"label":"NOT_MEASURED","totalTime":47580.299989670515,"totalRelativeTime":"42.35%","numOfCalls":0,"avgTimePerCall":47580.299989670515}],"visitedNodes":1837394,"iterations":[{"visitedNodes":7,"bound":2},{"visitedNodes":37,"bound":3.25},{"visitedNodes":551,"bound":4.5},{"visitedNodes":4237,"bound":5.75},{"visitedNodes":21073,"bound":7},{"visitedNodes":145914,"bound":8.25},{"visitedNodes":1665575,"bound":9.5}]}}},{"label":"2x2","key":"GA","solution":{"rotations":[{"side":3,"counterClockwiseDirection":true,"layer":0},{"side":0,"counterClockwiseDirection":false,"layer":0},{"side":2,"counterClockwiseDirection":false,"layer":0},{"side":3,"counterClockwiseDirection":false,"layer":0},{"side":2,"counterClockwiseDirection":true,"layer":0},{"side":3,"counterClockwiseDirection":true,"layer":0},{"side":3,"counterClockwiseDirection":true,"layer":0},{"side":2,"counterClockwiseDirection":true,"layer":0},{"side":0,"counterClockwiseDirection":true,"layer":0},{"side":0,"counterClockwiseDirection":true,"layer":0},{"side":2,"counterClockwiseDirection":false,"layer":0},{"side":0,"counterClockwiseDirection":true,"layer":0},{"side":3,"counterClockwiseDirection":true,"layer":0},{"side":2,"counterClockwiseDirection":false,"layer":0},{"side":3,"counterClockwiseDirection":true,"layer":0},{"side":0,"counterClockwiseDirection":true,"layer":0},{"side":3,"counterClockwiseDirection":false,"layer":0}],"totalTime":5152.399999976158,"data":{"armageddonCounter":0,"generations":509,"metrics":[{"label":"CHECK_SOLUTION","totalTime":265.9999997615814,"totalRelativeTime":"5.16%","numOfCalls":1525980,"avgTimePerCall":0.00017431421103918888},{"label":"APPLYING_ROTATIONS","totalTime":1699.3000003397465,"totalRelativeTime":"32.98%","numOfCalls":1525969,"avgTimePerCall":0.0011135874977406136},{"label":"COMPUTE_GENE","totalTime":268.700000166893,"totalRelativeTime":"5.21%","numOfCalls":1525969,"avgTimePerCall":0.00017608483538452812},{"label":"CALCULATE_CITIZEN_SCORE","totalTime":579.0999990701675,"totalRelativeTime":"11.23%","numOfCalls":1525969,"avgTimePerCall":0.0003794965684559565},{"label":"AGGREGATE_CURRENT_GENERATION","totalTime":11.999999940395355,"totalRelativeTime":"0.23%","numOfCalls":50865,"avgTimePerCall":0.00023591860690839192},{"label":"CREATE_NEXT_GENERATION","totalTime":34.599999994039536,"totalRelativeTime":"0.67%","numOfCalls":508,"avgTimePerCall":0.06811023620873924},{"label":"MEASUREMENT_OVERHEAD","totalTime":1131.7000006437302,"totalRelativeTime":"21.96%","numOfCalls":0,"avgTimePerCall":1131.7000006437302},{"label":"NOT_MEASURED","totalTime":1161.0000000596046,"totalRelativeTime":"22.53%","numOfCalls":0,"avgTimePerCall":1161.0000000596046}]}}},{"label":"2x2","key":"SA","solution":{"rotations":[{"side":3,"counterClockwiseDirection":true,"layer":0},{"side":3,"counterClockwiseDirection":true,"layer":0},{"side":0,"counterClockwiseDirection":false,"layer":0},{"side":2,"counterClockwiseDirection":false,"layer":0},{"side":0,"counterClockwiseDirection":true,"layer":0},{"side":0,"counterClockwiseDirection":true,"layer":0},{"side":2,"counterClockwiseDirection":false,"layer":0},{"side":2,"counterClockwiseDirection":false,"layer":0},{"side":3,"counterClockwiseDirection":true,"layer":0},{"side":2,"counterClockwiseDirection":false,"layer":0},{"side":3,"counterClockwiseDirection":true,"layer":0},{"side":0,"counterClockwiseDirection":false,"layer":0},{"side":3,"counterClockwiseDirection":true,"layer":0},{"side":2,"counterClockwiseDirection":true,"layer":0},{"side":2,"counterClockwiseDirection":true,"layer":0}],"totalTime":167775,"data":{"restartCounter":3,"iterations":17621,"metrics":[{"label":"CHECK_SOLUTION","totalTime":8914.600001841784,"totalRelativeTime":"5.31%","numOfCalls":52861020,"avgTimePerCall":0.00016864222449437758},{"label":"APPLYING_ROTATIONS","totalTime":54111.99999848008,"totalRelativeTime":"32.25%","numOfCalls":52861013,"avgTimePerCall":0.001023665588824037},{"label":"COMPUTE_ROTATION","totalTime":9032.900003433228,"totalRelativeTime":"5.38%","numOfCalls":52861013,"avgTimePerCall":0.00017088019110479832},{"label":"CALCULATE_CITIZEN_SCORE","totalTime":18689.900001883507,"totalRelativeTime":"11.13%","numOfCalls":52861013,"avgTimePerCall":0.00035356681495837973},{"label":"AGGREGATE_CURRENT_GENERATION","totalTime":319.8999989926815,"totalRelativeTime":"0.19%","numOfCalls":1762033,"avgTimePerCall":0.0001815516502770842},{"label":"CREATE_NEXT_GENERATION","totalTime":1022.0000001788139,"totalRelativeTime":"0.6%","numOfCalls":17620,"avgTimePerCall":0.05800227015770794},{"label":"MEASUREMENT_OVERHEAD","totalTime":37213.10000368953,"totalRelativeTime":"22.18%","numOfCalls":0,"avgTimePerCall":37213.10000368953},{"label":"NOT_MEASURED","totalTime":38470.59999150038,"totalRelativeTime":"22.92%","numOfCalls":0,"avgTimePerCall":38470.59999150038}]}}},{"label":"2x2","key":"WA*","solution":{"rotations":[{"side":0,"counterClockwiseDirection":true,"layer":0},{"side":2,"counterClockwiseDirection":true,"layer":0},{"side":3,"counterClockwiseDirection":false,"layer":0},{"side":0,"counterClockwiseDirection":false,"layer":0},{"side":2,"counterClockwiseDirection":true,"layer":0},{"side":2,"counterClockwiseDirection":true,"layer":0},{"side":0,"counterClockwiseDirection":false,"layer":0},{"side":2,"counterClockwiseDirection":true,"layer":0},{"side":0,"counterClockwiseDirection":true,"layer":0},{"side":3,"counterClockwiseDirection":false,"layer":0},{"side":3,"counterClockwiseDirection":false,"layer":0},{"side":2,"counterClockwiseDirection":false,"layer":0},{"side":3,"counterClockwiseDirection":false,"layer":0},{"side":0,"counterClockwiseDirection":false,"layer":0},{"side":2,"counterClockwiseDirection":true,"layer":0},{"side":2,"counterClockwiseDirection":true,"layer":0},{"side":0,"counterClockwiseDirection":true,"layer":0}],"totalTime":1041.699999988079,"data":{"metrics":[{"label":"ITERATIONS_COUNTER_INCREMENT","totalTime":15.10000005364418,"totalRelativeTime":"1.44%","numOfCalls":81110,"avgTimePerCall":0.00018616693445498928},{"label":"ABORTED_VERIFICATION","totalTime":7.300000160932541,"totalRelativeTime":"0.7%","numOfCalls":40555,"avgTimePerCall":0.00018000246975545655},{"label":"POP_CANDIDATE","totalTime":17.100000321865082,"totalRelativeTime":"1.64%","numOfCalls":40555,"avgTimePerCall":0.00042164961957502357},{"label":"VISISTED_LIST_CHECK","totalTime":68.69999998807907,"totalRelativeTime":"6.59%","numOfCalls":221739,"avgTimePerCall":0.00030982371160724576},{"label":"CHECK_SOLUTION","totalTime":8.599999874830246,"totalRelativeTime":"0.82%","numOfCalls":37961,"avgTimePerCall":0.00022654829627328696},{"label":"ADD_TO_VISISTED_LIST_CHECK","totalTime":12.299999982118607,"totalRelativeTime":"1.18%","numOfCalls":37960,"avgTimePerCall":0.0003240252893076556},{"label":"PERFORM_ROTATION","totalTime":284.3999999165535,"totalRelativeTime":"27.3%","numOfCalls":181184,"avgTimePerCall":0.0015696750260318433},{"label":"HEURISTIC_CALCULATION","totalTime":121.6000003516674,"totalRelativeTime":"11.67%","numOfCalls":181184,"avgTimePerCall":0.0006711409415382562},{"label":"ADD_CANDIDATE","totalTime":47.30000004172325,"totalRelativeTime":"4.54%","numOfCalls":176233,"avgTimePerCall":0.000268394682277004},{"label":"BUILD_SOLUTION","totalTime":0,"totalRelativeTime":"0%","numOfCalls":1,"avgTimePerCall":0},{"label":"MEASUREMENT_OVERHEAD","totalTime":199.9000000357628,"totalRelativeTime":"19.18%","numOfCalls":0,"avgTimePerCall":199.9000000357628},{"label":"NOT_MEASURED","totalTime":259.3999992609024,"totalRelativeTime":"24.9%","numOfCalls":0,"avgTimePerCall":259.3999992609024}],"visitedNodes":40555,"differentNodes":37961}}},{"label":"2x2","key":"BiBFS","solution":{"rotations":[{"side":3,"counterClockwiseDirection":false,"layer":0},{"side":2,"counterClockwiseDirection":true,"layer":0},{"side":3,"counterClockwiseDirection":false,"layer":0},{"side":2,"counterClockwiseDirection":true,"layer":0},{"side":0,"counterClockwiseDirection":false,"layer":0},{"side":2,"counterClockwiseDirection":true,"layer":0},{"side":3,"counterClockwiseDirection":true,"layer":0},{"side":2,"counterClockwiseDirection":false,"layer":0},{"side":2,"counterClockwiseDirection":false,"layer":0},{"side":0,"counterClockwiseDirection":false,"layer":0},{"side":2,"counterClockwiseDirection":false,"layer":0}],"totalTime":313.80000001192093,"data":{"metrics":[{"label":"POP_CANDIDATE","totalTime":2.799999922513962,"totalRelativeTime":"0.89%","numOfCalls":12980,"avgTimePerCall":0.00021571648093327903},{"label":"VISISTED_LIST_CHECK","totalTime":45.69999986886978,"totalRelativeTime":"14.56%","numOfCalls":79342,"avgTimePerCall":0.0005759874955114539},{"label":"ADD_TO_VISISTED_LIST_CHECK","totalTime":3.5,"totalRelativeTime":"1.11%","numOfCalls":11260,"avgTimePerCall":0.0003108348134991119},{"label":"PERFORM_ROTATION","totalTime":133.8999999165535,"totalRelativeTime":"42.67%","numOfCalls":55100,"avgTimePerCall":0.0024301270402278313},{"label":"ADD_CANDIDATE","totalTime":22.799999803304672,"totalRelativeTime":"7.26%","numOfCalls":53942,"avgTimePerCall":0.0004226762041323027},{"label":"MEASUREMENT_OVERHEAD","totalTime":49.10000002384186,"totalRelativeTime":"15.64%","numOfCalls":0,"avgTimePerCall":49.10000002384186},{"label":"NOT_MEASURED","totalTime":56.00000047683716,"totalRelativeTime":"17.84%","numOfCalls":0,"avgTimePerCall":56.00000047683716}],"iterations":5631,"visitedNodes":5631}}}]}