{"timestamp":1680982418402,"shuffle":"36: 2L   2B    L   2B    F'   U'   L'   R    B    R'  2U   2F    L    R    L    U'   F    L'   F    D    L   2R    B    F   2D    B   2F    D'  ","solutions":[{"label":"2x2","key":"IDDFS","solution":{"rotations":[{"side":0,"counterClockwiseDirection":true,"layer":0},{"side":3,"counterClockwiseDirection":false,"layer":0},{"side":0,"counterClockwiseDirection":true,"layer":0},{"side":3,"counterClockwiseDirection":true,"layer":0},{"side":0,"counterClockwiseDirection":false,"layer":0},{"side":3,"counterClockwiseDirection":true,"layer":0},{"side":0,"counterClockwiseDirection":true,"layer":0},{"side":2,"counterClockwiseDirection":true,"layer":0},{"side":2,"counterClockwiseDirection":true,"layer":0},{"side":3,"counterClockwiseDirection":false,"layer":0}],"totalTime":48099.699999999255,"data":{"metrics":[{"label":"PERFORM_ROTATION","totalTime":22534.90000027977,"totalRelativeTime":"46.85%","numOfCalls":8299962,"avgTimePerCall":0.0027150606232028253},{"label":"ADD_CANDIDATE","totalTime":4044.3000001236796,"totalRelativeTime":"8.4%","numOfCalls":8299962,"avgTimePerCall":0.0004872672911181617},{"label":"NOT_MEASURED","totalTime":21520.499999595806,"totalRelativeTime":"44.74%","numOfCalls":0,"avgTimePerCall":21520.499999595806}],"visitedNodes":2904968,"iterations":[{"visitedNodes":37,"bound":2},{"visitedNodes":181,"bound":3},{"visitedNodes":877,"bound":4},{"visitedNodes":4237,"bound":5},{"visitedNodes":20461,"bound":6},{"visitedNodes":98797,"bound":7},{"visitedNodes":477037,"bound":8},{"visitedNodes":2303341,"bound":9}]}}},{"label":"2x2","key":"IDA*","solution":{"rotations":[{"side":0,"counterClockwiseDirection":true,"layer":0},{"side":3,"counterClockwiseDirection":false,"layer":0},{"side":0,"counterClockwiseDirection":true,"layer":0},{"side":3,"counterClockwiseDirection":true,"layer":0},{"side":0,"counterClockwiseDirection":false,"layer":0},{"side":3,"counterClockwiseDirection":true,"layer":0},{"side":0,"counterClockwiseDirection":true,"layer":0},{"side":2,"counterClockwiseDirection":true,"layer":0},{"side":2,"counterClockwiseDirection":true,"layer":0},{"side":3,"counterClockwiseDirection":false,"layer":0}],"totalTime":147359.59999999963,"data":{"metrics":[{"label":"PERFORM_ROTATION","totalTime":72572.49999997206,"totalRelativeTime":"49.24%","numOfCalls":35343269,"avgTimePerCall":0.0020533612779274056},{"label":"ADD_CANDIDATE","totalTime":12952.500000176951,"totalRelativeTime":"8.78%","numOfCalls":35343269,"avgTimePerCall":0.000366477136005075},{"label":"NOT_MEASURED","totalTime":61834.599999850616,"totalRelativeTime":"41.96%","numOfCalls":0,"avgTimePerCall":61834.599999850616}],"visitedNodes":1903500,"iterations":[{"visitedNodes":7,"bound":2},{"visitedNodes":42,"bound":3.25},{"visitedNodes":599,"bound":4.5},{"visitedNodes":4255,"bound":5.75},{"visitedNodes":22333,"bound":7},{"visitedNodes":162708,"bound":8.25},{"visitedNodes":1713556,"bound":9.5}]}}},{"label":"2x2","key":"SA","solution":{"rotations":[{"side":0,"counterClockwiseDirection":false,"layer":0},{"side":3,"counterClockwiseDirection":true,"layer":0},{"side":0,"counterClockwiseDirection":false,"layer":0},{"side":0,"counterClockwiseDirection":false,"layer":0},{"side":3,"counterClockwiseDirection":false,"layer":0},{"side":0,"counterClockwiseDirection":false,"layer":0},{"side":2,"counterClockwiseDirection":false,"layer":0},{"side":2,"counterClockwiseDirection":false,"layer":0},{"side":3,"counterClockwiseDirection":true,"layer":0},{"side":3,"counterClockwiseDirection":true,"layer":0},{"side":2,"counterClockwiseDirection":true,"layer":0},{"side":3,"counterClockwiseDirection":true,"layer":0}],"totalTime":270840.19999999925,"data":{"restartCounter":3,"iterations":15380,"metrics":[{"label":"CHECK_SOLUTION","totalTime":13724.9000002034,"totalRelativeTime":"5.06%","numOfCalls":46138050,"avgTimePerCall":0.0002974746440346612},{"label":"APPLYING_ROTATIONS","totalTime":87849.60000050254,"totalRelativeTime":"32.43%","numOfCalls":46138050,"avgTimePerCall":0.00190405966443104},{"label":"COMPUTE_ROTATION","totalTime":14252.400000022724,"totalRelativeTime":"5.26%","numOfCalls":46138050,"avgTimePerCall":0.00030890772366891806},{"label":"CALCULATE_CITIZEN_SCORE","totalTime":31808.100000420585,"totalRelativeTime":"11.74%","numOfCalls":46138050,"avgTimePerCall":0.0006894114510782442},{"label":"AGGREGATE_CURRENT_GENERATION","totalTime":497.19999997876585,"totalRelativeTime":"0.18%","numOfCalls":1537934,"avgTimePerCall":0.0003232908564208645},{"label":"CREATE_NEXT_GENERATION","totalTime":1663.800000116229,"totalRelativeTime":"0.61%","numOfCalls":15379,"avgTimePerCall":0.10818648807570252},{"label":"MEASUREMENT_OVERHEAD","totalTime":61312.400000615045,"totalRelativeTime":"22.63%","numOfCalls":0,"avgTimePerCall":61312.400000615045},{"label":"NOT_MEASURED","totalTime":59731.79999813996,"totalRelativeTime":"22.05%","numOfCalls":0,"avgTimePerCall":59731.79999813996}]}}},{"label":"2x2","key":"GA","solution":{"rotations":[{"side":0,"counterClockwiseDirection":true,"layer":0},{"side":2,"counterClockwiseDirection":false,"layer":0},{"side":0,"counterClockwiseDirection":true,"layer":0},{"side":2,"counterClockwiseDirection":false,"layer":0},{"side":3,"counterClockwiseDirection":true,"layer":0},{"side":3,"counterClockwiseDirection":true,"layer":0},{"side":0,"counterClockwiseDirection":true,"layer":0},{"side":2,"counterClockwiseDirection":true,"layer":0},{"side":2,"counterClockwiseDirection":true,"layer":0},{"side":0,"counterClockwiseDirection":true,"layer":0},{"side":2,"counterClockwiseDirection":true,"layer":0},{"side":0,"counterClockwiseDirection":false,"layer":0},{"side":3,"counterClockwiseDirection":true,"layer":0},{"side":2,"counterClockwiseDirection":true,"layer":0},{"side":3,"counterClockwiseDirection":true,"layer":0},{"side":0,"counterClockwiseDirection":false,"layer":0},{"side":3,"counterClockwiseDirection":true,"layer":0},{"side":2,"counterClockwiseDirection":false,"layer":0}],"totalTime":14853.39999999851,"data":{"armageddonCounter":0,"generations":606,"metrics":[{"label":"CHECK_SOLUTION","totalTime":745.7000000178814,"totalRelativeTime":"5.02%","numOfCalls":1816440,"avgTimePerCall":0.00041052828610792615},{"label":"APPLYING_ROTATIONS","totalTime":4702.900000013411,"totalRelativeTime":"31.66%","numOfCalls":1816434,"avgTimePerCall":0.0025890838863473218},{"label":"COMPUTE_GENE","totalTime":808.7000000532717,"totalRelativeTime":"5.44%","numOfCalls":1816434,"avgTimePerCall":0.00044521298327011697},{"label":"CALCULATE_CITIZEN_SCORE","totalTime":1726.800000058487,"totalRelativeTime":"11.62%","numOfCalls":1816434,"avgTimePerCall":0.0009506538635912381},{"label":"AGGREGATE_CURRENT_GENERATION","totalTime":28.99999999627471,"totalRelativeTime":"0.19%","numOfCalls":60547,"avgTimePerCall":0.00047896675303936957},{"label":"CREATE_NEXT_GENERATION","totalTime":96.80000001750886,"totalRelativeTime":"0.65%","numOfCalls":605,"avgTimePerCall":0.16000000002894027},{"label":"MEASUREMENT_OVERHEAD","totalTime":3359.099999828264,"totalRelativeTime":"22.61%","numOfCalls":0,"avgTimePerCall":3359.099999828264},{"label":"NOT_MEASURED","totalTime":3384.400000013411,"totalRelativeTime":"22.78%","numOfCalls":0,"avgTimePerCall":3384.400000013411}]}}},{"label":"2x2","key":"WA*","solution":{"rotations":[{"side":2,"counterClockwiseDirection":false,"layer":0},{"side":3,"counterClockwiseDirection":true,"layer":0},{"side":0,"counterClockwiseDirection":true,"layer":0},{"side":3,"counterClockwiseDirection":true,"layer":0},{"side":2,"counterClockwiseDirection":false,"layer":0},{"side":3,"counterClockwiseDirection":false,"layer":0},{"side":2,"counterClockwiseDirection":true,"layer":0},{"side":3,"counterClockwiseDirection":false,"layer":0},{"side":2,"counterClockwiseDirection":false,"layer":0},{"side":3,"counterClockwiseDirection":true,"layer":0},{"side":2,"counterClockwiseDirection":true,"layer":0},{"side":3,"counterClockwiseDirection":true,"layer":0},{"side":0,"counterClockwiseDirection":true,"layer":0},{"side":3,"counterClockwiseDirection":true,"layer":0},{"side":3,"counterClockwiseDirection":true,"layer":0},{"side":0,"counterClockwiseDirection":false,"layer":0}],"totalTime":2895,"data":{"metrics":[{"label":"ITERATIONS_COUNTER_INCREMENT","totalTime":50.499999986961484,"totalRelativeTime":"1.74%","numOfCalls":84018,"avgTimePerCall":0.0006010616771044477},{"label":"ABORTED_VERIFICATION","totalTime":21.300000006332994,"totalRelativeTime":"0.73%","numOfCalls":42009,"avgTimePerCall":0.0005070342071064057},{"label":"POP_CANDIDATE","totalTime":66.30000001937151,"totalRelativeTime":"2.29%","numOfCalls":42009,"avgTimePerCall":0.001578233236196327},{"label":"VISISTED_LIST_CHECK","totalTime":246.8000000026077,"totalRelativeTime":"8.52%","numOfCalls":227587,"avgTimePerCall":0.0010844204633946918},{"label":"CHECK_SOLUTION","totalTime":17.900000009685755,"totalRelativeTime":"0.61%","numOfCalls":38917,"avgTimePerCall":0.00045995323405416025},{"label":"ADD_TO_VISISTED_LIST_CHECK","totalTime":29.500000016763806,"totalRelativeTime":"1.01%","numOfCalls":38916,"avgTimePerCall":0.0007580429647642052},{"label":"PERFORM_ROTATION","totalTime":670.7000000160187,"totalRelativeTime":"23.16%","numOfCalls":185578,"avgTimePerCall":0.003614113742016935},{"label":"HEURISTIC_CALCULATION","totalTime":238.3999999910593,"totalRelativeTime":"8.23%","numOfCalls":185578,"avgTimePerCall":0.001284635032121584},{"label":"ADD_CANDIDATE","totalTime":131.09999996051192,"totalRelativeTime":"4.52%","numOfCalls":180323,"avgTimePerCall":0.0007270287204655642},{"label":"BUILD_SOLUTION","totalTime":0.09999999962747097,"totalRelativeTime":"0%","numOfCalls":1,"avgTimePerCall":0.09999999962747097},{"label":"MEASUREMENT_OVERHEAD","totalTime":697.0999999660999,"totalRelativeTime":"24.07%","numOfCalls":0,"avgTimePerCall":697.0999999660999},{"label":"NOT_MEASURED","totalTime":725.3000000249594,"totalRelativeTime":"25.05%","numOfCalls":0,"avgTimePerCall":725.3000000249594}],"visitedNodes":42009,"differentNodes":38917}}},{"label":"2x2","key":"BiBFS","solution":{"rotations":[{"side":0,"counterClockwiseDirection":true,"layer":0},{"side":3,"counterClockwiseDirection":false,"layer":0},{"side":0,"counterClockwiseDirection":true,"layer":0},{"side":3,"counterClockwiseDirection":true,"layer":0},{"side":0,"counterClockwiseDirection":false,"layer":0},{"side":3,"counterClockwiseDirection":true,"layer":0},{"side":0,"counterClockwiseDirection":true,"layer":0},{"side":2,"counterClockwiseDirection":false,"layer":0},{"side":2,"counterClockwiseDirection":false,"layer":0},{"side":3,"counterClockwiseDirection":false,"layer":0}],"totalTime":437.09999999962747,"data":{"metrics":[{"label":"POP_CANDIDATE","totalTime":1.8999999966472387,"totalRelativeTime":"0.43%","numOfCalls":3480,"avgTimePerCall":0.0005459770105308157},{"label":"VISISTED_LIST_CHECK","totalTime":18.199999993667006,"totalRelativeTime":"4.16%","numOfCalls":22028,"avgTimePerCall":0.0008262211727649813},{"label":"ADD_TO_VISISTED_LIST_CHECK","totalTime":4.700000001117587,"totalRelativeTime":"1.07%","numOfCalls":3144,"avgTimePerCall":0.0014949109418312936},{"label":"PERFORM_ROTATION","totalTime":188.60000002384186,"totalRelativeTime":"43.14%","numOfCalls":15402,"avgTimePerCall":0.012245162967396563},{"label":"ADD_CANDIDATE","totalTime":12.199999997392297,"totalRelativeTime":"2.79%","numOfCalls":15226,"avgTimePerCall":0.0008012610007482134},{"label":"MEASUREMENT_OVERHEAD","totalTime":76.59999998286366,"totalRelativeTime":"17.52%","numOfCalls":0,"avgTimePerCall":76.59999998286366},{"label":"NOT_MEASURED","totalTime":134.90000000409782,"totalRelativeTime":"30.86%","numOfCalls":0,"avgTimePerCall":134.90000000409782}],"iterations":1573,"visitedNodes":1573}}}]}