{"timestamp":1680984379639,"shuffle":"34:  F'   D'   L    R'   F'   U   2F    R    D    U'   F    L'   F    U'   R'   L    U'   L   2R    B   2R    F'   R'   D   2U    R'   U'   F'  2R   ","solutions":[{"label":"2x2","key":"IDDFS","solution":{"rotations":[{"side":2,"counterClockwiseDirection":true,"layer":0},{"side":0,"counterClockwiseDirection":true,"layer":0},{"side":2,"counterClockwiseDirection":true,"layer":0},{"side":2,"counterClockwiseDirection":true,"layer":0},{"side":3,"counterClockwiseDirection":true,"layer":0},{"side":3,"counterClockwiseDirection":true,"layer":0},{"side":0,"counterClockwiseDirection":true,"layer":0},{"side":3,"counterClockwiseDirection":false,"layer":0},{"side":0,"counterClockwiseDirection":true,"layer":0},{"side":2,"counterClockwiseDirection":false,"layer":0}],"totalTime":6881.799999998882,"data":{"metrics":[{"label":"PERFORM_ROTATION","totalTime":3198.799999957904,"totalRelativeTime":"46.48%","numOfCalls":3233082,"avgTimePerCall":0.0009893964953434228},{"label":"ADD_CANDIDATE","totalTime":578.5000001136214,"totalRelativeTime":"8.4%","numOfCalls":3233082,"avgTimePerCall":0.00017893143449922437},{"label":"NOT_MEASURED","totalTime":3104.499999927357,"totalRelativeTime":"45.11%","numOfCalls":0,"avgTimePerCall":3104.499999927357}],"visitedNodes":2904968,"iterations":[{"visitedNodes":37,"bound":2},{"visitedNodes":181,"bound":3},{"visitedNodes":877,"bound":4},{"visitedNodes":4237,"bound":5},{"visitedNodes":20461,"bound":6},{"visitedNodes":98797,"bound":7},{"visitedNodes":477037,"bound":8},{"visitedNodes":2303341,"bound":9}]}}},{"label":"2x2","key":"IDA*","solution":{"rotations":[{"side":2,"counterClockwiseDirection":true,"layer":0},{"side":0,"counterClockwiseDirection":true,"layer":0},{"side":2,"counterClockwiseDirection":true,"layer":0},{"side":2,"counterClockwiseDirection":true,"layer":0},{"side":3,"counterClockwiseDirection":true,"layer":0},{"side":3,"counterClockwiseDirection":true,"layer":0},{"side":0,"counterClockwiseDirection":true,"layer":0},{"side":3,"counterClockwiseDirection":false,"layer":0},{"side":0,"counterClockwiseDirection":true,"layer":0},{"side":2,"counterClockwiseDirection":false,"layer":0}],"totalTime":20546.300000000745,"data":{"metrics":[{"label":"PERFORM_ROTATION","totalTime":9972.900000130758,"totalRelativeTime":"48.53%","numOfCalls":10717511,"avgTimePerCall":0.0009305238875080938},{"label":"ADD_CANDIDATE","totalTime":1866.5999999623746,"totalRelativeTime":"9.08%","numOfCalls":10717511,"avgTimePerCall":0.00017416357211691918},{"label":"NOT_MEASURED","totalTime":8706.799999907613,"totalRelativeTime":"42.37%","numOfCalls":0,"avgTimePerCall":8706.799999907613}],"visitedNodes":1890839,"iterations":[{"visitedNodes":7,"bound":2},{"visitedNodes":42,"bound":3.25},{"visitedNodes":665,"bound":4.5},{"visitedNodes":4242,"bound":5.75},{"visitedNodes":21597,"bound":7},{"visitedNodes":152667,"bound":8.25},{"visitedNodes":1711619,"bound":9.5}]}}},{"label":"2x2","key":"SA","solution":{"rotations":[{"side":0,"counterClockwiseDirection":false,"layer":0},{"side":3,"counterClockwiseDirection":true,"layer":0},{"side":0,"counterClockwiseDirection":true,"layer":0},{"side":3,"counterClockwiseDirection":true,"layer":0},{"side":0,"counterClockwiseDirection":false,"layer":0},{"layer":0,"side":3,"counterClockwiseDirection":false},{"side":2,"counterClockwiseDirection":true,"layer":0},{"side":0,"counterClockwiseDirection":true,"layer":0},{"side":2,"counterClockwiseDirection":true,"layer":0},{"side":0,"counterClockwiseDirection":false,"layer":0},{"side":2,"counterClockwiseDirection":true,"layer":0},{"side":3,"counterClockwiseDirection":false,"layer":0},{"side":0,"counterClockwiseDirection":true,"layer":0},{"side":2,"counterClockwiseDirection":true,"layer":0},{"side":3,"counterClockwiseDirection":false,"layer":0},{"side":3,"counterClockwiseDirection":false,"layer":0},{"side":0,"counterClockwiseDirection":true,"layer":0},{"side":2,"counterClockwiseDirection":false,"layer":0}],"totalTime":45261.199999999255,"data":{"restartCounter":1,"iterations":5231,"metrics":[{"label":"CHECK_SOLUTION","totalTime":2350.9000000208616,"totalRelativeTime":"5.19%","numOfCalls":15690690,"avgTimePerCall":0.00014982770037652018},{"label":"APPLYING_ROTATIONS","totalTime":13653.100000087172,"totalRelativeTime":"30.16%","numOfCalls":15690680,"avgTimePerCall":0.0008701407459770496},{"label":"COMPUTE_ROTATION","totalTime":2475.7999998051673,"totalRelativeTime":"5.47%","numOfCalls":15690680,"avgTimePerCall":0.00015778793524596558},{"label":"CALCULATE_CITIZEN_SCORE","totalTime":5183.500000100583,"totalRelativeTime":"11.45%","numOfCalls":15690680,"avgTimePerCall":0.00033035534470785097},{"label":"AGGREGATE_CURRENT_GENERATION","totalTime":83.69999996386468,"totalRelativeTime":"0.18%","numOfCalls":523022,"avgTimePerCall":0.0001600315091217285},{"label":"CREATE_NEXT_GENERATION","totalTime":264.6999999843538,"totalRelativeTime":"0.58%","numOfCalls":5230,"avgTimePerCall":0.050611854681520796},{"label":"MEASUREMENT_OVERHEAD","totalTime":10944.40000016801,"totalRelativeTime":"24.18%","numOfCalls":0,"avgTimePerCall":10944.40000016801},{"label":"NOT_MEASURED","totalTime":10305.099999869242,"totalRelativeTime":"22.76%","numOfCalls":0,"avgTimePerCall":10305.099999869242}]}}},{"label":"2x2","key":"GA","solution":{"rotations":[{"side":2,"counterClockwiseDirection":true,"layer":0},{"side":0,"counterClockwiseDirection":true,"layer":0},{"side":3,"counterClockwiseDirection":true,"layer":0},{"side":2,"counterClockwiseDirection":false,"layer":0},{"side":3,"counterClockwiseDirection":true,"layer":0},{"side":2,"counterClockwiseDirection":false,"layer":0},{"side":0,"counterClockwiseDirection":false,"layer":0},{"side":2,"counterClockwiseDirection":true,"layer":0},{"side":3,"counterClockwiseDirection":false,"layer":0},{"side":0,"counterClockwiseDirection":true,"layer":0},{"side":2,"counterClockwiseDirection":true,"layer":0},{"side":0,"counterClockwiseDirection":false,"layer":0},{"side":3,"counterClockwiseDirection":false,"layer":0},{"side":2,"counterClockwiseDirection":true,"layer":0},{"side":3,"counterClockwiseDirection":false,"layer":0},{"side":2,"counterClockwiseDirection":true,"layer":0},{"side":3,"counterClockwiseDirection":true,"layer":0},{"side":3,"counterClockwiseDirection":true,"layer":0}],"totalTime":3446.0999999996275,"data":{"armageddonCounter":0,"generations":349,"metrics":[{"label":"CHECK_SOLUTION","totalTime":175.89999999664724,"totalRelativeTime":"5.1%","numOfCalls":1045590,"avgTimePerCall":0.00016823037710445512},{"label":"APPLYING_ROTATIONS","totalTime":1079.2999999523163,"totalRelativeTime":"31.31%","numOfCalls":1045584,"avgTimePerCall":0.0010322460940032712},{"label":"COMPUTE_GENE","totalTime":177.4000000152737,"totalRelativeTime":"5.14%","numOfCalls":1045584,"avgTimePerCall":0.00016966594746598427},{"label":"CALCULATE_CITIZEN_SCORE","totalTime":393.59999998658895,"totalRelativeTime":"11.42%","numOfCalls":1045584,"avgTimePerCall":0.00037644034337421857},{"label":"AGGREGATE_CURRENT_GENERATION","totalTime":8.300000010058284,"totalRelativeTime":"0.24%","numOfCalls":34852,"avgTimePerCall":0.00023814989125611971},{"label":"CREATE_NEXT_GENERATION","totalTime":22.40000000409782,"totalRelativeTime":"0.65%","numOfCalls":348,"avgTimePerCall":0.06436781610372937},{"label":"MEASUREMENT_OVERHEAD","totalTime":799.4999999888241,"totalRelativeTime":"23.2%","numOfCalls":0,"avgTimePerCall":799.4999999888241},{"label":"NOT_MEASURED","totalTime":789.7000000458211,"totalRelativeTime":"22.91%","numOfCalls":0,"avgTimePerCall":789.7000000458211}]}}},{"label":"2x2","key":"WA*","solution":{"rotations":[{"side":3,"counterClockwiseDirection":false,"layer":0},{"side":0,"counterClockwiseDirection":true,"layer":0},{"side":2,"counterClockwiseDirection":true,"layer":0},{"side":3,"counterClockwiseDirection":false,"layer":0},{"side":3,"counterClockwiseDirection":false,"layer":0},{"side":2,"counterClockwiseDirection":true,"layer":0},{"side":0,"counterClockwiseDirection":false,"layer":0},{"side":3,"counterClockwiseDirection":false,"layer":0},{"side":0,"counterClockwiseDirection":false,"layer":0},{"side":3,"counterClockwiseDirection":true,"layer":0},{"side":2,"counterClockwiseDirection":false,"layer":0},{"side":0,"counterClockwiseDirection":false,"layer":0},{"side":2,"counterClockwiseDirection":false,"layer":0},{"side":0,"counterClockwiseDirection":true,"layer":0},{"side":2,"counterClockwiseDirection":true,"layer":0},{"side":0,"counterClockwiseDirection":false,"layer":0}],"totalTime":979.0999999996275,"data":{"metrics":[{"label":"ITERATIONS_COUNTER_INCREMENT","totalTime":15.59999998472631,"totalRelativeTime":"1.59%","numOfCalls":80110,"avgTimePerCall":0.00019473224297498825},{"label":"ABORTED_VERIFICATION","totalTime":7.599999997764826,"totalRelativeTime":"0.77%","numOfCalls":40055,"avgTimePerCall":0.0001897391086696998},{"label":"POP_CANDIDATE","totalTime":18.99999999627471,"totalRelativeTime":"1.94%","numOfCalls":40055,"avgTimePerCall":0.0004743477717207517},{"label":"VISISTED_LIST_CHECK","totalTime":67.90000000782311,"totalRelativeTime":"6.93%","numOfCalls":217169,"avgTimePerCall":0.00031265972587166265},{"label":"CHECK_SOLUTION","totalTime":9.199999999254942,"totalRelativeTime":"0.93%","numOfCalls":37134,"avgTimePerCall":0.00024775138684911247},{"label":"ADD_TO_VISISTED_LIST_CHECK","totalTime":9.699999995529652,"totalRelativeTime":"0.99%","numOfCalls":37133,"avgTimePerCall":0.00026122317064416155},{"label":"PERFORM_ROTATION","totalTime":268.299999948591,"totalRelativeTime":"27.4%","numOfCalls":177114,"avgTimePerCall":0.0015148435468037027},{"label":"HEURISTIC_CALCULATION","totalTime":98.50000000745058,"totalRelativeTime":"10.06%","numOfCalls":177114,"avgTimePerCall":0.0005561389839733199},{"label":"ADD_CANDIDATE","totalTime":45.000000001862645,"totalRelativeTime":"4.59%","numOfCalls":172227,"avgTimePerCall":0.000261283074093276},{"label":"BUILD_SOLUTION","totalTime":0,"totalRelativeTime":"0%","numOfCalls":1,"avgTimePerCall":0},{"label":"MEASUREMENT_OVERHEAD","totalTime":203.50000004284084,"totalRelativeTime":"20.78%","numOfCalls":0,"avgTimePerCall":203.50000004284084},{"label":"NOT_MEASURED","totalTime":234.80000001750886,"totalRelativeTime":"23.98%","numOfCalls":0,"avgTimePerCall":234.80000001750886}],"visitedNodes":40055,"differentNodes":37134}}},{"label":"2x2","key":"BiBFS","solution":{"rotations":[{"side":2,"counterClockwiseDirection":true,"layer":0},{"side":0,"counterClockwiseDirection":true,"layer":0},{"side":2,"counterClockwiseDirection":true,"layer":0},{"side":2,"counterClockwiseDirection":true,"layer":0},{"side":3,"counterClockwiseDirection":false,"layer":0},{"side":3,"counterClockwiseDirection":false,"layer":0},{"side":0,"counterClockwiseDirection":true,"layer":0},{"side":3,"counterClockwiseDirection":false,"layer":0},{"side":0,"counterClockwiseDirection":true,"layer":0},{"side":2,"counterClockwiseDirection":false,"layer":0}],"totalTime":134.90000000037253,"data":{"metrics":[{"label":"POP_CANDIDATE","totalTime":1.1000000033527613,"totalRelativeTime":"0.81%","numOfCalls":5630,"avgTimePerCall":0.00019538188336638745},{"label":"VISISTED_LIST_CHECK","totalTime":12,"totalRelativeTime":"8.89%","numOfCalls":34889,"avgTimePerCall":0.00034394794921035283},{"label":"ADD_TO_VISISTED_LIST_CHECK","totalTime":2.299999998882413,"totalRelativeTime":"1.7%","numOfCalls":4962,"avgTimePerCall":0.00046352277285014365},{"label":"PERFORM_ROTATION","totalTime":40.29999999515712,"totalRelativeTime":"29.87%","numOfCalls":24296,"avgTimePerCall":0.0016587092523525323},{"label":"ADD_CANDIDATE","totalTime":7.199999999254942,"totalRelativeTime":"5.33%","numOfCalls":24056,"avgTimePerCall":0.0002993016295001223},{"label":"MEASUREMENT_OVERHEAD","totalTime":21.600000001490116,"totalRelativeTime":"16.01%","numOfCalls":0,"avgTimePerCall":21.600000001490116},{"label":"NOT_MEASURED","totalTime":50.400000002235174,"totalRelativeTime":"37.36%","numOfCalls":0,"avgTimePerCall":50.400000002235174}],"iterations":2482,"visitedNodes":2482}}}]}