{"timestamp":1680987582305,"shuffle":"30:  F'   R   2D    R'   L'  2F    U'   F'   U    B'   F    R   2F    U'   D'   L'   F'   R'  2U   2R    D    B'   F   2R   ","solutions":[{"label":"2x2","key":"IDDFS","solution":{"rotations":[{"side":2,"counterClockwiseDirection":false,"layer":0},{"side":3,"counterClockwiseDirection":false,"layer":0},{"side":2,"counterClockwiseDirection":true,"layer":0},{"side":0,"counterClockwiseDirection":false,"layer":0},{"side":3,"counterClockwiseDirection":true,"layer":0},{"side":0,"counterClockwiseDirection":false,"layer":0},{"side":3,"counterClockwiseDirection":false,"layer":0},{"side":0,"counterClockwiseDirection":false,"layer":0}],"totalTime":748.7000000029802,"data":{"metrics":[{"label":"PERFORM_ROTATION","totalTime":315.1999999284744,"totalRelativeTime":"42.09%","numOfCalls":268970,"avgTimePerCall":0.0011718779043331019},{"label":"ADD_CANDIDATE","totalTime":52.80000001192093,"totalRelativeTime":"7.05%","numOfCalls":268970,"avgTimePerCall":0.00019630442061167018},{"label":"NOT_MEASURED","totalTime":380.7000000625849,"totalRelativeTime":"50.84%","numOfCalls":0,"avgTimePerCall":380.7000000625849}],"visitedNodes":124590,"iterations":[{"visitedNodes":37,"bound":2},{"visitedNodes":181,"bound":3},{"visitedNodes":877,"bound":4},{"visitedNodes":4237,"bound":5},{"visitedNodes":20461,"bound":6},{"visitedNodes":98797,"bound":7}]}}},{"label":"2x2","key":"IDA*","solution":{"rotations":[{"side":2,"counterClockwiseDirection":false,"layer":0},{"side":3,"counterClockwiseDirection":false,"layer":0},{"side":2,"counterClockwiseDirection":true,"layer":0},{"side":0,"counterClockwiseDirection":false,"layer":0},{"side":3,"counterClockwiseDirection":true,"layer":0},{"side":0,"counterClockwiseDirection":false,"layer":0},{"side":3,"counterClockwiseDirection":false,"layer":0},{"side":0,"counterClockwiseDirection":false,"layer":0}],"totalTime":860.1999999992549,"data":{"metrics":[{"label":"PERFORM_ROTATION","totalTime":431.3999999091029,"totalRelativeTime":"50.15%","numOfCalls":351269,"avgTimePerCall":0.0012281186210827114},{"label":"ADD_CANDIDATE","totalTime":72.20000007748604,"totalRelativeTime":"8.39%","numOfCalls":351269,"avgTimePerCall":0.00020554048344000194},{"label":"NOT_MEASURED","totalTime":356.600000012666,"totalRelativeTime":"41.45%","numOfCalls":0,"avgTimePerCall":356.600000012666}],"visitedNodes":27322,"iterations":[{"visitedNodes":12,"bound":2},{"visitedNodes":70,"bound":3.25},{"visitedNodes":703,"bound":4.5},{"visitedNodes":4277,"bound":5.75},{"visitedNodes":22260,"bound":7}]}}},{"label":"2x2","key":"SA","solution":{"rotations":[{"side":2,"counterClockwiseDirection":false,"layer":0},{"side":0,"counterClockwiseDirection":false,"layer":0},{"side":3,"counterClockwiseDirection":false,"layer":0},{"side":2,"counterClockwiseDirection":true,"layer":0},{"side":0,"counterClockwiseDirection":false,"layer":0},{"side":2,"counterClockwiseDirection":false,"layer":0},{"side":2,"counterClockwiseDirection":false,"layer":0},{"side":0,"counterClockwiseDirection":true,"layer":0},{"side":3,"counterClockwiseDirection":true,"layer":0},{"side":3,"counterClockwiseDirection":true,"layer":0},{"side":2,"counterClockwiseDirection":false,"layer":0},{"side":3,"counterClockwiseDirection":true,"layer":0},{"side":2,"counterClockwiseDirection":true,"layer":0},{"side":3,"counterClockwiseDirection":true,"layer":0},{"side":0,"counterClockwiseDirection":false,"layer":0},{"side":3,"counterClockwiseDirection":false,"layer":0},{"side":0,"counterClockwiseDirection":true,"layer":0},{"side":2,"counterClockwiseDirection":false,"layer":0},{"side":3,"counterClockwiseDirection":false,"layer":0},{"side":2,"counterClockwiseDirection":false,"layer":0}],"totalTime":15737.70000000298,"data":{"restartCounter":0,"iterations":1830,"metrics":[{"label":"CHECK_SOLUTION","totalTime":837.1000000461936,"totalRelativeTime":"5.31%","numOfCalls":5489160,"avgTimePerCall":0.00015250056475784885},{"label":"APPLYING_ROTATIONS","totalTime":4748.199999820441,"totalRelativeTime":"30.17%","numOfCalls":5489152,"avgTimePerCall":0.0008650152154322636},{"label":"COMPUTE_ROTATION","totalTime":855.0000001080334,"totalRelativeTime":"5.43%","numOfCalls":5489152,"avgTimePerCall":0.0001557617643140568},{"label":"CALCULATE_CITIZEN_SCORE","totalTime":1762.9000002034009,"totalRelativeTime":"11.2%","numOfCalls":5489152,"avgTimePerCall":0.00032116071848682653},{"label":"AGGREGATE_CURRENT_GENERATION","totalTime":28.50000000372529,"totalRelativeTime":"0.18%","numOfCalls":182971,"avgTimePerCall":0.0001557623885955987},{"label":"CREATE_NEXT_GENERATION","totalTime":97.60000005364418,"totalRelativeTime":"0.62%","numOfCalls":1829,"avgTimePerCall":0.05336249319499409},{"label":"MEASUREMENT_OVERHEAD","totalTime":3706.6000003144145,"totalRelativeTime":"23.55%","numOfCalls":0,"avgTimePerCall":3706.6000003144145},{"label":"NOT_MEASURED","totalTime":3701.7999994531274,"totalRelativeTime":"23.52%","numOfCalls":0,"avgTimePerCall":3701.7999994531274}]}}},{"label":"2x2","key":"GA","solution":{"rotations":[{"side":3,"counterClockwiseDirection":true,"layer":0},{"side":2,"counterClockwiseDirection":true,"layer":0},{"side":3,"counterClockwiseDirection":true,"layer":0},{"side":2,"counterClockwiseDirection":false,"layer":0},{"side":0,"counterClockwiseDirection":true,"layer":0},{"side":3,"counterClockwiseDirection":false,"layer":0},{"side":2,"counterClockwiseDirection":false,"layer":0},{"side":3,"counterClockwiseDirection":false,"layer":0},{"side":0,"counterClockwiseDirection":false,"layer":0},{"side":2,"counterClockwiseDirection":false,"layer":0},{"side":3,"counterClockwiseDirection":false,"layer":0},{"side":2,"counterClockwiseDirection":true,"layer":0},{"side":0,"counterClockwiseDirection":false,"layer":0},{"side":3,"counterClockwiseDirection":false,"layer":0}],"totalTime":2394.400000002235,"data":{"armageddonCounter":0,"generations":253,"metrics":[{"label":"CHECK_SOLUTION","totalTime":123.00000002235174,"totalRelativeTime":"5.13%","numOfCalls":757080,"avgTimePerCall":0.00016246631798799563},{"label":"APPLYING_ROTATIONS","totalTime":779.4999998323619,"totalRelativeTime":"32.55%","numOfCalls":757066,"avgTimePerCall":0.0010296328191100406},{"label":"COMPUTE_GENE","totalTime":125.99999993667006,"totalRelativeTime":"5.26%","numOfCalls":757066,"avgTimePerCall":0.00016643198867294273},{"label":"CALCULATE_CITIZEN_SCORE","totalTime":265.0000000037253,"totalRelativeTime":"11.06%","numOfCalls":757066,"avgTimePerCall":0.0003500355319136314},{"label":"AGGREGATE_CURRENT_GENERATION","totalTime":3.6000000052154064,"totalRelativeTime":"0.15%","numOfCalls":25235,"avgTimePerCall":0.00014265900555638622},{"label":"CREATE_NEXT_GENERATION","totalTime":17.99999998882413,"totalRelativeTime":"0.75%","numOfCalls":252,"avgTimePerCall":0.07142857138422273},{"label":"MEASUREMENT_OVERHEAD","totalTime":541.7000002376735,"totalRelativeTime":"22.62%","numOfCalls":0,"avgTimePerCall":541.7000002376735},{"label":"NOT_MEASURED","totalTime":537.5999999754131,"totalRelativeTime":"22.45%","numOfCalls":0,"avgTimePerCall":537.5999999754131}]}}},{"label":"2x2","key":"WA*","solution":{"rotations":[{"side":0,"counterClockwiseDirection":true,"layer":0},{"side":3,"counterClockwiseDirection":false,"layer":0},{"side":0,"counterClockwiseDirection":true,"layer":0},{"side":2,"counterClockwiseDirection":true,"layer":0},{"side":0,"counterClockwiseDirection":true,"layer":0},{"side":2,"counterClockwiseDirection":false,"layer":0},{"side":0,"counterClockwiseDirection":true,"layer":0},{"side":2,"counterClockwiseDirection":true,"layer":0},{"side":0,"counterClockwiseDirection":false,"layer":0},{"side":0,"counterClockwiseDirection":false,"layer":0},{"side":3,"counterClockwiseDirection":true,"layer":0},{"side":2,"counterClockwiseDirection":true,"layer":0},{"side":3,"counterClockwiseDirection":false,"layer":0},{"side":2,"counterClockwiseDirection":false,"layer":0}],"totalTime":663.6000000014901,"data":{"metrics":[{"label":"ITERATIONS_COUNTER_INCREMENT","totalTime":9.699999991804361,"totalRelativeTime":"1.46%","numOfCalls":52968,"avgTimePerCall":0.00018312943648626266},{"label":"ABORTED_VERIFICATION","totalTime":6.300000011920929,"totalRelativeTime":"0.94%","numOfCalls":26484,"avgTimePerCall":0.00023787947484975566},{"label":"POP_CANDIDATE","totalTime":23.49999999254942,"totalRelativeTime":"3.54%","numOfCalls":26484,"avgTimePerCall":0.0008873281978760542},{"label":"VISISTED_LIST_CHECK","totalTime":42.79999998211861,"totalRelativeTime":"6.44%","numOfCalls":143477,"avgTimePerCall":0.00029830565165231085},{"label":"CHECK_SOLUTION","totalTime":5.400000013411045,"totalRelativeTime":"0.81%","numOfCalls":24538,"avgTimePerCall":0.00022006683565942804},{"label":"ADD_TO_VISISTED_LIST_CHECK","totalTime":5.799999989569187,"totalRelativeTime":"0.87%","numOfCalls":24537,"avgTimePerCall":0.00023637771486201194},{"label":"PERFORM_ROTATION","totalTime":156.1000001654029,"totalRelativeTime":"23.52%","numOfCalls":116993,"avgTimePerCall":0.001334267863593573},{"label":"HEURISTIC_CALCULATION","totalTime":69.59999990835786,"totalRelativeTime":"10.48%","numOfCalls":116993,"avgTimePerCall":0.0005949073868381686},{"label":"ADD_CANDIDATE","totalTime":29.499999951571226,"totalRelativeTime":"4.44%","numOfCalls":114201,"avgTimePerCall":0.00025831647666457584},{"label":"BUILD_SOLUTION","totalTime":0,"totalRelativeTime":"0%","numOfCalls":1,"avgTimePerCall":0},{"label":"MEASUREMENT_OVERHEAD","totalTime":147.60000009462237,"totalRelativeTime":"22.24%","numOfCalls":0,"avgTimePerCall":147.60000009462237},{"label":"NOT_MEASURED","totalTime":167.29999990016222,"totalRelativeTime":"25.21%","numOfCalls":0,"avgTimePerCall":167.29999990016222}],"visitedNodes":26484,"differentNodes":24538}}},{"label":"2x2","key":"BiBFS","solution":{"rotations":[{"side":2,"counterClockwiseDirection":false,"layer":0},{"side":3,"counterClockwiseDirection":false,"layer":0},{"side":2,"counterClockwiseDirection":true,"layer":0},{"side":0,"counterClockwiseDirection":false,"layer":0},{"side":3,"counterClockwiseDirection":true,"layer":0},{"side":0,"counterClockwiseDirection":false,"layer":0},{"side":3,"counterClockwiseDirection":false,"layer":0},{"side":0,"counterClockwiseDirection":false,"layer":0}],"totalTime":49.5,"data":{"metrics":[{"label":"POP_CANDIDATE","totalTime":1,"totalRelativeTime":"2.02%","numOfCalls":1414,"avgTimePerCall":0.0007072135785007072},{"label":"VISISTED_LIST_CHECK","totalTime":3.4999999962747097,"totalRelativeTime":"7.07%","numOfCalls":8994,"avgTimePerCall":0.00038914832068876024},{"label":"ADD_TO_VISISTED_LIST_CHECK","totalTime":0.6999999992549419,"totalRelativeTime":"1.41%","numOfCalls":1284,"avgTimePerCall":0.0005451713389835997},{"label":"PERFORM_ROTATION","totalTime":16.899999998509884,"totalRelativeTime":"34.14%","numOfCalls":6294,"avgTimePerCall":0.0026850969174626446},{"label":"ADD_CANDIDATE","totalTime":2.7000000067055225,"totalRelativeTime":"5.45%","numOfCalls":6294,"avgTimePerCall":0.0004289799819996064},{"label":"MEASUREMENT_OVERHEAD","totalTime":9,"totalRelativeTime":"18.18%","numOfCalls":0,"avgTimePerCall":9},{"label":"NOT_MEASURED","totalTime":15.699999999254942,"totalRelativeTime":"31.71%","numOfCalls":0,"avgTimePerCall":15.699999999254942}],"iterations":643,"visitedNodes":643}}}]}