{"timestamp":1680925738287,"shuffle":"33:  D'   F    U'   B    U'   F    B'   D'   F'   R    F   2U    R'   D    F    U    R'   D'  2U    F    D    L'   F'  2U    D    U'   R'   F'   B'   U   ","solutions":[{"label":"2x2","key":"IDDFS","solution":{"rotations":[{"side":2,"counterClockwiseDirection":true,"layer":0},{"side":0,"counterClockwiseDirection":true,"layer":0},{"side":0,"counterClockwiseDirection":true,"layer":0},{"side":3,"counterClockwiseDirection":false,"layer":0},{"side":0,"counterClockwiseDirection":true,"layer":0},{"side":2,"counterClockwiseDirection":true,"layer":0},{"side":0,"counterClockwiseDirection":true,"layer":0},{"side":0,"counterClockwiseDirection":true,"layer":0},{"side":2,"counterClockwiseDirection":false,"layer":0},{"side":3,"counterClockwiseDirection":true,"layer":0},{"side":0,"counterClockwiseDirection":false,"layer":0}],"totalTime":36899.5,"data":{"metrics":[{"label":"PERFORM_ROTATION","totalTime":17309.399999290705,"totalRelativeTime":"46.9%","numOfCalls":16602230,"avgTimePerCall":0.0010425948802835947},{"label":"ADD_CANDIDATE","totalTime":3113.6000020504,"totalRelativeTime":"8.43%","numOfCalls":16602230,"avgTimePerCall":0.00018754107141332217},{"label":"NOT_MEASURED","totalTime":16476.499998658895,"totalRelativeTime":"44.65%","numOfCalls":0,"avgTimePerCall":16476.499998658895}],"visitedNodes":14026485,"iterations":[{"visitedNodes":37,"bound":2},{"visitedNodes":181,"bound":3},{"visitedNodes":877,"bound":4},{"visitedNodes":4237,"bound":5},{"visitedNodes":20461,"bound":6},{"visitedNodes":98797,"bound":7},{"visitedNodes":477037,"bound":8},{"visitedNodes":2303341,"bound":9},{"visitedNodes":11121517,"bound":10}]}}},{"label":"2x2","key":"IDA*","solution":{"rotations":[{"side":2,"counterClockwiseDirection":true,"layer":0},{"side":0,"counterClockwiseDirection":true,"layer":0},{"side":0,"counterClockwiseDirection":true,"layer":0},{"side":3,"counterClockwiseDirection":false,"layer":0},{"side":0,"counterClockwiseDirection":true,"layer":0},{"side":2,"counterClockwiseDirection":true,"layer":0},{"side":0,"counterClockwiseDirection":true,"layer":0},{"side":0,"counterClockwiseDirection":true,"layer":0},{"side":2,"counterClockwiseDirection":false,"layer":0},{"side":3,"counterClockwiseDirection":true,"layer":0},{"side":0,"counterClockwiseDirection":false,"layer":0}],"totalTime":24515.69999998808,"data":{"metrics":[{"label":"PERFORM_ROTATION","totalTime":12118.499999672174,"totalRelativeTime":"49.43%","numOfCalls":11612893,"avgTimePerCall":0.0010435384188653227},{"label":"ADD_CANDIDATE","totalTime":2207.8000025749207,"totalRelativeTime":"9%","numOfCalls":11612893,"avgTimePerCall":0.00019011627874078584},{"label":"NOT_MEASURED","totalTime":10189.399997740984,"totalRelativeTime":"41.56%","numOfCalls":0,"avgTimePerCall":10189.399997740984}],"visitedNodes":1869656,"iterations":[{"visitedNodes":7,"bound":2},{"visitedNodes":57,"bound":3.25},{"visitedNodes":608,"bound":4.5},{"visitedNodes":4275,"bound":5.75},{"visitedNodes":21998,"bound":7},{"visitedNodes":155860,"bound":8.25},{"visitedNodes":1686851,"bound":9.5}]}}},{"label":"2x2","key":"SA","solution":{"rotations":[{"side":0,"counterClockwiseDirection":true,"layer":0},{"side":3,"counterClockwiseDirection":true,"layer":0},{"side":3,"counterClockwiseDirection":true,"layer":0},{"side":0,"counterClockwiseDirection":true,"layer":0},{"side":2,"counterClockwiseDirection":true,"layer":0},{"layer":0,"side":3,"counterClockwiseDirection":true},{"side":0,"counterClockwiseDirection":false,"layer":0},{"side":0,"counterClockwiseDirection":false,"layer":0},{"layer":0,"side":3,"counterClockwiseDirection":true},{"side":2,"counterClockwiseDirection":false,"layer":0},{"side":3,"counterClockwiseDirection":true,"layer":0},{"side":2,"counterClockwiseDirection":false,"layer":0},{"side":0,"counterClockwiseDirection":false,"layer":0}],"totalTime":2728.0999999940395,"data":{"restartCounter":0,"iterations":264,"metrics":[{"label":"CHECK_SOLUTION","totalTime":141.80000030994415,"totalRelativeTime":"5.19%","numOfCalls":791610,"avgTimePerCall":0.00017912861170266185},{"label":"APPLYING_ROTATIONS","totalTime":862.1000002920628,"totalRelativeTime":"31.6%","numOfCalls":791607,"avgTimePerCall":0.0010890505014382928},{"label":"COMPUTE_ROTATION","totalTime":156.30000030994415,"totalRelativeTime":"5.72%","numOfCalls":791607,"avgTimePerCall":0.00019744646056685217},{"label":"CALCULATE_CITIZEN_SCORE","totalTime":298.0999997854233,"totalRelativeTime":"10.92%","numOfCalls":791607,"avgTimePerCall":0.0003765757500696978},{"label":"AGGREGATE_CURRENT_GENERATION","totalTime":5.599999904632568,"totalRelativeTime":"0.2%","numOfCalls":26386,"avgTimePerCall":0.00021223375671312699},{"label":"CREATE_NEXT_GENERATION","totalTime":22.200000017881393,"totalRelativeTime":"0.81%","numOfCalls":263,"avgTimePerCall":0.08441064645582279},{"label":"MEASUREMENT_OVERHEAD","totalTime":624.9999986290932,"totalRelativeTime":"22.9%","numOfCalls":0,"avgTimePerCall":624.9999986290932},{"label":"NOT_MEASURED","totalTime":617.0000007450581,"totalRelativeTime":"22.61%","numOfCalls":0,"avgTimePerCall":617.0000007450581}]}}},{"label":"2x2","key":"GA","solution":{"rotations":[{"side":2,"counterClockwiseDirection":true,"layer":0},{"side":0,"counterClockwiseDirection":false,"layer":0},{"side":2,"counterClockwiseDirection":true,"layer":0},{"side":0,"counterClockwiseDirection":false,"layer":0},{"side":3,"counterClockwiseDirection":true,"layer":0},{"side":0,"counterClockwiseDirection":false,"layer":0},{"side":3,"counterClockwiseDirection":false,"layer":0},{"side":2,"counterClockwiseDirection":false,"layer":0},{"side":3,"counterClockwiseDirection":true,"layer":0},{"side":3,"counterClockwiseDirection":true,"layer":0},{"side":0,"counterClockwiseDirection":false,"layer":0},{"side":3,"counterClockwiseDirection":false,"layer":0},{"side":3,"counterClockwiseDirection":false,"layer":0}],"totalTime":75138.59999999404,"data":{"armageddonCounter":1,"generations":8041,"metrics":[{"label":"CHECK_SOLUTION","totalTime":4007.699996203184,"totalRelativeTime":"5.33%","numOfCalls":24119130,"avgTimePerCall":0.00016616270969156783},{"label":"APPLYING_ROTATIONS","totalTime":23860.800000816584,"totalRelativeTime":"31.75%","numOfCalls":24119115,"avgTimePerCall":0.0009892900299541083},{"label":"COMPUTE_GENE","totalTime":4087.0000017285347,"totalRelativeTime":"5.43%","numOfCalls":24119115,"avgTimePerCall":0.00016945066192223615},{"label":"CALCULATE_CITIZEN_SCORE","totalTime":8209.399995476007,"totalRelativeTime":"10.92%","numOfCalls":24119115,"avgTimePerCall":0.00034036903905785963},{"label":"AGGREGATE_CURRENT_GENERATION","totalTime":135.2000008225441,"totalRelativeTime":"0.17%","numOfCalls":803970,"avgTimePerCall":0.0001681654798345014},{"label":"CREATE_NEXT_GENERATION","totalTime":447.0999999344349,"totalRelativeTime":"0.59%","numOfCalls":8039,"avgTimePerCall":0.05561637018714204},{"label":"MEASUREMENT_OVERHEAD","totalTime":17286.699988037348,"totalRelativeTime":"23%","numOfCalls":0,"avgTimePerCall":17286.699988037348},{"label":"NOT_MEASURED","totalTime":17104.700016975403,"totalRelativeTime":"22.76%","numOfCalls":0,"avgTimePerCall":17104.700016975403}]}}},{"label":"2x2","key":"WA*","solution":{"rotations":[{"side":2,"counterClockwiseDirection":true,"layer":0},{"side":0,"counterClockwiseDirection":true,"layer":0},{"side":0,"counterClockwiseDirection":true,"layer":0},{"side":3,"counterClockwiseDirection":false,"layer":0},{"side":3,"counterClockwiseDirection":false,"layer":0},{"side":2,"counterClockwiseDirection":false,"layer":0},{"side":3,"counterClockwiseDirection":true,"layer":0},{"side":3,"counterClockwiseDirection":true,"layer":0},{"side":2,"counterClockwiseDirection":true,"layer":0},{"side":0,"counterClockwiseDirection":true,"layer":0},{"side":3,"counterClockwiseDirection":true,"layer":0},{"side":3,"counterClockwiseDirection":true,"layer":0},{"side":0,"counterClockwiseDirection":false,"layer":0}],"totalTime":508.7999999821186,"data":{"metrics":[{"label":"ITERATIONS_COUNTER_INCREMENT","totalTime":7.9999998807907104,"totalRelativeTime":"1.57%","numOfCalls":37556,"avgTimePerCall":0.00021301522741481283},{"label":"ABORTED_VERIFICATION","totalTime":4.300000011920929,"totalRelativeTime":"0.84%","numOfCalls":18778,"avgTimePerCall":0.000228991373517996},{"label":"POP_CANDIDATE","totalTime":11.00000011920929,"totalRelativeTime":"2.16%","numOfCalls":18778,"avgTimePerCall":0.0005857918904680631},{"label":"VISISTED_LIST_CHECK","totalTime":38.19999983906746,"totalRelativeTime":"7.5%","numOfCalls":102031,"avgTimePerCall":0.00037439601531953485},{"label":"CHECK_SOLUTION","totalTime":3.600000113248825,"totalRelativeTime":"0.7%","numOfCalls":17460,"avgTimePerCall":0.00020618557349649628},{"label":"ADD_TO_VISISTED_LIST_CHECK","totalTime":5.60000005364418,"totalRelativeTime":"1.1%","numOfCalls":17459,"avgTimePerCall":0.0003207514779565943},{"label":"PERFORM_ROTATION","totalTime":128.30000054836273,"totalRelativeTime":"25.21%","numOfCalls":83253,"avgTimePerCall":0.0015410856131113921},{"label":"HEURISTIC_CALCULATION","totalTime":49.10000017285347,"totalRelativeTime":"9.65%","numOfCalls":83253,"avgTimePerCall":0.0005897685389457854},{"label":"ADD_CANDIDATE","totalTime":19.499999701976776,"totalRelativeTime":"3.83%","numOfCalls":81388,"avgTimePerCall":0.00023959305674026607},{"label":"BUILD_SOLUTION","totalTime":0.09999999403953552,"totalRelativeTime":"0.01%","numOfCalls":1,"avgTimePerCall":0.09999999403953552},{"label":"MEASUREMENT_OVERHEAD","totalTime":106.90000000596046,"totalRelativeTime":"21.01%","numOfCalls":0,"avgTimePerCall":106.90000000596046},{"label":"NOT_MEASURED","totalTime":134.19999954104424,"totalRelativeTime":"26.37%","numOfCalls":0,"avgTimePerCall":134.19999954104424}],"visitedNodes":18778,"differentNodes":17460}}},{"label":"2x2","key":"BiBFS","solution":{"rotations":[{"side":3,"counterClockwiseDirection":false,"layer":0},{"side":0,"counterClockwiseDirection":false,"layer":0},{"side":3,"counterClockwiseDirection":true,"layer":0},{"side":2,"counterClockwiseDirection":true,"layer":0},{"side":3,"counterClockwiseDirection":false,"layer":0},{"side":2,"counterClockwiseDirection":true,"layer":0},{"side":2,"counterClockwiseDirection":true,"layer":0},{"side":3,"counterClockwiseDirection":false,"layer":0},{"side":0,"counterClockwiseDirection":true,"layer":0},{"side":3,"counterClockwiseDirection":false,"layer":0},{"side":2,"counterClockwiseDirection":true,"layer":0}],"totalTime":252.90000000596046,"data":{"metrics":[{"label":"POP_CANDIDATE","totalTime":3.0000000596046448,"totalRelativeTime":"1.18%","numOfCalls":12032,"avgTimePerCall":0.0002493351113368222},{"label":"VISISTED_LIST_CHECK","totalTime":24.499999672174454,"totalRelativeTime":"9.68%","numOfCalls":73720,"avgTimePerCall":0.00033233857395787374},{"label":"ADD_TO_VISISTED_LIST_CHECK","totalTime":2.9999999403953552,"totalRelativeTime":"1.18%","numOfCalls":10466,"avgTimePerCall":0.0002866424556081937},{"label":"PERFORM_ROTATION","totalTime":93.20000058412552,"totalRelativeTime":"36.85%","numOfCalls":51220,"avgTimePerCall":0.0018196017294831222},{"label":"ADD_CANDIDATE","totalTime":14.599999964237213,"totalRelativeTime":"5.77%","numOfCalls":50182,"avgTimePerCall":0.0002909409741388787},{"label":"MEASUREMENT_OVERHEAD","totalTime":46.6000000834465,"totalRelativeTime":"18.42%","numOfCalls":0,"avgTimePerCall":46.6000000834465},{"label":"NOT_MEASURED","totalTime":67.99999970197678,"totalRelativeTime":"26.88%","numOfCalls":0,"avgTimePerCall":67.99999970197678}],"iterations":5234,"visitedNodes":5234}}}]}