{"timestamp":1680898377103,"shuffle":"31: 2R    B    D'   B    R'  2F    D'   U'   R'   D'   R    B'   D'   B'   L    D    L'   R    F'   B   2F    L    D'  2F    R'   D    L'  ","solutions":[{"label":"2x2","key":"IDDFS","solution":{"rotations":[{"side":2,"counterClockwiseDirection":false,"layer":0},{"side":3,"counterClockwiseDirection":true,"layer":0},{"side":0,"counterClockwiseDirection":false,"layer":0},{"side":2,"counterClockwiseDirection":true,"layer":0},{"side":2,"counterClockwiseDirection":true,"layer":0},{"side":0,"counterClockwiseDirection":false,"layer":0},{"side":2,"counterClockwiseDirection":true,"layer":0},{"side":2,"counterClockwiseDirection":true,"layer":0},{"side":0,"counterClockwiseDirection":true,"layer":0},{"side":3,"counterClockwiseDirection":true,"layer":0},{"side":3,"counterClockwiseDirection":true,"layer":0}],"totalTime":75737.60000002384,"data":{"metrics":[{"label":"PERFORM_ROTATION","totalTime":35004.29999908805,"totalRelativeTime":"46.21%","numOfCalls":29374255,"avgTimePerCall":0.0011916659673271049},{"label":"ADD_CANDIDATE","totalTime":6478.500002652407,"totalRelativeTime":"8.55%","numOfCalls":29374255,"avgTimePerCall":0.00022055027447172385},{"label":"NOT_MEASURED","totalTime":34254.799998283386,"totalRelativeTime":"45.22%","numOfCalls":0,"avgTimePerCall":34254.799998283386}],"visitedNodes":14026485,"iterations":[{"visitedNodes":37,"bound":2},{"visitedNodes":181,"bound":3},{"visitedNodes":877,"bound":4},{"visitedNodes":4237,"bound":5},{"visitedNodes":20461,"bound":6},{"visitedNodes":98797,"bound":7},{"visitedNodes":477037,"bound":8},{"visitedNodes":2303341,"bound":9},{"visitedNodes":11121517,"bound":10}]}}},{"label":"2x2","key":"IDA*","solution":{"rotations":[{"side":2,"counterClockwiseDirection":false,"layer":0},{"side":3,"counterClockwiseDirection":true,"layer":0},{"side":0,"counterClockwiseDirection":false,"layer":0},{"side":2,"counterClockwiseDirection":true,"layer":0},{"side":2,"counterClockwiseDirection":true,"layer":0},{"side":0,"counterClockwiseDirection":false,"layer":0},{"side":2,"counterClockwiseDirection":true,"layer":0},{"side":2,"counterClockwiseDirection":true,"layer":0},{"side":0,"counterClockwiseDirection":true,"layer":0},{"side":3,"counterClockwiseDirection":true,"layer":0},{"side":3,"counterClockwiseDirection":true,"layer":0}],"totalTime":63589.19999998808,"data":{"metrics":[{"label":"PERFORM_ROTATION","totalTime":31149.400002866983,"totalRelativeTime":"48.98%","numOfCalls":24779947,"avgTimePerCall":0.001257040622518966},{"label":"ADD_CANDIDATE","totalTime":5724.900003880262,"totalRelativeTime":"9%","numOfCalls":24779947,"avgTimePerCall":0.00023102954997765985},{"label":"NOT_MEASURED","totalTime":26714.899993240833,"totalRelativeTime":"42.01%","numOfCalls":0,"avgTimePerCall":26714.899993240833}],"visitedNodes":1939618,"iterations":[{"visitedNodes":7,"bound":2},{"visitedNodes":77,"bound":3.25},{"visitedNodes":706,"bound":4.5},{"visitedNodes":4257,"bound":5.75},{"visitedNodes":22618,"bound":7},{"visitedNodes":167102,"bound":8.25},{"visitedNodes":1744851,"bound":9.5}]}}},{"label":"2x2","key":"GA","solution":{"rotations":[{"side":3,"counterClockwiseDirection":true,"layer":0},{"side":0,"counterClockwiseDirection":true,"layer":0},{"side":3,"counterClockwiseDirection":true,"layer":0},{"side":0,"counterClockwiseDirection":true,"layer":0},{"side":0,"counterClockwiseDirection":true,"layer":0},{"side":3,"counterClockwiseDirection":false,"layer":0},{"side":0,"counterClockwiseDirection":false,"layer":0},{"side":0,"counterClockwiseDirection":false,"layer":0},{"side":3,"counterClockwiseDirection":true,"layer":0},{"side":2,"counterClockwiseDirection":true,"layer":0},{"side":0,"counterClockwiseDirection":false,"layer":0},{"side":2,"counterClockwiseDirection":true,"layer":0},{"side":2,"counterClockwiseDirection":true,"layer":0},{"side":3,"counterClockwiseDirection":true,"layer":0},{"side":0,"counterClockwiseDirection":false,"layer":0}],"totalTime":5064.4000000059605,"data":{"armageddonCounter":0,"generations":375,"metrics":[{"label":"CHECK_SOLUTION","totalTime":279.0999996960163,"totalRelativeTime":"5.51%","numOfCalls":1122840,"avgTimePerCall":0.00024856613559903133},{"label":"APPLYING_ROTATIONS","totalTime":1586.599999010563,"totalRelativeTime":"31.32%","numOfCalls":1122827,"avgTimePerCall":0.001413040476414054},{"label":"COMPUTE_GENE","totalTime":280.89999946951866,"totalRelativeTime":"5.54%","numOfCalls":1122827,"avgTimePerCall":0.00025017210974577443},{"label":"CALCULATE_CITIZEN_SCORE","totalTime":553.9999994039536,"totalRelativeTime":"10.93%","numOfCalls":1122827,"avgTimePerCall":0.0004933974685360732},{"label":"AGGREGATE_CURRENT_GENERATION","totalTime":10.000000178813934,"totalRelativeTime":"0.19%","numOfCalls":37427,"avgTimePerCall":0.0002671867950627604},{"label":"CREATE_NEXT_GENERATION","totalTime":44.19999995827675,"totalRelativeTime":"0.87%","numOfCalls":374,"avgTimePerCall":0.11818181807025868},{"label":"MEASUREMENT_OVERHEAD","totalTime":1142.0000010728836,"totalRelativeTime":"22.54%","numOfCalls":0,"avgTimePerCall":1142.0000010728836},{"label":"NOT_MEASURED","totalTime":1167.6000012159348,"totalRelativeTime":"23.05%","numOfCalls":0,"avgTimePerCall":1167.6000012159348}]}}},{"label":"2x2","key":"SA","solution":{"rotations":[{"side":3,"counterClockwiseDirection":false,"layer":0},{"side":2,"counterClockwiseDirection":true,"layer":0},{"side":0,"counterClockwiseDirection":false,"layer":0},{"side":0,"counterClockwiseDirection":false,"layer":0},{"side":3,"counterClockwiseDirection":false,"layer":0},{"side":0,"counterClockwiseDirection":false,"layer":0},{"side":2,"counterClockwiseDirection":false,"layer":0},{"side":0,"counterClockwiseDirection":true,"layer":0},{"side":2,"counterClockwiseDirection":true,"layer":0},{"side":3,"counterClockwiseDirection":true,"layer":0},{"side":3,"counterClockwiseDirection":true,"layer":0},{"side":2,"counterClockwiseDirection":false,"layer":0},{"side":3,"counterClockwiseDirection":false,"layer":0},{"side":0,"counterClockwiseDirection":true,"layer":0},{"side":0,"counterClockwiseDirection":true,"layer":0},{"side":2,"counterClockwiseDirection":false,"layer":0},{"side":0,"counterClockwiseDirection":false,"layer":0}],"totalTime":42043.39999997616,"data":{"restartCounter":0,"iterations":3209,"metrics":[{"label":"CHECK_SOLUTION","totalTime":2302.300000011921,"totalRelativeTime":"5.47%","numOfCalls":9624270,"avgTimePerCall":0.00023921814329937969},{"label":"APPLYING_ROTATIONS","totalTime":12844.100000172853,"totalRelativeTime":"30.54%","numOfCalls":9624263,"avgTimePerCall":0.0013345541367866666},{"label":"COMPUTE_ROTATION","totalTime":2361.5000014305115,"totalRelativeTime":"5.61%","numOfCalls":9624263,"avgTimePerCall":0.0002453694377876531},{"label":"CALCULATE_CITIZEN_SCORE","totalTime":4706.300000220537,"totalRelativeTime":"11.19%","numOfCalls":9624263,"avgTimePerCall":0.0004890036774993095},{"label":"AGGREGATE_CURRENT_GENERATION","totalTime":70.799999833107,"totalRelativeTime":"0.16%","numOfCalls":320808,"avgTimePerCall":0.00022069275028399228},{"label":"CREATE_NEXT_GENERATION","totalTime":242.49999967217445,"totalRelativeTime":"0.57%","numOfCalls":3208,"avgTimePerCall":0.07559226922449329},{"label":"MEASUREMENT_OVERHEAD","totalTime":9688.20000654459,"totalRelativeTime":"23.04%","numOfCalls":0,"avgTimePerCall":9688.20000654459},{"label":"NOT_MEASURED","totalTime":9827.699992090464,"totalRelativeTime":"23.37%","numOfCalls":0,"avgTimePerCall":9827.699992090464}]}}},{"label":"2x2","key":"WA*","solution":{"rotations":[{"side":2,"counterClockwiseDirection":false,"layer":0},{"side":3,"counterClockwiseDirection":true,"layer":0},{"side":0,"counterClockwiseDirection":false,"layer":0},{"side":0,"counterClockwiseDirection":false,"layer":0},{"side":2,"counterClockwiseDirection":false,"layer":0},{"side":0,"counterClockwiseDirection":true,"layer":0},{"side":3,"counterClockwiseDirection":true,"layer":0},{"side":2,"counterClockwiseDirection":false,"layer":0},{"side":3,"counterClockwiseDirection":true,"layer":0},{"side":2,"counterClockwiseDirection":true,"layer":0},{"side":3,"counterClockwiseDirection":true,"layer":0},{"side":3,"counterClockwiseDirection":true,"layer":0},{"side":2,"counterClockwiseDirection":false,"layer":0}],"totalTime":705.9000000059605,"data":{"metrics":[{"label":"ITERATIONS_COUNTER_INCREMENT","totalTime":12.299999833106995,"totalRelativeTime":"1.74%","numOfCalls":50370,"avgTimePerCall":0.00024419296869380573},{"label":"ABORTED_VERIFICATION","totalTime":6.4000000059604645,"totalRelativeTime":"0.9%","numOfCalls":25185,"avgTimePerCall":0.00025411951582134064},{"label":"POP_CANDIDATE","totalTime":12.900000125169754,"totalRelativeTime":"1.82%","numOfCalls":25185,"avgTimePerCall":0.0005122096535703694},{"label":"VISISTED_LIST_CHECK","totalTime":45.30000013113022,"totalRelativeTime":"6.41%","numOfCalls":136814,"avgTimePerCall":0.0003311064666710294},{"label":"CHECK_SOLUTION","totalTime":4.899999976158142,"totalRelativeTime":"0.69%","numOfCalls":23410,"avgTimePerCall":0.0002093122586996216},{"label":"ADD_TO_VISISTED_LIST_CHECK","totalTime":6.5999999940395355,"totalRelativeTime":"0.93%","numOfCalls":23409,"avgTimePerCall":0.00028194284224185295},{"label":"PERFORM_ROTATION","totalTime":172.6999995112419,"totalRelativeTime":"24.46%","numOfCalls":111629,"avgTimePerCall":0.001547089013708283},{"label":"HEURISTIC_CALCULATION","totalTime":68.19999992847443,"totalRelativeTime":"9.66%","numOfCalls":111629,"avgTimePerCall":0.0006109523504508185},{"label":"ADD_CANDIDATE","totalTime":32.699999898672104,"totalRelativeTime":"4.63%","numOfCalls":108909,"avgTimePerCall":0.000300250667058481},{"label":"BUILD_SOLUTION","totalTime":0,"totalRelativeTime":"0%","numOfCalls":1,"avgTimePerCall":0},{"label":"MEASUREMENT_OVERHEAD","totalTime":160.7000002861023,"totalRelativeTime":"22.76%","numOfCalls":0,"avgTimePerCall":160.7000002861023},{"label":"NOT_MEASURED","totalTime":183.20000031590462,"totalRelativeTime":"25.95%","numOfCalls":0,"avgTimePerCall":183.20000031590462}],"visitedNodes":25185,"differentNodes":23410}}},{"label":"2x2","key":"BiBFS","solution":{"rotations":[{"side":2,"counterClockwiseDirection":false,"layer":0},{"side":3,"counterClockwiseDirection":true,"layer":0},{"side":0,"counterClockwiseDirection":false,"layer":0},{"side":2,"counterClockwiseDirection":true,"layer":0},{"side":2,"counterClockwiseDirection":true,"layer":0},{"side":0,"counterClockwiseDirection":false,"layer":0},{"side":2,"counterClockwiseDirection":false,"layer":0},{"side":2,"counterClockwiseDirection":false,"layer":0},{"side":0,"counterClockwiseDirection":true,"layer":0},{"side":3,"counterClockwiseDirection":false,"layer":0},{"side":3,"counterClockwiseDirection":false,"layer":0}],"totalTime":156.5,"data":{"metrics":[{"label":"POP_CANDIDATE","totalTime":2.4000000655651093,"totalRelativeTime":"1.53%","numOfCalls":7096,"avgTimePerCall":0.0003382187240086118},{"label":"VISISTED_LIST_CHECK","totalTime":13.100000232458115,"totalRelativeTime":"8.37%","numOfCalls":43673,"avgTimePerCall":0.0002999565001822205},{"label":"ADD_TO_VISISTED_LIST_CHECK","totalTime":1.600000023841858,"totalRelativeTime":"1.02%","numOfCalls":6204,"avgTimePerCall":0.0002578981340815374},{"label":"PERFORM_ROTATION","totalTime":55.599999755620956,"totalRelativeTime":"35.52%","numOfCalls":30372,"avgTimePerCall":0.0018306334701574133},{"label":"ADD_CANDIDATE","totalTime":6.700000017881393,"totalRelativeTime":"4.28%","numOfCalls":30040,"avgTimePerCall":0.00022303595265916757},{"label":"MEASUREMENT_OVERHEAD","totalTime":34.39999982714653,"totalRelativeTime":"21.98%","numOfCalls":0,"avgTimePerCall":34.39999982714653},{"label":"NOT_MEASURED","totalTime":42.70000007748604,"totalRelativeTime":"27.28%","numOfCalls":0,"avgTimePerCall":42.70000007748604}],"iterations":3103,"visitedNodes":3103}}}]}