{"timestamp":1680909246468,"shuffle":"38:  L    R    L   2F    D'  2U    D    B    U    R'   U    D'   B'  2D    U'   B   2F    L'   B'   D    L'   F'   R    D'   L'  2D    F    L   2D    F    U'   R'  ","solutions":[{"label":"2x2","key":"IDDFS","solution":{"rotations":[{"side":2,"counterClockwiseDirection":false,"layer":0},{"side":3,"counterClockwiseDirection":true,"layer":0},{"side":0,"counterClockwiseDirection":true,"layer":0},{"side":0,"counterClockwiseDirection":true,"layer":0},{"side":2,"counterClockwiseDirection":false,"layer":0},{"side":3,"counterClockwiseDirection":true,"layer":0},{"side":2,"counterClockwiseDirection":false,"layer":0},{"side":3,"counterClockwiseDirection":false,"layer":0},{"side":0,"counterClockwiseDirection":false,"layer":0},{"side":2,"counterClockwiseDirection":true,"layer":0}],"totalTime":19162.30000001192,"data":{"metrics":[{"label":"PERFORM_ROTATION","totalTime":8973.099997609854,"totalRelativeTime":"46.82%","numOfCalls":6042011,"avgTimePerCall":0.0014851181167346193},{"label":"ADD_CANDIDATE","totalTime":1624.3000030815601,"totalRelativeTime":"8.47%","numOfCalls":6042011,"avgTimePerCall":0.0002688343339794582},{"label":"NOT_MEASURED","totalTime":8564.899999320507,"totalRelativeTime":"44.69%","numOfCalls":0,"avgTimePerCall":8564.899999320507}],"visitedNodes":2904968,"iterations":[{"visitedNodes":37,"bound":2},{"visitedNodes":181,"bound":3},{"visitedNodes":877,"bound":4},{"visitedNodes":4237,"bound":5},{"visitedNodes":20461,"bound":6},{"visitedNodes":98797,"bound":7},{"visitedNodes":477037,"bound":8},{"visitedNodes":2303341,"bound":9}]}}},{"label":"2x2","key":"IDA*","solution":{"rotations":[{"side":2,"counterClockwiseDirection":false,"layer":0},{"side":3,"counterClockwiseDirection":true,"layer":0},{"side":0,"counterClockwiseDirection":true,"layer":0},{"side":0,"counterClockwiseDirection":true,"layer":0},{"side":2,"counterClockwiseDirection":false,"layer":0},{"side":3,"counterClockwiseDirection":true,"layer":0},{"side":2,"counterClockwiseDirection":false,"layer":0},{"side":3,"counterClockwiseDirection":false,"layer":0},{"side":0,"counterClockwiseDirection":false,"layer":0},{"side":2,"counterClockwiseDirection":true,"layer":0}],"totalTime":64107.90000000596,"data":{"metrics":[{"label":"PERFORM_ROTATION","totalTime":31493.500010490417,"totalRelativeTime":"49.12%","numOfCalls":24215875,"avgTimePerCall":0.0013005311602612096},{"label":"ADD_CANDIDATE","totalTime":5772.799997597933,"totalRelativeTime":"9%","numOfCalls":24215875,"avgTimePerCall":0.00023838907318434428},{"label":"NOT_MEASURED","totalTime":26841.59999191761,"totalRelativeTime":"41.86%","numOfCalls":0,"avgTimePerCall":26841.59999191761}],"visitedNodes":1867846,"iterations":[{"visitedNodes":7,"bound":2},{"visitedNodes":85,"bound":3.25},{"visitedNodes":746,"bound":4.5},{"visitedNodes":4247,"bound":5.75},{"visitedNodes":21560,"bound":7},{"visitedNodes":155185,"bound":8.25},{"visitedNodes":1686016,"bound":9.5}]}}},{"label":"2x2","key":"SA","solution":{"rotations":[{"side":2,"counterClockwiseDirection":true,"layer":0},{"side":0,"counterClockwiseDirection":false,"layer":0},{"side":3,"counterClockwiseDirection":true,"layer":0},{"side":3,"counterClockwiseDirection":true,"layer":0},{"side":2,"counterClockwiseDirection":true,"layer":0},{"side":2,"counterClockwiseDirection":true,"layer":0},{"side":3,"counterClockwiseDirection":false,"layer":0},{"side":2,"counterClockwiseDirection":true,"layer":0},{"side":0,"counterClockwiseDirection":true,"layer":0},{"side":3,"counterClockwiseDirection":false,"layer":0},{"side":2,"counterClockwiseDirection":false,"layer":0},{"side":2,"counterClockwiseDirection":false,"layer":0},{"side":3,"counterClockwiseDirection":true,"layer":0},{"side":2,"counterClockwiseDirection":true,"layer":0}],"totalTime":109778.90000000596,"data":{"restartCounter":2,"iterations":10144,"metrics":[{"label":"CHECK_SOLUTION","totalTime":5843.700005084276,"totalRelativeTime":"5.32%","numOfCalls":30430830,"avgTimePerCall":0.00019203222538078244},{"label":"APPLYING_ROTATIONS","totalTime":34825.700003772974,"totalRelativeTime":"31.72%","numOfCalls":30430816,"avgTimePerCall":0.0011444221542982276},{"label":"COMPUTE_ROTATION","totalTime":5954.699999511242,"totalRelativeTime":"5.42%","numOfCalls":30430816,"avgTimePerCall":0.0001956799318004237},{"label":"CALCULATE_CITIZEN_SCORE","totalTime":12103.699996888638,"totalRelativeTime":"11.02%","numOfCalls":30430816,"avgTimePerCall":0.00039774483855078475},{"label":"AGGREGATE_CURRENT_GENERATION","totalTime":190.69999983906746,"totalRelativeTime":"0.17%","numOfCalls":1014360,"avgTimePerCall":0.00018800031531119864},{"label":"CREATE_NEXT_GENERATION","totalTime":773.4999968111515,"totalRelativeTime":"0.7%","numOfCalls":10143,"avgTimePerCall":0.07625948898857848},{"label":"MEASUREMENT_OVERHEAD","totalTime":24961.100002408028,"totalRelativeTime":"22.73%","numOfCalls":0,"avgTimePerCall":24961.100002408028},{"label":"NOT_MEASURED","totalTime":25125.799995690584,"totalRelativeTime":"22.88%","numOfCalls":0,"avgTimePerCall":25125.799995690584}]}}},{"label":"2x2","key":"GA","solution":{"rotations":[{"side":2,"counterClockwiseDirection":false,"layer":0},{"side":3,"counterClockwiseDirection":true,"layer":0},{"side":3,"counterClockwiseDirection":true,"layer":0},{"side":0,"counterClockwiseDirection":false,"layer":0},{"side":0,"counterClockwiseDirection":false,"layer":0},{"side":2,"counterClockwiseDirection":true,"layer":0},{"side":3,"counterClockwiseDirection":true,"layer":0},{"side":0,"counterClockwiseDirection":true,"layer":0},{"side":3,"counterClockwiseDirection":true,"layer":0},{"side":2,"counterClockwiseDirection":true,"layer":0},{"side":3,"counterClockwiseDirection":true,"layer":0},{"side":2,"counterClockwiseDirection":true,"layer":0}],"totalTime":35430.5,"data":{"armageddonCounter":0,"generations":2628,"metrics":[{"label":"CHECK_SOLUTION","totalTime":1899.4000022113323,"totalRelativeTime":"5.36%","numOfCalls":7881240,"avgTimePerCall":0.00024100268513727946},{"label":"APPLYING_ROTATIONS","totalTime":11167.099997729063,"totalRelativeTime":"31.51%","numOfCalls":7881226,"avgTimePerCall":0.0014169242193700655},{"label":"COMPUTE_GENE","totalTime":1934.1999987959862,"totalRelativeTime":"5.45%","numOfCalls":7881226,"avgTimePerCall":0.00024541866948060953},{"label":"CALCULATE_CITIZEN_SCORE","totalTime":3935.2000006735325,"totalRelativeTime":"11.1%","numOfCalls":7881226,"avgTimePerCall":0.0004993131780098086},{"label":"AGGREGATE_CURRENT_GENERATION","totalTime":71.69999971985817,"totalRelativeTime":"0.2%","numOfCalls":262707,"avgTimePerCall":0.0002729276331420867},{"label":"CREATE_NEXT_GENERATION","totalTime":203.3999996483326,"totalRelativeTime":"0.57%","numOfCalls":2627,"avgTimePerCall":0.0774267223632785},{"label":"MEASUREMENT_OVERHEAD","totalTime":8098.800001651049,"totalRelativeTime":"22.85%","numOfCalls":0,"avgTimePerCall":8098.800001651049},{"label":"NOT_MEASURED","totalTime":8120.699999570847,"totalRelativeTime":"22.92%","numOfCalls":0,"avgTimePerCall":8120.699999570847}]}}},{"label":"2x2","key":"WA*","solution":{"rotations":[{"side":0,"counterClockwiseDirection":true,"layer":0},{"side":0,"counterClockwiseDirection":true,"layer":0},{"side":3,"counterClockwiseDirection":true,"layer":0},{"side":0,"counterClockwiseDirection":false,"layer":0},{"side":0,"counterClockwiseDirection":false,"layer":0},{"side":2,"counterClockwiseDirection":false,"layer":0},{"side":3,"counterClockwiseDirection":false,"layer":0},{"side":3,"counterClockwiseDirection":false,"layer":0},{"side":2,"counterClockwiseDirection":true,"layer":0},{"side":3,"counterClockwiseDirection":false,"layer":0}],"totalTime":489.19999998807907,"data":{"metrics":[{"label":"ITERATIONS_COUNTER_INCREMENT","totalTime":7.299999982118607,"totalRelativeTime":"1.49%","numOfCalls":37684,"avgTimePerCall":0.00019371616553759172},{"label":"ABORTED_VERIFICATION","totalTime":3.0999999940395355,"totalRelativeTime":"0.63%","numOfCalls":18842,"avgTimePerCall":0.00016452605848845853},{"label":"POP_CANDIDATE","totalTime":9.700000047683716,"totalRelativeTime":"1.98%","numOfCalls":18842,"avgTimePerCall":0.000514807347823146},{"label":"VISISTED_LIST_CHECK","totalTime":36.999999940395355,"totalRelativeTime":"7.56%","numOfCalls":102757,"avgTimePerCall":0.00036007279251433336},{"label":"CHECK_SOLUTION","totalTime":3.6000002026557922,"totalRelativeTime":"0.73%","numOfCalls":17581,"avgTimePerCall":0.00020476652082678984},{"label":"ADD_TO_VISISTED_LIST_CHECK","totalTime":4.999999940395355,"totalRelativeTime":"1.02%","numOfCalls":17580,"avgTimePerCall":0.00028441410354922386},{"label":"PERFORM_ROTATION","totalTime":123.20000004768372,"totalRelativeTime":"25.18%","numOfCalls":83915,"avgTimePerCall":0.0014681522975354075},{"label":"HEURISTIC_CALCULATION","totalTime":44.99999991059303,"totalRelativeTime":"9.19%","numOfCalls":83915,"avgTimePerCall":0.0005362569255865225},{"label":"ADD_CANDIDATE","totalTime":22.200000017881393,"totalRelativeTime":"4.53%","numOfCalls":82075,"avgTimePerCall":0.0002704843133461029},{"label":"BUILD_SOLUTION","totalTime":0,"totalRelativeTime":"0%","numOfCalls":1,"avgTimePerCall":0},{"label":"MEASUREMENT_OVERHEAD","totalTime":107.89999982714653,"totalRelativeTime":"22.05%","numOfCalls":0,"avgTimePerCall":107.89999982714653},{"label":"NOT_MEASURED","totalTime":125.20000007748604,"totalRelativeTime":"25.59%","numOfCalls":0,"avgTimePerCall":125.20000007748604}],"visitedNodes":18842,"differentNodes":17581}}},{"label":"2x2","key":"BiBFS","solution":{"rotations":[{"side":0,"counterClockwiseDirection":true,"layer":0},{"side":0,"counterClockwiseDirection":true,"layer":0},{"side":3,"counterClockwiseDirection":true,"layer":0},{"side":0,"counterClockwiseDirection":true,"layer":0},{"side":0,"counterClockwiseDirection":true,"layer":0},{"side":2,"counterClockwiseDirection":false,"layer":0},{"side":3,"counterClockwiseDirection":false,"layer":0},{"side":3,"counterClockwiseDirection":false,"layer":0},{"side":2,"counterClockwiseDirection":true,"layer":0},{"side":3,"counterClockwiseDirection":false,"layer":0}],"totalTime":120.80000001192093,"data":{"metrics":[{"label":"POP_CANDIDATE","totalTime":1.3999999463558197,"totalRelativeTime":"1.15%","numOfCalls":3664,"avgTimePerCall":0.00038209605522811674},{"label":"VISISTED_LIST_CHECK","totalTime":16.599999994039536,"totalRelativeTime":"13.74%","numOfCalls":23182,"avgTimePerCall":0.0007160728148580595},{"label":"ADD_TO_VISISTED_LIST_CHECK","totalTime":1.3999999463558197,"totalRelativeTime":"1.15%","numOfCalls":3308,"avgTimePerCall":0.00042321642876536265},{"label":"PERFORM_ROTATION","totalTime":52.20000013709068,"totalRelativeTime":"43.21%","numOfCalls":16208,"avgTimePerCall":0.0032206317952301754},{"label":"ADD_CANDIDATE","totalTime":4.899999916553497,"totalRelativeTime":"4.05%","numOfCalls":16028,"avgTimePerCall":0.00030571499354588826},{"label":"MEASUREMENT_OVERHEAD","totalTime":17.900000035762787,"totalRelativeTime":"14.81%","numOfCalls":0,"avgTimePerCall":17.900000035762787},{"label":"NOT_MEASURED","totalTime":26.400000035762787,"totalRelativeTime":"21.85%","numOfCalls":0,"avgTimePerCall":26.400000035762787}],"iterations":1655,"visitedNodes":1655}}}]}