{"timestamp":1680907557150,"shuffle":"35:  L    F    R'   F'   L    F'   B    L'   B'   F'   U    F    U'   L'   R    D'   R'   D    B   2U   2L   2U    D    B    L    R    D'   L'   U    R'   B'   L   ","solutions":[{"label":"2x2","key":"IDDFS","solution":{"rotations":[{"side":2,"counterClockwiseDirection":false,"layer":0},{"side":0,"counterClockwiseDirection":false,"layer":0},{"side":3,"counterClockwiseDirection":true,"layer":0},{"side":2,"counterClockwiseDirection":false,"layer":0},{"side":3,"counterClockwiseDirection":true,"layer":0},{"side":2,"counterClockwiseDirection":true,"layer":0},{"side":3,"counterClockwiseDirection":false,"layer":0}],"totalTime":170.19999998807907,"data":{"metrics":[{"label":"PERFORM_ROTATION","totalTime":79.79999980330467,"totalRelativeTime":"46.88%","numOfCalls":50743,"avgTimePerCall":0.0015726307038075138},{"label":"ADD_CANDIDATE","totalTime":11.599999994039536,"totalRelativeTime":"6.81%","numOfCalls":50743,"avgTimePerCall":0.00022860295989672537},{"label":"NOT_MEASURED","totalTime":78.80000019073486,"totalRelativeTime":"46.29%","numOfCalls":0,"avgTimePerCall":78.80000019073486}],"visitedNodes":25793,"iterations":[{"visitedNodes":37,"bound":2},{"visitedNodes":181,"bound":3},{"visitedNodes":877,"bound":4},{"visitedNodes":4237,"bound":5},{"visitedNodes":20461,"bound":6}]}}},{"label":"2x2","key":"IDA*","solution":{"rotations":[{"side":2,"counterClockwiseDirection":false,"layer":0},{"side":0,"counterClockwiseDirection":false,"layer":0},{"side":3,"counterClockwiseDirection":true,"layer":0},{"side":2,"counterClockwiseDirection":false,"layer":0},{"side":3,"counterClockwiseDirection":true,"layer":0},{"side":2,"counterClockwiseDirection":true,"layer":0},{"side":3,"counterClockwiseDirection":false,"layer":0}],"totalTime":163.59999999403954,"data":{"metrics":[{"label":"PERFORM_ROTATION","totalTime":74.89999961853027,"totalRelativeTime":"45.78%","numOfCalls":50534,"avgTimePerCall":0.001482170412366531},{"label":"ADD_CANDIDATE","totalTime":10.700000017881393,"totalRelativeTime":"6.54%","numOfCalls":50534,"avgTimePerCall":0.00021173863177032084},{"label":"NOT_MEASURED","totalTime":78.00000035762787,"totalRelativeTime":"47.67%","numOfCalls":0,"avgTimePerCall":78.00000035762787}],"visitedNodes":4949,"iterations":[{"visitedNodes":7,"bound":2},{"visitedNodes":67,"bound":3.25},{"visitedNodes":605,"bound":4.5},{"visitedNodes":4270,"bound":5.75}]}}},{"label":"2x2","key":"SA","solution":{"rotations":[{"side":2,"counterClockwiseDirection":false,"layer":0},{"side":0,"counterClockwiseDirection":false,"layer":0},{"layer":0,"side":3,"counterClockwiseDirection":true},{"side":2,"counterClockwiseDirection":false,"layer":0},{"side":3,"counterClockwiseDirection":true,"layer":0},{"side":2,"counterClockwiseDirection":true,"layer":0},{"side":3,"counterClockwiseDirection":false,"layer":0}],"totalTime":15732.300000011921,"data":{"restartCounter":0,"iterations":1806,"metrics":[{"label":"CHECK_SOLUTION","totalTime":861.199998497963,"totalRelativeTime":"5.47%","numOfCalls":5415510,"avgTimePerCall":0.000159024726848988},{"label":"APPLYING_ROTATIONS","totalTime":4822.399999797344,"totalRelativeTime":"30.65%","numOfCalls":5415495,"avgTimePerCall":0.0008904818488055744},{"label":"COMPUTE_ROTATION","totalTime":870.7000009417534,"totalRelativeTime":"5.53%","numOfCalls":5415495,"avgTimePerCall":0.00016077939337802978},{"label":"CALCULATE_CITIZEN_SCORE","totalTime":1733.8999997675419,"totalRelativeTime":"11.02%","numOfCalls":5415495,"avgTimePerCall":0.0003201738714129626},{"label":"AGGREGATE_CURRENT_GENERATION","totalTime":27.99999976158142,"totalRelativeTime":"0.17%","numOfCalls":180516,"avgTimePerCall":0.00015511090297581058},{"label":"CREATE_NEXT_GENERATION","totalTime":87.20000046491623,"totalRelativeTime":"0.55%","numOfCalls":1805,"avgTimePerCall":0.04831024956505054},{"label":"MEASUREMENT_OVERHEAD","totalTime":3639.500000476837,"totalRelativeTime":"23.13%","numOfCalls":0,"avgTimePerCall":3639.500000476837},{"label":"NOT_MEASURED","totalTime":3689.4000003039837,"totalRelativeTime":"23.45%","numOfCalls":0,"avgTimePerCall":3689.4000003039837}]}}},{"label":"2x2","key":"GA","solution":{"rotations":[{"side":3,"counterClockwiseDirection":true,"layer":0},{"side":0,"counterClockwiseDirection":false,"layer":0},{"side":2,"counterClockwiseDirection":false,"layer":0},{"side":0,"counterClockwiseDirection":false,"layer":0},{"side":0,"counterClockwiseDirection":false,"layer":0},{"side":2,"counterClockwiseDirection":true,"layer":0},{"side":3,"counterClockwiseDirection":false,"layer":0},{"side":2,"counterClockwiseDirection":false,"layer":0},{"side":0,"counterClockwiseDirection":true,"layer":0},{"side":3,"counterClockwiseDirection":true,"layer":0},{"side":0,"counterClockwiseDirection":true,"layer":0}],"totalTime":415.90000000596046,"data":{"armageddonCounter":0,"generations":40,"metrics":[{"label":"CHECK_SOLUTION","totalTime":25.700000137090683,"totalRelativeTime":"6.17%","numOfCalls":117390,"avgTimePerCall":0.0002189283596310647},{"label":"APPLYING_ROTATIONS","totalTime":133.1999996304512,"totalRelativeTime":"32.02%","numOfCalls":117381,"avgTimePerCall":0.0011347662707802046},{"label":"COMPUTE_GENE","totalTime":22.100000143051147,"totalRelativeTime":"5.31%","numOfCalls":117381,"avgTimePerCall":0.00018827578690802725},{"label":"CALCULATE_CITIZEN_SCORE","totalTime":43.4999997317791,"totalRelativeTime":"10.45%","numOfCalls":117381,"avgTimePerCall":0.00037058808266907843},{"label":"AGGREGATE_CURRENT_GENERATION","totalTime":0.9000000357627869,"totalRelativeTime":"0.21%","numOfCalls":3912,"avgTimePerCall":0.0002300613588350682},{"label":"CREATE_NEXT_GENERATION","totalTime":5.499999940395355,"totalRelativeTime":"1.32%","numOfCalls":39,"avgTimePerCall":0.1410256394973168},{"label":"MEASUREMENT_OVERHEAD","totalTime":94.9000004529953,"totalRelativeTime":"22.81%","numOfCalls":0,"avgTimePerCall":94.9000004529953},{"label":"NOT_MEASURED","totalTime":90.09999993443489,"totalRelativeTime":"21.66%","numOfCalls":0,"avgTimePerCall":90.09999993443489}]}}},{"label":"2x2","key":"WA*","solution":{"rotations":[{"side":2,"counterClockwiseDirection":false,"layer":0},{"side":0,"counterClockwiseDirection":false,"layer":0},{"side":3,"counterClockwiseDirection":true,"layer":0},{"side":2,"counterClockwiseDirection":false,"layer":0},{"side":3,"counterClockwiseDirection":true,"layer":0},{"side":2,"counterClockwiseDirection":true,"layer":0},{"side":3,"counterClockwiseDirection":false,"layer":0}],"totalTime":38.19999998807907,"data":{"metrics":[{"label":"ITERATIONS_COUNTER_INCREMENT","totalTime":0.4999999701976776,"totalRelativeTime":"1.3%","numOfCalls":1194,"avgTimePerCall":0.0004187604440516563},{"label":"ABORTED_VERIFICATION","totalTime":0,"totalRelativeTime":"0%","numOfCalls":597,"avgTimePerCall":0},{"label":"POP_CANDIDATE","totalTime":1.4000000357627869,"totalRelativeTime":"3.66%","numOfCalls":597,"avgTimePerCall":0.0023450586863698274},{"label":"VISISTED_LIST_CHECK","totalTime":2.2999999821186066,"totalRelativeTime":"6.02%","numOfCalls":3251,"avgTimePerCall":0.000707474617692589},{"label":"CHECK_SOLUTION","totalTime":0.29999998211860657,"totalRelativeTime":"0.78%","numOfCalls":559,"avgTimePerCall":0.000536672597707704},{"label":"ADD_TO_VISISTED_LIST_CHECK","totalTime":0,"totalRelativeTime":"0%","numOfCalls":558,"avgTimePerCall":0},{"label":"PERFORM_ROTATION","totalTime":10.300000101327896,"totalRelativeTime":"26.96%","numOfCalls":2654,"avgTimePerCall":0.0038809344767625834},{"label":"HEURISTIC_CALCULATION","totalTime":4.199999958276749,"totalRelativeTime":"10.99%","numOfCalls":2654,"avgTimePerCall":0.001582516939817916},{"label":"ADD_CANDIDATE","totalTime":4.600000023841858,"totalRelativeTime":"12.04%","numOfCalls":2606,"avgTimePerCall":0.0017651573383890475},{"label":"BUILD_SOLUTION","totalTime":0,"totalRelativeTime":"0%","numOfCalls":1,"avgTimePerCall":0},{"label":"MEASUREMENT_OVERHEAD","totalTime":6.199999898672104,"totalRelativeTime":"16.23%","numOfCalls":0,"avgTimePerCall":6.199999898672104},{"label":"NOT_MEASURED","totalTime":8.400000035762787,"totalRelativeTime":"21.98%","numOfCalls":0,"avgTimePerCall":8.400000035762787}],"visitedNodes":597,"differentNodes":559}}},{"label":"2x2","key":"BiBFS","solution":{"rotations":[{"side":2,"counterClockwiseDirection":false,"layer":0},{"side":0,"counterClockwiseDirection":false,"layer":0},{"side":3,"counterClockwiseDirection":true,"layer":0},{"side":2,"counterClockwiseDirection":false,"layer":0},{"side":3,"counterClockwiseDirection":true,"layer":0},{"side":2,"counterClockwiseDirection":true,"layer":0},{"side":3,"counterClockwiseDirection":false,"layer":0}],"totalTime":33.599999994039536,"data":{"metrics":[{"label":"POP_CANDIDATE","totalTime":0.20000004768371582,"totalRelativeTime":"0.59%","numOfCalls":532,"avgTimePerCall":0.00037593993925510495},{"label":"VISISTED_LIST_CHECK","totalTime":9.199999988079071,"totalRelativeTime":"27.38%","numOfCalls":3379,"avgTimePerCall":0.0027226990198517525},{"label":"ADD_TO_VISISTED_LIST_CHECK","totalTime":0.09999999403953552,"totalRelativeTime":"0.29%","numOfCalls":482,"avgTimePerCall":0.00020746886730194092},{"label":"PERFORM_ROTATION","totalTime":12.10000017285347,"totalRelativeTime":"36.01%","numOfCalls":2364,"avgTimePerCall":0.005118443389531924},{"label":"ADD_CANDIDATE","totalTime":1.4000000059604645,"totalRelativeTime":"4.16%","numOfCalls":2364,"avgTimePerCall":0.0005922165845856449},{"label":"MEASUREMENT_OVERHEAD","totalTime":4.099999904632568,"totalRelativeTime":"12.2%","numOfCalls":0,"avgTimePerCall":4.099999904632568},{"label":"NOT_MEASURED","totalTime":6.4999998807907104,"totalRelativeTime":"19.34%","numOfCalls":0,"avgTimePerCall":6.4999998807907104}],"iterations":242,"visitedNodes":242}}}]}