{"timestamp":1680985208611,"shuffle":"37:  F'   D    U'   B    R    B'   D'   F'   U    B    R'   F    L'   D'   B    R'   D'   R    U'   R'   L    U    D    R    B'   R'   U   2B    R'   D'  2R    L'   U'   D    F   ","solutions":[{"label":"2x2","key":"IDDFS","solution":{"rotations":[{"side":2,"counterClockwiseDirection":true,"layer":0},{"side":2,"counterClockwiseDirection":true,"layer":0},{"side":3,"counterClockwiseDirection":false,"layer":0},{"side":2,"counterClockwiseDirection":true,"layer":0},{"side":3,"counterClockwiseDirection":true,"layer":0},{"side":2,"counterClockwiseDirection":true,"layer":0},{"side":2,"counterClockwiseDirection":true,"layer":0},{"side":0,"counterClockwiseDirection":false,"layer":0},{"side":3,"counterClockwiseDirection":true,"layer":0},{"side":2,"counterClockwiseDirection":true,"layer":0},{"side":0,"counterClockwiseDirection":false,"layer":0}],"totalTime":34591.300000000745,"data":{"metrics":[{"label":"PERFORM_ROTATION","totalTime":16016.7000001017,"totalRelativeTime":"46.3%","numOfCalls":15224994,"avgTimePerCall":0.001052000414588124},{"label":"ADD_CANDIDATE","totalTime":2906.0000000819564,"totalRelativeTime":"8.4%","numOfCalls":15224994,"avgTimePerCall":0.00019087035437136832},{"label":"NOT_MEASURED","totalTime":15668.599999817088,"totalRelativeTime":"45.29%","numOfCalls":0,"avgTimePerCall":15668.599999817088}],"visitedNodes":14026485,"iterations":[{"visitedNodes":37,"bound":2},{"visitedNodes":181,"bound":3},{"visitedNodes":877,"bound":4},{"visitedNodes":4237,"bound":5},{"visitedNodes":20461,"bound":6},{"visitedNodes":98797,"bound":7},{"visitedNodes":477037,"bound":8},{"visitedNodes":2303341,"bound":9},{"visitedNodes":11121517,"bound":10}]}}},{"label":"2x2","key":"IDA*","solution":{"rotations":[{"side":2,"counterClockwiseDirection":true,"layer":0},{"side":2,"counterClockwiseDirection":true,"layer":0},{"side":3,"counterClockwiseDirection":false,"layer":0},{"side":2,"counterClockwiseDirection":true,"layer":0},{"side":3,"counterClockwiseDirection":true,"layer":0},{"side":2,"counterClockwiseDirection":true,"layer":0},{"side":2,"counterClockwiseDirection":true,"layer":0},{"side":0,"counterClockwiseDirection":false,"layer":0},{"side":3,"counterClockwiseDirection":true,"layer":0},{"side":2,"counterClockwiseDirection":true,"layer":0},{"side":0,"counterClockwiseDirection":false,"layer":0}],"totalTime":21686.10000000149,"data":{"metrics":[{"label":"PERFORM_ROTATION","totalTime":10702.299999788404,"totalRelativeTime":"49.35%","numOfCalls":10310843,"avgTimePerCall":0.00103796556690742},{"label":"ADD_CANDIDATE","totalTime":1921.199999993667,"totalRelativeTime":"8.85%","numOfCalls":10310843,"avgTimePerCall":0.00018632812079416464},{"label":"NOT_MEASURED","totalTime":9062.60000021942,"totalRelativeTime":"41.78%","numOfCalls":0,"avgTimePerCall":9062.60000021942}],"visitedNodes":1886606,"iterations":[{"visitedNodes":7,"bound":2},{"visitedNodes":72,"bound":3.25},{"visitedNodes":649,"bound":4.5},{"visitedNodes":4242,"bound":5.75},{"visitedNodes":21443,"bound":7},{"visitedNodes":152341,"bound":8.25},{"visitedNodes":1707852,"bound":9.5}]}}},{"label":"2x2","key":"SA","solution":{"rotations":[{"side":0,"counterClockwiseDirection":false,"layer":0},{"side":2,"counterClockwiseDirection":false,"layer":0},{"side":3,"counterClockwiseDirection":true,"layer":0},{"side":3,"counterClockwiseDirection":true,"layer":0},{"side":0,"counterClockwiseDirection":true,"layer":0},{"side":0,"counterClockwiseDirection":true,"layer":0},{"side":3,"counterClockwiseDirection":false,"layer":0},{"side":0,"counterClockwiseDirection":false,"layer":0},{"layer":0,"side":3,"counterClockwiseDirection":true},{"side":2,"counterClockwiseDirection":true,"layer":0},{"side":3,"counterClockwiseDirection":false,"layer":0},{"side":2,"counterClockwiseDirection":true,"layer":0},{"side":2,"counterClockwiseDirection":true,"layer":0},{"side":3,"counterClockwiseDirection":false,"layer":0},{"side":0,"counterClockwiseDirection":true,"layer":0}],"totalTime":37449.79999999888,"data":{"restartCounter":0,"iterations":3812,"metrics":[{"label":"CHECK_SOLUTION","totalTime":1999.6999999266118,"totalRelativeTime":"5.33%","numOfCalls":11433540,"avgTimePerCall":0.00017489771321275928},{"label":"APPLYING_ROTATIONS","totalTime":11629.000000223517,"totalRelativeTime":"31.05%","numOfCalls":11433537,"avgTimePerCall":0.0010170955847016998},{"label":"COMPUTE_ROTATION","totalTime":2035.7000001110137,"totalRelativeTime":"5.43%","numOfCalls":11433537,"avgTimePerCall":0.00017804639107837003},{"label":"CALCULATE_CITIZEN_SCORE","totalTime":4116.199999902397,"totalRelativeTime":"10.99%","numOfCalls":11433537,"avgTimePerCall":0.0003600110796774784},{"label":"AGGREGATE_CURRENT_GENERATION","totalTime":74.7000000141561,"totalRelativeTime":"0.19%","numOfCalls":381117,"avgTimePerCall":0.00019600280232620455},{"label":"CREATE_NEXT_GENERATION","totalTime":220.89999995566905,"totalRelativeTime":"0.58%","numOfCalls":3811,"avgTimePerCall":0.057963789020117826},{"label":"MEASUREMENT_OVERHEAD","totalTime":8787.200000006706,"totalRelativeTime":"23.46%","numOfCalls":0,"avgTimePerCall":8787.200000006706},{"label":"NOT_MEASURED","totalTime":8586.399999858811,"totalRelativeTime":"22.92%","numOfCalls":0,"avgTimePerCall":8586.399999858811}]}}},{"label":"2x2","key":"GA","solution":{"rotations":[{"side":2,"counterClockwiseDirection":true,"layer":0},{"side":3,"counterClockwiseDirection":false,"layer":0},{"side":2,"counterClockwiseDirection":true,"layer":0},{"side":0,"counterClockwiseDirection":true,"layer":0},{"side":3,"counterClockwiseDirection":false,"layer":0},{"side":2,"counterClockwiseDirection":false,"layer":0},{"side":0,"counterClockwiseDirection":false,"layer":0},{"side":3,"counterClockwiseDirection":true,"layer":0},{"side":0,"counterClockwiseDirection":false,"layer":0},{"side":0,"counterClockwiseDirection":false,"layer":0},{"side":2,"counterClockwiseDirection":false,"layer":0},{"side":0,"counterClockwiseDirection":true,"layer":0},{"side":2,"counterClockwiseDirection":true,"layer":0}],"totalTime":10906,"data":{"armageddonCounter":0,"generations":1064,"metrics":[{"label":"CHECK_SOLUTION","totalTime":566.7999999728054,"totalRelativeTime":"5.19%","numOfCalls":3190620,"avgTimePerCall":0.0001776457240200354},{"label":"APPLYING_ROTATIONS","totalTime":3519.5000001117587,"totalRelativeTime":"32.27%","numOfCalls":3190615,"avgTimePerCall":0.0011030788735437397},{"label":"COMPUTE_GENE","totalTime":585.8000000398606,"totalRelativeTime":"5.37%","numOfCalls":3190615,"avgTimePerCall":0.0001836009672241435},{"label":"CALCULATE_CITIZEN_SCORE","totalTime":1208.2000000029802,"totalRelativeTime":"11.07%","numOfCalls":3190615,"avgTimePerCall":0.0003786730771349662},{"label":"AGGREGATE_CURRENT_GENERATION","totalTime":23.600000005215406,"totalRelativeTime":"0.21%","numOfCalls":106353,"avgTimePerCall":0.00022190253218259387},{"label":"CREATE_NEXT_GENERATION","totalTime":66.60000001639128,"totalRelativeTime":"0.61%","numOfCalls":1063,"avgTimePerCall":0.06265286925342547},{"label":"MEASUREMENT_OVERHEAD","totalTime":2492.6999999973923,"totalRelativeTime":"22.85%","numOfCalls":0,"avgTimePerCall":2492.6999999973923},{"label":"NOT_MEASURED","totalTime":2442.799999853596,"totalRelativeTime":"22.39%","numOfCalls":0,"avgTimePerCall":2442.799999853596}]}}},{"label":"2x2","key":"WA*","solution":{"rotations":[{"side":0,"counterClockwiseDirection":false,"layer":0},{"side":2,"counterClockwiseDirection":true,"layer":0},{"side":3,"counterClockwiseDirection":true,"layer":0},{"side":2,"counterClockwiseDirection":true,"layer":0},{"side":0,"counterClockwiseDirection":false,"layer":0},{"side":3,"counterClockwiseDirection":false,"layer":0},{"side":2,"counterClockwiseDirection":false,"layer":0},{"side":3,"counterClockwiseDirection":false,"layer":0},{"side":2,"counterClockwiseDirection":true,"layer":0},{"side":0,"counterClockwiseDirection":true,"layer":0},{"side":3,"counterClockwiseDirection":false,"layer":0},{"side":0,"counterClockwiseDirection":false,"layer":0},{"side":2,"counterClockwiseDirection":false,"layer":0},{"side":0,"counterClockwiseDirection":false,"layer":0},{"side":2,"counterClockwiseDirection":true,"layer":0},{"side":2,"counterClockwiseDirection":true,"layer":0},{"side":0,"counterClockwiseDirection":true,"layer":0}],"totalTime":1279.5999999996275,"data":{"metrics":[{"label":"ITERATIONS_COUNTER_INCREMENT","totalTime":21.399999994784594,"totalRelativeTime":"1.67%","numOfCalls":115336,"avgTimePerCall":0.00018554484284858668},{"label":"ABORTED_VERIFICATION","totalTime":9.199999999254942,"totalRelativeTime":"0.71%","numOfCalls":57668,"avgTimePerCall":0.00015953388359670774},{"label":"POP_CANDIDATE","totalTime":25.50000001862645,"totalRelativeTime":"1.99%","numOfCalls":57668,"avgTimePerCall":0.00044218630815402737},{"label":"VISISTED_LIST_CHECK","totalTime":105.79999997839332,"totalRelativeTime":"8.26%","numOfCalls":311421,"avgTimePerCall":0.00033973303013731674},{"label":"CHECK_SOLUTION","totalTime":11.599999997764826,"totalRelativeTime":"0.9%","numOfCalls":53173,"avgTimePerCall":0.0002181558309248082},{"label":"ADD_TO_VISISTED_LIST_CHECK","totalTime":14.399999996647239,"totalRelativeTime":"1.12%","numOfCalls":53172,"avgTimePerCall":0.0002708192281021447},{"label":"PERFORM_ROTATION","totalTime":316.400000018999,"totalRelativeTime":"24.72%","numOfCalls":253753,"avgTimePerCall":0.001246881810339184},{"label":"HEURISTIC_CALCULATION","totalTime":123.90000003576279,"totalRelativeTime":"9.68%","numOfCalls":253753,"avgTimePerCall":0.0004882700895585975},{"label":"ADD_CANDIDATE","totalTime":60.69999999925494,"totalRelativeTime":"4.74%","numOfCalls":245799,"avgTimePerCall":0.00024694974348656804},{"label":"BUILD_SOLUTION","totalTime":0,"totalRelativeTime":"0%","numOfCalls":1,"avgTimePerCall":0},{"label":"MEASUREMENT_OVERHEAD","totalTime":278.4999999720603,"totalRelativeTime":"21.76%","numOfCalls":0,"avgTimePerCall":278.4999999720603},{"label":"NOT_MEASURED","totalTime":312.19999998807907,"totalRelativeTime":"24.39%","numOfCalls":0,"avgTimePerCall":312.19999998807907}],"visitedNodes":57668,"differentNodes":53173}}},{"label":"2x2","key":"BiBFS","solution":{"rotations":[{"side":0,"counterClockwiseDirection":false,"layer":0},{"side":3,"counterClockwiseDirection":true,"layer":0},{"side":0,"counterClockwiseDirection":false,"layer":0},{"side":2,"counterClockwiseDirection":false,"layer":0},{"side":3,"counterClockwiseDirection":true,"layer":0},{"side":2,"counterClockwiseDirection":false,"layer":0},{"side":0,"counterClockwiseDirection":false,"layer":0},{"side":3,"counterClockwiseDirection":true,"layer":0},{"side":0,"counterClockwiseDirection":true,"layer":0},{"side":2,"counterClockwiseDirection":false,"layer":0},{"side":0,"counterClockwiseDirection":false,"layer":0}],"totalTime":284.80000000074506,"data":{"metrics":[{"label":"POP_CANDIDATE","totalTime":3.299999998882413,"totalRelativeTime":"1.15%","numOfCalls":17334,"avgTimePerCall":0.0001903772931165578},{"label":"VISISTED_LIST_CHECK","totalTime":32.3000000026077,"totalRelativeTime":"11.34%","numOfCalls":105171,"avgTimePerCall":0.00030711888260649516},{"label":"ADD_TO_VISISTED_LIST_CHECK","totalTime":4.199999999254942,"totalRelativeTime":"1.47%","numOfCalls":14904,"avgTimePerCall":0.0002818035426231174},{"label":"PERFORM_ROTATION","totalTime":98.60000001825392,"totalRelativeTime":"34.62%","numOfCalls":72932,"avgTimePerCall":0.0013519442771109242},{"label":"ADD_CANDIDATE","totalTime":23.900000002235174,"totalRelativeTime":"8.39%","numOfCalls":71250,"avgTimePerCall":0.0003354385965225989},{"label":"MEASUREMENT_OVERHEAD","totalTime":59.100000001490116,"totalRelativeTime":"20.75%","numOfCalls":0,"avgTimePerCall":59.100000001490116},{"label":"NOT_MEASURED","totalTime":63.39999997802079,"totalRelativeTime":"22.26%","numOfCalls":0,"avgTimePerCall":63.39999997802079}],"iterations":7453,"visitedNodes":7453}}}]}