{"timestamp":1680898082631,"shuffle":"39:  U'   B'   D'   R   2L    D    F'   L    U'   F'   U'   B'   L    D    U'   B'   U'   R    B'   L'   F'   U'   R   2B    U    D   2R    L    U    F    D'   B'   L'   B    F    L   ","solutions":[{"label":"2x2","key":"IDDFS","solution":{"rotations":[{"side":3,"counterClockwiseDirection":true,"layer":0},{"side":2,"counterClockwiseDirection":false,"layer":0},{"side":3,"counterClockwiseDirection":false,"layer":0},{"side":2,"counterClockwiseDirection":true,"layer":0},{"side":3,"counterClockwiseDirection":false,"layer":0},{"side":2,"counterClockwiseDirection":true,"layer":0},{"side":3,"counterClockwiseDirection":false,"layer":0},{"side":2,"counterClockwiseDirection":true,"layer":0},{"side":2,"counterClockwiseDirection":true,"layer":0},{"side":0,"counterClockwiseDirection":true,"layer":0},{"side":3,"counterClockwiseDirection":true,"layer":0}],"totalTime":143943.29999998212,"data":{"metrics":[{"label":"PERFORM_ROTATION","totalTime":66632.9000018835,"totalRelativeTime":"46.29%","numOfCalls":53215161,"avgTimePerCall":0.0012521412836068184},{"label":"ADD_CANDIDATE","totalTime":12441.9999987185,"totalRelativeTime":"8.64%","numOfCalls":53215161,"avgTimePerCall":0.00023380555024006222},{"label":"NOT_MEASURED","totalTime":64868.39999938011,"totalRelativeTime":"45.06%","numOfCalls":0,"avgTimePerCall":64868.39999938011}],"visitedNodes":14026485,"iterations":[{"visitedNodes":37,"bound":2},{"visitedNodes":181,"bound":3},{"visitedNodes":877,"bound":4},{"visitedNodes":4237,"bound":5},{"visitedNodes":20461,"bound":6},{"visitedNodes":98797,"bound":7},{"visitedNodes":477037,"bound":8},{"visitedNodes":2303341,"bound":9},{"visitedNodes":11121517,"bound":10}]}}},{"label":"2x2","key":"IDA*","solution":{"rotations":[{"side":3,"counterClockwiseDirection":true,"layer":0},{"side":2,"counterClockwiseDirection":false,"layer":0},{"side":3,"counterClockwiseDirection":false,"layer":0},{"side":2,"counterClockwiseDirection":true,"layer":0},{"side":3,"counterClockwiseDirection":false,"layer":0},{"side":2,"counterClockwiseDirection":true,"layer":0},{"side":3,"counterClockwiseDirection":false,"layer":0},{"side":2,"counterClockwiseDirection":true,"layer":0},{"side":2,"counterClockwiseDirection":true,"layer":0},{"side":0,"counterClockwiseDirection":true,"layer":0},{"side":3,"counterClockwiseDirection":true,"layer":0}],"totalTime":128886.5,"data":{"metrics":[{"label":"PERFORM_ROTATION","totalTime":63484.29997557402,"totalRelativeTime":"49.25%","numOfCalls":48685423,"avgTimePerCall":0.0013039693621553624},{"label":"ADD_CANDIDATE","totalTime":11629.899997860193,"totalRelativeTime":"9.02%","numOfCalls":48685423,"avgTimePerCall":0.00023887848315213761},{"label":"NOT_MEASURED","totalTime":53772.30002656579,"totalRelativeTime":"41.72%","numOfCalls":0,"avgTimePerCall":53772.30002656579}],"visitedNodes":1938083,"iterations":[{"visitedNodes":7,"bound":2},{"visitedNodes":65,"bound":3.25},{"visitedNodes":686,"bound":4.5},{"visitedNodes":4247,"bound":5.75},{"visitedNodes":21576,"bound":7},{"visitedNodes":160567,"bound":8.25},{"visitedNodes":1750935,"bound":9.5}]}}},{"label":"2x2","key":"GA","solution":{"rotations":[{"side":0,"counterClockwiseDirection":false,"layer":0},{"side":2,"counterClockwiseDirection":false,"layer":0},{"side":2,"counterClockwiseDirection":false,"layer":0},{"side":3,"counterClockwiseDirection":true,"layer":0},{"side":2,"counterClockwiseDirection":true,"layer":0},{"side":3,"counterClockwiseDirection":true,"layer":0},{"side":3,"counterClockwiseDirection":true,"layer":0},{"side":0,"counterClockwiseDirection":true,"layer":0},{"layer":0,"side":3,"counterClockwiseDirection":false},{"side":2,"counterClockwiseDirection":true,"layer":0},{"side":0,"counterClockwiseDirection":false,"layer":0},{"layer":0,"side":3,"counterClockwiseDirection":true},{"side":0,"counterClockwiseDirection":true,"layer":0},{"side":3,"counterClockwiseDirection":false,"layer":0},{"side":2,"counterClockwiseDirection":true,"layer":0},{"side":3,"counterClockwiseDirection":true,"layer":0},{"side":2,"counterClockwiseDirection":false,"layer":0},{"side":2,"counterClockwiseDirection":false,"layer":0},{"side":0,"counterClockwiseDirection":false,"layer":0},{"side":3,"counterClockwiseDirection":false,"layer":0},{"side":0,"counterClockwiseDirection":false,"layer":0}],"totalTime":56444,"data":{"armageddonCounter":0,"generations":3999,"metrics":[{"label":"CHECK_SOLUTION","totalTime":3084.0999996364117,"totalRelativeTime":"5.46%","numOfCalls":11996100,"avgTimePerCall":0.0002570918881666885},{"label":"APPLYING_ROTATIONS","totalTime":17455.300001829863,"totalRelativeTime":"30.92%","numOfCalls":11996099,"avgTimePerCall":0.0014550813561833612},{"label":"COMPUTE_GENE","totalTime":3150.899995625019,"totalRelativeTime":"5.58%","numOfCalls":11996099,"avgTimePerCall":0.00026266038614928226},{"label":"CALCULATE_CITIZEN_SCORE","totalTime":6295.099994987249,"totalRelativeTime":"11.15%","numOfCalls":11996099,"avgTimePerCall":0.0005247622577128823},{"label":"AGGREGATE_CURRENT_GENERATION","totalTime":100.50000029802322,"totalRelativeTime":"0.17%","numOfCalls":399869,"avgTimePerCall":0.0002513323120772634},{"label":"CREATE_NEXT_GENERATION","totalTime":352.3999991416931,"totalRelativeTime":"0.62%","numOfCalls":3998,"avgTimePerCall":0.08814407182133395},{"label":"MEASUREMENT_OVERHEAD","totalTime":12974.29999485612,"totalRelativeTime":"22.98%","numOfCalls":0,"avgTimePerCall":12974.29999485612},{"label":"NOT_MEASURED","totalTime":13031.400013625622,"totalRelativeTime":"23.08%","numOfCalls":0,"avgTimePerCall":13031.400013625622}]}}},{"label":"2x2","key":"SA","solution":{"rotations":[{"side":0,"counterClockwiseDirection":true,"layer":0},{"side":0,"counterClockwiseDirection":true,"layer":0},{"side":3,"counterClockwiseDirection":false,"layer":0},{"side":2,"counterClockwiseDirection":true,"layer":0},{"side":0,"counterClockwiseDirection":true,"layer":0},{"side":0,"counterClockwiseDirection":true,"layer":0},{"side":2,"counterClockwiseDirection":true,"layer":0},{"side":0,"counterClockwiseDirection":false,"layer":0},{"side":0,"counterClockwiseDirection":false,"layer":0},{"side":3,"counterClockwiseDirection":false,"layer":0},{"side":2,"counterClockwiseDirection":false,"layer":0},{"side":0,"counterClockwiseDirection":true,"layer":0},{"side":2,"counterClockwiseDirection":true,"layer":0}],"totalTime":55533.09999999404,"data":{"restartCounter":0,"iterations":3948,"metrics":[{"label":"CHECK_SOLUTION","totalTime":3038.300002336502,"totalRelativeTime":"5.47%","numOfCalls":11842740,"avgTimePerCall":0.00025655380446894065},{"label":"APPLYING_ROTATIONS","totalTime":16913.000006586313,"totalRelativeTime":"30.45%","numOfCalls":11842731,"avgTimePerCall":0.0014281334268747903},{"label":"COMPUTE_ROTATION","totalTime":3126.9999987185,"totalRelativeTime":"5.63%","numOfCalls":11842731,"avgTimePerCall":0.00026404382559381786},{"label":"CALCULATE_CITIZEN_SCORE","totalTime":6268.000001311302,"totalRelativeTime":"11.28%","numOfCalls":11842731,"avgTimePerCall":0.0005292698112716824},{"label":"AGGREGATE_CURRENT_GENERATION","totalTime":107.79999950528145,"totalRelativeTime":"0.19%","numOfCalls":394757,"avgTimePerCall":0.00027307938682602577},{"label":"CREATE_NEXT_GENERATION","totalTime":313.4000004827976,"totalRelativeTime":"0.56%","numOfCalls":3947,"avgTimePerCall":0.07940207764955602},{"label":"MEASUREMENT_OVERHEAD","totalTime":12813.199995458126,"totalRelativeTime":"23.07%","numOfCalls":0,"avgTimePerCall":12813.199995458126},{"label":"NOT_MEASURED","totalTime":12952.399995595217,"totalRelativeTime":"23.32%","numOfCalls":0,"avgTimePerCall":12952.399995595217}]}}},{"label":"2x2","key":"WA*","solution":{"rotations":[{"side":2,"counterClockwiseDirection":true,"layer":0},{"side":3,"counterClockwiseDirection":false,"layer":0},{"side":0,"counterClockwiseDirection":true,"layer":0},{"side":3,"counterClockwiseDirection":true,"layer":0},{"side":0,"counterClockwiseDirection":false,"layer":0},{"side":2,"counterClockwiseDirection":false,"layer":0},{"side":2,"counterClockwiseDirection":false,"layer":0},{"side":0,"counterClockwiseDirection":true,"layer":0},{"side":2,"counterClockwiseDirection":false,"layer":0},{"side":0,"counterClockwiseDirection":true,"layer":0},{"side":3,"counterClockwiseDirection":true,"layer":0},{"side":0,"counterClockwiseDirection":false,"layer":0},{"side":2,"counterClockwiseDirection":true,"layer":0},{"side":0,"counterClockwiseDirection":false,"layer":0},{"side":2,"counterClockwiseDirection":false,"layer":0}],"totalTime":1136.7999999821186,"data":{"metrics":[{"label":"ITERATIONS_COUNTER_INCREMENT","totalTime":20.39999970793724,"totalRelativeTime":"1.79%","numOfCalls":94378,"avgTimePerCall":0.00021615206624358687},{"label":"ABORTED_VERIFICATION","totalTime":10.99999988079071,"totalRelativeTime":"0.96%","numOfCalls":47189,"avgTimePerCall":0.0002331051702894893},{"label":"POP_CANDIDATE","totalTime":22.999999791383743,"totalRelativeTime":"2.02%","numOfCalls":47189,"avgTimePerCall":0.0004874017205574126},{"label":"VISISTED_LIST_CHECK","totalTime":90.79999965429306,"totalRelativeTime":"7.98%","numOfCalls":254231,"avgTimePerCall":0.0003571554989528935},{"label":"CHECK_SOLUTION","totalTime":9.199999809265137,"totalRelativeTime":"0.8%","numOfCalls":43411,"avgTimePerCall":0.00021192784799394478},{"label":"ADD_TO_VISISTED_LIST_CHECK","totalTime":10.700000047683716,"totalRelativeTime":"0.94%","numOfCalls":43410,"avgTimePerCall":0.0002464869856642183},{"label":"PERFORM_ROTATION","totalTime":307.60000067949295,"totalRelativeTime":"27.05%","numOfCalls":207042,"avgTimePerCall":0.0014856888973227313},{"label":"HEURISTIC_CALCULATION","totalTime":128.00000062584877,"totalRelativeTime":"11.25%","numOfCalls":207042,"avgTimePerCall":0.0006182320525586536},{"label":"ADD_CANDIDATE","totalTime":55.30000066757202,"totalRelativeTime":"4.86%","numOfCalls":200905,"avgTimePerCall":0.0002752544768302034},{"label":"BUILD_SOLUTION","totalTime":0,"totalRelativeTime":"0%","numOfCalls":1,"avgTimePerCall":0},{"label":"MEASUREMENT_OVERHEAD","totalTime":235.39999878406525,"totalRelativeTime":"20.7%","numOfCalls":0,"avgTimePerCall":235.39999878406525},{"label":"NOT_MEASURED","totalTime":245.400000333786,"totalRelativeTime":"21.58%","numOfCalls":0,"avgTimePerCall":245.400000333786}],"visitedNodes":47189,"differentNodes":43411}}},{"label":"2x2","key":"BiBFS","solution":{"rotations":[{"side":3,"counterClockwiseDirection":true,"layer":0},{"side":2,"counterClockwiseDirection":false,"layer":0},{"side":3,"counterClockwiseDirection":false,"layer":0},{"side":2,"counterClockwiseDirection":true,"layer":0},{"side":3,"counterClockwiseDirection":false,"layer":0},{"side":2,"counterClockwiseDirection":true,"layer":0},{"side":3,"counterClockwiseDirection":false,"layer":0},{"side":2,"counterClockwiseDirection":false,"layer":0},{"side":2,"counterClockwiseDirection":false,"layer":0},{"side":0,"counterClockwiseDirection":true,"layer":0},{"side":3,"counterClockwiseDirection":true,"layer":0}],"totalTime":207.09999999403954,"data":{"metrics":[{"label":"POP_CANDIDATE","totalTime":2.100000023841858,"totalRelativeTime":"1.01%","numOfCalls":10482,"avgTimePerCall":0.00020034344818182197},{"label":"VISISTED_LIST_CHECK","totalTime":16.89999982714653,"totalRelativeTime":"8.16%","numOfCalls":64478,"avgTimePerCall":0.00026210490131744986},{"label":"ADD_TO_VISISTED_LIST_CHECK","totalTime":2.700000077486038,"totalRelativeTime":"1.3%","numOfCalls":9160,"avgTimePerCall":0.0002947598337866854},{"label":"PERFORM_ROTATION","totalTime":73.30000016093254,"totalRelativeTime":"35.39%","numOfCalls":44834,"avgTimePerCall":0.0016349199304307566},{"label":"ADD_CANDIDATE","totalTime":13.400000125169754,"totalRelativeTime":"6.47%","numOfCalls":43950,"avgTimePerCall":0.00030489192548736644},{"label":"MEASUREMENT_OVERHEAD","totalTime":46.70000001788139,"totalRelativeTime":"22.54%","numOfCalls":0,"avgTimePerCall":46.70000001788139},{"label":"NOT_MEASURED","totalTime":51.99999976158142,"totalRelativeTime":"25.1%","numOfCalls":0,"avgTimePerCall":51.99999976158142}],"iterations":4581,"visitedNodes":4581}}}]}