{"timestamp":1680887289410,"shuffle":"32:  U    B    R'   U   2D    F    D    R'   F'   B    R    D   2U    B    D'   F'   L'   F'   L'  2F    R'   L'   F    L    U'   D    F    U'   R   ","solutions":[{"label":"2x2","key":"IDDFS","solution":{"rotations":[{"side":2,"counterClockwiseDirection":true,"layer":0},{"side":0,"counterClockwiseDirection":true,"layer":0},{"side":0,"counterClockwiseDirection":true,"layer":0},{"side":2,"counterClockwiseDirection":true,"layer":0},{"side":3,"counterClockwiseDirection":true,"layer":0},{"side":2,"counterClockwiseDirection":false,"layer":0},{"side":0,"counterClockwiseDirection":true,"layer":0},{"side":2,"counterClockwiseDirection":true,"layer":0},{"side":0,"counterClockwiseDirection":false,"layer":0},{"side":2,"counterClockwiseDirection":true,"layer":0},{"side":2,"counterClockwiseDirection":true,"layer":0},{"side":0,"counterClockwiseDirection":false,"layer":0}],"totalTime":208902.30000001192,"data":{"metrics":[{"label":"PERFORM_ROTATION","totalTime":90683.39999842644,"totalRelativeTime":"43.4%","numOfCalls":79091913,"avgTimePerCall":0.0011465571707492577},{"label":"ADD_CANDIDATE","totalTime":16001.099999666214,"totalRelativeTime":"7.65%","numOfCalls":79091913,"avgTimePerCall":0.00020231019067229052},{"label":"NOT_MEASURED","totalTime":102217.80000191927,"totalRelativeTime":"48.93%","numOfCalls":0,"avgTimePerCall":102217.80000191927}],"visitedNodes":67725922,"iterations":[{"visitedNodes":37,"bound":2},{"visitedNodes":181,"bound":3},{"visitedNodes":877,"bound":4},{"visitedNodes":4237,"bound":5},{"visitedNodes":20461,"bound":6},{"visitedNodes":98797,"bound":7},{"visitedNodes":477037,"bound":8},{"visitedNodes":2303341,"bound":9},{"visitedNodes":11121517,"bound":10},{"visitedNodes":53699437,"bound":11}]}}},{"label":"2x2","key":"IDA*","solution":{"rotations":[{"side":2,"counterClockwiseDirection":true,"layer":0},{"side":0,"counterClockwiseDirection":true,"layer":0},{"side":0,"counterClockwiseDirection":true,"layer":0},{"side":2,"counterClockwiseDirection":true,"layer":0},{"side":3,"counterClockwiseDirection":true,"layer":0},{"side":2,"counterClockwiseDirection":false,"layer":0},{"side":0,"counterClockwiseDirection":true,"layer":0},{"side":2,"counterClockwiseDirection":true,"layer":0},{"side":0,"counterClockwiseDirection":false,"layer":0},{"side":2,"counterClockwiseDirection":true,"layer":0},{"side":2,"counterClockwiseDirection":true,"layer":0},{"side":0,"counterClockwiseDirection":false,"layer":0}],"totalTime":180163.5,"data":{"metrics":[{"label":"PERFORM_ROTATION","totalTime":86861.99997419119,"totalRelativeTime":"48.21%","numOfCalls":74945614,"avgTimePerCall":0.0011590004449652143},{"label":"ADD_CANDIDATE","totalTime":15740.999988764524,"totalRelativeTime":"8.73%","numOfCalls":74945614,"avgTimePerCall":0.00021003230407538623},{"label":"NOT_MEASURED","totalTime":77560.50003704429,"totalRelativeTime":"43.05%","numOfCalls":0,"avgTimePerCall":77560.50003704429}],"visitedNodes":13026442,"iterations":[{"visitedNodes":7,"bound":2},{"visitedNodes":52,"bound":3.25},{"visitedNodes":606,"bound":4.5},{"visitedNodes":4237,"bound":5.75},{"visitedNodes":21395,"bound":7},{"visitedNodes":152691,"bound":8.25},{"visitedNodes":1686868,"bound":9.5},{"visitedNodes":11160586,"bound":10.75}]}}},{"label":"2x2","key":"GA","solution":{"rotations":[{"side":3,"counterClockwiseDirection":false,"layer":0},{"side":3,"counterClockwiseDirection":false,"layer":0},{"layer":0,"side":0,"counterClockwiseDirection":true},{"side":2,"counterClockwiseDirection":false,"layer":0},{"side":0,"counterClockwiseDirection":false,"layer":0},{"side":0,"counterClockwiseDirection":false,"layer":0},{"side":2,"counterClockwiseDirection":true,"layer":0},{"side":3,"counterClockwiseDirection":true,"layer":0},{"side":2,"counterClockwiseDirection":true,"layer":0},{"side":3,"counterClockwiseDirection":false,"layer":0},{"side":3,"counterClockwiseDirection":false,"layer":0},{"side":0,"counterClockwiseDirection":true,"layer":0},{"side":3,"counterClockwiseDirection":false,"layer":0},{"side":0,"counterClockwiseDirection":true,"layer":0},{"side":3,"counterClockwiseDirection":true,"layer":0},{"side":2,"counterClockwiseDirection":false,"layer":0}],"totalTime":14466,"data":{"armageddonCounter":0,"generations":1199,"metrics":[{"label":"CHECK_SOLUTION","totalTime":762.900001168251,"totalRelativeTime":"5.27%","numOfCalls":3594900,"avgTimePerCall":0.00021221730817776603},{"label":"APPLYING_ROTATIONS","totalTime":4640.300001382828,"totalRelativeTime":"32.07%","numOfCalls":3594900,"avgTimePerCall":0.0012908008571539758},{"label":"COMPUTE_GENE","totalTime":784.1000002026558,"totalRelativeTime":"5.42%","numOfCalls":3594900,"avgTimePerCall":0.0002181145512260858},{"label":"CALCULATE_CITIZEN_SCORE","totalTime":1623.0000006258488,"totalRelativeTime":"11.21%","numOfCalls":3594900,"avgTimePerCall":0.000451472920144051},{"label":"AGGREGATE_CURRENT_GENERATION","totalTime":28.100000113248825,"totalRelativeTime":"0.19%","numOfCalls":119829,"avgTimePerCall":0.00023450083129500224},{"label":"CREATE_NEXT_GENERATION","totalTime":86.99999985098839,"totalRelativeTime":"0.6%","numOfCalls":1198,"avgTimePerCall":0.07262103493404706},{"label":"MEASUREMENT_OVERHEAD","totalTime":3276.500000566244,"totalRelativeTime":"22.64%","numOfCalls":0,"avgTimePerCall":3276.500000566244},{"label":"NOT_MEASURED","totalTime":3264.0999960899353,"totalRelativeTime":"22.56%","numOfCalls":0,"avgTimePerCall":3264.0999960899353}]}}},{"label":"2x2","key":"SA","solution":{"rotations":[{"side":2,"counterClockwiseDirection":true,"layer":0},{"side":2,"counterClockwiseDirection":true,"layer":0},{"side":3,"counterClockwiseDirection":false,"layer":0},{"layer":0,"side":0,"counterClockwiseDirection":true},{"side":2,"counterClockwiseDirection":true,"layer":0},{"side":2,"counterClockwiseDirection":true,"layer":0},{"side":3,"counterClockwiseDirection":false,"layer":0},{"side":3,"counterClockwiseDirection":false,"layer":0},{"layer":0,"side":2,"counterClockwiseDirection":false},{"side":0,"counterClockwiseDirection":false,"layer":0},{"side":2,"counterClockwiseDirection":true,"layer":0},{"side":2,"counterClockwiseDirection":true,"layer":0},{"side":0,"counterClockwiseDirection":true,"layer":0},{"side":3,"counterClockwiseDirection":false,"layer":0}],"totalTime":34568.19999998808,"data":{"restartCounter":0,"iterations":2891,"metrics":[{"label":"CHECK_SOLUTION","totalTime":1862.9000019729137,"totalRelativeTime":"5.38%","numOfCalls":8671380,"avgTimePerCall":0.0002148331640376634},{"label":"APPLYING_ROTATIONS","totalTime":10940.899999469519,"totalRelativeTime":"31.65%","numOfCalls":8671374,"avgTimePerCall":0.0012617262269473694},{"label":"COMPUTE_ROTATION","totalTime":1889.7000027298927,"totalRelativeTime":"5.46%","numOfCalls":8671374,"avgTimePerCall":0.0002179239417801484},{"label":"CALCULATE_CITIZEN_SCORE","totalTime":3892.29999807477,"totalRelativeTime":"11.25%","numOfCalls":8671374,"avgTimePerCall":0.00044886773400325833},{"label":"AGGREGATE_CURRENT_GENERATION","totalTime":67.40000042319298,"totalRelativeTime":"0.19%","numOfCalls":289045,"avgTimePerCall":0.00023318168597689972},{"label":"CREATE_NEXT_GENERATION","totalTime":210.59999960660934,"totalRelativeTime":"0.6%","numOfCalls":2890,"avgTimePerCall":0.07287197218221776},{"label":"MEASUREMENT_OVERHEAD","totalTime":7732.299996316433,"totalRelativeTime":"22.36%","numOfCalls":0,"avgTimePerCall":7732.299996316433},{"label":"NOT_MEASURED","totalTime":7972.100001394749,"totalRelativeTime":"23.06%","numOfCalls":0,"avgTimePerCall":7972.100001394749}]}}},{"label":"2x2","key":"WA*","solution":{"rotations":[{"side":3,"counterClockwiseDirection":true,"layer":0},{"side":2,"counterClockwiseDirection":false,"layer":0},{"side":2,"counterClockwiseDirection":false,"layer":0},{"side":3,"counterClockwiseDirection":true,"layer":0},{"side":0,"counterClockwiseDirection":false,"layer":0},{"side":2,"counterClockwiseDirection":false,"layer":0},{"side":0,"counterClockwiseDirection":true,"layer":0},{"side":2,"counterClockwiseDirection":false,"layer":0},{"side":0,"counterClockwiseDirection":false,"layer":0},{"side":2,"counterClockwiseDirection":true,"layer":0},{"side":0,"counterClockwiseDirection":false,"layer":0},{"side":2,"counterClockwiseDirection":false,"layer":0},{"side":0,"counterClockwiseDirection":true,"layer":0},{"side":2,"counterClockwiseDirection":false,"layer":0}],"totalTime":1100.7000000178814,"data":{"metrics":[{"label":"ITERATIONS_COUNTER_INCREMENT","totalTime":18.799999922513962,"totalRelativeTime":"1.7%","numOfCalls":93188,"avgTimePerCall":0.00020174271282261623},{"label":"ABORTED_VERIFICATION","totalTime":10.89999994635582,"totalRelativeTime":"0.99%","numOfCalls":46594,"avgTimePerCall":0.00023393569872420954},{"label":"POP_CANDIDATE","totalTime":25.300000101327896,"totalRelativeTime":"2.29%","numOfCalls":46594,"avgTimePerCall":0.0005429883697756771},{"label":"VISISTED_LIST_CHECK","totalTime":79.5000002682209,"totalRelativeTime":"7.22%","numOfCalls":253482,"avgTimePerCall":0.00031363173822291485},{"label":"CHECK_SOLUTION","totalTime":7.700000137090683,"totalRelativeTime":"0.69%","numOfCalls":43350,"avgTimePerCall":0.00017762399393519453},{"label":"ADD_TO_VISISTED_LIST_CHECK","totalTime":11.400000005960464,"totalRelativeTime":"1.03%","numOfCalls":43349,"avgTimePerCall":0.00026298184516275957},{"label":"PERFORM_ROTATION","totalTime":275.8000003397465,"totalRelativeTime":"25.05%","numOfCalls":206888,"avgTimePerCall":0.0013330884359641277},{"label":"HEURISTIC_CALCULATION","totalTime":113.70000004768372,"totalRelativeTime":"10.32%","numOfCalls":206888,"avgTimePerCall":0.0005495727159027286},{"label":"ADD_CANDIDATE","totalTime":50.19999983906746,"totalRelativeTime":"4.56%","numOfCalls":200618,"avgTimePerCall":0.0002502267983883174},{"label":"BUILD_SOLUTION","totalTime":0,"totalRelativeTime":"0%","numOfCalls":1,"avgTimePerCall":0},{"label":"MEASUREMENT_OVERHEAD","totalTime":248.99999916553497,"totalRelativeTime":"22.62%","numOfCalls":0,"avgTimePerCall":248.99999916553497},{"label":"NOT_MEASURED","totalTime":258.40000024437904,"totalRelativeTime":"23.47%","numOfCalls":0,"avgTimePerCall":258.40000024437904}],"visitedNodes":46594,"differentNodes":43350}}},{"label":"2x2","key":"BiBFS","solution":{"rotations":[{"side":3,"counterClockwiseDirection":true,"layer":0},{"side":0,"counterClockwiseDirection":false,"layer":0},{"side":3,"counterClockwiseDirection":true,"layer":0},{"side":3,"counterClockwiseDirection":true,"layer":0},{"side":2,"counterClockwiseDirection":true,"layer":0},{"side":3,"counterClockwiseDirection":false,"layer":0},{"side":0,"counterClockwiseDirection":false,"layer":0},{"side":0,"counterClockwiseDirection":false,"layer":0},{"side":3,"counterClockwiseDirection":true,"layer":0},{"side":2,"counterClockwiseDirection":true,"layer":0},{"side":3,"counterClockwiseDirection":false,"layer":0},{"side":3,"counterClockwiseDirection":false,"layer":0}],"totalTime":197.09999999403954,"data":{"metrics":[{"label":"POP_CANDIDATE","totalTime":1.9000000059604645,"totalRelativeTime":"0.96%","numOfCalls":8482,"avgTimePerCall":0.0002240037733978383},{"label":"VISISTED_LIST_CHECK","totalTime":18.100000321865082,"totalRelativeTime":"9.18%","numOfCalls":52418,"avgTimePerCall":0.0003453012385414377},{"label":"ADD_TO_VISISTED_LIST_CHECK","totalTime":2.699999988079071,"totalRelativeTime":"1.36%","numOfCalls":7452,"avgTimePerCall":0.0003623188389800149},{"label":"PERFORM_ROTATION","totalTime":63.699999779462814,"totalRelativeTime":"32.31%","numOfCalls":36482,"avgTimePerCall":0.0017460665473236889},{"label":"ADD_CANDIDATE","totalTime":10.600000023841858,"totalRelativeTime":"5.37%","numOfCalls":35846,"avgTimePerCall":0.0002957094243107141},{"label":"MEASUREMENT_OVERHEAD","totalTime":50.49999979138374,"totalRelativeTime":"25.62%","numOfCalls":0,"avgTimePerCall":50.49999979138374},{"label":"NOT_MEASURED","totalTime":49.6000000834465,"totalRelativeTime":"25.16%","numOfCalls":0,"avgTimePerCall":49.6000000834465}],"iterations":3727,"visitedNodes":3727}}}]}