{"timestamp":1680925656578,"shuffle":"32:  F'   D   2U    L    U    B    D    U'   L   2D    B    R    U    F    R'   L    D'  2U    L    B    U    F    U    F'  2L    R    B    L   ","solutions":[{"label":"2x2","key":"IDDFS","solution":{"rotations":[{"side":2,"counterClockwiseDirection":true,"layer":0},{"side":0,"counterClockwiseDirection":false,"layer":0},{"side":3,"counterClockwiseDirection":true,"layer":0},{"side":2,"counterClockwiseDirection":true,"layer":0},{"side":0,"counterClockwiseDirection":true,"layer":0},{"side":3,"counterClockwiseDirection":false,"layer":0},{"side":2,"counterClockwiseDirection":true,"layer":0},{"side":0,"counterClockwiseDirection":false,"layer":0},{"side":3,"counterClockwiseDirection":true,"layer":0},{"side":2,"counterClockwiseDirection":false,"layer":0}],"totalTime":9079.799999982119,"data":{"metrics":[{"label":"PERFORM_ROTATION","totalTime":4203.200000464916,"totalRelativeTime":"46.29%","numOfCalls":3837388,"avgTimePerCall":0.0010953283849495846},{"label":"ADD_CANDIDATE","totalTime":778.0000012814999,"totalRelativeTime":"8.56%","numOfCalls":3837388,"avgTimePerCall":0.00020274207384853965},{"label":"NOT_MEASURED","totalTime":4098.5999982357025,"totalRelativeTime":"45.13%","numOfCalls":0,"avgTimePerCall":4098.5999982357025}],"visitedNodes":2904968,"iterations":[{"visitedNodes":37,"bound":2},{"visitedNodes":181,"bound":3},{"visitedNodes":877,"bound":4},{"visitedNodes":4237,"bound":5},{"visitedNodes":20461,"bound":6},{"visitedNodes":98797,"bound":7},{"visitedNodes":477037,"bound":8},{"visitedNodes":2303341,"bound":9}]}}},{"label":"2x2","key":"IDA*","solution":{"rotations":[{"side":2,"counterClockwiseDirection":true,"layer":0},{"side":0,"counterClockwiseDirection":false,"layer":0},{"side":3,"counterClockwiseDirection":true,"layer":0},{"side":2,"counterClockwiseDirection":true,"layer":0},{"side":0,"counterClockwiseDirection":true,"layer":0},{"side":3,"counterClockwiseDirection":false,"layer":0},{"side":2,"counterClockwiseDirection":true,"layer":0},{"side":0,"counterClockwiseDirection":false,"layer":0},{"side":3,"counterClockwiseDirection":true,"layer":0},{"side":2,"counterClockwiseDirection":false,"layer":0}],"totalTime":28381.79999998212,"data":{"metrics":[{"label":"PERFORM_ROTATION","totalTime":14159.199995875359,"totalRelativeTime":"49.88%","numOfCalls":13485557,"avgTimePerCall":0.0010499529234035611},{"label":"ADD_CANDIDATE","totalTime":2490.099996894598,"totalRelativeTime":"8.77%","numOfCalls":13485557,"avgTimePerCall":0.00018464939912341758},{"label":"NOT_MEASURED","totalTime":11732.500007212162,"totalRelativeTime":"41.33%","numOfCalls":0,"avgTimePerCall":11732.500007212162}],"visitedNodes":1857090,"iterations":[{"visitedNodes":7,"bound":2},{"visitedNodes":57,"bound":3.25},{"visitedNodes":549,"bound":4.5},{"visitedNodes":4257,"bound":5.75},{"visitedNodes":21772,"bound":7},{"visitedNodes":156021,"bound":8.25},{"visitedNodes":1674427,"bound":9.5}]}}},{"label":"2x2","key":"SA","solution":{"rotations":[{"side":0,"counterClockwiseDirection":false,"layer":0},{"side":2,"counterClockwiseDirection":false,"layer":0},{"side":3,"counterClockwiseDirection":true,"layer":0},{"side":0,"counterClockwiseDirection":false,"layer":0},{"side":0,"counterClockwiseDirection":false,"layer":0},{"side":2,"counterClockwiseDirection":false,"layer":0},{"side":3,"counterClockwiseDirection":false,"layer":0},{"side":0,"counterClockwiseDirection":true,"layer":0},{"side":0,"counterClockwiseDirection":true,"layer":0},{"side":3,"counterClockwiseDirection":true,"layer":0},{"side":2,"counterClockwiseDirection":false,"layer":0},{"side":3,"counterClockwiseDirection":true,"layer":0}],"totalTime":83423.69999998808,"data":{"restartCounter":1,"iterations":8916,"metrics":[{"label":"CHECK_SOLUTION","totalTime":4391.199999809265,"totalRelativeTime":"5.26%","numOfCalls":26746950,"avgTimePerCall":0.00016417572844041153},{"label":"APPLYING_ROTATIONS","totalTime":26527.800002157688,"totalRelativeTime":"31.79%","numOfCalls":26746948,"avgTimePerCall":0.0009918066166710942},{"label":"COMPUTE_ROTATION","totalTime":4555.799998342991,"totalRelativeTime":"5.46%","numOfCalls":26746948,"avgTimePerCall":0.0001703297138179276},{"label":"CALCULATE_CITIZEN_SCORE","totalTime":8748.499995201826,"totalRelativeTime":"10.48%","numOfCalls":26746948,"avgTimePerCall":0.0003270840469425456},{"label":"AGGREGATE_CURRENT_GENERATION","totalTime":155.299999833107,"totalRelativeTime":"0.18%","numOfCalls":891564,"avgTimePerCall":0.00017418828018303452},{"label":"CREATE_NEXT_GENERATION","totalTime":562.8999999165535,"totalRelativeTime":"0.67%","numOfCalls":8915,"avgTimePerCall":0.06314077396708397},{"label":"MEASUREMENT_OVERHEAD","totalTime":19180.000013262033,"totalRelativeTime":"22.99%","numOfCalls":0,"avgTimePerCall":19180.000013262033},{"label":"NOT_MEASURED","totalTime":19302.199991464615,"totalRelativeTime":"23.13%","numOfCalls":0,"avgTimePerCall":19302.199991464615}]}}},{"label":"2x2","key":"GA","solution":{"rotations":[{"side":2,"counterClockwiseDirection":true,"layer":0},{"side":0,"counterClockwiseDirection":false,"layer":0},{"side":0,"counterClockwiseDirection":false,"layer":0},{"side":3,"counterClockwiseDirection":true,"layer":0},{"side":0,"counterClockwiseDirection":false,"layer":0},{"side":3,"counterClockwiseDirection":false,"layer":0},{"side":0,"counterClockwiseDirection":true,"layer":0},{"side":2,"counterClockwiseDirection":true,"layer":0},{"side":0,"counterClockwiseDirection":false,"layer":0},{"side":2,"counterClockwiseDirection":true,"layer":0},{"side":0,"counterClockwiseDirection":true,"layer":0},{"side":3,"counterClockwiseDirection":false,"layer":0},{"side":2,"counterClockwiseDirection":false,"layer":0},{"side":2,"counterClockwiseDirection":false,"layer":0},{"side":3,"counterClockwiseDirection":true,"layer":0},{"side":2,"counterClockwiseDirection":true,"layer":0},{"side":0,"counterClockwiseDirection":false,"layer":0},{"side":2,"counterClockwiseDirection":true,"layer":0},{"side":0,"counterClockwiseDirection":true,"layer":0},{"side":0,"counterClockwiseDirection":true,"layer":0},{"side":3,"counterClockwiseDirection":true,"layer":0},{"side":2,"counterClockwiseDirection":true,"layer":0},{"side":0,"counterClockwiseDirection":false,"layer":0},{"side":2,"counterClockwiseDirection":true,"layer":0}],"totalTime":13505.699999988079,"data":{"armageddonCounter":0,"generations":1287,"metrics":[{"label":"CHECK_SOLUTION","totalTime":727.4000006616116,"totalRelativeTime":"5.38%","numOfCalls":3858690,"avgTimePerCall":0.0001885095720728049},{"label":"APPLYING_ROTATIONS","totalTime":4289.500000745058,"totalRelativeTime":"31.76%","numOfCalls":3858690,"avgTimePerCall":0.0011116466989431798},{"label":"COMPUTE_GENE","totalTime":757.0999999940395,"totalRelativeTime":"5.6%","numOfCalls":3858690,"avgTimePerCall":0.00019620648458260176},{"label":"CALCULATE_CITIZEN_SCORE","totalTime":1452.1000008285046,"totalRelativeTime":"10.75%","numOfCalls":3858690,"avgTimePerCall":0.00037631942468260073},{"label":"AGGREGATE_CURRENT_GENERATION","totalTime":25.79999989271164,"totalRelativeTime":"0.19%","numOfCalls":128622,"avgTimePerCall":0.00020058776797679743},{"label":"CREATE_NEXT_GENERATION","totalTime":81.89999973773956,"totalRelativeTime":"0.6%","numOfCalls":1286,"avgTimePerCall":0.06368584738548955},{"label":"MEASUREMENT_OVERHEAD","totalTime":3097.699999243021,"totalRelativeTime":"22.93%","numOfCalls":0,"avgTimePerCall":3097.699999243021},{"label":"NOT_MEASURED","totalTime":3074.199998885393,"totalRelativeTime":"22.76%","numOfCalls":0,"avgTimePerCall":3074.199998885393}]}}},{"label":"2x2","key":"WA*","solution":{"rotations":[{"side":2,"counterClockwiseDirection":true,"layer":0},{"side":0,"counterClockwiseDirection":true,"layer":0},{"side":3,"counterClockwiseDirection":false,"layer":0},{"side":2,"counterClockwiseDirection":false,"layer":0},{"side":2,"counterClockwiseDirection":false,"layer":0},{"side":0,"counterClockwiseDirection":true,"layer":0},{"side":2,"counterClockwiseDirection":false,"layer":0},{"side":0,"counterClockwiseDirection":true,"layer":0},{"side":3,"counterClockwiseDirection":false,"layer":0},{"side":0,"counterClockwiseDirection":true,"layer":0},{"side":3,"counterClockwiseDirection":true,"layer":0},{"side":0,"counterClockwiseDirection":false,"layer":0},{"side":3,"counterClockwiseDirection":false,"layer":0},{"side":0,"counterClockwiseDirection":true,"layer":0},{"side":3,"counterClockwiseDirection":true,"layer":0},{"side":0,"counterClockwiseDirection":false,"layer":0}],"totalTime":904.3000000119209,"data":{"metrics":[{"label":"ITERATIONS_COUNTER_INCREMENT","totalTime":13.799999862909317,"totalRelativeTime":"1.52%","numOfCalls":72196,"avgTimePerCall":0.0001911463219971926},{"label":"ABORTED_VERIFICATION","totalTime":8.09999993443489,"totalRelativeTime":"0.89%","numOfCalls":36098,"avgTimePerCall":0.00022438916101819741},{"label":"POP_CANDIDATE","totalTime":17.69999995827675,"totalRelativeTime":"1.95%","numOfCalls":36098,"avgTimePerCall":0.0004903318731862361},{"label":"VISISTED_LIST_CHECK","totalTime":63.9000004529953,"totalRelativeTime":"7.06%","numOfCalls":194918,"avgTimePerCall":0.0003278301668034522},{"label":"CHECK_SOLUTION","totalTime":5.4999998807907104,"totalRelativeTime":"0.6%","numOfCalls":33321,"avgTimePerCall":0.00016506106901925845},{"label":"ADD_TO_VISISTED_LIST_CHECK","totalTime":9.699999928474426,"totalRelativeTime":"1.07%","numOfCalls":33320,"avgTimePerCall":0.0002911164444320056},{"label":"PERFORM_ROTATION","totalTime":234.00000017881393,"totalRelativeTime":"25.87%","numOfCalls":158820,"avgTimePerCall":0.0014733660759275527},{"label":"HEURISTIC_CALCULATION","totalTime":85.40000051259995,"totalRelativeTime":"9.44%","numOfCalls":158820,"avgTimePerCall":0.0005377156561679886},{"label":"ADD_CANDIDATE","totalTime":38.099999725818634,"totalRelativeTime":"4.21%","numOfCalls":154574,"avgTimePerCall":0.0002464838829675019},{"label":"BUILD_SOLUTION","totalTime":0,"totalRelativeTime":"0%","numOfCalls":1,"avgTimePerCall":0},{"label":"MEASUREMENT_OVERHEAD","totalTime":190.4999998807907,"totalRelativeTime":"21.06%","numOfCalls":0,"avgTimePerCall":190.4999998807907},{"label":"NOT_MEASURED","totalTime":237.5999996960163,"totalRelativeTime":"26.27%","numOfCalls":0,"avgTimePerCall":237.5999996960163}],"visitedNodes":36098,"differentNodes":33321}}},{"label":"2x2","key":"BiBFS","solution":{"rotations":[{"side":3,"counterClockwiseDirection":true,"layer":0},{"side":0,"counterClockwiseDirection":false,"layer":0},{"side":2,"counterClockwiseDirection":true,"layer":0},{"side":3,"counterClockwiseDirection":false,"layer":0},{"side":0,"counterClockwiseDirection":true,"layer":0},{"side":3,"counterClockwiseDirection":false,"layer":0},{"side":2,"counterClockwiseDirection":false,"layer":0},{"side":0,"counterClockwiseDirection":false,"layer":0},{"side":3,"counterClockwiseDirection":true,"layer":0},{"side":0,"counterClockwiseDirection":false,"layer":0}],"totalTime":108,"data":{"metrics":[{"label":"POP_CANDIDATE","totalTime":1.4000000655651093,"totalRelativeTime":"1.29%","numOfCalls":3504,"avgTimePerCall":0.00039954339770693757},{"label":"VISISTED_LIST_CHECK","totalTime":10.899999797344208,"totalRelativeTime":"10.09%","numOfCalls":22183,"avgTimePerCall":0.0004913672540839475},{"label":"ADD_TO_VISISTED_LIST_CHECK","totalTime":0.9999999403953552,"totalRelativeTime":"0.92%","numOfCalls":3166,"avgTimePerCall":0.00031585595085134404},{"label":"PERFORM_ROTATION","totalTime":39.90000009536743,"totalRelativeTime":"36.94%","numOfCalls":15512,"avgTimePerCall":0.0025722021722129596},{"label":"ADD_CANDIDATE","totalTime":11.20000010728836,"totalRelativeTime":"10.37%","numOfCalls":15336,"avgTimePerCall":0.000730307779557144},{"label":"MEASUREMENT_OVERHEAD","totalTime":18.600000143051147,"totalRelativeTime":"17.22%","numOfCalls":0,"avgTimePerCall":18.600000143051147},{"label":"NOT_MEASURED","totalTime":24.999999850988388,"totalRelativeTime":"23.14%","numOfCalls":0,"avgTimePerCall":24.999999850988388}],"iterations":1584,"visitedNodes":1584}}}]}