{"timestamp":1680898822356,"shuffle":"39:  U'   D'   B    L   2U    D    U    R    D'   L    R    U   2L   2U    L'  2U    L    U   2D    U'   R'  2B    L   2R    U    L    U    F    D'   B    D    R   ","solutions":[{"label":"2x2","key":"IDDFS","solution":{"rotations":[{"side":2,"counterClockwiseDirection":false,"layer":0},{"side":0,"counterClockwiseDirection":true,"layer":0},{"side":2,"counterClockwiseDirection":false,"layer":0},{"side":0,"counterClockwiseDirection":true,"layer":0},{"side":2,"counterClockwiseDirection":true,"layer":0},{"side":3,"counterClockwiseDirection":true,"layer":0},{"side":2,"counterClockwiseDirection":false,"layer":0},{"side":3,"counterClockwiseDirection":false,"layer":0},{"side":0,"counterClockwiseDirection":true,"layer":0},{"side":3,"counterClockwiseDirection":true,"layer":0},{"side":3,"counterClockwiseDirection":true,"layer":0}],"totalTime":76398.40000000596,"data":{"metrics":[{"label":"PERFORM_ROTATION","totalTime":35164.60000115633,"totalRelativeTime":"46.02%","numOfCalls":24972724,"avgTimePerCall":0.0014081203156354242},{"label":"ADD_CANDIDATE","totalTime":6435.1999998390675,"totalRelativeTime":"8.42%","numOfCalls":24972724,"avgTimePerCall":0.00025768914916286535},{"label":"NOT_MEASURED","totalTime":34798.59999901056,"totalRelativeTime":"45.54%","numOfCalls":0,"avgTimePerCall":34798.59999901056}],"visitedNodes":14026485,"iterations":[{"visitedNodes":37,"bound":2},{"visitedNodes":181,"bound":3},{"visitedNodes":877,"bound":4},{"visitedNodes":4237,"bound":5},{"visitedNodes":20461,"bound":6},{"visitedNodes":98797,"bound":7},{"visitedNodes":477037,"bound":8},{"visitedNodes":2303341,"bound":9},{"visitedNodes":11121517,"bound":10}]}}},{"label":"2x2","key":"IDA*","solution":{"rotations":[{"side":2,"counterClockwiseDirection":false,"layer":0},{"side":0,"counterClockwiseDirection":true,"layer":0},{"side":2,"counterClockwiseDirection":false,"layer":0},{"side":0,"counterClockwiseDirection":true,"layer":0},{"side":2,"counterClockwiseDirection":true,"layer":0},{"side":3,"counterClockwiseDirection":true,"layer":0},{"side":2,"counterClockwiseDirection":false,"layer":0},{"side":3,"counterClockwiseDirection":false,"layer":0},{"side":0,"counterClockwiseDirection":true,"layer":0},{"side":3,"counterClockwiseDirection":true,"layer":0},{"side":3,"counterClockwiseDirection":true,"layer":0}],"totalTime":59654.20000001788,"data":{"metrics":[{"label":"PERFORM_ROTATION","totalTime":29367.39999485016,"totalRelativeTime":"49.22%","numOfCalls":19872352,"avgTimePerCall":0.0014778019227341666},{"label":"ADD_CANDIDATE","totalTime":5355.500005602837,"totalRelativeTime":"8.97%","numOfCalls":19872352,"avgTimePerCall":0.0002694950253298068},{"label":"NOT_MEASURED","totalTime":24931.299999564886,"totalRelativeTime":"41.79%","numOfCalls":0,"avgTimePerCall":24931.299999564886}],"visitedNodes":1840991,"iterations":[{"visitedNodes":7,"bound":2},{"visitedNodes":50,"bound":3.25},{"visitedNodes":640,"bound":4.5},{"visitedNodes":4237,"bound":5.75},{"visitedNodes":21357,"bound":7},{"visitedNodes":148036,"bound":8.25},{"visitedNodes":1666664,"bound":9.5}]}}},{"label":"2x2","key":"GA","solution":{"rotations":[{"side":3,"counterClockwiseDirection":false,"layer":0},{"side":2,"counterClockwiseDirection":true,"layer":0},{"side":0,"counterClockwiseDirection":false,"layer":0},{"side":3,"counterClockwiseDirection":true,"layer":0},{"side":0,"counterClockwiseDirection":true,"layer":0},{"side":3,"counterClockwiseDirection":true,"layer":0},{"side":2,"counterClockwiseDirection":true,"layer":0},{"side":0,"counterClockwiseDirection":true,"layer":0},{"side":3,"counterClockwiseDirection":false,"layer":0},{"side":3,"counterClockwiseDirection":false,"layer":0},{"side":0,"counterClockwiseDirection":true,"layer":0},{"side":3,"counterClockwiseDirection":true,"layer":0},{"side":2,"counterClockwiseDirection":false,"layer":0},{"side":0,"counterClockwiseDirection":false,"layer":0},{"side":3,"counterClockwiseDirection":true,"layer":0},{"side":2,"counterClockwiseDirection":true,"layer":0},{"side":3,"counterClockwiseDirection":true,"layer":0}],"totalTime":42949.5,"data":{"armageddonCounter":0,"generations":2994,"metrics":[{"label":"CHECK_SOLUTION","totalTime":2315.300002068281,"totalRelativeTime":"5.39%","numOfCalls":8979210,"avgTimePerCall":0.0002578511920389746},{"label":"APPLYING_ROTATIONS","totalTime":13423.39999911189,"totalRelativeTime":"31.25%","numOfCalls":8979203,"avgTimePerCall":0.0014949433707102835},{"label":"COMPUTE_GENE","totalTime":2396.699996381998,"totalRelativeTime":"5.58%","numOfCalls":8979203,"avgTimePerCall":0.00026691678497323183},{"label":"CALCULATE_CITIZEN_SCORE","totalTime":4760.700002491474,"totalRelativeTime":"11.08%","numOfCalls":8979203,"avgTimePerCall":0.0005301918224247156},{"label":"AGGREGATE_CURRENT_GENERATION","totalTime":83.10000029206276,"totalRelativeTime":"0.19%","numOfCalls":299306,"avgTimePerCall":0.00027764228011487496},{"label":"CREATE_NEXT_GENERATION","totalTime":247.10000121593475,"totalRelativeTime":"0.57%","numOfCalls":2993,"avgTimePerCall":0.08255930545136476},{"label":"MEASUREMENT_OVERHEAD","totalTime":9794.199998885393,"totalRelativeTime":"22.8%","numOfCalls":0,"avgTimePerCall":9794.199998885393},{"label":"NOT_MEASURED","totalTime":9928.999999552965,"totalRelativeTime":"23.11%","numOfCalls":0,"avgTimePerCall":9928.999999552965}]}}},{"label":"2x2","key":"SA","solution":{"rotations":[{"side":3,"counterClockwiseDirection":false,"layer":0},{"side":2,"counterClockwiseDirection":false,"layer":0},{"side":0,"counterClockwiseDirection":true,"layer":0},{"side":3,"counterClockwiseDirection":true,"layer":0},{"side":2,"counterClockwiseDirection":true,"layer":0},{"side":0,"counterClockwiseDirection":false,"layer":0},{"side":3,"counterClockwiseDirection":true,"layer":0},{"side":3,"counterClockwiseDirection":true,"layer":0},{"side":2,"counterClockwiseDirection":true,"layer":0},{"side":0,"counterClockwiseDirection":false,"layer":0},{"side":0,"counterClockwiseDirection":false,"layer":0},{"side":2,"counterClockwiseDirection":true,"layer":0},{"side":2,"counterClockwiseDirection":true,"layer":0},{"side":3,"counterClockwiseDirection":true,"layer":0},{"side":2,"counterClockwiseDirection":false,"layer":0},{"side":3,"counterClockwiseDirection":false,"layer":0},{"side":2,"counterClockwiseDirection":true,"layer":0},{"layer":0,"side":0,"counterClockwiseDirection":false},{"side":2,"counterClockwiseDirection":false,"layer":0}],"totalTime":121864.79999998212,"data":{"restartCounter":2,"iterations":10678,"metrics":[{"label":"CHECK_SOLUTION","totalTime":6658.59999537468,"totalRelativeTime":"5.46%","numOfCalls":32033580,"avgTimePerCall":0.00020786312349024616},{"label":"APPLYING_ROTATIONS","totalTime":37106.099991977215,"totalRelativeTime":"30.44%","numOfCalls":32033575,"avgTimePerCall":0.001158350261935398},{"label":"COMPUTE_ROTATION","totalTime":6902.999997317791,"totalRelativeTime":"5.66%","numOfCalls":32033575,"avgTimePerCall":0.00021549265098627895},{"label":"CALCULATE_CITIZEN_SCORE","totalTime":13632.899991810322,"totalRelativeTime":"11.18%","numOfCalls":32033575,"avgTimePerCall":0.00042558159655331387},{"label":"AGGREGATE_CURRENT_GENERATION","totalTime":234.70000076293945,"totalRelativeTime":"0.19%","numOfCalls":1067785,"avgTimePerCall":0.00021980080331053485},{"label":"CREATE_NEXT_GENERATION","totalTime":689.2999999821186,"totalRelativeTime":"0.56%","numOfCalls":10677,"avgTimePerCall":0.06455933314434004},{"label":"MEASUREMENT_OVERHEAD","totalTime":28000.69999077916,"totalRelativeTime":"22.97%","numOfCalls":0,"avgTimePerCall":28000.69999077916},{"label":"NOT_MEASURED","totalTime":28639.500031977892,"totalRelativeTime":"23.5%","numOfCalls":0,"avgTimePerCall":28639.500031977892}]}}},{"label":"2x2","key":"WA*","solution":{"rotations":[{"side":2,"counterClockwiseDirection":false,"layer":0},{"side":0,"counterClockwiseDirection":false,"layer":0},{"side":0,"counterClockwiseDirection":false,"layer":0},{"side":3,"counterClockwiseDirection":true,"layer":0},{"side":2,"counterClockwiseDirection":false,"layer":0},{"side":0,"counterClockwiseDirection":true,"layer":0},{"side":3,"counterClockwiseDirection":true,"layer":0},{"side":2,"counterClockwiseDirection":true,"layer":0},{"side":2,"counterClockwiseDirection":true,"layer":0},{"side":0,"counterClockwiseDirection":false,"layer":0},{"side":2,"counterClockwiseDirection":false,"layer":0},{"side":3,"counterClockwiseDirection":false,"layer":0},{"side":2,"counterClockwiseDirection":false,"layer":0},{"side":3,"counterClockwiseDirection":true,"layer":0},{"side":3,"counterClockwiseDirection":true,"layer":0}],"totalTime":1225.300000011921,"data":{"metrics":[{"label":"ITERATIONS_COUNTER_INCREMENT","totalTime":20.5,"totalRelativeTime":"1.67%","numOfCalls":100184,"avgTimePerCall":0.00020462349277329712},{"label":"ABORTED_VERIFICATION","totalTime":10.399999767541885,"totalRelativeTime":"0.84%","numOfCalls":50092,"avgTimePerCall":0.0002076179782708194},{"label":"POP_CANDIDATE","totalTime":27.700000077486038,"totalRelativeTime":"2.26%","numOfCalls":50092,"avgTimePerCall":0.0005529825137244677},{"label":"VISISTED_LIST_CHECK","totalTime":90.10000020265579,"totalRelativeTime":"7.35%","numOfCalls":271666,"avgTimePerCall":0.0003316572563466013},{"label":"CHECK_SOLUTION","totalTime":9.199999958276749,"totalRelativeTime":"0.75%","numOfCalls":46442,"avgTimePerCall":0.00019809654963775782},{"label":"ADD_TO_VISISTED_LIST_CHECK","totalTime":12.699999898672104,"totalRelativeTime":"1.03%","numOfCalls":46441,"avgTimePerCall":0.00027346525481088054},{"label":"PERFORM_ROTATION","totalTime":300.8999999165535,"totalRelativeTime":"24.55%","numOfCalls":221574,"avgTimePerCall":0.0013580113186409664},{"label":"HEURISTIC_CALCULATION","totalTime":108.99999979138374,"totalRelativeTime":"8.89%","numOfCalls":221574,"avgTimePerCall":0.0004919349733785722},{"label":"ADD_CANDIDATE","totalTime":60.700000047683716,"totalRelativeTime":"4.95%","numOfCalls":214643,"avgTimePerCall":0.0002827951531039154},{"label":"BUILD_SOLUTION","totalTime":0.09999999403953552,"totalRelativeTime":"0%","numOfCalls":1,"avgTimePerCall":0.09999999403953552},{"label":"MEASUREMENT_OVERHEAD","totalTime":268.20000037550926,"totalRelativeTime":"21.88%","numOfCalls":0,"avgTimePerCall":268.20000037550926},{"label":"NOT_MEASURED","totalTime":315.7999999821186,"totalRelativeTime":"25.77%","numOfCalls":0,"avgTimePerCall":315.7999999821186}],"visitedNodes":50092,"differentNodes":46442}}},{"label":"2x2","key":"BiBFS","solution":{"rotations":[{"side":2,"counterClockwiseDirection":false,"layer":0},{"side":0,"counterClockwiseDirection":true,"layer":0},{"side":2,"counterClockwiseDirection":false,"layer":0},{"side":0,"counterClockwiseDirection":false,"layer":0},{"side":3,"counterClockwiseDirection":false,"layer":0},{"side":0,"counterClockwiseDirection":false,"layer":0},{"side":3,"counterClockwiseDirection":true,"layer":0},{"side":2,"counterClockwiseDirection":true,"layer":0},{"side":0,"counterClockwiseDirection":false,"layer":0},{"side":3,"counterClockwiseDirection":false,"layer":0},{"side":3,"counterClockwiseDirection":false,"layer":0}],"totalTime":180.09999999403954,"data":{"metrics":[{"label":"POP_CANDIDATE","totalTime":3.5999999940395355,"totalRelativeTime":"1.99%","numOfCalls":6936,"avgTimePerCall":0.0005190311410091603},{"label":"VISISTED_LIST_CHECK","totalTime":20.19999983906746,"totalRelativeTime":"11.21%","numOfCalls":42651,"avgTimePerCall":0.00047361140041423316},{"label":"ADD_TO_VISISTED_LIST_CHECK","totalTime":1.2999999523162842,"totalRelativeTime":"0.72%","numOfCalls":6058,"avgTimePerCall":0.00021459226680691385},{"label":"PERFORM_ROTATION","totalTime":60.90000060200691,"totalRelativeTime":"33.81%","numOfCalls":29656,"avgTimePerCall":0.002053547363164517},{"label":"ADD_CANDIDATE","totalTime":19.900000035762787,"totalRelativeTime":"11.04%","numOfCalls":29360,"avgTimePerCall":0.0006777929167494138},{"label":"MEASUREMENT_OVERHEAD","totalTime":38.099999874830246,"totalRelativeTime":"21.15%","numOfCalls":0,"avgTimePerCall":38.099999874830246},{"label":"NOT_MEASURED","totalTime":36.09999969601631,"totalRelativeTime":"20.04%","numOfCalls":0,"avgTimePerCall":36.09999969601631}],"iterations":3030,"visitedNodes":3030}}}]}