{"timestamp":1680908949836,"shuffle":"30:  B'  2D    B'   F'  2R   2B    D'  2B    F    D    U'   R'   L'   B'   L'   D    F'   D'   L'   D    L'   F    D    B'   U'   B'  ","solutions":[{"label":"2x2","key":"IDDFS","solution":{"rotations":[{"side":2,"counterClockwiseDirection":true,"layer":0},{"side":0,"counterClockwiseDirection":false,"layer":0},{"side":3,"counterClockwiseDirection":true,"layer":0},{"side":0,"counterClockwiseDirection":true,"layer":0},{"side":2,"counterClockwiseDirection":false,"layer":0},{"side":3,"counterClockwiseDirection":true,"layer":0},{"side":2,"counterClockwiseDirection":true,"layer":0},{"side":3,"counterClockwiseDirection":false,"layer":0},{"side":0,"counterClockwiseDirection":true,"layer":0},{"side":2,"counterClockwiseDirection":false,"layer":0}],"totalTime":11748.699999988079,"data":{"metrics":[{"label":"PERFORM_ROTATION","totalTime":5528.700000345707,"totalRelativeTime":"47.05%","numOfCalls":3870252,"avgTimePerCall":0.0014285116318900441},{"label":"ADD_CANDIDATE","totalTime":994.8999991416931,"totalRelativeTime":"8.46%","numOfCalls":3870252,"avgTimePerCall":0.00025706336412763123},{"label":"NOT_MEASURED","totalTime":5225.100000500679,"totalRelativeTime":"44.47%","numOfCalls":0,"avgTimePerCall":5225.100000500679}],"visitedNodes":2904968,"iterations":[{"visitedNodes":37,"bound":2},{"visitedNodes":181,"bound":3},{"visitedNodes":877,"bound":4},{"visitedNodes":4237,"bound":5},{"visitedNodes":20461,"bound":6},{"visitedNodes":98797,"bound":7},{"visitedNodes":477037,"bound":8},{"visitedNodes":2303341,"bound":9}]}}},{"label":"2x2","key":"IDA*","solution":{"rotations":[{"side":2,"counterClockwiseDirection":true,"layer":0},{"side":0,"counterClockwiseDirection":false,"layer":0},{"side":3,"counterClockwiseDirection":true,"layer":0},{"side":0,"counterClockwiseDirection":true,"layer":0},{"side":2,"counterClockwiseDirection":false,"layer":0},{"side":3,"counterClockwiseDirection":true,"layer":0},{"side":2,"counterClockwiseDirection":true,"layer":0},{"side":3,"counterClockwiseDirection":false,"layer":0},{"side":0,"counterClockwiseDirection":true,"layer":0},{"side":2,"counterClockwiseDirection":false,"layer":0}],"totalTime":34310.30000001192,"data":{"metrics":[{"label":"PERFORM_ROTATION","totalTime":17111.90000194311,"totalRelativeTime":"49.87%","numOfCalls":14168825,"avgTimePerCall":0.001207714824760918},{"label":"ADD_CANDIDATE","totalTime":3043.5000035762787,"totalRelativeTime":"8.87%","numOfCalls":14168825,"avgTimePerCall":0.0002148025685669968},{"label":"NOT_MEASURED","totalTime":14154.89999449253,"totalRelativeTime":"41.25%","numOfCalls":0,"avgTimePerCall":14154.89999449253}],"visitedNodes":1966523,"iterations":[{"visitedNodes":7,"bound":2},{"visitedNodes":63,"bound":3.25},{"visitedNodes":760,"bound":4.5},{"visitedNodes":4268,"bound":5.75},{"visitedNodes":22163,"bound":7},{"visitedNodes":168426,"bound":8.25},{"visitedNodes":1770836,"bound":9.5}]}}},{"label":"2x2","key":"SA","solution":{"rotations":[{"side":3,"counterClockwiseDirection":true,"layer":0},{"side":0,"counterClockwiseDirection":true,"layer":0},{"layer":0,"side":3,"counterClockwiseDirection":false},{"side":2,"counterClockwiseDirection":false,"layer":0},{"side":0,"counterClockwiseDirection":false,"layer":0},{"side":2,"counterClockwiseDirection":true,"layer":0},{"side":0,"counterClockwiseDirection":false,"layer":0},{"side":2,"counterClockwiseDirection":false,"layer":0},{"side":3,"counterClockwiseDirection":true,"layer":0},{"side":0,"counterClockwiseDirection":false,"layer":0},{"side":2,"counterClockwiseDirection":true,"layer":0},{"side":0,"counterClockwiseDirection":true,"layer":0},{"side":2,"counterClockwiseDirection":false,"layer":0},{"side":0,"counterClockwiseDirection":true,"layer":0},{"side":3,"counterClockwiseDirection":true,"layer":0},{"side":3,"counterClockwiseDirection":true,"layer":0}],"totalTime":46144.20000001788,"data":{"restartCounter":0,"iterations":4305,"metrics":[{"label":"CHECK_SOLUTION","totalTime":2500.100001066923,"totalRelativeTime":"5.41%","numOfCalls":12913740,"avgTimePerCall":0.0001935999951266576},{"label":"APPLYING_ROTATIONS","totalTime":14449.500001758337,"totalRelativeTime":"31.31%","numOfCalls":12913732,"avgTimePerCall":0.0011189251876807058},{"label":"COMPUTE_ROTATION","totalTime":2574.200000435114,"totalRelativeTime":"5.57%","numOfCalls":12913732,"avgTimePerCall":0.00019933819289691886},{"label":"CALCULATE_CITIZEN_SCORE","totalTime":5132.800003409386,"totalRelativeTime":"11.12%","numOfCalls":12913732,"avgTimePerCall":0.00039746836959365315},{"label":"AGGREGATE_CURRENT_GENERATION","totalTime":87.89999997615814,"totalRelativeTime":"0.19%","numOfCalls":430457,"avgTimePerCall":0.00020420158105492102},{"label":"CREATE_NEXT_GENERATION","totalTime":252.3000004887581,"totalRelativeTime":"0.54%","numOfCalls":4304,"avgTimePerCall":0.058619888589395465},{"label":"MEASUREMENT_OVERHEAD","totalTime":10517.099996328354,"totalRelativeTime":"22.79%","numOfCalls":0,"avgTimePerCall":10517.099996328354},{"label":"NOT_MEASURED","totalTime":10630.299996554852,"totalRelativeTime":"23.03%","numOfCalls":0,"avgTimePerCall":10630.299996554852}]}}},{"label":"2x2","key":"GA","solution":{"rotations":[{"side":2,"counterClockwiseDirection":true,"layer":0},{"side":0,"counterClockwiseDirection":false,"layer":0},{"side":3,"counterClockwiseDirection":true,"layer":0},{"side":2,"counterClockwiseDirection":true,"layer":0},{"side":3,"counterClockwiseDirection":true,"layer":0},{"side":2,"counterClockwiseDirection":false,"layer":0},{"side":3,"counterClockwiseDirection":false,"layer":0},{"side":0,"counterClockwiseDirection":true,"layer":0},{"side":2,"counterClockwiseDirection":false,"layer":0},{"side":0,"counterClockwiseDirection":true,"layer":0},{"side":0,"counterClockwiseDirection":true,"layer":0},{"side":2,"counterClockwiseDirection":false,"layer":0}],"totalTime":11954.40000000596,"data":{"armageddonCounter":0,"generations":881,"metrics":[{"label":"CHECK_SOLUTION","totalTime":643.3999987840652,"totalRelativeTime":"5.38%","numOfCalls":2642940,"avgTimePerCall":0.00024344101598373978},{"label":"APPLYING_ROTATIONS","totalTime":3821.600002914667,"totalRelativeTime":"31.96%","numOfCalls":2642934,"avgTimePerCall":0.0014459687615788616},{"label":"COMPUTE_GENE","totalTime":635.3999997377396,"totalRelativeTime":"5.31%","numOfCalls":2642934,"avgTimePerCall":0.0002404146300050397},{"label":"CALCULATE_CITIZEN_SCORE","totalTime":1330.5999982655048,"totalRelativeTime":"11.13%","numOfCalls":2642934,"avgTimePerCall":0.0005034556285800193},{"label":"AGGREGATE_CURRENT_GENERATION","totalTime":22.999999791383743,"totalRelativeTime":"0.19%","numOfCalls":88097,"avgTimePerCall":0.0002610758571958607},{"label":"CREATE_NEXT_GENERATION","totalTime":68.40000021457672,"totalRelativeTime":"0.57%","numOfCalls":880,"avgTimePerCall":0.07772727297110991},{"label":"MEASUREMENT_OVERHEAD","totalTime":2704.499999344349,"totalRelativeTime":"22.62%","numOfCalls":0,"avgTimePerCall":2704.499999344349},{"label":"NOT_MEASURED","totalTime":2727.5000009536743,"totalRelativeTime":"22.81%","numOfCalls":0,"avgTimePerCall":2727.5000009536743}]}}},{"label":"2x2","key":"WA*","solution":{"rotations":[{"side":3,"counterClockwiseDirection":false,"layer":0},{"side":2,"counterClockwiseDirection":true,"layer":0},{"side":3,"counterClockwiseDirection":true,"layer":0},{"side":0,"counterClockwiseDirection":true,"layer":0},{"side":2,"counterClockwiseDirection":false,"layer":0},{"side":0,"counterClockwiseDirection":true,"layer":0},{"side":2,"counterClockwiseDirection":false,"layer":0},{"side":3,"counterClockwiseDirection":true,"layer":0},{"side":2,"counterClockwiseDirection":false,"layer":0},{"side":3,"counterClockwiseDirection":true,"layer":0},{"side":2,"counterClockwiseDirection":true,"layer":0},{"side":3,"counterClockwiseDirection":false,"layer":0},{"side":2,"counterClockwiseDirection":false,"layer":0},{"side":3,"counterClockwiseDirection":true,"layer":0},{"side":3,"counterClockwiseDirection":true,"layer":0},{"side":2,"counterClockwiseDirection":true,"layer":0}],"totalTime":2015.699999988079,"data":{"metrics":[{"label":"ITERATIONS_COUNTER_INCREMENT","totalTime":36.20000001788139,"totalRelativeTime":"1.79%","numOfCalls":150524,"avgTimePerCall":0.00024049321050384918},{"label":"ABORTED_VERIFICATION","totalTime":18.4999997317791,"totalRelativeTime":"0.91%","numOfCalls":75262,"avgTimePerCall":0.00024580797390155853},{"label":"POP_CANDIDATE","totalTime":42.700000286102295,"totalRelativeTime":"2.11%","numOfCalls":75262,"avgTimePerCall":0.0005673513896269338},{"label":"VISISTED_LIST_CHECK","totalTime":162.99999997019768,"totalRelativeTime":"8.08%","numOfCalls":406118,"avgTimePerCall":0.0004013611806671895},{"label":"CHECK_SOLUTION","totalTime":16.800000101327896,"totalRelativeTime":"0.83%","numOfCalls":69281,"avgTimePerCall":0.00024249072763568504},{"label":"ADD_TO_VISISTED_LIST_CHECK","totalTime":21.70000010728836,"totalRelativeTime":"1.07%","numOfCalls":69280,"avgTimePerCall":0.0003132217105555479},{"label":"PERFORM_ROTATION","totalTime":509.299999833107,"totalRelativeTime":"25.26%","numOfCalls":330856,"avgTimePerCall":0.0015393403771825416},{"label":"HEURISTIC_CALCULATION","totalTime":195.69999879598618,"totalRelativeTime":"9.7%","numOfCalls":330856,"avgTimePerCall":0.0005914959946199742},{"label":"ADD_CANDIDATE","totalTime":94.40000051259995,"totalRelativeTime":"4.68%","numOfCalls":318836,"avgTimePerCall":0.0002960769816225268},{"label":"BUILD_SOLUTION","totalTime":0,"totalRelativeTime":"0%","numOfCalls":1,"avgTimePerCall":0},{"label":"MEASUREMENT_OVERHEAD","totalTime":441.0000001192093,"totalRelativeTime":"21.87%","numOfCalls":0,"avgTimePerCall":441.0000001192093},{"label":"NOT_MEASURED","totalTime":476.40000051259995,"totalRelativeTime":"23.63%","numOfCalls":0,"avgTimePerCall":476.40000051259995}],"visitedNodes":75262,"differentNodes":69281}}},{"label":"2x2","key":"BiBFS","solution":{"rotations":[{"side":2,"counterClockwiseDirection":true,"layer":0},{"side":0,"counterClockwiseDirection":false,"layer":0},{"side":3,"counterClockwiseDirection":true,"layer":0},{"side":0,"counterClockwiseDirection":true,"layer":0},{"side":2,"counterClockwiseDirection":false,"layer":0},{"side":3,"counterClockwiseDirection":true,"layer":0},{"side":2,"counterClockwiseDirection":true,"layer":0},{"side":3,"counterClockwiseDirection":false,"layer":0},{"side":0,"counterClockwiseDirection":true,"layer":0},{"side":2,"counterClockwiseDirection":false,"layer":0}],"totalTime":132.5,"data":{"metrics":[{"label":"POP_CANDIDATE","totalTime":1.8999999165534973,"totalRelativeTime":"1.43%","numOfCalls":5652,"avgTimePerCall":0.0003361641749033081},{"label":"VISISTED_LIST_CHECK","totalTime":13.500000029802322,"totalRelativeTime":"10.18%","numOfCalls":35029,"avgTimePerCall":0.0003853949593137778},{"label":"ADD_TO_VISISTED_LIST_CHECK","totalTime":1.199999988079071,"totalRelativeTime":"0.9%","numOfCalls":4982,"avgTimePerCall":0.00024086711924509657},{"label":"PERFORM_ROTATION","totalTime":40.80000028014183,"totalRelativeTime":"30.79%","numOfCalls":24394,"avgTimePerCall":0.0016725424399500627},{"label":"ADD_CANDIDATE","totalTime":9.300000041723251,"totalRelativeTime":"7.01%","numOfCalls":24154,"avgTimePerCall":0.00038502939644461585},{"label":"MEASUREMENT_OVERHEAD","totalTime":21.59999978542328,"totalRelativeTime":"16.3%","numOfCalls":0,"avgTimePerCall":21.59999978542328},{"label":"NOT_MEASURED","totalTime":44.19999995827675,"totalRelativeTime":"33.35%","numOfCalls":0,"avgTimePerCall":44.19999995827675}],"iterations":2492,"visitedNodes":2492}}}]}