{"timestamp":1680907817990,"shuffle":"34:  F'   B    D   2L    B    F    U    R'  2B   2F    B'   D    R    D   2B    L    B'   F    U    R'   F'   B    F'   R'   U'   L'   B    R'   D'   F   ","solutions":[{"label":"2x2","key":"IDDFS","solution":{"rotations":[{"side":0,"counterClockwiseDirection":true,"layer":0},{"side":2,"counterClockwiseDirection":false,"layer":0},{"side":3,"counterClockwiseDirection":true,"layer":0},{"side":0,"counterClockwiseDirection":true,"layer":0},{"side":2,"counterClockwiseDirection":false,"layer":0},{"side":0,"counterClockwiseDirection":true,"layer":0},{"side":3,"counterClockwiseDirection":false,"layer":0},{"side":2,"counterClockwiseDirection":false,"layer":0},{"side":0,"counterClockwiseDirection":true,"layer":0},{"side":3,"counterClockwiseDirection":false,"layer":0}],"totalTime":20492.69999998808,"data":{"metrics":[{"label":"PERFORM_ROTATION","totalTime":9604.599997639656,"totalRelativeTime":"46.86%","numOfCalls":7258455,"avgTimePerCall":0.0013232292543853556},{"label":"ADD_CANDIDATE","totalTime":1713.9999976456165,"totalRelativeTime":"8.36%","numOfCalls":7258455,"avgTimePerCall":0.00023613840654045752},{"label":"NOT_MEASURED","totalTime":9174.100004702806,"totalRelativeTime":"44.76%","numOfCalls":0,"avgTimePerCall":9174.100004702806}],"visitedNodes":2904968,"iterations":[{"visitedNodes":37,"bound":2},{"visitedNodes":181,"bound":3},{"visitedNodes":877,"bound":4},{"visitedNodes":4237,"bound":5},{"visitedNodes":20461,"bound":6},{"visitedNodes":98797,"bound":7},{"visitedNodes":477037,"bound":8},{"visitedNodes":2303341,"bound":9}]}}},{"label":"2x2","key":"IDA*","solution":{"rotations":[{"side":0,"counterClockwiseDirection":true,"layer":0},{"side":2,"counterClockwiseDirection":false,"layer":0},{"side":3,"counterClockwiseDirection":true,"layer":0},{"side":0,"counterClockwiseDirection":true,"layer":0},{"side":2,"counterClockwiseDirection":false,"layer":0},{"side":0,"counterClockwiseDirection":true,"layer":0},{"side":3,"counterClockwiseDirection":false,"layer":0},{"side":2,"counterClockwiseDirection":false,"layer":0},{"side":0,"counterClockwiseDirection":true,"layer":0},{"side":3,"counterClockwiseDirection":false,"layer":0}],"totalTime":73417.69999998808,"data":{"metrics":[{"label":"PERFORM_ROTATION","totalTime":36672.400000840425,"totalRelativeTime":"49.95%","numOfCalls":30311166,"avgTimePerCall":0.0012098643780592414},{"label":"ADD_CANDIDATE","totalTime":6371.100005507469,"totalRelativeTime":"8.67%","numOfCalls":30311166,"avgTimePerCall":0.0002101898688261438},{"label":"NOT_MEASURED","totalTime":30374.199993640184,"totalRelativeTime":"41.37%","numOfCalls":0,"avgTimePerCall":30374.199993640184}],"visitedNodes":1913137,"iterations":[{"visitedNodes":7,"bound":2},{"visitedNodes":67,"bound":3.25},{"visitedNodes":703,"bound":4.5},{"visitedNodes":4237,"bound":5.75},{"visitedNodes":21267,"bound":7},{"visitedNodes":154224,"bound":8.25},{"visitedNodes":1732632,"bound":9.5}]}}},{"label":"2x2","key":"SA","solution":{"rotations":[{"side":0,"counterClockwiseDirection":false,"layer":0},{"side":2,"counterClockwiseDirection":true,"layer":0},{"side":2,"counterClockwiseDirection":true,"layer":0},{"side":0,"counterClockwiseDirection":true,"layer":0},{"side":3,"counterClockwiseDirection":true,"layer":0},{"side":0,"counterClockwiseDirection":true,"layer":0},{"side":3,"counterClockwiseDirection":true,"layer":0},{"side":2,"counterClockwiseDirection":true,"layer":0},{"side":0,"counterClockwiseDirection":false,"layer":0},{"side":2,"counterClockwiseDirection":true,"layer":0},{"side":0,"counterClockwiseDirection":false,"layer":0},{"side":3,"counterClockwiseDirection":true,"layer":0},{"side":0,"counterClockwiseDirection":true,"layer":0},{"side":3,"counterClockwiseDirection":true,"layer":0}],"totalTime":65304.59999999404,"data":{"restartCounter":1,"iterations":5578,"metrics":[{"label":"CHECK_SOLUTION","totalTime":3490.2000001966953,"totalRelativeTime":"5.34%","numOfCalls":16731660,"avgTimePerCall":0.00020859854910969356},{"label":"APPLYING_ROTATIONS","totalTime":20780.19998911023,"totalRelativeTime":"31.82%","numOfCalls":16731644,"avgTimePerCall":0.0012419700054047426},{"label":"COMPUTE_ROTATION","totalTime":3558.9000013768673,"totalRelativeTime":"5.44%","numOfCalls":16731644,"avgTimePerCall":0.00021270474087166014},{"label":"CALCULATE_CITIZEN_SCORE","totalTime":7198.4999932050705,"totalRelativeTime":"11.02%","numOfCalls":16731644,"avgTimePerCall":0.00043023267726740244},{"label":"AGGREGATE_CURRENT_GENERATION","totalTime":120.09999996423721,"totalRelativeTime":"0.18%","numOfCalls":557721,"avgTimePerCall":0.0002153406451688877},{"label":"CREATE_NEXT_GENERATION","totalTime":508.9000000357628,"totalRelativeTime":"0.77%","numOfCalls":5577,"avgTimePerCall":0.09124977587157303},{"label":"MEASUREMENT_OVERHEAD","totalTime":14671.999997377396,"totalRelativeTime":"22.46%","numOfCalls":0,"avgTimePerCall":14671.999997377396},{"label":"NOT_MEASURED","totalTime":14975.80001872778,"totalRelativeTime":"22.93%","numOfCalls":0,"avgTimePerCall":14975.80001872778}]}}},{"label":"2x2","key":"GA","solution":{"rotations":[{"side":2,"counterClockwiseDirection":false,"layer":0},{"side":2,"counterClockwiseDirection":false,"layer":0},{"side":0,"counterClockwiseDirection":false,"layer":0},{"side":3,"counterClockwiseDirection":true,"layer":0},{"side":3,"counterClockwiseDirection":true,"layer":0},{"side":2,"counterClockwiseDirection":true,"layer":0},{"side":0,"counterClockwiseDirection":false,"layer":0},{"side":2,"counterClockwiseDirection":false,"layer":0},{"side":2,"counterClockwiseDirection":false,"layer":0},{"side":0,"counterClockwiseDirection":false,"layer":0},{"side":3,"counterClockwiseDirection":false,"layer":0},{"side":0,"counterClockwiseDirection":true,"layer":0}],"totalTime":19516.5,"data":{"armageddonCounter":0,"generations":1549,"metrics":[{"label":"CHECK_SOLUTION","totalTime":1037.2000001966953,"totalRelativeTime":"5.31%","numOfCalls":4645890,"avgTimePerCall":0.00022325108863892502},{"label":"APPLYING_ROTATIONS","totalTime":6172.500001877546,"totalRelativeTime":"31.62%","numOfCalls":4645888,"avgTimePerCall":0.0013285942325509238},{"label":"COMPUTE_GENE","totalTime":1063.2999993264675,"totalRelativeTime":"5.44%","numOfCalls":4645888,"avgTimePerCall":0.0002288690556738491},{"label":"CALCULATE_CITIZEN_SCORE","totalTime":2221.500000834465,"totalRelativeTime":"11.38%","numOfCalls":4645888,"avgTimePerCall":0.0004781647772900391},{"label":"AGGREGATE_CURRENT_GENERATION","totalTime":37.19999998807907,"totalRelativeTime":"0.19%","numOfCalls":154862,"avgTimePerCall":0.00024021386775373605},{"label":"CREATE_NEXT_GENERATION","totalTime":113.39999914169312,"totalRelativeTime":"0.58%","numOfCalls":1548,"avgTimePerCall":0.07325581339902656},{"label":"MEASUREMENT_OVERHEAD","totalTime":4464.39999884367,"totalRelativeTime":"22.87%","numOfCalls":0,"avgTimePerCall":4464.39999884367},{"label":"NOT_MEASURED","totalTime":4406.999999791384,"totalRelativeTime":"22.58%","numOfCalls":0,"avgTimePerCall":4406.999999791384}]}}},{"label":"2x2","key":"WA*","solution":{"rotations":[{"side":2,"counterClockwiseDirection":true,"layer":0},{"side":3,"counterClockwiseDirection":false,"layer":0},{"side":0,"counterClockwiseDirection":false,"layer":0},{"side":2,"counterClockwiseDirection":true,"layer":0},{"side":0,"counterClockwiseDirection":true,"layer":0},{"side":3,"counterClockwiseDirection":false,"layer":0},{"side":2,"counterClockwiseDirection":true,"layer":0},{"side":0,"counterClockwiseDirection":false,"layer":0},{"side":2,"counterClockwiseDirection":false,"layer":0},{"side":2,"counterClockwiseDirection":false,"layer":0},{"side":0,"counterClockwiseDirection":true,"layer":0},{"side":2,"counterClockwiseDirection":false,"layer":0},{"side":0,"counterClockwiseDirection":false,"layer":0},{"side":2,"counterClockwiseDirection":true,"layer":0}],"totalTime":332.90000000596046,"data":{"metrics":[{"label":"ITERATIONS_COUNTER_INCREMENT","totalTime":4.299999922513962,"totalRelativeTime":"1.29%","numOfCalls":23948,"avgTimePerCall":0.00017955570078979295},{"label":"ABORTED_VERIFICATION","totalTime":2.2000000178813934,"totalRelativeTime":"0.66%","numOfCalls":11974,"avgTimePerCall":0.0001837314195658421},{"label":"POP_CANDIDATE","totalTime":7.099999904632568,"totalRelativeTime":"2.13%","numOfCalls":11974,"avgTimePerCall":0.0005929513867239493},{"label":"VISISTED_LIST_CHECK","totalTime":17.99999976158142,"totalRelativeTime":"5.4%","numOfCalls":65446,"avgTimePerCall":0.0002750359038227152},{"label":"CHECK_SOLUTION","totalTime":3.0000000298023224,"totalRelativeTime":"0.9%","numOfCalls":11209,"avgTimePerCall":0.0002676420759927132},{"label":"ADD_TO_VISISTED_LIST_CHECK","totalTime":4.299999922513962,"totalRelativeTime":"1.29%","numOfCalls":11208,"avgTimePerCall":0.0003836545255633442},{"label":"PERFORM_ROTATION","totalTime":72.40000081062317,"totalRelativeTime":"21.74%","numOfCalls":53472,"avgTimePerCall":0.0013539796680622227},{"label":"HEURISTIC_CALCULATION","totalTime":55.79999998211861,"totalRelativeTime":"16.76%","numOfCalls":53472,"avgTimePerCall":0.0010435368039743904},{"label":"ADD_CANDIDATE","totalTime":14.199999839067459,"totalRelativeTime":"4.26%","numOfCalls":52496,"avgTimePerCall":0.0002704967966905566},{"label":"BUILD_SOLUTION","totalTime":0,"totalRelativeTime":"0%","numOfCalls":1,"avgTimePerCall":0},{"label":"MEASUREMENT_OVERHEAD","totalTime":61.99999964237213,"totalRelativeTime":"18.62%","numOfCalls":0,"avgTimePerCall":61.99999964237213},{"label":"NOT_MEASURED","totalTime":89.60000017285347,"totalRelativeTime":"26.91%","numOfCalls":0,"avgTimePerCall":89.60000017285347}],"visitedNodes":11974,"differentNodes":11209}}},{"label":"2x2","key":"BiBFS","solution":{"rotations":[{"side":0,"counterClockwiseDirection":true,"layer":0},{"side":2,"counterClockwiseDirection":false,"layer":0},{"side":3,"counterClockwiseDirection":true,"layer":0},{"side":0,"counterClockwiseDirection":true,"layer":0},{"side":2,"counterClockwiseDirection":false,"layer":0},{"side":0,"counterClockwiseDirection":true,"layer":0},{"side":3,"counterClockwiseDirection":false,"layer":0},{"side":2,"counterClockwiseDirection":false,"layer":0},{"side":0,"counterClockwiseDirection":true,"layer":0},{"side":3,"counterClockwiseDirection":false,"layer":0}],"totalTime":134.2000000178814,"data":{"metrics":[{"label":"POP_CANDIDATE","totalTime":1.800000011920929,"totalRelativeTime":"1.34%","numOfCalls":4060,"avgTimePerCall":0.0004433497566307707},{"label":"VISISTED_LIST_CHECK","totalTime":13.199999898672104,"totalRelativeTime":"9.83%","numOfCalls":25604,"avgTimePerCall":0.0005155444422227818},{"label":"ADD_TO_VISISTED_LIST_CHECK","totalTime":1.4000000655651093,"totalRelativeTime":"1.04%","numOfCalls":3652,"avgTimePerCall":0.00038335160612407154},{"label":"PERFORM_ROTATION","totalTime":44.50000008940697,"totalRelativeTime":"33.15%","numOfCalls":17890,"avgTimePerCall":0.002487423146417382},{"label":"ADD_CANDIDATE","totalTime":6.899999797344208,"totalRelativeTime":"5.14%","numOfCalls":17694,"avgTimePerCall":0.00038996268776671233},{"label":"MEASUREMENT_OVERHEAD","totalTime":24.100000113248825,"totalRelativeTime":"17.95%","numOfCalls":0,"avgTimePerCall":24.100000113248825},{"label":"NOT_MEASURED","totalTime":42.30000004172325,"totalRelativeTime":"31.52%","numOfCalls":0,"avgTimePerCall":42.30000004172325}],"iterations":1827,"visitedNodes":1827}}}]}