{"timestamp":1680908737359,"shuffle":"34: 2D    R'   D'   U'   F    B'   R    F'   U    L'  2B    R    B'  2D   2R    U   2D    L   2B    R'   B'   R    B    L'   U    R'   B'   L'  ","solutions":[{"label":"2x2","key":"IDDFS","solution":{"rotations":[{"side":2,"counterClockwiseDirection":true,"layer":0},{"side":2,"counterClockwiseDirection":true,"layer":0},{"side":3,"counterClockwiseDirection":false,"layer":0},{"side":0,"counterClockwiseDirection":true,"layer":0},{"side":0,"counterClockwiseDirection":true,"layer":0},{"side":3,"counterClockwiseDirection":false,"layer":0},{"side":2,"counterClockwiseDirection":false,"layer":0},{"side":0,"counterClockwiseDirection":false,"layer":0},{"side":3,"counterClockwiseDirection":false,"layer":0},{"side":2,"counterClockwiseDirection":true,"layer":0},{"side":0,"counterClockwiseDirection":true,"layer":0},{"side":0,"counterClockwiseDirection":true,"layer":0}],"totalTime":187977.10000002384,"data":{"metrics":[{"label":"PERFORM_ROTATION","totalTime":87849.79998701811,"totalRelativeTime":"46.73%","numOfCalls":74268166,"avgTimePerCall":0.0011828728877863782},{"label":"ADD_CANDIDATE","totalTime":15633.699991106987,"totalRelativeTime":"8.31%","numOfCalls":74268166,"avgTimePerCall":0.00021050338029226395},{"label":"NOT_MEASURED","totalTime":84493.60002189875,"totalRelativeTime":"44.94%","numOfCalls":0,"avgTimePerCall":84493.60002189875}],"visitedNodes":67725922,"iterations":[{"visitedNodes":37,"bound":2},{"visitedNodes":181,"bound":3},{"visitedNodes":877,"bound":4},{"visitedNodes":4237,"bound":5},{"visitedNodes":20461,"bound":6},{"visitedNodes":98797,"bound":7},{"visitedNodes":477037,"bound":8},{"visitedNodes":2303341,"bound":9},{"visitedNodes":11121517,"bound":10},{"visitedNodes":53699437,"bound":11}]}}},{"label":"2x2","key":"IDA*","solution":{"rotations":[{"side":2,"counterClockwiseDirection":true,"layer":0},{"side":2,"counterClockwiseDirection":true,"layer":0},{"side":3,"counterClockwiseDirection":false,"layer":0},{"side":0,"counterClockwiseDirection":true,"layer":0},{"side":0,"counterClockwiseDirection":true,"layer":0},{"side":3,"counterClockwiseDirection":false,"layer":0},{"side":2,"counterClockwiseDirection":false,"layer":0},{"side":0,"counterClockwiseDirection":false,"layer":0},{"side":3,"counterClockwiseDirection":false,"layer":0},{"side":2,"counterClockwiseDirection":true,"layer":0},{"side":0,"counterClockwiseDirection":true,"layer":0},{"side":0,"counterClockwiseDirection":true,"layer":0}],"totalTime":167807.5,"data":{"metrics":[{"label":"PERFORM_ROTATION","totalTime":84616.60000044107,"totalRelativeTime":"50.42%","numOfCalls":69911728,"avgTimePerCall":0.0012103348382468972},{"label":"ADD_CANDIDATE","totalTime":14651.999993532896,"totalRelativeTime":"8.73%","numOfCalls":69911728,"avgTimePerCall":0.0002095785701868633},{"label":"NOT_MEASURED","totalTime":68538.90000602603,"totalRelativeTime":"40.84%","numOfCalls":0,"avgTimePerCall":68538.90000602603}],"visitedNodes":13052108,"iterations":[{"visitedNodes":7,"bound":2},{"visitedNodes":63,"bound":3.25},{"visitedNodes":648,"bound":4.5},{"visitedNodes":4250,"bound":5.75},{"visitedNodes":21715,"bound":7},{"visitedNodes":158205,"bound":8.25},{"visitedNodes":1709653,"bound":9.5},{"visitedNodes":11157567,"bound":10.75}]}}},{"label":"2x2","key":"SA","solution":{"rotations":[{"side":3,"counterClockwiseDirection":false,"layer":0},{"side":0,"counterClockwiseDirection":true,"layer":0},{"side":2,"counterClockwiseDirection":true,"layer":0},{"side":0,"counterClockwiseDirection":false,"layer":0},{"layer":0,"side":2,"counterClockwiseDirection":true},{"side":0,"counterClockwiseDirection":true,"layer":0},{"side":3,"counterClockwiseDirection":true,"layer":0},{"side":0,"counterClockwiseDirection":true,"layer":0},{"side":3,"counterClockwiseDirection":false,"layer":0},{"side":2,"counterClockwiseDirection":false,"layer":0},{"side":0,"counterClockwiseDirection":false,"layer":0},{"side":2,"counterClockwiseDirection":true,"layer":0},{"side":2,"counterClockwiseDirection":true,"layer":0},{"side":3,"counterClockwiseDirection":false,"layer":0},{"side":2,"counterClockwiseDirection":false,"layer":0},{"side":0,"counterClockwiseDirection":true,"layer":0},{"side":0,"counterClockwiseDirection":true,"layer":0},{"side":3,"counterClockwiseDirection":false,"layer":0}],"totalTime":9795.299999982119,"data":{"restartCounter":0,"iterations":778,"metrics":[{"label":"CHECK_SOLUTION","totalTime":520.2999996840954,"totalRelativeTime":"5.31%","numOfCalls":2332410,"avgTimePerCall":0.0002230739877140363},{"label":"APPLYING_ROTATIONS","totalTime":3049.400000065565,"totalRelativeTime":"31.13%","numOfCalls":2332406,"avgTimePerCall":0.0013074053145402495},{"label":"COMPUTE_ROTATION","totalTime":554.6999989748001,"totalRelativeTime":"5.66%","numOfCalls":2332406,"avgTimePerCall":0.0002378230886795867},{"label":"CALCULATE_CITIZEN_SCORE","totalTime":1095.7000010311604,"totalRelativeTime":"11.18%","numOfCalls":2332406,"avgTimePerCall":0.0004697724157077114},{"label":"AGGREGATE_CURRENT_GENERATION","totalTime":22.700000196695328,"totalRelativeTime":"0.23%","numOfCalls":77746,"avgTimePerCall":0.0002919764386167176},{"label":"CREATE_NEXT_GENERATION","totalTime":58.999999940395355,"totalRelativeTime":"0.6%","numOfCalls":777,"avgTimePerCall":0.07593307585636468},{"label":"MEASUREMENT_OVERHEAD","totalTime":2223.0999984145164,"totalRelativeTime":"22.69%","numOfCalls":0,"avgTimePerCall":2223.0999984145164},{"label":"NOT_MEASURED","totalTime":2270.4000016748905,"totalRelativeTime":"23.17%","numOfCalls":0,"avgTimePerCall":2270.4000016748905}]}}},{"label":"2x2","key":"GA","solution":{"rotations":[{"side":0,"counterClockwiseDirection":true,"layer":0},{"side":3,"counterClockwiseDirection":false,"layer":0},{"side":2,"counterClockwiseDirection":true,"layer":0},{"side":3,"counterClockwiseDirection":true,"layer":0},{"side":0,"counterClockwiseDirection":false,"layer":0},{"side":0,"counterClockwiseDirection":false,"layer":0},{"side":2,"counterClockwiseDirection":false,"layer":0},{"side":2,"counterClockwiseDirection":false,"layer":0},{"side":0,"counterClockwiseDirection":true,"layer":0},{"side":0,"counterClockwiseDirection":true,"layer":0},{"side":2,"counterClockwiseDirection":false,"layer":0},{"side":0,"counterClockwiseDirection":true,"layer":0},{"side":3,"counterClockwiseDirection":true,"layer":0},{"side":2,"counterClockwiseDirection":false,"layer":0},{"side":3,"counterClockwiseDirection":false,"layer":0},{"side":0,"counterClockwiseDirection":true,"layer":0},{"side":3,"counterClockwiseDirection":true,"layer":0},{"side":0,"counterClockwiseDirection":true,"layer":0},{"side":0,"counterClockwiseDirection":true,"layer":0},{"side":2,"counterClockwiseDirection":true,"layer":0}],"totalTime":67533.30000001192,"data":{"armageddonCounter":1,"generations":5140,"metrics":[{"label":"CHECK_SOLUTION","totalTime":3615.9000010490417,"totalRelativeTime":"5.35%","numOfCalls":15416340,"avgTimePerCall":0.00023454983485373583},{"label":"APPLYING_ROTATIONS","totalTime":21258.39999461174,"totalRelativeTime":"31.47%","numOfCalls":15416336,"avgTimePerCall":0.0013789528195682645},{"label":"COMPUTE_GENE","totalTime":3699.5000017285347,"totalRelativeTime":"5.47%","numOfCalls":15416336,"avgTimePerCall":0.0002399727147701331},{"label":"CALCULATE_CITIZEN_SCORE","totalTime":7531.999999791384,"totalRelativeTime":"11.15%","numOfCalls":15416336,"avgTimePerCall":0.0004885726413715544},{"label":"AGGREGATE_CURRENT_GENERATION","totalTime":130.39999985694885,"totalRelativeTime":"0.19%","numOfCalls":513877,"avgTimePerCall":0.00025375722178059895},{"label":"CREATE_NEXT_GENERATION","totalTime":386.20000091195107,"totalRelativeTime":"0.57%","numOfCalls":5138,"avgTimePerCall":0.07516543419851131},{"label":"MEASUREMENT_OVERHEAD","totalTime":15557.800010561943,"totalRelativeTime":"23.03%","numOfCalls":0,"avgTimePerCall":15557.800010561943},{"label":"NOT_MEASURED","totalTime":15353.099991500378,"totalRelativeTime":"22.73%","numOfCalls":0,"avgTimePerCall":15353.099991500378}]}}},{"label":"2x2","key":"WA*","solution":{"rotations":[{"side":3,"counterClockwiseDirection":true,"layer":0},{"side":3,"counterClockwiseDirection":true,"layer":0},{"side":0,"counterClockwiseDirection":false,"layer":0},{"side":3,"counterClockwiseDirection":false,"layer":0},{"side":0,"counterClockwiseDirection":true,"layer":0},{"side":3,"counterClockwiseDirection":true,"layer":0},{"side":2,"counterClockwiseDirection":false,"layer":0},{"side":3,"counterClockwiseDirection":false,"layer":0},{"side":2,"counterClockwiseDirection":true,"layer":0},{"side":3,"counterClockwiseDirection":false,"layer":0},{"side":0,"counterClockwiseDirection":true,"layer":0},{"side":3,"counterClockwiseDirection":false,"layer":0},{"side":0,"counterClockwiseDirection":false,"layer":0},{"side":3,"counterClockwiseDirection":true,"layer":0}],"totalTime":487.40000000596046,"data":{"metrics":[{"label":"ITERATIONS_COUNTER_INCREMENT","totalTime":9.599999964237213,"totalRelativeTime":"1.96%","numOfCalls":36576,"avgTimePerCall":0.0002624671906232834},{"label":"ABORTED_VERIFICATION","totalTime":3.5000000596046448,"totalRelativeTime":"0.71%","numOfCalls":18288,"avgTimePerCall":0.00019138233046832047},{"label":"POP_CANDIDATE","totalTime":12.099999964237213,"totalRelativeTime":"2.48%","numOfCalls":18288,"avgTimePerCall":0.0006616360435387803},{"label":"VISISTED_LIST_CHECK","totalTime":31.300000339746475,"totalRelativeTime":"6.42%","numOfCalls":99617,"avgTimePerCall":0.00031420340242876695},{"label":"CHECK_SOLUTION","totalTime":6.000000089406967,"totalRelativeTime":"1.23%","numOfCalls":17040,"avgTimePerCall":0.00035211268130322577},{"label":"ADD_TO_VISISTED_LIST_CHECK","totalTime":3.89999982714653,"totalRelativeTime":"0.8%","numOfCalls":17039,"avgTimePerCall":0.00022888666160845883},{"label":"PERFORM_ROTATION","totalTime":129.90000051259995,"totalRelativeTime":"26.65%","numOfCalls":81329,"avgTimePerCall":0.0015972162514306084},{"label":"HEURISTIC_CALCULATION","totalTime":53.50000014901161,"totalRelativeTime":"10.97%","numOfCalls":81329,"avgTimePerCall":0.0006578219349679894},{"label":"ADD_CANDIDATE","totalTime":28.000000059604645,"totalRelativeTime":"5.74%","numOfCalls":79666,"avgTimePerCall":0.0003514673770442177},{"label":"BUILD_SOLUTION","totalTime":0,"totalRelativeTime":"0%","numOfCalls":1,"avgTimePerCall":0},{"label":"MEASUREMENT_OVERHEAD","totalTime":97.59999951720238,"totalRelativeTime":"20.02%","numOfCalls":0,"avgTimePerCall":97.59999951720238},{"label":"NOT_MEASURED","totalTime":111.99999952316284,"totalRelativeTime":"22.97%","numOfCalls":0,"avgTimePerCall":111.99999952316284}],"visitedNodes":18288,"differentNodes":17040}}},{"label":"2x2","key":"BiBFS","solution":{"rotations":[{"side":3,"counterClockwiseDirection":false,"layer":0},{"side":0,"counterClockwiseDirection":true,"layer":0},{"side":3,"counterClockwiseDirection":false,"layer":0},{"side":0,"counterClockwiseDirection":true,"layer":0},{"side":3,"counterClockwiseDirection":true,"layer":0},{"side":0,"counterClockwiseDirection":false,"layer":0},{"side":2,"counterClockwiseDirection":true,"layer":0},{"side":0,"counterClockwiseDirection":false,"layer":0},{"side":0,"counterClockwiseDirection":false,"layer":0},{"side":2,"counterClockwiseDirection":false,"layer":0},{"side":0,"counterClockwiseDirection":true,"layer":0},{"side":3,"counterClockwiseDirection":false,"layer":0}],"totalTime":233.59999999403954,"data":{"metrics":[{"label":"POP_CANDIDATE","totalTime":3.1999999582767487,"totalRelativeTime":"1.36%","numOfCalls":11156,"avgTimePerCall":0.0002868411579667218},{"label":"VISISTED_LIST_CHECK","totalTime":20.100000321865082,"totalRelativeTime":"8.6%","numOfCalls":68352,"avgTimePerCall":0.0002940660159448894},{"label":"ADD_TO_VISISTED_LIST_CHECK","totalTime":3.400000035762787,"totalRelativeTime":"1.45%","numOfCalls":9704,"avgTimePerCall":0.00035037098472411244},{"label":"PERFORM_ROTATION","totalTime":92.30000028014183,"totalRelativeTime":"39.51%","numOfCalls":47490,"avgTimePerCall":0.0019435670726498596},{"label":"ADD_CANDIDATE","totalTime":12.099999964237213,"totalRelativeTime":"5.17%","numOfCalls":46538,"avgTimePerCall":0.0002600025777695048},{"label":"MEASUREMENT_OVERHEAD","totalTime":48.89999955892563,"totalRelativeTime":"20.93%","numOfCalls":0,"avgTimePerCall":48.89999955892563},{"label":"NOT_MEASURED","totalTime":53.599999874830246,"totalRelativeTime":"22.94%","numOfCalls":0,"avgTimePerCall":53.599999874830246}],"iterations":4853,"visitedNodes":4853}}}]}