{"timestamp":1680985163990,"shuffle":"32:  B'   R'   F    L   2F    D'   R'   U    F'   L   2F   2D    F   2D   2R   2F    L    R    F    D    L    F'   B'   F    R'   B'  ","solutions":[{"label":"2x2","key":"IDDFS","solution":{"rotations":[{"side":2,"counterClockwiseDirection":true,"layer":0},{"side":2,"counterClockwiseDirection":true,"layer":0},{"side":3,"counterClockwiseDirection":true,"layer":0},{"side":3,"counterClockwiseDirection":true,"layer":0},{"side":2,"counterClockwiseDirection":false,"layer":0},{"side":3,"counterClockwiseDirection":false,"layer":0},{"side":2,"counterClockwiseDirection":true,"layer":0},{"side":2,"counterClockwiseDirection":true,"layer":0},{"side":0,"counterClockwiseDirection":true,"layer":0},{"side":3,"counterClockwiseDirection":true,"layer":0},{"side":2,"counterClockwiseDirection":false,"layer":0},{"side":0,"counterClockwiseDirection":false,"layer":0}],"totalTime":210613.59999999963,"data":{"metrics":[{"label":"PERFORM_ROTATION","totalTime":98134.69999960065,"totalRelativeTime":"46.59%","numOfCalls":73111323,"avgTimePerCall":0.00134226404300741},{"label":"ADD_CANDIDATE","totalTime":17989.100000336766,"totalRelativeTime":"8.54%","numOfCalls":73111323,"avgTimePerCall":0.0002460508066628307},{"label":"NOT_MEASURED","totalTime":94489.80000006221,"totalRelativeTime":"44.86%","numOfCalls":0,"avgTimePerCall":94489.80000006221}],"visitedNodes":67725922,"iterations":[{"visitedNodes":37,"bound":2},{"visitedNodes":181,"bound":3},{"visitedNodes":877,"bound":4},{"visitedNodes":4237,"bound":5},{"visitedNodes":20461,"bound":6},{"visitedNodes":98797,"bound":7},{"visitedNodes":477037,"bound":8},{"visitedNodes":2303341,"bound":9},{"visitedNodes":11121517,"bound":10},{"visitedNodes":53699437,"bound":11}]}}},{"label":"2x2","key":"IDA*","solution":{"rotations":[{"side":2,"counterClockwiseDirection":true,"layer":0},{"side":2,"counterClockwiseDirection":true,"layer":0},{"side":3,"counterClockwiseDirection":true,"layer":0},{"side":3,"counterClockwiseDirection":true,"layer":0},{"side":2,"counterClockwiseDirection":false,"layer":0},{"side":3,"counterClockwiseDirection":false,"layer":0},{"side":2,"counterClockwiseDirection":true,"layer":0},{"side":2,"counterClockwiseDirection":true,"layer":0},{"side":0,"counterClockwiseDirection":true,"layer":0},{"side":3,"counterClockwiseDirection":true,"layer":0},{"side":2,"counterClockwiseDirection":false,"layer":0},{"side":0,"counterClockwiseDirection":false,"layer":0}],"totalTime":188453.5,"data":{"metrics":[{"label":"PERFORM_ROTATION","totalTime":92734.00000124983,"totalRelativeTime":"49.2%","numOfCalls":68589548,"avgTimePerCall":0.001352013575031138},{"label":"ADD_CANDIDATE","totalTime":16643.000000011176,"totalRelativeTime":"8.83%","numOfCalls":68589548,"avgTimePerCall":0.00024264629940426457},{"label":"NOT_MEASURED","totalTime":79076.49999873899,"totalRelativeTime":"41.96%","numOfCalls":0,"avgTimePerCall":79076.49999873899}],"visitedNodes":13021785,"iterations":[{"visitedNodes":7,"bound":2},{"visitedNodes":80,"bound":3.25},{"visitedNodes":679,"bound":4.5},{"visitedNodes":4260,"bound":5.75},{"visitedNodes":21859,"bound":7},{"visitedNodes":156337,"bound":8.25},{"visitedNodes":1678072,"bound":9.5},{"visitedNodes":11160491,"bound":10.75}]}}},{"label":"2x2","key":"SA","solution":{"rotations":[{"side":3,"counterClockwiseDirection":false,"layer":0},{"side":0,"counterClockwiseDirection":true,"layer":0},{"side":2,"counterClockwiseDirection":false,"layer":0},{"side":2,"counterClockwiseDirection":false,"layer":0},{"side":3,"counterClockwiseDirection":false,"layer":0},{"side":0,"counterClockwiseDirection":true,"layer":0},{"side":2,"counterClockwiseDirection":true,"layer":0},{"side":2,"counterClockwiseDirection":true,"layer":0},{"side":3,"counterClockwiseDirection":false,"layer":0},{"side":2,"counterClockwiseDirection":false,"layer":0},{"side":3,"counterClockwiseDirection":true,"layer":0},{"side":0,"counterClockwiseDirection":true,"layer":0},{"side":3,"counterClockwiseDirection":false,"layer":0},{"side":2,"counterClockwiseDirection":false,"layer":0},{"side":0,"counterClockwiseDirection":false,"layer":0},{"side":2,"counterClockwiseDirection":true,"layer":0},{"side":3,"counterClockwiseDirection":true,"layer":0},{"side":0,"counterClockwiseDirection":false,"layer":0}],"totalTime":75044.79999999888,"data":{"restartCounter":1,"iterations":5764,"metrics":[{"label":"CHECK_SOLUTION","totalTime":3967.800000326708,"totalRelativeTime":"5.28%","numOfCalls":17289690,"avgTimePerCall":0.00022948936622499929},{"label":"APPLYING_ROTATIONS","totalTime":23180.99999962747,"totalRelativeTime":"30.88%","numOfCalls":17289682,"avgTimePerCall":0.0013407418366414992},{"label":"COMPUTE_ROTATION","totalTime":4142.000000135973,"totalRelativeTime":"5.51%","numOfCalls":17289682,"avgTimePerCall":0.00023956484567709072},{"label":"CALCULATE_CITIZEN_SCORE","totalTime":8525.700000317767,"totalRelativeTime":"11.36%","numOfCalls":17289682,"avgTimePerCall":0.000493109127184512},{"label":"AGGREGATE_CURRENT_GENERATION","totalTime":143.69999995455146,"totalRelativeTime":"0.19%","numOfCalls":576322,"avgTimePerCall":0.00024933977872535054},{"label":"CREATE_NEXT_GENERATION","totalTime":430.49999996088445,"totalRelativeTime":"0.57%","numOfCalls":5763,"avgTimePerCall":0.07470067672408198},{"label":"MEASUREMENT_OVERHEAD","totalTime":17571.700000021607,"totalRelativeTime":"23.41%","numOfCalls":0,"avgTimePerCall":17571.700000021607},{"label":"NOT_MEASURED","totalTime":17082.39999965392,"totalRelativeTime":"22.76%","numOfCalls":0,"avgTimePerCall":17082.39999965392}]}}},{"label":"2x2","key":"GA","solution":{"rotations":[{"side":2,"counterClockwiseDirection":false,"layer":0},{"side":3,"counterClockwiseDirection":true,"layer":0},{"side":0,"counterClockwiseDirection":false,"layer":0},{"side":3,"counterClockwiseDirection":true,"layer":0},{"side":0,"counterClockwiseDirection":false,"layer":0},{"side":0,"counterClockwiseDirection":false,"layer":0},{"side":2,"counterClockwiseDirection":true,"layer":0},{"side":0,"counterClockwiseDirection":true,"layer":0},{"side":3,"counterClockwiseDirection":true,"layer":0},{"side":3,"counterClockwiseDirection":true,"layer":0},{"side":2,"counterClockwiseDirection":false,"layer":0},{"side":0,"counterClockwiseDirection":false,"layer":0},{"side":3,"counterClockwiseDirection":false,"layer":0},{"side":2,"counterClockwiseDirection":false,"layer":0},{"side":0,"counterClockwiseDirection":false,"layer":0},{"side":3,"counterClockwiseDirection":false,"layer":0}],"totalTime":284368.69999999925,"data":{"armageddonCounter":4,"generations":24683,"metrics":[{"label":"CHECK_SOLUTION","totalTime":15015.100000146776,"totalRelativeTime":"5.28%","numOfCalls":74034810,"avgTimePerCall":0.00020281135320191645},{"label":"APPLYING_ROTATIONS","totalTime":88880.79999971204,"totalRelativeTime":"31.25%","numOfCalls":74034798,"avgTimePerCall":0.001200527352012388},{"label":"COMPUTE_GENE","totalTime":15601.899999771267,"totalRelativeTime":"5.48%","numOfCalls":74034798,"avgTimePerCall":0.00021073738865028398},{"label":"CALCULATE_CITIZEN_SCORE","totalTime":31587.500001536682,"totalRelativeTime":"11.1%","numOfCalls":74034798,"avgTimePerCall":0.0004266574753339191},{"label":"AGGREGATE_CURRENT_GENERATION","totalTime":541.8000000827014,"totalRelativeTime":"0.19%","numOfCalls":2467826,"avgTimePerCall":0.00021954546231488828},{"label":"CREATE_NEXT_GENERATION","totalTime":1681.9999998304993,"totalRelativeTime":"0.59%","numOfCalls":24678,"avgTimePerCall":0.06815787340264605},{"label":"MEASUREMENT_OVERHEAD","totalTime":65995.39999985695,"totalRelativeTime":"23.2%","numOfCalls":0,"avgTimePerCall":65995.39999985695},{"label":"NOT_MEASURED","totalTime":65064.199999062344,"totalRelativeTime":"22.88%","numOfCalls":0,"avgTimePerCall":65064.199999062344}]}}},{"label":"2x2","key":"WA*","solution":{"rotations":[{"side":3,"counterClockwiseDirection":false,"layer":0},{"side":0,"counterClockwiseDirection":true,"layer":0},{"side":3,"counterClockwiseDirection":false,"layer":0},{"side":3,"counterClockwiseDirection":false,"layer":0},{"side":0,"counterClockwiseDirection":true,"layer":0},{"side":3,"counterClockwiseDirection":false,"layer":0},{"side":0,"counterClockwiseDirection":true,"layer":0},{"side":3,"counterClockwiseDirection":false,"layer":0},{"side":2,"counterClockwiseDirection":false,"layer":0},{"side":3,"counterClockwiseDirection":false,"layer":0},{"side":2,"counterClockwiseDirection":true,"layer":0},{"side":0,"counterClockwiseDirection":true,"layer":0}],"totalTime":1192.9000000003725,"data":{"metrics":[{"label":"ITERATIONS_COUNTER_INCREMENT","totalTime":20.00000000372529,"totalRelativeTime":"1.67%","numOfCalls":105614,"avgTimePerCall":0.00018936883371262607},{"label":"ABORTED_VERIFICATION","totalTime":11.40000000409782,"totalRelativeTime":"0.95%","numOfCalls":52807,"avgTimePerCall":0.0002158804704697828},{"label":"POP_CANDIDATE","totalTime":26.69999999552965,"totalRelativeTime":"2.23%","numOfCalls":52807,"avgTimePerCall":0.000505614785833879},{"label":"VISISTED_LIST_CHECK","totalTime":93.19999996945262,"totalRelativeTime":"7.81%","numOfCalls":285778,"avgTimePerCall":0.0003261272735110912},{"label":"CHECK_SOLUTION","totalTime":8.099999999627471,"totalRelativeTime":"0.67%","numOfCalls":48821,"avgTimePerCall":0.0001659122099020395},{"label":"ADD_TO_VISISTED_LIST_CHECK","totalTime":12.899999991059303,"totalRelativeTime":"1.08%","numOfCalls":48820,"avgTimePerCall":0.00026423596868208326},{"label":"PERFORM_ROTATION","totalTime":318.9000000040978,"totalRelativeTime":"26.73%","numOfCalls":232971,"avgTimePerCall":0.0013688398985457323},{"label":"HEURISTIC_CALCULATION","totalTime":106.29999999515712,"totalRelativeTime":"8.91%","numOfCalls":232971,"avgTimePerCall":0.0004562799661552602},{"label":"ADD_CANDIDATE","totalTime":60.699999982491136,"totalRelativeTime":"5.08%","numOfCalls":225613,"avgTimePerCall":0.0002690447801433922},{"label":"BUILD_SOLUTION","totalTime":0.10000000149011612,"totalRelativeTime":"0%","numOfCalls":1,"avgTimePerCall":0.10000000149011612},{"label":"MEASUREMENT_OVERHEAD","totalTime":252.20000009797513,"totalRelativeTime":"21.14%","numOfCalls":0,"avgTimePerCall":252.20000009797513},{"label":"NOT_MEASURED","totalTime":282.39999995566905,"totalRelativeTime":"23.67%","numOfCalls":0,"avgTimePerCall":282.39999995566905}],"visitedNodes":52807,"differentNodes":48821}}},{"label":"2x2","key":"BiBFS","solution":{"rotations":[{"side":3,"counterClockwiseDirection":false,"layer":0},{"side":2,"counterClockwiseDirection":false,"layer":0},{"side":3,"counterClockwiseDirection":false,"layer":0},{"side":2,"counterClockwiseDirection":false,"layer":0},{"side":3,"counterClockwiseDirection":true,"layer":0},{"side":2,"counterClockwiseDirection":false,"layer":0},{"side":3,"counterClockwiseDirection":true,"layer":0},{"side":2,"counterClockwiseDirection":false,"layer":0},{"side":0,"counterClockwiseDirection":true,"layer":0},{"side":3,"counterClockwiseDirection":true,"layer":0},{"side":2,"counterClockwiseDirection":false,"layer":0},{"side":0,"counterClockwiseDirection":false,"layer":0}],"totalTime":303.69999999925494,"data":{"metrics":[{"label":"POP_CANDIDATE","totalTime":3.6000000052154064,"totalRelativeTime":"1.18%","numOfCalls":17006,"avgTimePerCall":0.00021168999207429182},{"label":"VISISTED_LIST_CHECK","totalTime":33.29999999143183,"totalRelativeTime":"10.96%","numOfCalls":103253,"avgTimePerCall":0.0003225087890078916},{"label":"ADD_TO_VISISTED_LIST_CHECK","totalTime":3.899999998509884,"totalRelativeTime":"1.28%","numOfCalls":14634,"avgTimePerCall":0.0002665026649248246},{"label":"PERFORM_ROTATION","totalTime":130.2000000178814,"totalRelativeTime":"42.87%","numOfCalls":71612,"avgTimePerCall":0.0018181310397402865},{"label":"ADD_CANDIDATE","totalTime":14.600000014528632,"totalRelativeTime":"4.8%","numOfCalls":69966,"avgTimePerCall":0.0002086727841312728},{"label":"MEASUREMENT_OVERHEAD","totalTime":56.29999998398125,"totalRelativeTime":"18.53%","numOfCalls":0,"avgTimePerCall":56.29999998398125},{"label":"NOT_MEASURED","totalTime":61.79999998770654,"totalRelativeTime":"20.34%","numOfCalls":0,"avgTimePerCall":61.79999998770654}],"iterations":7318,"visitedNodes":7318}}}]}