{"timestamp":1680889444156,"shuffle":"32:  U    F'   U   2R    D    F    L    F'  2D    F    B'  2U    L    U'  2D    L   2D    U    L    F    L'   F    B'  2R    L'   B   ","solutions":[{"label":"2x2","key":"IDDFS","solution":{"rotations":[{"side":2,"counterClockwiseDirection":true,"layer":0},{"side":2,"counterClockwiseDirection":true,"layer":0},{"side":0,"counterClockwiseDirection":false,"layer":0},{"side":2,"counterClockwiseDirection":true,"layer":0},{"side":0,"counterClockwiseDirection":false,"layer":0},{"side":2,"counterClockwiseDirection":true,"layer":0},{"side":0,"counterClockwiseDirection":false,"layer":0},{"side":2,"counterClockwiseDirection":false,"layer":0},{"side":0,"counterClockwiseDirection":false,"layer":0},{"side":3,"counterClockwiseDirection":false,"layer":0}],"totalTime":10392.600000023842,"data":{"metrics":[{"label":"PERFORM_ROTATION","totalTime":4429.400002360344,"totalRelativeTime":"42.62%","numOfCalls":2991051,"avgTimePerCall":0.001480884144857558},{"label":"ADD_CANDIDATE","totalTime":794.1000000536442,"totalRelativeTime":"7.64%","numOfCalls":2991051,"avgTimePerCall":0.0002654919625421446},{"label":"NOT_MEASURED","totalTime":5169.099997609854,"totalRelativeTime":"49.73%","numOfCalls":0,"avgTimePerCall":5169.099997609854}],"visitedNodes":2904968,"iterations":[{"visitedNodes":37,"bound":2},{"visitedNodes":181,"bound":3},{"visitedNodes":877,"bound":4},{"visitedNodes":4237,"bound":5},{"visitedNodes":20461,"bound":6},{"visitedNodes":98797,"bound":7},{"visitedNodes":477037,"bound":8},{"visitedNodes":2303341,"bound":9}]}}},{"label":"2x2","key":"IDA*","solution":{"rotations":[{"side":2,"counterClockwiseDirection":true,"layer":0},{"side":2,"counterClockwiseDirection":true,"layer":0},{"side":0,"counterClockwiseDirection":false,"layer":0},{"side":2,"counterClockwiseDirection":true,"layer":0},{"side":0,"counterClockwiseDirection":false,"layer":0},{"side":2,"counterClockwiseDirection":true,"layer":0},{"side":0,"counterClockwiseDirection":false,"layer":0},{"side":2,"counterClockwiseDirection":false,"layer":0},{"side":0,"counterClockwiseDirection":false,"layer":0},{"side":3,"counterClockwiseDirection":false,"layer":0}],"totalTime":27152.59999999404,"data":{"metrics":[{"label":"PERFORM_ROTATION","totalTime":13105.80000436306,"totalRelativeTime":"48.26%","numOfCalls":9787690,"avgTimePerCall":0.0013390084896807172},{"label":"ADD_CANDIDATE","totalTime":2377.399998486042,"totalRelativeTime":"8.75%","numOfCalls":9787690,"avgTimePerCall":0.00024289694488546757},{"label":"NOT_MEASURED","totalTime":11669.399997144938,"totalRelativeTime":"42.97%","numOfCalls":0,"avgTimePerCall":11669.399997144938}],"visitedNodes":1940170,"iterations":[{"visitedNodes":7,"bound":2},{"visitedNodes":70,"bound":3.25},{"visitedNodes":726,"bound":4.5},{"visitedNodes":4252,"bound":5.75},{"visitedNodes":21815,"bound":7},{"visitedNodes":159894,"bound":8.25},{"visitedNodes":1753406,"bound":9.5}]}}},{"label":"2x2","key":"GA","solution":{"rotations":[{"side":0,"counterClockwiseDirection":true,"layer":0},{"side":2,"counterClockwiseDirection":true,"layer":0},{"side":0,"counterClockwiseDirection":true,"layer":0},{"side":2,"counterClockwiseDirection":false,"layer":0},{"side":0,"counterClockwiseDirection":true,"layer":0},{"side":0,"counterClockwiseDirection":true,"layer":0},{"side":3,"counterClockwiseDirection":true,"layer":0},{"side":2,"counterClockwiseDirection":true,"layer":0},{"side":2,"counterClockwiseDirection":true,"layer":0},{"side":3,"counterClockwiseDirection":false,"layer":0},{"side":2,"counterClockwiseDirection":false,"layer":0},{"side":3,"counterClockwiseDirection":false,"layer":0},{"side":0,"counterClockwiseDirection":true,"layer":0},{"side":3,"counterClockwiseDirection":true,"layer":0},{"side":2,"counterClockwiseDirection":false,"layer":0},{"side":3,"counterClockwiseDirection":true,"layer":0},{"side":0,"counterClockwiseDirection":false,"layer":0},{"side":3,"counterClockwiseDirection":true,"layer":0},{"side":2,"counterClockwiseDirection":true,"layer":0},{"side":3,"counterClockwiseDirection":true,"layer":0}],"totalTime":49279.5,"data":{"armageddonCounter":0,"generations":4547,"metrics":[{"label":"CHECK_SOLUTION","totalTime":2623.799998909235,"totalRelativeTime":"5.32%","numOfCalls":13640520,"avgTimePerCall":0.00019235337061264784},{"label":"APPLYING_ROTATIONS","totalTime":15646.400001585484,"totalRelativeTime":"31.75%","numOfCalls":13640520,"avgTimePerCall":0.0011470530450148149},{"label":"COMPUTE_GENE","totalTime":2700.4999992847443,"totalRelativeTime":"5.47%","numOfCalls":13640520,"avgTimePerCall":0.00019797632343083286},{"label":"CALCULATE_CITIZEN_SCORE","totalTime":5516.20000359416,"totalRelativeTime":"11.19%","numOfCalls":13640520,"avgTimePerCall":0.0004043980730642351},{"label":"AGGREGATE_CURRENT_GENERATION","totalTime":93.60000002384186,"totalRelativeTime":"0.18%","numOfCalls":454683,"avgTimePerCall":0.00020585770751015953},{"label":"CREATE_NEXT_GENERATION","totalTime":298.80000072717667,"totalRelativeTime":"0.6%","numOfCalls":4546,"avgTimePerCall":0.0657281127864445},{"label":"MEASUREMENT_OVERHEAD","totalTime":11153.800004392862,"totalRelativeTime":"22.63%","numOfCalls":0,"avgTimePerCall":11153.800004392862},{"label":"NOT_MEASURED","totalTime":11246.399991482496,"totalRelativeTime":"22.82%","numOfCalls":0,"avgTimePerCall":11246.399991482496}]}}},{"label":"2x2","key":"SA","solution":{"rotations":[{"side":3,"counterClockwiseDirection":false,"layer":0},{"side":2,"counterClockwiseDirection":true,"layer":0},{"side":3,"counterClockwiseDirection":false,"layer":0},{"side":0,"counterClockwiseDirection":false,"layer":0},{"side":3,"counterClockwiseDirection":false,"layer":0},{"side":3,"counterClockwiseDirection":false,"layer":0},{"side":2,"counterClockwiseDirection":false,"layer":0},{"side":0,"counterClockwiseDirection":true,"layer":0},{"side":3,"counterClockwiseDirection":true,"layer":0},{"side":2,"counterClockwiseDirection":true,"layer":0},{"side":2,"counterClockwiseDirection":true,"layer":0},{"side":3,"counterClockwiseDirection":true,"layer":0},{"side":3,"counterClockwiseDirection":true,"layer":0},{"side":0,"counterClockwiseDirection":false,"layer":0}],"totalTime":20013.399999976158,"data":{"restartCounter":0,"iterations":1477,"metrics":[{"label":"CHECK_SOLUTION","totalTime":1076.9999996721745,"totalRelativeTime":"5.38%","numOfCalls":4428270,"avgTimePerCall":0.00024321010229100178},{"label":"APPLYING_ROTATIONS","totalTime":6207.399998724461,"totalRelativeTime":"31.01%","numOfCalls":4428254,"avgTimePerCall":0.0014017714428134567},{"label":"COMPUTE_ROTATION","totalTime":1107.1999990344048,"totalRelativeTime":"5.53%","numOfCalls":4428254,"avgTimePerCall":0.0002500308245720333},{"label":"CALCULATE_CITIZEN_SCORE","totalTime":2238.3999976813793,"totalRelativeTime":"11.18%","numOfCalls":4428254,"avgTimePerCall":0.0005054813923684999},{"label":"AGGREGATE_CURRENT_GENERATION","totalTime":40.699999541044235,"totalRelativeTime":"0.2%","numOfCalls":147608,"avgTimePerCall":0.0002757303096108899},{"label":"CREATE_NEXT_GENERATION","totalTime":119.00000008940697,"totalRelativeTime":"0.59%","numOfCalls":1476,"avgTimePerCall":0.08062330629363616},{"label":"MEASUREMENT_OVERHEAD","totalTime":4547.100000679493,"totalRelativeTime":"22.72%","numOfCalls":0,"avgTimePerCall":4547.100000679493},{"label":"NOT_MEASURED","totalTime":4676.600004553795,"totalRelativeTime":"23.36%","numOfCalls":0,"avgTimePerCall":4676.600004553795}]}}},{"label":"2x2","key":"WA*","solution":{"rotations":[{"side":2,"counterClockwiseDirection":false,"layer":0},{"side":0,"counterClockwiseDirection":false,"layer":0},{"side":3,"counterClockwiseDirection":false,"layer":0},{"side":0,"counterClockwiseDirection":true,"layer":0},{"side":0,"counterClockwiseDirection":true,"layer":0},{"side":2,"counterClockwiseDirection":false,"layer":0},{"side":0,"counterClockwiseDirection":true,"layer":0},{"side":3,"counterClockwiseDirection":false,"layer":0},{"side":2,"counterClockwiseDirection":true,"layer":0},{"side":3,"counterClockwiseDirection":false,"layer":0},{"side":2,"counterClockwiseDirection":false,"layer":0},{"side":3,"counterClockwiseDirection":false,"layer":0},{"side":0,"counterClockwiseDirection":false,"layer":0},{"side":2,"counterClockwiseDirection":true,"layer":0},{"side":2,"counterClockwiseDirection":true,"layer":0},{"side":0,"counterClockwiseDirection":true,"layer":0}],"totalTime":2116.2999999821186,"data":{"metrics":[{"label":"ITERATIONS_COUNTER_INCREMENT","totalTime":38.499999672174454,"totalRelativeTime":"1.81%","numOfCalls":146578,"avgTimePerCall":0.00026265878694056716},{"label":"ABORTED_VERIFICATION","totalTime":15.300000190734863,"totalRelativeTime":"0.72%","numOfCalls":73289,"avgTimePerCall":0.00020876257270169963},{"label":"POP_CANDIDATE","totalTime":50.699999898672104,"totalRelativeTime":"2.39%","numOfCalls":73289,"avgTimePerCall":0.0006917818485539727},{"label":"VISISTED_LIST_CHECK","totalTime":179.99999967217445,"totalRelativeTime":"8.5%","numOfCalls":393537,"avgTimePerCall":0.00045739028267272064},{"label":"CHECK_SOLUTION","totalTime":15.199999898672104,"totalRelativeTime":"0.71%","numOfCalls":67097,"avgTimePerCall":0.00022653769764180372},{"label":"ADD_TO_VISISTED_LIST_CHECK","totalTime":20.099999845027924,"totalRelativeTime":"0.94%","numOfCalls":67096,"avgTimePerCall":0.00029957076196834273},{"label":"PERFORM_ROTATION","totalTime":556.5000007450581,"totalRelativeTime":"26.29%","numOfCalls":320248,"avgTimePerCall":0.001737715772604538},{"label":"HEURISTIC_CALCULATION","totalTime":215.10000038146973,"totalRelativeTime":"10.16%","numOfCalls":320248,"avgTimePerCall":0.0006716669592986364},{"label":"ADD_CANDIDATE","totalTime":90.60000029206276,"totalRelativeTime":"4.28%","numOfCalls":308803,"avgTimePerCall":0.0002933909330287036},{"label":"BUILD_SOLUTION","totalTime":0,"totalRelativeTime":"0%","numOfCalls":1,"avgTimePerCall":0},{"label":"MEASUREMENT_OVERHEAD","totalTime":443.89999955892563,"totalRelativeTime":"20.97%","numOfCalls":0,"avgTimePerCall":443.89999955892563},{"label":"NOT_MEASURED","totalTime":490.39999982714653,"totalRelativeTime":"23.17%","numOfCalls":0,"avgTimePerCall":490.39999982714653}],"visitedNodes":73289,"differentNodes":67097}}},{"label":"2x2","key":"BiBFS","solution":{"rotations":[{"side":2,"counterClockwiseDirection":true,"layer":0},{"side":2,"counterClockwiseDirection":true,"layer":0},{"side":0,"counterClockwiseDirection":false,"layer":0},{"side":2,"counterClockwiseDirection":true,"layer":0},{"side":0,"counterClockwiseDirection":false,"layer":0},{"side":2,"counterClockwiseDirection":true,"layer":0},{"side":0,"counterClockwiseDirection":false,"layer":0},{"side":2,"counterClockwiseDirection":false,"layer":0},{"side":0,"counterClockwiseDirection":false,"layer":0},{"side":3,"counterClockwiseDirection":false,"layer":0}],"totalTime":157.7999999821186,"data":{"metrics":[{"label":"POP_CANDIDATE","totalTime":3.8999999463558197,"totalRelativeTime":"2.47%","numOfCalls":5950,"avgTimePerCall":0.0006554621758581209},{"label":"VISISTED_LIST_CHECK","totalTime":13.600000023841858,"totalRelativeTime":"8.61%","numOfCalls":36874,"avgTimePerCall":0.0003688235619634935},{"label":"ADD_TO_VISISTED_LIST_CHECK","totalTime":2.1000000834465027,"totalRelativeTime":"1.33%","numOfCalls":5244,"avgTimePerCall":0.0004004576818166481},{"label":"PERFORM_ROTATION","totalTime":56.29999974370003,"totalRelativeTime":"35.67%","numOfCalls":25678,"avgTimePerCall":0.002192538349704028},{"label":"ADD_CANDIDATE","totalTime":6.800000160932541,"totalRelativeTime":"4.3%","numOfCalls":25438,"avgTimePerCall":0.000267316619267731},{"label":"MEASUREMENT_OVERHEAD","totalTime":44.100000113248825,"totalRelativeTime":"27.94%","numOfCalls":0,"avgTimePerCall":44.100000113248825},{"label":"NOT_MEASURED","totalTime":30.999999910593033,"totalRelativeTime":"19.64%","numOfCalls":0,"avgTimePerCall":30.999999910593033}],"iterations":2623,"visitedNodes":2623}}}]}