{"timestamp":1680907868224,"shuffle":"39:  L'   D   2L   2R    U'   B'   R    U    D    B    R'   F'   R    F'   U    D    U    D    B    U'   F'  2U    L'  2F    L    F'   D    R    D'  2R    U'   R'   L    F'  ","solutions":[{"label":"2x2","key":"IDDFS","solution":{"rotations":[{"side":2,"counterClockwiseDirection":true,"layer":0},{"side":0,"counterClockwiseDirection":true,"layer":0},{"side":2,"counterClockwiseDirection":true,"layer":0},{"side":2,"counterClockwiseDirection":true,"layer":0},{"side":0,"counterClockwiseDirection":true,"layer":0},{"side":3,"counterClockwiseDirection":true,"layer":0},{"side":2,"counterClockwiseDirection":false,"layer":0},{"side":3,"counterClockwiseDirection":true,"layer":0},{"side":2,"counterClockwiseDirection":true,"layer":0},{"side":3,"counterClockwiseDirection":true,"layer":0},{"side":2,"counterClockwiseDirection":false,"layer":0}],"totalTime":43824.30000001192,"data":{"metrics":[{"label":"PERFORM_ROTATION","totalTime":20575.4000030756,"totalRelativeTime":"46.94%","numOfCalls":15572862,"avgTimePerCall":0.0013212343372127487},{"label":"ADD_CANDIDATE","totalTime":3605.200000792742,"totalRelativeTime":"8.22%","numOfCalls":15572862,"avgTimePerCall":0.00023150529432500858},{"label":"NOT_MEASURED","totalTime":19643.69999614358,"totalRelativeTime":"44.82%","numOfCalls":0,"avgTimePerCall":19643.69999614358}],"visitedNodes":14026485,"iterations":[{"visitedNodes":37,"bound":2},{"visitedNodes":181,"bound":3},{"visitedNodes":877,"bound":4},{"visitedNodes":4237,"bound":5},{"visitedNodes":20461,"bound":6},{"visitedNodes":98797,"bound":7},{"visitedNodes":477037,"bound":8},{"visitedNodes":2303341,"bound":9},{"visitedNodes":11121517,"bound":10}]}}},{"label":"2x2","key":"IDA*","solution":{"rotations":[{"side":2,"counterClockwiseDirection":true,"layer":0},{"side":0,"counterClockwiseDirection":true,"layer":0},{"side":2,"counterClockwiseDirection":true,"layer":0},{"side":2,"counterClockwiseDirection":true,"layer":0},{"side":0,"counterClockwiseDirection":true,"layer":0},{"side":3,"counterClockwiseDirection":true,"layer":0},{"side":2,"counterClockwiseDirection":false,"layer":0},{"side":3,"counterClockwiseDirection":true,"layer":0},{"side":2,"counterClockwiseDirection":true,"layer":0},{"side":3,"counterClockwiseDirection":true,"layer":0},{"side":2,"counterClockwiseDirection":false,"layer":0}],"totalTime":30064.90000000596,"data":{"metrics":[{"label":"PERFORM_ROTATION","totalTime":15037.999999135733,"totalRelativeTime":"50.01%","numOfCalls":10421371,"avgTimePerCall":0.0014429963196911167},{"label":"ADD_CANDIDATE","totalTime":2618.6000023782253,"totalRelativeTime":"8.7%","numOfCalls":10421371,"avgTimePerCall":0.00025127212171778795},{"label":"NOT_MEASURED","totalTime":12408.299998492002,"totalRelativeTime":"41.27%","numOfCalls":0,"avgTimePerCall":12408.299998492002}],"visitedNodes":1837313,"iterations":[{"visitedNodes":7,"bound":2},{"visitedNodes":42,"bound":3.25},{"visitedNodes":638,"bound":4.5},{"visitedNodes":4260,"bound":5.75},{"visitedNodes":21529,"bound":7},{"visitedNodes":149184,"bound":8.25},{"visitedNodes":1661653,"bound":9.5}]}}},{"label":"2x2","key":"SA","solution":{"rotations":[{"side":3,"counterClockwiseDirection":false,"layer":0},{"side":2,"counterClockwiseDirection":false,"layer":0},{"side":0,"counterClockwiseDirection":true,"layer":0},{"side":3,"counterClockwiseDirection":true,"layer":0},{"side":2,"counterClockwiseDirection":true,"layer":0},{"side":3,"counterClockwiseDirection":true,"layer":0},{"side":2,"counterClockwiseDirection":false,"layer":0},{"side":2,"counterClockwiseDirection":false,"layer":0},{"side":0,"counterClockwiseDirection":true,"layer":0},{"side":3,"counterClockwiseDirection":true,"layer":0},{"side":3,"counterClockwiseDirection":true,"layer":0}],"totalTime":15406.800000011921,"data":{"restartCounter":0,"iterations":1094,"metrics":[{"label":"CHECK_SOLUTION","totalTime":830.8999988138676,"totalRelativeTime":"5.39%","numOfCalls":3281550,"avgTimePerCall":0.0002532035162694055},{"label":"APPLYING_ROTATIONS","totalTime":4891.500002682209,"totalRelativeTime":"31.74%","numOfCalls":3281537,"avgTimePerCall":0.0014906124790554575},{"label":"COMPUTE_ROTATION","totalTime":853.0000004768372,"totalRelativeTime":"5.53%","numOfCalls":3281537,"avgTimePerCall":0.0002599391688945873},{"label":"CALCULATE_CITIZEN_SCORE","totalTime":1711.199998319149,"totalRelativeTime":"11.1%","numOfCalls":3281537,"avgTimePerCall":0.0005214629602893854},{"label":"AGGREGATE_CURRENT_GENERATION","totalTime":31.90000009536743,"totalRelativeTime":"0.2%","numOfCalls":109384,"avgTimePerCall":0.00029163314648730554},{"label":"CREATE_NEXT_GENERATION","totalTime":84.60000041127205,"totalRelativeTime":"0.54%","numOfCalls":1093,"avgTimePerCall":0.07740164721982803},{"label":"MEASUREMENT_OVERHEAD","totalTime":3492.999998062849,"totalRelativeTime":"22.67%","numOfCalls":0,"avgTimePerCall":3492.999998062849},{"label":"NOT_MEASURED","totalTime":3510.7000011503696,"totalRelativeTime":"22.78%","numOfCalls":0,"avgTimePerCall":3510.7000011503696}]}}},{"label":"2x2","key":"GA","solution":{"rotations":[{"side":0,"counterClockwiseDirection":true,"layer":0},{"side":0,"counterClockwiseDirection":true,"layer":0},{"layer":0,"side":3,"counterClockwiseDirection":true},{"side":0,"counterClockwiseDirection":false,"layer":0},{"side":3,"counterClockwiseDirection":true,"layer":0},{"side":2,"counterClockwiseDirection":true,"layer":0},{"side":0,"counterClockwiseDirection":true,"layer":0},{"side":3,"counterClockwiseDirection":false,"layer":0},{"side":2,"counterClockwiseDirection":false,"layer":0},{"side":0,"counterClockwiseDirection":false,"layer":0},{"side":3,"counterClockwiseDirection":true,"layer":0},{"side":2,"counterClockwiseDirection":true,"layer":0},{"side":0,"counterClockwiseDirection":false,"layer":0}],"totalTime":40119.69999998808,"data":{"armageddonCounter":0,"generations":3094,"metrics":[{"label":"CHECK_SOLUTION","totalTime":2102.9000003039837,"totalRelativeTime":"5.24%","numOfCalls":9281520,"avgTimePerCall":0.00022656849312440027},{"label":"APPLYING_ROTATIONS","totalTime":12728.099998414516,"totalRelativeTime":"31.72%","numOfCalls":9281511,"avgTimePerCall":0.0013713392138860274},{"label":"COMPUTE_GENE","totalTime":2170.2999998033047,"totalRelativeTime":"5.4%","numOfCalls":9281511,"avgTimePerCall":0.0002338304614198383},{"label":"CALCULATE_CITIZEN_SCORE","totalTime":4389.400004953146,"totalRelativeTime":"10.94%","numOfCalls":9281511,"avgTimePerCall":0.00047291868801891697},{"label":"AGGREGATE_CURRENT_GENERATION","totalTime":75.19999969005585,"totalRelativeTime":"0.18%","numOfCalls":309383,"avgTimePerCall":0.0002430644207666738},{"label":"CREATE_NEXT_GENERATION","totalTime":246.99999931454659,"totalRelativeTime":"0.61%","numOfCalls":3093,"avgTimePerCall":0.07985774306968851},{"label":"MEASUREMENT_OVERHEAD","totalTime":9036.499999552965,"totalRelativeTime":"22.52%","numOfCalls":0,"avgTimePerCall":9036.499999552965},{"label":"NOT_MEASURED","totalTime":9370.29999795556,"totalRelativeTime":"23.35%","numOfCalls":0,"avgTimePerCall":9370.29999795556}]}}},{"label":"2x2","key":"WA*","solution":{"rotations":[{"side":2,"counterClockwiseDirection":true,"layer":0},{"side":0,"counterClockwiseDirection":true,"layer":0},{"side":2,"counterClockwiseDirection":true,"layer":0},{"side":0,"counterClockwiseDirection":true,"layer":0},{"side":2,"counterClockwiseDirection":true,"layer":0},{"side":3,"counterClockwiseDirection":false,"layer":0},{"side":2,"counterClockwiseDirection":true,"layer":0},{"side":0,"counterClockwiseDirection":false,"layer":0},{"side":2,"counterClockwiseDirection":false,"layer":0},{"side":0,"counterClockwiseDirection":true,"layer":0},{"side":3,"counterClockwiseDirection":true,"layer":0},{"side":2,"counterClockwiseDirection":true,"layer":0},{"side":3,"counterClockwiseDirection":false,"layer":0},{"side":2,"counterClockwiseDirection":true,"layer":0},{"side":3,"counterClockwiseDirection":true,"layer":0},{"side":2,"counterClockwiseDirection":true,"layer":0},{"side":3,"counterClockwiseDirection":false,"layer":0}],"totalTime":1024.300000011921,"data":{"metrics":[{"label":"ITERATIONS_COUNTER_INCREMENT","totalTime":14.899999886751175,"totalRelativeTime":"1.45%","numOfCalls":59812,"avgTimePerCall":0.00024911388829584657},{"label":"ABORTED_VERIFICATION","totalTime":9.600000083446503,"totalRelativeTime":"0.93%","numOfCalls":29906,"avgTimePerCall":0.0003210058210207484},{"label":"POP_CANDIDATE","totalTime":19.599999874830246,"totalRelativeTime":"1.91%","numOfCalls":29906,"avgTimePerCall":0.0006553868747017403},{"label":"VISISTED_LIST_CHECK","totalTime":76.40000033378601,"totalRelativeTime":"7.45%","numOfCalls":161773,"avgTimePerCall":0.0004722666967527709},{"label":"CHECK_SOLUTION","totalTime":17.599999964237213,"totalRelativeTime":"1.71%","numOfCalls":27658,"avgTimePerCall":0.0006363439136682773},{"label":"ADD_TO_VISISTED_LIST_CHECK","totalTime":8.699999928474426,"totalRelativeTime":"0.84%","numOfCalls":27657,"avgTimePerCall":0.00031456773794968457},{"label":"PERFORM_ROTATION","totalTime":263.0000005662441,"totalRelativeTime":"25.67%","numOfCalls":131867,"avgTimePerCall":0.0019944337898507142},{"label":"HEURISTIC_CALCULATION","totalTime":96.50000020861626,"totalRelativeTime":"9.42%","numOfCalls":131867,"avgTimePerCall":0.0007317979495144066},{"label":"ADD_CANDIDATE","totalTime":71.70000004768372,"totalRelativeTime":"6.99%","numOfCalls":128533,"avgTimePerCall":0.0005578333972418268},{"label":"BUILD_SOLUTION","totalTime":0,"totalRelativeTime":"0%","numOfCalls":1,"avgTimePerCall":0},{"label":"MEASUREMENT_OVERHEAD","totalTime":208.69999906420708,"totalRelativeTime":"20.37%","numOfCalls":0,"avgTimePerCall":208.69999906420708},{"label":"NOT_MEASURED","totalTime":237.60000005364418,"totalRelativeTime":"23.19%","numOfCalls":0,"avgTimePerCall":237.60000005364418}],"visitedNodes":29906,"differentNodes":27658}}},{"label":"2x2","key":"BiBFS","solution":{"rotations":[{"side":3,"counterClockwiseDirection":false,"layer":0},{"side":2,"counterClockwiseDirection":false,"layer":0},{"side":0,"counterClockwiseDirection":true,"layer":0},{"side":3,"counterClockwiseDirection":true,"layer":0},{"side":2,"counterClockwiseDirection":true,"layer":0},{"side":3,"counterClockwiseDirection":true,"layer":0},{"side":2,"counterClockwiseDirection":false,"layer":0},{"side":2,"counterClockwiseDirection":false,"layer":0},{"side":0,"counterClockwiseDirection":true,"layer":0},{"side":3,"counterClockwiseDirection":false,"layer":0},{"side":3,"counterClockwiseDirection":false,"layer":0}],"totalTime":199.80000001192093,"data":{"metrics":[{"label":"POP_CANDIDATE","totalTime":1.7000000476837158,"totalRelativeTime":"0.85%","numOfCalls":7094,"avgTimePerCall":0.00023963913838225483},{"label":"VISISTED_LIST_CHECK","totalTime":16.89999982714653,"totalRelativeTime":"8.45%","numOfCalls":43659,"avgTimePerCall":0.00038709085932216793},{"label":"ADD_TO_VISISTED_LIST_CHECK","totalTime":3.100000023841858,"totalRelativeTime":"1.55%","numOfCalls":6202,"avgTimePerCall":0.0004998387655339983},{"label":"PERFORM_ROTATION","totalTime":91.60000029206276,"totalRelativeTime":"45.84%","numOfCalls":30362,"avgTimePerCall":0.003016929065676265},{"label":"ADD_CANDIDATE","totalTime":11.200000137090683,"totalRelativeTime":"5.6%","numOfCalls":30030,"avgTimePerCall":0.0003729603775254973},{"label":"MEASUREMENT_OVERHEAD","totalTime":35.999999672174454,"totalRelativeTime":"18.01%","numOfCalls":0,"avgTimePerCall":35.999999672174454},{"label":"NOT_MEASURED","totalTime":39.30000001192093,"totalRelativeTime":"19.66%","numOfCalls":0,"avgTimePerCall":39.30000001192093}],"iterations":3102,"visitedNodes":3102}}}]}