{"timestamp":1680909639399,"shuffle":"33:  U'   F    B    F    L    D'   F'  2L    F'   R    L'   F    B    D   2F    U    B    D'   R'   L'   U'   B'   R    U    F   2R    F    L    F'   R'  ","solutions":[{"label":"2x2","key":"IDDFS","solution":{"rotations":[{"side":3,"counterClockwiseDirection":true,"layer":0},{"side":2,"counterClockwiseDirection":false,"layer":0},{"side":0,"counterClockwiseDirection":true,"layer":0},{"side":0,"counterClockwiseDirection":true,"layer":0},{"side":3,"counterClockwiseDirection":true,"layer":0},{"side":0,"counterClockwiseDirection":true,"layer":0},{"side":3,"counterClockwiseDirection":true,"layer":0},{"side":3,"counterClockwiseDirection":true,"layer":0},{"side":2,"counterClockwiseDirection":false,"layer":0}],"totalTime":6011.4000000059605,"data":{"metrics":[{"label":"PERFORM_ROTATION","totalTime":2814.100001811981,"totalRelativeTime":"46.81%","numOfCalls":2238985,"avgTimePerCall":0.0012568641602386712},{"label":"ADD_CANDIDATE","totalTime":508.2999994754791,"totalRelativeTime":"8.45%","numOfCalls":2238985,"avgTimePerCall":0.00022702251219882183},{"label":"NOT_MEASURED","totalTime":2688.9999987185,"totalRelativeTime":"44.73%","numOfCalls":0,"avgTimePerCall":2688.9999987185}],"visitedNodes":601627,"iterations":[{"visitedNodes":37,"bound":2},{"visitedNodes":181,"bound":3},{"visitedNodes":877,"bound":4},{"visitedNodes":4237,"bound":5},{"visitedNodes":20461,"bound":6},{"visitedNodes":98797,"bound":7},{"visitedNodes":477037,"bound":8}]}}},{"label":"2x2","key":"IDA*","solution":{"rotations":[{"side":3,"counterClockwiseDirection":true,"layer":0},{"side":2,"counterClockwiseDirection":false,"layer":0},{"side":0,"counterClockwiseDirection":true,"layer":0},{"side":0,"counterClockwiseDirection":true,"layer":0},{"side":3,"counterClockwiseDirection":true,"layer":0},{"side":0,"counterClockwiseDirection":true,"layer":0},{"side":3,"counterClockwiseDirection":true,"layer":0},{"side":3,"counterClockwiseDirection":true,"layer":0},{"side":2,"counterClockwiseDirection":false,"layer":0}],"totalTime":16092.100000023842,"data":{"metrics":[{"label":"PERFORM_ROTATION","totalTime":8107.200001895428,"totalRelativeTime":"50.38%","numOfCalls":6565250,"avgTimePerCall":0.0012348653900301479},{"label":"ADD_CANDIDATE","totalTime":1413.700002193451,"totalRelativeTime":"8.78%","numOfCalls":6565250,"avgTimePerCall":0.0002153307188901338},{"label":"NOT_MEASURED","totalTime":6571.199995934963,"totalRelativeTime":"40.83%","numOfCalls":0,"avgTimePerCall":6571.199995934963}],"visitedNodes":177087,"iterations":[{"visitedNodes":7,"bound":2},{"visitedNodes":37,"bound":3.25},{"visitedNodes":573,"bound":4.5},{"visitedNodes":4242,"bound":5.75},{"visitedNodes":21485,"bound":7},{"visitedNodes":150743,"bound":8.25}]}}},{"label":"2x2","key":"SA","solution":{"rotations":[{"side":0,"counterClockwiseDirection":true,"layer":0},{"side":3,"counterClockwiseDirection":false,"layer":0},{"side":2,"counterClockwiseDirection":false,"layer":0},{"side":2,"counterClockwiseDirection":false,"layer":0},{"side":0,"counterClockwiseDirection":true,"layer":0},{"side":2,"counterClockwiseDirection":false,"layer":0},{"side":3,"counterClockwiseDirection":false,"layer":0},{"side":3,"counterClockwiseDirection":false,"layer":0},{"side":2,"counterClockwiseDirection":true,"layer":0},{"side":2,"counterClockwiseDirection":true,"layer":0},{"layer":0,"side":0,"counterClockwiseDirection":false},{"side":3,"counterClockwiseDirection":false,"layer":0},{"side":0,"counterClockwiseDirection":false,"layer":0},{"side":0,"counterClockwiseDirection":false,"layer":0},{"side":2,"counterClockwiseDirection":false,"layer":0},{"side":0,"counterClockwiseDirection":true,"layer":0},{"side":3,"counterClockwiseDirection":false,"layer":0},{"side":0,"counterClockwiseDirection":false,"layer":0},{"side":2,"counterClockwiseDirection":true,"layer":0}],"totalTime":69247.5,"data":{"restartCounter":1,"iterations":7383,"metrics":[{"label":"CHECK_SOLUTION","totalTime":3723.1000007987022,"totalRelativeTime":"5.37%","numOfCalls":22147410,"avgTimePerCall":0.00016810543538945197},{"label":"APPLYING_ROTATIONS","totalTime":21364.800006479025,"totalRelativeTime":"30.85%","numOfCalls":22147407,"avgTimePerCall":0.0009646637191649129},{"label":"COMPUTE_ROTATION","totalTime":3850.599994957447,"totalRelativeTime":"5.56%","numOfCalls":22147407,"avgTimePerCall":0.00017386233950355664},{"label":"CALCULATE_CITIZEN_SCORE","totalTime":7810.100004941225,"totalRelativeTime":"11.27%","numOfCalls":22147407,"avgTimePerCall":0.0003526417338581092},{"label":"AGGREGATE_CURRENT_GENERATION","totalTime":126.90000012516975,"totalRelativeTime":"0.18%","numOfCalls":738246,"avgTimePerCall":0.0001718939217078992},{"label":"CREATE_NEXT_GENERATION","totalTime":488.0000002682209,"totalRelativeTime":"0.7%","numOfCalls":7382,"avgTimePerCall":0.0661067461755921},{"label":"MEASUREMENT_OVERHEAD","totalTime":15862.699988603592,"totalRelativeTime":"22.9%","numOfCalls":0,"avgTimePerCall":15862.699988603592},{"label":"NOT_MEASURED","totalTime":16021.300003826618,"totalRelativeTime":"23.13%","numOfCalls":0,"avgTimePerCall":16021.300003826618}]}}},{"label":"2x2","key":"GA","solution":{"rotations":[{"side":0,"counterClockwiseDirection":false,"layer":0},{"side":3,"counterClockwiseDirection":false,"layer":0},{"side":2,"counterClockwiseDirection":true,"layer":0},{"side":3,"counterClockwiseDirection":false,"layer":0},{"side":0,"counterClockwiseDirection":true,"layer":0},{"side":2,"counterClockwiseDirection":false,"layer":0},{"side":3,"counterClockwiseDirection":true,"layer":0},{"side":0,"counterClockwiseDirection":false,"layer":0},{"side":3,"counterClockwiseDirection":false,"layer":0},{"side":0,"counterClockwiseDirection":true,"layer":0},{"side":0,"counterClockwiseDirection":true,"layer":0},{"side":3,"counterClockwiseDirection":true,"layer":0},{"side":2,"counterClockwiseDirection":false,"layer":0},{"side":3,"counterClockwiseDirection":true,"layer":0},{"side":0,"counterClockwiseDirection":true,"layer":0},{"side":3,"counterClockwiseDirection":false,"layer":0},{"side":2,"counterClockwiseDirection":false,"layer":0}],"totalTime":9284.800000011921,"data":{"armageddonCounter":0,"generations":767,"metrics":[{"label":"CHECK_SOLUTION","totalTime":496.0000002980232,"totalRelativeTime":"5.34%","numOfCalls":2299020,"avgTimePerCall":0.00021574409978948562},{"label":"APPLYING_ROTATIONS","totalTime":2840.0000009536743,"totalRelativeTime":"30.58%","numOfCalls":2299013,"avgTimePerCall":0.0012353127193946594},{"label":"COMPUTE_GENE","totalTime":515.9999994039536,"totalRelativeTime":"5.55%","numOfCalls":2299013,"avgTimePerCall":0.00022444414163989222},{"label":"CALCULATE_CITIZEN_SCORE","totalTime":1026.1000000238419,"totalRelativeTime":"11.05%","numOfCalls":2299013,"avgTimePerCall":0.0004463219651319248},{"label":"AGGREGATE_CURRENT_GENERATION","totalTime":17.599999874830246,"totalRelativeTime":"0.18%","numOfCalls":76633,"avgTimePerCall":0.00022966606911944262},{"label":"CREATE_NEXT_GENERATION","totalTime":55.1000000834465,"totalRelativeTime":"0.59%","numOfCalls":766,"avgTimePerCall":0.07193211499144452},{"label":"MEASUREMENT_OVERHEAD","totalTime":2133.600001066923,"totalRelativeTime":"22.97%","numOfCalls":0,"avgTimePerCall":2133.600001066923},{"label":"NOT_MEASURED","totalTime":2200.399998307228,"totalRelativeTime":"23.69%","numOfCalls":0,"avgTimePerCall":2200.399998307228}]}}},{"label":"2x2","key":"WA*","solution":{"rotations":[{"side":3,"counterClockwiseDirection":false,"layer":0},{"side":0,"counterClockwiseDirection":true,"layer":0},{"side":2,"counterClockwiseDirection":true,"layer":0},{"side":0,"counterClockwiseDirection":true,"layer":0},{"side":3,"counterClockwiseDirection":false,"layer":0},{"side":2,"counterClockwiseDirection":true,"layer":0},{"side":2,"counterClockwiseDirection":true,"layer":0},{"side":0,"counterClockwiseDirection":true,"layer":0},{"side":2,"counterClockwiseDirection":false,"layer":0},{"side":2,"counterClockwiseDirection":false,"layer":0},{"side":0,"counterClockwiseDirection":true,"layer":0},{"side":2,"counterClockwiseDirection":true,"layer":0},{"side":0,"counterClockwiseDirection":false,"layer":0},{"side":0,"counterClockwiseDirection":false,"layer":0},{"side":3,"counterClockwiseDirection":true,"layer":0},{"side":2,"counterClockwiseDirection":true,"layer":0},{"side":3,"counterClockwiseDirection":false,"layer":0}],"totalTime":432.5,"data":{"metrics":[{"label":"ITERATIONS_COUNTER_INCREMENT","totalTime":6.099999904632568,"totalRelativeTime":"1.41%","numOfCalls":35180,"avgTimePerCall":0.00017339397113793543},{"label":"ABORTED_VERIFICATION","totalTime":3.10000017285347,"totalRelativeTime":"0.71%","numOfCalls":17590,"avgTimePerCall":0.00017623650783703636},{"label":"POP_CANDIDATE","totalTime":8.899999976158142,"totalRelativeTime":"2.05%","numOfCalls":17590,"avgTimePerCall":0.0005059692993836352},{"label":"VISISTED_LIST_CHECK","totalTime":26.899999976158142,"totalRelativeTime":"6.21%","numOfCalls":95728,"avgTimePerCall":0.0002810045125371693},{"label":"CHECK_SOLUTION","totalTime":2.9000000953674316,"totalRelativeTime":"0.67%","numOfCalls":16383,"avgTimePerCall":0.00017701276294741083},{"label":"ADD_TO_VISISTED_LIST_CHECK","totalTime":3.3000000417232513,"totalRelativeTime":"0.76%","numOfCalls":16382,"avgTimePerCall":0.00020144060808956484},{"label":"PERFORM_ROTATION","totalTime":117.60000032186508,"totalRelativeTime":"27.19%","numOfCalls":78138,"avgTimePerCall":0.001505029567199891},{"label":"HEURISTIC_CALCULATION","totalTime":48.5,"totalRelativeTime":"11.21%","numOfCalls":78138,"avgTimePerCall":0.0006206967160664466},{"label":"ADD_CANDIDATE","totalTime":18.099999636411667,"totalRelativeTime":"4.18%","numOfCalls":76523,"avgTimePerCall":0.0002365301887852236},{"label":"BUILD_SOLUTION","totalTime":0,"totalRelativeTime":"0%","numOfCalls":1,"avgTimePerCall":0},{"label":"MEASUREMENT_OVERHEAD","totalTime":84.40000006556511,"totalRelativeTime":"19.51%","numOfCalls":0,"avgTimePerCall":84.40000006556511},{"label":"NOT_MEASURED","totalTime":112.69999980926514,"totalRelativeTime":"26.05%","numOfCalls":0,"avgTimePerCall":112.69999980926514}],"visitedNodes":17590,"differentNodes":16383}}},{"label":"2x2","key":"BiBFS","solution":{"rotations":[{"side":3,"counterClockwiseDirection":true,"layer":0},{"side":2,"counterClockwiseDirection":false,"layer":0},{"side":0,"counterClockwiseDirection":true,"layer":0},{"side":0,"counterClockwiseDirection":true,"layer":0},{"side":3,"counterClockwiseDirection":true,"layer":0},{"side":0,"counterClockwiseDirection":true,"layer":0},{"side":3,"counterClockwiseDirection":false,"layer":0},{"side":3,"counterClockwiseDirection":false,"layer":0},{"side":2,"counterClockwiseDirection":false,"layer":0}],"totalTime":77.59999999403954,"data":{"metrics":[{"label":"POP_CANDIDATE","totalTime":0.800000011920929,"totalRelativeTime":"1.03%","numOfCalls":2408,"avgTimePerCall":0.0003322259185718143},{"label":"VISISTED_LIST_CHECK","totalTime":5.499999910593033,"totalRelativeTime":"7.08%","numOfCalls":15308,"avgTimePerCall":0.0003592892546768378},{"label":"ADD_TO_VISISTED_LIST_CHECK","totalTime":1.5000000894069672,"totalRelativeTime":"1.93%","numOfCalls":2186,"avgTimePerCall":0.0006861848533426199},{"label":"PERFORM_ROTATION","totalTime":36.90000009536743,"totalRelativeTime":"47.55%","numOfCalls":10712,"avgTimePerCall":0.0034447348856765712},{"label":"ADD_CANDIDATE","totalTime":4.10000005364418,"totalRelativeTime":"5.28%","numOfCalls":10636,"avgTimePerCall":0.00038548326942874954},{"label":"MEASUREMENT_OVERHEAD","totalTime":9.899999916553497,"totalRelativeTime":"12.75%","numOfCalls":0,"avgTimePerCall":9.899999916553497},{"label":"NOT_MEASURED","totalTime":18.899999916553497,"totalRelativeTime":"24.35%","numOfCalls":0,"avgTimePerCall":18.899999916553497}],"iterations":1094,"visitedNodes":1094}}}]}