{"timestamp":1680926095551,"shuffle":"35:  U    L'   D   2U    B    D    R'   F'   R    F'   B'   F    L'   F'   U'   R   2F   2R    B    D'  2U    D    L   2R    D'   F'   U'  2R    U   ","solutions":[{"label":"2x2","key":"IDDFS","solution":{"rotations":[{"side":0,"counterClockwiseDirection":true,"layer":0},{"side":2,"counterClockwiseDirection":false,"layer":0},{"side":3,"counterClockwiseDirection":true,"layer":0},{"side":0,"counterClockwiseDirection":false,"layer":0},{"side":2,"counterClockwiseDirection":false,"layer":0},{"side":3,"counterClockwiseDirection":false,"layer":0},{"side":2,"counterClockwiseDirection":false,"layer":0}],"totalTime":235.2000000178814,"data":{"metrics":[{"label":"PERFORM_ROTATION","totalTime":106.69999995827675,"totalRelativeTime":"45.36%","numOfCalls":64640,"avgTimePerCall":0.0016506806924238358},{"label":"ADD_CANDIDATE","totalTime":16.10000005364418,"totalRelativeTime":"6.84%","numOfCalls":64640,"avgTimePerCall":0.0002490717830081092},{"label":"NOT_MEASURED","totalTime":112.40000000596046,"totalRelativeTime":"47.78%","numOfCalls":0,"avgTimePerCall":112.40000000596046}],"visitedNodes":25793,"iterations":[{"visitedNodes":37,"bound":2},{"visitedNodes":181,"bound":3},{"visitedNodes":877,"bound":4},{"visitedNodes":4237,"bound":5},{"visitedNodes":20461,"bound":6}]}}},{"label":"2x2","key":"IDA*","solution":{"rotations":[{"side":0,"counterClockwiseDirection":true,"layer":0},{"side":2,"counterClockwiseDirection":false,"layer":0},{"side":3,"counterClockwiseDirection":true,"layer":0},{"side":0,"counterClockwiseDirection":false,"layer":0},{"side":2,"counterClockwiseDirection":false,"layer":0},{"side":3,"counterClockwiseDirection":false,"layer":0},{"side":2,"counterClockwiseDirection":false,"layer":0}],"totalTime":205.09999999403954,"data":{"metrics":[{"label":"PERFORM_ROTATION","totalTime":97.19999960064888,"totalRelativeTime":"47.39%","numOfCalls":67145,"avgTimePerCall":0.0014476133680936612},{"label":"ADD_CANDIDATE","totalTime":15.199999988079071,"totalRelativeTime":"7.41%","numOfCalls":67145,"avgTimePerCall":0.0002263757537877589},{"label":"NOT_MEASURED","totalTime":92.70000040531158,"totalRelativeTime":"45.19%","numOfCalls":0,"avgTimePerCall":92.70000040531158}],"visitedNodes":5107,"iterations":[{"visitedNodes":12,"bound":2},{"visitedNodes":82,"bound":3.25},{"visitedNodes":721,"bound":4.5},{"visitedNodes":4292,"bound":5.75}]}}},{"label":"2x2","key":"SA","solution":{"rotations":[{"side":0,"counterClockwiseDirection":false,"layer":0},{"side":3,"counterClockwiseDirection":true,"layer":0},{"side":0,"counterClockwiseDirection":false,"layer":0},{"side":0,"counterClockwiseDirection":false,"layer":0},{"side":2,"counterClockwiseDirection":true,"layer":0},{"side":3,"counterClockwiseDirection":true,"layer":0},{"side":3,"counterClockwiseDirection":true,"layer":0},{"side":2,"counterClockwiseDirection":true,"layer":0},{"side":0,"counterClockwiseDirection":true,"layer":0}],"totalTime":686.8999999761581,"data":{"restartCounter":0,"iterations":65,"metrics":[{"label":"CHECK_SOLUTION","totalTime":32.79999989271164,"totalRelativeTime":"4.77%","numOfCalls":192510,"avgTimePerCall":0.0001703807588837548},{"label":"APPLYING_ROTATIONS","totalTime":206.89999878406525,"totalRelativeTime":"30.12%","numOfCalls":192495,"avgTimePerCall":0.0010748331062316696},{"label":"COMPUTE_ROTATION","totalTime":35.699999898672104,"totalRelativeTime":"5.19%","numOfCalls":192495,"avgTimePerCall":0.0001854593620544539},{"label":"CALCULATE_CITIZEN_SCORE","totalTime":73.50000068545341,"totalRelativeTime":"10.7%","numOfCalls":192495,"avgTimePerCall":0.0003818281029920435},{"label":"AGGREGATE_CURRENT_GENERATION","totalTime":1.2000000178813934,"totalRelativeTime":"0.17%","numOfCalls":6416,"avgTimePerCall":0.00018703242173961869},{"label":"CREATE_NEXT_GENERATION","totalTime":4.699999958276749,"totalRelativeTime":"0.68%","numOfCalls":64,"avgTimePerCall":0.0734374993480742},{"label":"MEASUREMENT_OVERHEAD","totalTime":158.10000076889992,"totalRelativeTime":"23.01%","numOfCalls":0,"avgTimePerCall":158.10000076889992},{"label":"NOT_MEASURED","totalTime":173.99999997019768,"totalRelativeTime":"25.33%","numOfCalls":0,"avgTimePerCall":173.99999997019768}]}}},{"label":"2x2","key":"GA","solution":{"rotations":[{"side":3,"counterClockwiseDirection":false,"layer":0},{"side":0,"counterClockwiseDirection":false,"layer":0},{"side":2,"counterClockwiseDirection":true,"layer":0},{"side":3,"counterClockwiseDirection":true,"layer":0},{"side":0,"counterClockwiseDirection":false,"layer":0},{"side":0,"counterClockwiseDirection":false,"layer":0},{"side":2,"counterClockwiseDirection":true,"layer":0},{"side":0,"counterClockwiseDirection":false,"layer":0},{"side":2,"counterClockwiseDirection":true,"layer":0},{"side":0,"counterClockwiseDirection":true,"layer":0},{"side":3,"counterClockwiseDirection":true,"layer":0},{"side":2,"counterClockwiseDirection":true,"layer":0},{"side":0,"counterClockwiseDirection":true,"layer":0}],"totalTime":917.7999999821186,"data":{"armageddonCounter":0,"generations":92,"metrics":[{"label":"CHECK_SOLUTION","totalTime":48.8999999165535,"totalRelativeTime":"5.32%","numOfCalls":274500,"avgTimePerCall":0.0001781420761987377},{"label":"APPLYING_ROTATIONS","totalTime":292.50000071525574,"totalRelativeTime":"31.86%","numOfCalls":274485,"avgTimePerCall":0.0010656320043545395},{"label":"COMPUTE_GENE","totalTime":44.499999940395355,"totalRelativeTime":"4.84%","numOfCalls":274485,"avgTimePerCall":0.00016212179150188664},{"label":"CALCULATE_CITIZEN_SCORE","totalTime":122.19999921321869,"totalRelativeTime":"13.31%","numOfCalls":274485,"avgTimePerCall":0.00044519736675307825},{"label":"AGGREGATE_CURRENT_GENERATION","totalTime":1.3000000715255737,"totalRelativeTime":"0.14%","numOfCalls":9149,"avgTimePerCall":0.0001420920397339134},{"label":"CREATE_NEXT_GENERATION","totalTime":7.199999988079071,"totalRelativeTime":"0.78%","numOfCalls":91,"avgTimePerCall":0.0791208789898799},{"label":"MEASUREMENT_OVERHEAD","totalTime":208.20000019669533,"totalRelativeTime":"22.68%","numOfCalls":0,"avgTimePerCall":208.20000019669533},{"label":"NOT_MEASURED","totalTime":192.99999994039536,"totalRelativeTime":"21.02%","numOfCalls":0,"avgTimePerCall":192.99999994039536}]}}},{"label":"2x2","key":"WA*","solution":{"rotations":[{"side":3,"counterClockwiseDirection":false,"layer":0},{"side":2,"counterClockwiseDirection":true,"layer":0},{"side":0,"counterClockwiseDirection":true,"layer":0},{"side":2,"counterClockwiseDirection":true,"layer":0},{"side":2,"counterClockwiseDirection":true,"layer":0},{"side":0,"counterClockwiseDirection":false,"layer":0},{"side":2,"counterClockwiseDirection":false,"layer":0},{"side":2,"counterClockwiseDirection":false,"layer":0},{"side":3,"counterClockwiseDirection":false,"layer":0},{"side":2,"counterClockwiseDirection":true,"layer":0},{"side":3,"counterClockwiseDirection":true,"layer":0},{"side":2,"counterClockwiseDirection":true,"layer":0},{"side":0,"counterClockwiseDirection":true,"layer":0},{"side":3,"counterClockwiseDirection":false,"layer":0},{"side":0,"counterClockwiseDirection":false,"layer":0}],"totalTime":949,"data":{"metrics":[{"label":"ITERATIONS_COUNTER_INCREMENT","totalTime":17.400000035762787,"totalRelativeTime":"1.83%","numOfCalls":94168,"avgTimePerCall":0.00018477614514232846},{"label":"ABORTED_VERIFICATION","totalTime":9.099999964237213,"totalRelativeTime":"0.95%","numOfCalls":47084,"avgTimePerCall":0.00019327159893461077},{"label":"POP_CANDIDATE","totalTime":21.400000005960464,"totalRelativeTime":"2.25%","numOfCalls":47084,"avgTimePerCall":0.0004545068389678121},{"label":"VISISTED_LIST_CHECK","totalTime":78.0999992787838,"totalRelativeTime":"8.22%","numOfCalls":253921,"avgTimePerCall":0.0003075759755151555},{"label":"CHECK_SOLUTION","totalTime":8.099999785423279,"totalRelativeTime":"0.85%","numOfCalls":43376,"avgTimePerCall":0.0001867392056764865},{"label":"ADD_TO_VISISTED_LIST_CHECK","totalTime":9.20000010728836,"totalRelativeTime":"0.96%","numOfCalls":43375,"avgTimePerCall":0.0002121037488712014},{"label":"PERFORM_ROTATION","totalTime":210.1000000834465,"totalRelativeTime":"22.13%","numOfCalls":206837,"avgTimePerCall":0.001015775707844566},{"label":"HEURISTIC_CALCULATION","totalTime":96.69999971985817,"totalRelativeTime":"10.18%","numOfCalls":206837,"avgTimePerCall":0.00046751789921463844},{"label":"ADD_CANDIDATE","totalTime":48.40000006556511,"totalRelativeTime":"5.1%","numOfCalls":200655,"avgTimePerCall":0.0002412100374551599},{"label":"BUILD_SOLUTION","totalTime":0.09999999403953552,"totalRelativeTime":"0.01%","numOfCalls":1,"avgTimePerCall":0.09999999403953552},{"label":"MEASUREMENT_OVERHEAD","totalTime":216.90000122785568,"totalRelativeTime":"22.85%","numOfCalls":0,"avgTimePerCall":216.90000122785568},{"label":"NOT_MEASURED","totalTime":233.4999997317791,"totalRelativeTime":"24.6%","numOfCalls":0,"avgTimePerCall":233.4999997317791}],"visitedNodes":47084,"differentNodes":43376}}},{"label":"2x2","key":"BiBFS","solution":{"rotations":[{"side":0,"counterClockwiseDirection":true,"layer":0},{"side":2,"counterClockwiseDirection":false,"layer":0},{"side":3,"counterClockwiseDirection":true,"layer":0},{"side":0,"counterClockwiseDirection":false,"layer":0},{"side":2,"counterClockwiseDirection":false,"layer":0},{"side":3,"counterClockwiseDirection":false,"layer":0},{"side":2,"counterClockwiseDirection":false,"layer":0}],"totalTime":21.19999998807907,"data":{"metrics":[{"label":"POP_CANDIDATE","totalTime":0.19999998807907104,"totalRelativeTime":"0.94%","numOfCalls":912,"avgTimePerCall":0.00021929823254284106},{"label":"VISISTED_LIST_CHECK","totalTime":3.0000000596046448,"totalRelativeTime":"14.15%","numOfCalls":5800,"avgTimePerCall":0.0005172413895870077},{"label":"ADD_TO_VISISTED_LIST_CHECK","totalTime":0.40000003576278687,"totalRelativeTime":"1.88%","numOfCalls":828,"avgTimePerCall":0.0004830918306313851},{"label":"PERFORM_ROTATION","totalTime":9.799999982118607,"totalRelativeTime":"46.22%","numOfCalls":4058,"avgTimePerCall":0.0024149827457167587},{"label":"ADD_CANDIDATE","totalTime":1.0999999940395355,"totalRelativeTime":"5.18%","numOfCalls":4058,"avgTimePerCall":0.0002710694908919506},{"label":"MEASUREMENT_OVERHEAD","totalTime":3.099999964237213,"totalRelativeTime":"14.62%","numOfCalls":0,"avgTimePerCall":3.099999964237213},{"label":"NOT_MEASURED","totalTime":3.599999964237213,"totalRelativeTime":"16.98%","numOfCalls":0,"avgTimePerCall":3.599999964237213}],"iterations":415,"visitedNodes":415}}}]}