{"timestamp":1680984567461,"shuffle":"36: 2F    U'   R   2L    B'   D    U'   B'   R    F'   U    B   2U    R   2U    B'  2F    R'   U'  2D    L    B    R    U'   R'  2D    F'  2R   ","solutions":[{"label":"2x2","key":"IDDFS","solution":{"rotations":[{"side":2,"counterClockwiseDirection":true,"layer":0},{"side":2,"counterClockwiseDirection":true,"layer":0},{"side":3,"counterClockwiseDirection":true,"layer":0},{"side":2,"counterClockwiseDirection":true,"layer":0},{"side":2,"counterClockwiseDirection":true,"layer":0},{"side":3,"counterClockwiseDirection":true,"layer":0},{"side":2,"counterClockwiseDirection":false,"layer":0},{"side":3,"counterClockwiseDirection":true,"layer":0},{"side":0,"counterClockwiseDirection":false,"layer":0},{"side":3,"counterClockwiseDirection":false,"layer":0},{"side":2,"counterClockwiseDirection":true,"layer":0},{"side":3,"counterClockwiseDirection":true,"layer":0}],"totalTime":179568.1000000015,"data":{"metrics":[{"label":"PERFORM_ROTATION","totalTime":84071.79999996722,"totalRelativeTime":"46.81%","numOfCalls":71472020,"avgTimePerCall":0.0011762896865090313},{"label":"ADD_CANDIDATE","totalTime":15026.299998899922,"totalRelativeTime":"8.36%","numOfCalls":71472020,"avgTimePerCall":0.00021024031500578718},{"label":"NOT_MEASURED","totalTime":80470.00000113435,"totalRelativeTime":"44.81%","numOfCalls":0,"avgTimePerCall":80470.00000113435}],"visitedNodes":67725922,"iterations":[{"visitedNodes":37,"bound":2},{"visitedNodes":181,"bound":3},{"visitedNodes":877,"bound":4},{"visitedNodes":4237,"bound":5},{"visitedNodes":20461,"bound":6},{"visitedNodes":98797,"bound":7},{"visitedNodes":477037,"bound":8},{"visitedNodes":2303341,"bound":9},{"visitedNodes":11121517,"bound":10},{"visitedNodes":53699437,"bound":11}]}}},{"label":"2x2","key":"IDA*","solution":{"rotations":[{"side":2,"counterClockwiseDirection":true,"layer":0},{"side":2,"counterClockwiseDirection":true,"layer":0},{"side":3,"counterClockwiseDirection":true,"layer":0},{"side":2,"counterClockwiseDirection":true,"layer":0},{"side":2,"counterClockwiseDirection":true,"layer":0},{"side":3,"counterClockwiseDirection":true,"layer":0},{"side":2,"counterClockwiseDirection":false,"layer":0},{"side":3,"counterClockwiseDirection":true,"layer":0},{"side":0,"counterClockwiseDirection":false,"layer":0},{"side":3,"counterClockwiseDirection":false,"layer":0},{"side":2,"counterClockwiseDirection":true,"layer":0},{"side":3,"counterClockwiseDirection":true,"layer":0}],"totalTime":163839.09999999963,"data":{"metrics":[{"label":"PERFORM_ROTATION","totalTime":80576.3999979496,"totalRelativeTime":"49.18%","numOfCalls":67244346,"avgTimePerCall":0.0011982628249213637},{"label":"ADD_CANDIDATE","totalTime":14421.60000010766,"totalRelativeTime":"8.8%","numOfCalls":67244346,"avgTimePerCall":0.0002144656147017574},{"label":"NOT_MEASURED","totalTime":68841.10000194237,"totalRelativeTime":"42.01%","numOfCalls":0,"avgTimePerCall":68841.10000194237}],"visitedNodes":13105613,"iterations":[{"visitedNodes":7,"bound":2},{"visitedNodes":78,"bound":3.25},{"visitedNodes":761,"bound":4.5},{"visitedNodes":4237,"bound":5.75},{"visitedNodes":22023,"bound":7},{"visitedNodes":165095,"bound":8.25},{"visitedNodes":1754560,"bound":9.5},{"visitedNodes":11158852,"bound":10.75}]}}},{"label":"2x2","key":"SA","solution":{"rotations":[{"side":3,"counterClockwiseDirection":false,"layer":0},{"side":0,"counterClockwiseDirection":false,"layer":0},{"side":3,"counterClockwiseDirection":true,"layer":0},{"side":0,"counterClockwiseDirection":true,"layer":0},{"side":3,"counterClockwiseDirection":true,"layer":0},{"side":2,"counterClockwiseDirection":true,"layer":0},{"side":3,"counterClockwiseDirection":true,"layer":0},{"side":3,"counterClockwiseDirection":true,"layer":0},{"side":0,"counterClockwiseDirection":false,"layer":0},{"side":0,"counterClockwiseDirection":false,"layer":0},{"layer":0,"side":3,"counterClockwiseDirection":false},{"side":0,"counterClockwiseDirection":true,"layer":0},{"side":2,"counterClockwiseDirection":true,"layer":0},{"side":2,"counterClockwiseDirection":true,"layer":0},{"side":3,"counterClockwiseDirection":true,"layer":0},{"side":2,"counterClockwiseDirection":false,"layer":0}],"totalTime":87566.5,"data":{"restartCounter":1,"iterations":6598,"metrics":[{"label":"CHECK_SOLUTION","totalTime":4606.8999998271465,"totalRelativeTime":"5.26%","numOfCalls":19793310,"avgTimePerCall":0.00023275035857201986},{"label":"APPLYING_ROTATIONS","totalTime":26434.69999936782,"totalRelativeTime":"30.18%","numOfCalls":19793304,"avgTimePerCall":0.0013355375130583464},{"label":"COMPUTE_ROTATION","totalTime":4815.200000010431,"totalRelativeTime":"5.49%","numOfCalls":19793304,"avgTimePerCall":0.00024327419010037086},{"label":"CALCULATE_CITIZEN_SCORE","totalTime":10541.599999809638,"totalRelativeTime":"12.03%","numOfCalls":19793304,"avgTimePerCall":0.0005325841506708349},{"label":"AGGREGATE_CURRENT_GENERATION","totalTime":160.00000006705523,"totalRelativeTime":"0.18%","numOfCalls":659776,"avgTimePerCall":0.0002425065477784206},{"label":"CREATE_NEXT_GENERATION","totalTime":513.5000000055879,"totalRelativeTime":"0.58%","numOfCalls":6597,"avgTimePerCall":0.07783841139996786},{"label":"MEASUREMENT_OVERHEAD","totalTime":20477.499999482185,"totalRelativeTime":"23.38%","numOfCalls":0,"avgTimePerCall":20477.499999482185},{"label":"NOT_MEASURED","totalTime":20017.10000143014,"totalRelativeTime":"22.85%","numOfCalls":0,"avgTimePerCall":20017.10000143014}]}}},{"label":"2x2","key":"GA","solution":{"rotations":[{"side":0,"counterClockwiseDirection":false,"layer":0},{"side":2,"counterClockwiseDirection":false,"layer":0},{"side":3,"counterClockwiseDirection":true,"layer":0},{"side":0,"counterClockwiseDirection":true,"layer":0},{"side":0,"counterClockwiseDirection":true,"layer":0},{"side":2,"counterClockwiseDirection":false,"layer":0},{"side":3,"counterClockwiseDirection":true,"layer":0},{"side":3,"counterClockwiseDirection":true,"layer":0},{"side":2,"counterClockwiseDirection":true,"layer":0},{"side":3,"counterClockwiseDirection":false,"layer":0},{"side":0,"counterClockwiseDirection":true,"layer":0},{"side":3,"counterClockwiseDirection":false,"layer":0},{"side":2,"counterClockwiseDirection":false,"layer":0},{"side":0,"counterClockwiseDirection":true,"layer":0}],"totalTime":32629.200000001118,"data":{"armageddonCounter":0,"generations":3099,"metrics":[{"label":"CHECK_SOLUTION","totalTime":1681.000000052154,"totalRelativeTime":"5.15%","numOfCalls":9295920,"avgTimePerCall":0.00018083202093522257},{"label":"APPLYING_ROTATIONS","totalTime":10254.600000148639,"totalRelativeTime":"31.42%","numOfCalls":9295916,"avgTimePerCall":0.001103129589396961},{"label":"COMPUTE_GENE","totalTime":1789.5000000242144,"totalRelativeTime":"5.48%","numOfCalls":9295916,"avgTimePerCall":0.00019250389095859025},{"label":"CALCULATE_CITIZEN_SCORE","totalTime":3679.2999998368323,"totalRelativeTime":"11.27%","numOfCalls":9295916,"avgTimePerCall":0.00039579746631067153},{"label":"AGGREGATE_CURRENT_GENERATION","totalTime":54.700000032782555,"totalRelativeTime":"0.16%","numOfCalls":309863,"avgTimePerCall":0.00017652962771541795},{"label":"CREATE_NEXT_GENERATION","totalTime":187.5,"totalRelativeTime":"0.57%","numOfCalls":3098,"avgTimePerCall":0.0605229180116204},{"label":"MEASUREMENT_OVERHEAD","totalTime":7461.899999551475,"totalRelativeTime":"22.86%","numOfCalls":0,"avgTimePerCall":7461.899999551475},{"label":"NOT_MEASURED","totalTime":7520.70000035502,"totalRelativeTime":"23.04%","numOfCalls":0,"avgTimePerCall":7520.70000035502}]}}},{"label":"2x2","key":"WA*","solution":{"rotations":[{"side":0,"counterClockwiseDirection":false,"layer":0},{"side":3,"counterClockwiseDirection":false,"layer":0},{"side":0,"counterClockwiseDirection":false,"layer":0},{"side":3,"counterClockwiseDirection":true,"layer":0},{"side":2,"counterClockwiseDirection":true,"layer":0},{"side":3,"counterClockwiseDirection":false,"layer":0},{"side":0,"counterClockwiseDirection":true,"layer":0},{"side":3,"counterClockwiseDirection":true,"layer":0},{"side":2,"counterClockwiseDirection":false,"layer":0},{"side":0,"counterClockwiseDirection":true,"layer":0},{"side":3,"counterClockwiseDirection":false,"layer":0},{"side":0,"counterClockwiseDirection":false,"layer":0}],"totalTime":185.69999999925494,"data":{"metrics":[{"label":"ITERATIONS_COUNTER_INCREMENT","totalTime":2.699999999254942,"totalRelativeTime":"1.45%","numOfCalls":13004,"avgTimePerCall":0.00020762842196669809},{"label":"ABORTED_VERIFICATION","totalTime":1.7999999951571226,"totalRelativeTime":"0.96%","numOfCalls":6502,"avgTimePerCall":0.0002768378952871613},{"label":"POP_CANDIDATE","totalTime":5.100000008940697,"totalRelativeTime":"2.74%","numOfCalls":6502,"avgTimePerCall":0.0007843740401323741},{"label":"VISISTED_LIST_CHECK","totalTime":11.500000014901161,"totalRelativeTime":"6.19%","numOfCalls":35540,"avgTimePerCall":0.00032357906626058415},{"label":"CHECK_SOLUTION","totalTime":1.0999999959021807,"totalRelativeTime":"0.59%","numOfCalls":6092,"avgTimePerCall":0.0001805646743109292},{"label":"ADD_TO_VISISTED_LIST_CHECK","totalTime":1.4999999944120646,"totalRelativeTime":"0.8%","numOfCalls":6091,"avgTimePerCall":0.0002462649802022762},{"label":"PERFORM_ROTATION","totalTime":52.79999999888241,"totalRelativeTime":"28.43%","numOfCalls":29038,"avgTimePerCall":0.0018183070459013159},{"label":"HEURISTIC_CALCULATION","totalTime":28.69999998435378,"totalRelativeTime":"15.45%","numOfCalls":29038,"avgTimePerCall":0.0009883600793564908},{"label":"ADD_CANDIDATE","totalTime":6.100000008940697,"totalRelativeTime":"3.28%","numOfCalls":28510,"avgTimePerCall":0.00021396001434376347},{"label":"BUILD_SOLUTION","totalTime":0,"totalRelativeTime":"0%","numOfCalls":1,"avgTimePerCall":0},{"label":"MEASUREMENT_OVERHEAD","totalTime":32.40000000409782,"totalRelativeTime":"17.44%","numOfCalls":0,"avgTimePerCall":32.40000000409782},{"label":"NOT_MEASURED","totalTime":41.999999994412065,"totalRelativeTime":"22.61%","numOfCalls":0,"avgTimePerCall":41.999999994412065}],"visitedNodes":6502,"differentNodes":6092}}},{"label":"2x2","key":"BiBFS","solution":{"rotations":[{"side":0,"counterClockwiseDirection":false,"layer":0},{"side":3,"counterClockwiseDirection":false,"layer":0},{"side":0,"counterClockwiseDirection":false,"layer":0},{"side":3,"counterClockwiseDirection":true,"layer":0},{"side":2,"counterClockwiseDirection":true,"layer":0},{"side":3,"counterClockwiseDirection":false,"layer":0},{"side":0,"counterClockwiseDirection":true,"layer":0},{"side":3,"counterClockwiseDirection":true,"layer":0},{"side":2,"counterClockwiseDirection":false,"layer":0},{"side":0,"counterClockwiseDirection":true,"layer":0},{"side":3,"counterClockwiseDirection":false,"layer":0},{"side":0,"counterClockwiseDirection":false,"layer":0}],"totalTime":314.5,"data":{"metrics":[{"label":"POP_CANDIDATE","totalTime":3.1000000033527613,"totalRelativeTime":"0.98%","numOfCalls":19540,"avgTimePerCall":0.0001586489254530584},{"label":"VISISTED_LIST_CHECK","totalTime":34.20000000298023,"totalRelativeTime":"10.87%","numOfCalls":118000,"avgTimePerCall":0.0002898305084998325},{"label":"ADD_TO_VISISTED_LIST_CHECK","totalTime":4.900000000372529,"totalRelativeTime":"1.55%","numOfCalls":16706,"avgTimePerCall":0.0002933077936293864},{"label":"PERFORM_ROTATION","totalTime":126.79999998398125,"totalRelativeTime":"40.31%","numOfCalls":81752,"avgTimePerCall":0.001551032390448934},{"label":"ADD_CANDIDATE","totalTime":16.699999989941716,"totalRelativeTime":"5.31%","numOfCalls":79938,"avgTimePerCall":0.00020891190660188793},{"label":"MEASUREMENT_OVERHEAD","totalTime":60.00000002980232,"totalRelativeTime":"19.07%","numOfCalls":0,"avgTimePerCall":60.00000002980232},{"label":"NOT_MEASURED","totalTime":68.79999998956919,"totalRelativeTime":"21.87%","numOfCalls":0,"avgTimePerCall":68.79999998956919}],"iterations":8354,"visitedNodes":8354}}}]}