{"timestamp":1680985855410,"shuffle":"38:  U'   B'   L'   B'   U    D    U'   F'   B'   U'   F'   U'   B    R   2F    D'   F'   D    U'   B'   F'   U    B    R    B    U    D'   R   2D    R    F    D'   L    U'   L'   R'  ","solutions":[{"label":"2x2","key":"IDDFS","solution":{"rotations":[{"side":0,"counterClockwiseDirection":true,"layer":0},{"side":0,"counterClockwiseDirection":true,"layer":0},{"side":2,"counterClockwiseDirection":false,"layer":0},{"side":3,"counterClockwiseDirection":true,"layer":0},{"side":2,"counterClockwiseDirection":false,"layer":0},{"side":0,"counterClockwiseDirection":true,"layer":0},{"side":2,"counterClockwiseDirection":true,"layer":0},{"side":3,"counterClockwiseDirection":false,"layer":0},{"side":2,"counterClockwiseDirection":true,"layer":0},{"side":2,"counterClockwiseDirection":true,"layer":0}],"totalTime":21689.099999999627,"data":{"metrics":[{"label":"PERFORM_ROTATION","totalTime":9197.999999959022,"totalRelativeTime":"42.4%","numOfCalls":7510137,"avgTimePerCall":0.0012247446351456733},{"label":"ADD_CANDIDATE","totalTime":1721.4000000562519,"totalRelativeTime":"7.93%","numOfCalls":7510137,"avgTimePerCall":0.00022921019950185355},{"label":"NOT_MEASURED","totalTime":10769.699999984354,"totalRelativeTime":"49.65%","numOfCalls":0,"avgTimePerCall":10769.699999984354}],"visitedNodes":2904968,"iterations":[{"visitedNodes":37,"bound":2},{"visitedNodes":181,"bound":3},{"visitedNodes":877,"bound":4},{"visitedNodes":4237,"bound":5},{"visitedNodes":20461,"bound":6},{"visitedNodes":98797,"bound":7},{"visitedNodes":477037,"bound":8},{"visitedNodes":2303341,"bound":9}]}}},{"label":"2x2","key":"IDA*","solution":{"rotations":[{"side":0,"counterClockwiseDirection":true,"layer":0},{"side":0,"counterClockwiseDirection":true,"layer":0},{"side":2,"counterClockwiseDirection":false,"layer":0},{"side":3,"counterClockwiseDirection":true,"layer":0},{"side":2,"counterClockwiseDirection":false,"layer":0},{"side":0,"counterClockwiseDirection":true,"layer":0},{"side":2,"counterClockwiseDirection":true,"layer":0},{"side":3,"counterClockwiseDirection":false,"layer":0},{"side":2,"counterClockwiseDirection":true,"layer":0},{"side":2,"counterClockwiseDirection":true,"layer":0}],"totalTime":70450,"data":{"metrics":[{"label":"PERFORM_ROTATION","totalTime":33984.500000242144,"totalRelativeTime":"48.23%","numOfCalls":31545985,"avgTimePerCall":0.0010773003284012892},{"label":"ADD_CANDIDATE","totalTime":6148.8000000678,"totalRelativeTime":"8.72%","numOfCalls":31545985,"avgTimePerCall":0.00019491545437772193},{"label":"NOT_MEASURED","totalTime":30316.699999690056,"totalRelativeTime":"43.03%","numOfCalls":0,"avgTimePerCall":30316.699999690056}],"visitedNodes":1909418,"iterations":[{"visitedNodes":7,"bound":2},{"visitedNodes":42,"bound":3.25},{"visitedNodes":612,"bound":4.5},{"visitedNodes":4272,"bound":5.75},{"visitedNodes":22108,"bound":7},{"visitedNodes":163178,"bound":8.25},{"visitedNodes":1719199,"bound":9.5}]}}},{"label":"2x2","key":"SA","solution":{"rotations":[{"side":3,"counterClockwiseDirection":false,"layer":0},{"side":3,"counterClockwiseDirection":false,"layer":0},{"side":2,"counterClockwiseDirection":true,"layer":0},{"side":3,"counterClockwiseDirection":true,"layer":0},{"side":0,"counterClockwiseDirection":false,"layer":0},{"side":2,"counterClockwiseDirection":true,"layer":0},{"side":0,"counterClockwiseDirection":false,"layer":0},{"side":3,"counterClockwiseDirection":true,"layer":0},{"side":0,"counterClockwiseDirection":true,"layer":0},{"side":2,"counterClockwiseDirection":true,"layer":0},{"side":0,"counterClockwiseDirection":true,"layer":0},{"side":3,"counterClockwiseDirection":true,"layer":0},{"side":2,"counterClockwiseDirection":false,"layer":0},{"side":0,"counterClockwiseDirection":true,"layer":0},{"side":3,"counterClockwiseDirection":false,"layer":0},{"side":0,"counterClockwiseDirection":false,"layer":0}],"totalTime":56613.20000000112,"data":{"restartCounter":1,"iterations":5197,"metrics":[{"label":"CHECK_SOLUTION","totalTime":2994.699999835342,"totalRelativeTime":"5.28%","numOfCalls":15589230,"avgTimePerCall":0.00019210057198690007},{"label":"APPLYING_ROTATIONS","totalTime":17332.499999849126,"totalRelativeTime":"30.61%","numOfCalls":15589222,"avgTimePerCall":0.0011118258499268998},{"label":"COMPUTE_ROTATION","totalTime":3116.0000001378357,"totalRelativeTime":"5.5%","numOfCalls":15589222,"avgTimePerCall":0.00019988168749780045},{"label":"CALCULATE_CITIZEN_SCORE","totalTime":6343.699999677017,"totalRelativeTime":"11.2%","numOfCalls":15589222,"avgTimePerCall":0.0004069285817904843},{"label":"AGGREGATE_CURRENT_GENERATION","totalTime":107.40000001899898,"totalRelativeTime":"0.18%","numOfCalls":519640,"avgTimePerCall":0.00020668154880109111},{"label":"CREATE_NEXT_GENERATION","totalTime":347.2999999653548,"totalRelativeTime":"0.61%","numOfCalls":5196,"avgTimePerCall":0.06683987682166181},{"label":"MEASUREMENT_OVERHEAD","totalTime":13381.000000067055,"totalRelativeTime":"23.63%","numOfCalls":0,"avgTimePerCall":13381.000000067055},{"label":"NOT_MEASURED","totalTime":12990.600000450388,"totalRelativeTime":"22.94%","numOfCalls":0,"avgTimePerCall":12990.600000450388}]}}},{"label":"2x2","key":"GA","solution":{"rotations":[{"side":2,"counterClockwiseDirection":true,"layer":0},{"side":0,"counterClockwiseDirection":false,"layer":0},{"side":3,"counterClockwiseDirection":true,"layer":0},{"side":3,"counterClockwiseDirection":true,"layer":0},{"side":2,"counterClockwiseDirection":true,"layer":0},{"side":3,"counterClockwiseDirection":false,"layer":0},{"side":2,"counterClockwiseDirection":true,"layer":0},{"side":3,"counterClockwiseDirection":false,"layer":0},{"side":2,"counterClockwiseDirection":true,"layer":0},{"side":3,"counterClockwiseDirection":false,"layer":0},{"side":0,"counterClockwiseDirection":false,"layer":0},{"side":0,"counterClockwiseDirection":false,"layer":0},{"side":2,"counterClockwiseDirection":false,"layer":0},{"side":3,"counterClockwiseDirection":false,"layer":0},{"side":2,"counterClockwiseDirection":false,"layer":0},{"side":3,"counterClockwiseDirection":false,"layer":0}],"totalTime":11792.400000000373,"data":{"armageddonCounter":0,"generations":1006,"metrics":[{"label":"CHECK_SOLUTION","totalTime":610.0000000689179,"totalRelativeTime":"5.17%","numOfCalls":3015900,"avgTimePerCall":0.00020226134821078878},{"label":"APPLYING_ROTATIONS","totalTime":3733.7000000290573,"totalRelativeTime":"31.66%","numOfCalls":3015892,"avgTimePerCall":0.0012380085228612487},{"label":"COMPUTE_GENE","totalTime":646.6999999601394,"totalRelativeTime":"5.48%","numOfCalls":3015892,"avgTimePerCall":0.00021443075546476444},{"label":"CALCULATE_CITIZEN_SCORE","totalTime":1321.1999998390675,"totalRelativeTime":"11.2%","numOfCalls":3015892,"avgTimePerCall":0.00043807934761558683},{"label":"AGGREGATE_CURRENT_GENERATION","totalTime":21.09999998100102,"totalRelativeTime":"0.17%","numOfCalls":100529,"avgTimePerCall":0.00020988968338490405},{"label":"CREATE_NEXT_GENERATION","totalTime":73.20000002905726,"totalRelativeTime":"0.62%","numOfCalls":1005,"avgTimePerCall":0.0728358209244351},{"label":"MEASUREMENT_OVERHEAD","totalTime":2686.800000026822,"totalRelativeTime":"22.78%","numOfCalls":0,"avgTimePerCall":2686.800000026822},{"label":"NOT_MEASURED","totalTime":2699.70000006631,"totalRelativeTime":"22.89%","numOfCalls":0,"avgTimePerCall":2699.70000006631}]}}},{"label":"2x2","key":"WA*","solution":{"rotations":[{"side":3,"counterClockwiseDirection":true,"layer":0},{"side":0,"counterClockwiseDirection":true,"layer":0},{"side":0,"counterClockwiseDirection":true,"layer":0},{"side":2,"counterClockwiseDirection":true,"layer":0},{"side":2,"counterClockwiseDirection":true,"layer":0},{"side":0,"counterClockwiseDirection":true,"layer":0},{"side":2,"counterClockwiseDirection":false,"layer":0},{"side":2,"counterClockwiseDirection":false,"layer":0},{"side":0,"counterClockwiseDirection":false,"layer":0},{"side":3,"counterClockwiseDirection":false,"layer":0},{"side":2,"counterClockwiseDirection":false,"layer":0},{"side":3,"counterClockwiseDirection":true,"layer":0},{"side":2,"counterClockwiseDirection":false,"layer":0},{"side":3,"counterClockwiseDirection":false,"layer":0},{"side":2,"counterClockwiseDirection":false,"layer":0},{"side":3,"counterClockwiseDirection":true,"layer":0}],"totalTime":538.0999999996275,"data":{"metrics":[{"label":"ITERATIONS_COUNTER_INCREMENT","totalTime":7.299999998882413,"totalRelativeTime":"1.35%","numOfCalls":40532,"avgTimePerCall":0.00018010460867666075},{"label":"ABORTED_VERIFICATION","totalTime":5.0000000055879354,"totalRelativeTime":"0.92%","numOfCalls":20266,"avgTimePerCall":0.00024671864233632366},{"label":"POP_CANDIDATE","totalTime":10.599999997764826,"totalRelativeTime":"1.96%","numOfCalls":20266,"avgTimePerCall":0.0005230435210581677},{"label":"VISISTED_LIST_CHECK","totalTime":34.59999996423721,"totalRelativeTime":"6.43%","numOfCalls":110160,"avgTimePerCall":0.00031408859807767985},{"label":"CHECK_SOLUTION","totalTime":4.400000002235174,"totalRelativeTime":"0.81%","numOfCalls":18863,"avgTimePerCall":0.00023326088120845964},{"label":"ADD_TO_VISISTED_LIST_CHECK","totalTime":6.499999990686774,"totalRelativeTime":"1.2%","numOfCalls":18862,"avgTimePerCall":0.00034460820648323474},{"label":"PERFORM_ROTATION","totalTime":137.2000000104308,"totalRelativeTime":"25.49%","numOfCalls":89894,"avgTimePerCall":0.0015262420184932344},{"label":"HEURISTIC_CALCULATION","totalTime":52.70000000670552,"totalRelativeTime":"9.79%","numOfCalls":89894,"avgTimePerCall":0.0005862460231684598},{"label":"ADD_CANDIDATE","totalTime":27.70000001601875,"totalRelativeTime":"5.14%","numOfCalls":87947,"avgTimePerCall":0.0003149624207308805},{"label":"BUILD_SOLUTION","totalTime":0,"totalRelativeTime":"0%","numOfCalls":1,"avgTimePerCall":0},{"label":"MEASUREMENT_OVERHEAD","totalTime":120.50000001117587,"totalRelativeTime":"22.39%","numOfCalls":0,"avgTimePerCall":120.50000001117587},{"label":"NOT_MEASURED","totalTime":131.59999999590218,"totalRelativeTime":"24.45%","numOfCalls":0,"avgTimePerCall":131.59999999590218}],"visitedNodes":20266,"differentNodes":18863}}},{"label":"2x2","key":"BiBFS","solution":{"rotations":[{"side":0,"counterClockwiseDirection":true,"layer":0},{"side":0,"counterClockwiseDirection":true,"layer":0},{"side":2,"counterClockwiseDirection":false,"layer":0},{"side":3,"counterClockwiseDirection":true,"layer":0},{"side":2,"counterClockwiseDirection":false,"layer":0},{"side":0,"counterClockwiseDirection":true,"layer":0},{"side":2,"counterClockwiseDirection":true,"layer":0},{"side":3,"counterClockwiseDirection":false,"layer":0},{"side":2,"counterClockwiseDirection":false,"layer":0},{"side":2,"counterClockwiseDirection":false,"layer":0}],"totalTime":122.09999999962747,"data":{"metrics":[{"label":"POP_CANDIDATE","totalTime":2.599999999627471,"totalRelativeTime":"2.12%","numOfCalls":5832,"avgTimePerCall":0.0004458161864930506},{"label":"VISISTED_LIST_CHECK","totalTime":12.199999995529652,"totalRelativeTime":"9.99%","numOfCalls":36129,"avgTimePerCall":0.00033767887280383214},{"label":"ADD_TO_VISISTED_LIST_CHECK","totalTime":1.200000001117587,"totalRelativeTime":"0.98%","numOfCalls":5138,"avgTimePerCall":0.0002335539122455405},{"label":"PERFORM_ROTATION","totalTime":42.39999998547137,"totalRelativeTime":"34.72%","numOfCalls":25158,"avgTimePerCall":0.0016853485962903},{"label":"ADD_CANDIDATE","totalTime":9.100000008940697,"totalRelativeTime":"7.45%","numOfCalls":24918,"avgTimePerCall":0.0003651978493033428},{"label":"MEASUREMENT_OVERHEAD","totalTime":26.600000012665987,"totalRelativeTime":"21.78%","numOfCalls":0,"avgTimePerCall":26.600000012665987},{"label":"NOT_MEASURED","totalTime":27.99999999627471,"totalRelativeTime":"22.93%","numOfCalls":0,"avgTimePerCall":27.99999999627471}],"iterations":2570,"visitedNodes":2570}}}]}