{"timestamp":1680908459233,"shuffle":"37:  R'   L'   D'   R'   L'   D'  2R    D    B'   F   2U    R    U'   F'   U'   B'   R    L    U    F    L'   F    D'   R'   L'   U'   D    B    F'   U'   D'   F'   D   2R   ","solutions":[{"label":"2x2","key":"IDDFS","solution":{"rotations":[{"side":0,"counterClockwiseDirection":true,"layer":0},{"side":2,"counterClockwiseDirection":true,"layer":0},{"side":0,"counterClockwiseDirection":true,"layer":0},{"side":3,"counterClockwiseDirection":true,"layer":0},{"side":0,"counterClockwiseDirection":false,"layer":0},{"side":3,"counterClockwiseDirection":false,"layer":0},{"side":0,"counterClockwiseDirection":true,"layer":0},{"side":2,"counterClockwiseDirection":true,"layer":0},{"side":3,"counterClockwiseDirection":false,"layer":0}],"totalTime":3913.2000000178814,"data":{"metrics":[{"label":"PERFORM_ROTATION","totalTime":1797.999998420477,"totalRelativeTime":"45.94%","numOfCalls":1395454,"avgTimePerCall":0.0012884695578789962},{"label":"ADD_CANDIDATE","totalTime":333.2000008523464,"totalRelativeTime":"8.51%","numOfCalls":1395454,"avgTimePerCall":0.00023877533824285602},{"label":"NOT_MEASURED","totalTime":1782.000000745058,"totalRelativeTime":"45.53%","numOfCalls":0,"avgTimePerCall":1782.000000745058}],"visitedNodes":601627,"iterations":[{"visitedNodes":37,"bound":2},{"visitedNodes":181,"bound":3},{"visitedNodes":877,"bound":4},{"visitedNodes":4237,"bound":5},{"visitedNodes":20461,"bound":6},{"visitedNodes":98797,"bound":7},{"visitedNodes":477037,"bound":8}]}}},{"label":"2x2","key":"IDA*","solution":{"rotations":[{"side":0,"counterClockwiseDirection":true,"layer":0},{"side":2,"counterClockwiseDirection":true,"layer":0},{"side":0,"counterClockwiseDirection":true,"layer":0},{"side":3,"counterClockwiseDirection":true,"layer":0},{"side":0,"counterClockwiseDirection":false,"layer":0},{"side":3,"counterClockwiseDirection":false,"layer":0},{"side":0,"counterClockwiseDirection":true,"layer":0},{"side":2,"counterClockwiseDirection":true,"layer":0},{"side":3,"counterClockwiseDirection":false,"layer":0}],"totalTime":8916.90000000596,"data":{"metrics":[{"label":"PERFORM_ROTATION","totalTime":4362.499999165535,"totalRelativeTime":"48.92%","numOfCalls":3653901,"avgTimePerCall":0.0011939294466832941},{"label":"ADD_CANDIDATE","totalTime":803.0000005066395,"totalRelativeTime":"9%","numOfCalls":3653901,"avgTimePerCall":0.00021976512240113772},{"label":"NOT_MEASURED","totalTime":3751.400000333786,"totalRelativeTime":"42.07%","numOfCalls":0,"avgTimePerCall":3751.400000333786}],"visitedNodes":177182,"iterations":[{"visitedNodes":7,"bound":2},{"visitedNodes":42,"bound":3.25},{"visitedNodes":599,"bound":4.5},{"visitedNodes":4237,"bound":5.75},{"visitedNodes":21352,"bound":7},{"visitedNodes":150945,"bound":8.25}]}}},{"label":"2x2","key":"SA","solution":{"rotations":[{"side":3,"counterClockwiseDirection":false,"layer":0},{"side":2,"counterClockwiseDirection":true,"layer":0},{"side":3,"counterClockwiseDirection":true,"layer":0},{"layer":0,"side":0,"counterClockwiseDirection":true},{"side":2,"counterClockwiseDirection":true,"layer":0},{"side":3,"counterClockwiseDirection":false,"layer":0},{"side":0,"counterClockwiseDirection":true,"layer":0},{"side":2,"counterClockwiseDirection":true,"layer":0},{"side":3,"counterClockwiseDirection":false,"layer":0}],"totalTime":52386.09999999404,"data":{"restartCounter":1,"iterations":5616,"metrics":[{"label":"CHECK_SOLUTION","totalTime":2802.999999463558,"totalRelativeTime":"5.35%","numOfCalls":16845810,"avgTimePerCall":0.00016639152403259672},{"label":"APPLYING_ROTATIONS","totalTime":16069.500001221895,"totalRelativeTime":"30.67%","numOfCalls":16845799,"avgTimePerCall":0.0009539173535919487},{"label":"COMPUTE_ROTATION","totalTime":2875.9000002741814,"totalRelativeTime":"5.48%","numOfCalls":16845799,"avgTimePerCall":0.00017071912114552604},{"label":"CALCULATE_CITIZEN_SCORE","totalTime":5797.100002557039,"totalRelativeTime":"11.06%","numOfCalls":16845799,"avgTimePerCall":0.0003441273401491398},{"label":"AGGREGATE_CURRENT_GENERATION","totalTime":94.70000076293945,"totalRelativeTime":"0.18%","numOfCalls":561526,"avgTimePerCall":0.0001686475795652195},{"label":"CREATE_NEXT_GENERATION","totalTime":288.19999980926514,"totalRelativeTime":"0.55%","numOfCalls":5615,"avgTimePerCall":0.05132680317173021},{"label":"MEASUREMENT_OVERHEAD","totalTime":12172.999998807907,"totalRelativeTime":"23.23%","numOfCalls":0,"avgTimePerCall":12172.999998807907},{"label":"NOT_MEASURED","totalTime":12284.699997097254,"totalRelativeTime":"23.45%","numOfCalls":0,"avgTimePerCall":12284.699997097254}]}}},{"label":"2x2","key":"GA","solution":{"rotations":[{"side":3,"counterClockwiseDirection":true,"layer":0},{"side":2,"counterClockwiseDirection":false,"layer":0},{"side":0,"counterClockwiseDirection":false,"layer":0},{"side":3,"counterClockwiseDirection":true,"layer":0},{"side":2,"counterClockwiseDirection":true,"layer":0},{"side":2,"counterClockwiseDirection":true,"layer":0},{"side":3,"counterClockwiseDirection":false,"layer":0},{"side":3,"counterClockwiseDirection":false,"layer":0},{"side":0,"counterClockwiseDirection":true,"layer":0},{"side":0,"counterClockwiseDirection":true,"layer":0},{"side":2,"counterClockwiseDirection":false,"layer":0},{"side":0,"counterClockwiseDirection":true,"layer":0},{"side":3,"counterClockwiseDirection":false,"layer":0},{"side":0,"counterClockwiseDirection":false,"layer":0},{"side":2,"counterClockwiseDirection":false,"layer":0},{"layer":0,"side":0,"counterClockwiseDirection":true},{"side":2,"counterClockwiseDirection":true,"layer":0}],"totalTime":16053.799999982119,"data":{"armageddonCounter":0,"generations":1449,"metrics":[{"label":"CHECK_SOLUTION","totalTime":858.4000010490417,"totalRelativeTime":"5.34%","numOfCalls":4346730,"avgTimePerCall":0.00019748178539937878},{"label":"APPLYING_ROTATIONS","totalTime":5027.099996805191,"totalRelativeTime":"31.31%","numOfCalls":4346727,"avgTimePerCall":0.0011565253573102684},{"label":"COMPUTE_GENE","totalTime":882.3000005483627,"totalRelativeTime":"5.49%","numOfCalls":4346727,"avgTimePerCall":0.00020298031151907232},{"label":"CALCULATE_CITIZEN_SCORE","totalTime":1779.0000008642673,"totalRelativeTime":"11.08%","numOfCalls":4346727,"avgTimePerCall":0.0004092734604368453},{"label":"AGGREGATE_CURRENT_GENERATION","totalTime":29.999999791383743,"totalRelativeTime":"0.18%","numOfCalls":144890,"avgTimePerCall":0.00020705362544953926},{"label":"CREATE_NEXT_GENERATION","totalTime":90.3000001013279,"totalRelativeTime":"0.56%","numOfCalls":1448,"avgTimePerCall":0.0623618785230165},{"label":"MEASUREMENT_OVERHEAD","totalTime":3682.699999779463,"totalRelativeTime":"22.93%","numOfCalls":0,"avgTimePerCall":3682.699999779463},{"label":"NOT_MEASURED","totalTime":3704.0000010430813,"totalRelativeTime":"23.07%","numOfCalls":0,"avgTimePerCall":3704.0000010430813}]}}},{"label":"2x2","key":"WA*","solution":{"rotations":[{"side":2,"counterClockwiseDirection":false,"layer":0},{"side":0,"counterClockwiseDirection":false,"layer":0},{"side":3,"counterClockwiseDirection":false,"layer":0},{"side":0,"counterClockwiseDirection":false,"layer":0},{"side":2,"counterClockwiseDirection":false,"layer":0},{"side":3,"counterClockwiseDirection":true,"layer":0},{"side":0,"counterClockwiseDirection":true,"layer":0},{"side":2,"counterClockwiseDirection":true,"layer":0},{"side":3,"counterClockwiseDirection":false,"layer":0},{"side":0,"counterClockwiseDirection":false,"layer":0},{"side":2,"counterClockwiseDirection":false,"layer":0},{"side":3,"counterClockwiseDirection":false,"layer":0},{"side":0,"counterClockwiseDirection":true,"layer":0},{"side":3,"counterClockwiseDirection":true,"layer":0},{"side":3,"counterClockwiseDirection":true,"layer":0}],"totalTime":1115.800000011921,"data":{"metrics":[{"label":"ITERATIONS_COUNTER_INCREMENT","totalTime":16.80000001192093,"totalRelativeTime":"1.5%","numOfCalls":86448,"avgTimePerCall":0.0001943364798713785},{"label":"ABORTED_VERIFICATION","totalTime":9.499999970197678,"totalRelativeTime":"0.85%","numOfCalls":43224,"avgTimePerCall":0.0002197853037709994},{"label":"POP_CANDIDATE","totalTime":22.899999976158142,"totalRelativeTime":"2.05%","numOfCalls":43224,"avgTimePerCall":0.0005297982596742121},{"label":"VISISTED_LIST_CHECK","totalTime":86.40000012516975,"totalRelativeTime":"7.74%","numOfCalls":235596,"avgTimePerCall":0.0003667294866006628},{"label":"CHECK_SOLUTION","totalTime":9.200000137090683,"totalRelativeTime":"0.82%","numOfCalls":40314,"avgTimePerCall":0.00022820856618273262},{"label":"ADD_TO_VISISTED_LIST_CHECK","totalTime":11.900000184774399,"totalRelativeTime":"1.06%","numOfCalls":40313,"avgTimePerCall":0.0002951901417600873},{"label":"PERFORM_ROTATION","totalTime":283.0999999344349,"totalRelativeTime":"25.37%","numOfCalls":192372,"avgTimePerCall":0.0014716278872935506},{"label":"HEURISTIC_CALCULATION","totalTime":105.90000003576279,"totalRelativeTime":"9.49%","numOfCalls":192372,"avgTimePerCall":0.0005504959143522071},{"label":"ADD_CANDIDATE","totalTime":53.40000003576279,"totalRelativeTime":"4.78%","numOfCalls":186718,"avgTimePerCall":0.00028599278074830915},{"label":"BUILD_SOLUTION","totalTime":0,"totalRelativeTime":"0%","numOfCalls":1,"avgTimePerCall":0},{"label":"MEASUREMENT_OVERHEAD","totalTime":248.4000003039837,"totalRelativeTime":"22.26%","numOfCalls":0,"avgTimePerCall":248.4000003039837},{"label":"NOT_MEASURED","totalTime":268.2999992966652,"totalRelativeTime":"24.04%","numOfCalls":0,"avgTimePerCall":268.2999992966652}],"visitedNodes":43224,"differentNodes":40314}}},{"label":"2x2","key":"BiBFS","solution":{"rotations":[{"side":0,"counterClockwiseDirection":true,"layer":0},{"side":2,"counterClockwiseDirection":true,"layer":0},{"side":0,"counterClockwiseDirection":true,"layer":0},{"side":3,"counterClockwiseDirection":true,"layer":0},{"side":0,"counterClockwiseDirection":false,"layer":0},{"side":3,"counterClockwiseDirection":false,"layer":0},{"side":0,"counterClockwiseDirection":true,"layer":0},{"side":2,"counterClockwiseDirection":true,"layer":0},{"side":3,"counterClockwiseDirection":false,"layer":0}],"totalTime":57,"data":{"metrics":[{"label":"POP_CANDIDATE","totalTime":0.19999998807907104,"totalRelativeTime":"0.35%","numOfCalls":2438,"avgTimePerCall":0.00008203444958124325},{"label":"VISISTED_LIST_CHECK","totalTime":6.700000107288361,"totalRelativeTime":"11.75%","numOfCalls":15501,"avgTimePerCall":0.0004322301856195317},{"label":"ADD_TO_VISISTED_LIST_CHECK","totalTime":0.5,"totalRelativeTime":"0.87%","numOfCalls":2214,"avgTimePerCall":0.00022583559168925022},{"label":"PERFORM_ROTATION","totalTime":25.100000202655792,"totalRelativeTime":"44.03%","numOfCalls":10848,"avgTimePerCall":0.0023137905791533733},{"label":"ADD_CANDIDATE","totalTime":2.5999999940395355,"totalRelativeTime":"4.56%","numOfCalls":10772,"avgTimePerCall":0.0002413665052023334},{"label":"MEASUREMENT_OVERHEAD","totalTime":11.39999994635582,"totalRelativeTime":"19.99%","numOfCalls":0,"avgTimePerCall":11.39999994635582},{"label":"NOT_MEASURED","totalTime":10.499999761581421,"totalRelativeTime":"18.42%","numOfCalls":0,"avgTimePerCall":10.499999761581421}],"iterations":1108,"visitedNodes":1108}}}]}