{"timestamp":1680907738232,"shuffle":"39:  L    F'   B    R    B    L'   R    F'   D    B    F    D'   R    F'  2B    L   2D    F'   U    D    U'  2B    D    F'   B'   D    F   2B    D'   L    R'   F'   L'   F    U   ","solutions":[{"label":"2x2","key":"IDDFS","solution":{"rotations":[{"side":0,"counterClockwiseDirection":true,"layer":0},{"side":0,"counterClockwiseDirection":true,"layer":0},{"side":3,"counterClockwiseDirection":false,"layer":0},{"side":0,"counterClockwiseDirection":true,"layer":0},{"side":2,"counterClockwiseDirection":false,"layer":0},{"side":0,"counterClockwiseDirection":true,"layer":0},{"side":3,"counterClockwiseDirection":true,"layer":0},{"side":3,"counterClockwiseDirection":true,"layer":0},{"side":2,"counterClockwiseDirection":false,"layer":0}],"totalTime":4078.399999976158,"data":{"metrics":[{"label":"PERFORM_ROTATION","totalTime":1919.599999755621,"totalRelativeTime":"47.06%","numOfCalls":1585592,"avgTimePerCall":0.0012106519203903784},{"label":"ADD_CANDIDATE","totalTime":329.00000047683716,"totalRelativeTime":"8.06%","numOfCalls":1585592,"avgTimePerCall":0.00020749347907711262},{"label":"NOT_MEASURED","totalTime":1829.7999997437,"totalRelativeTime":"44.86%","numOfCalls":0,"avgTimePerCall":1829.7999997437}],"visitedNodes":601627,"iterations":[{"visitedNodes":37,"bound":2},{"visitedNodes":181,"bound":3},{"visitedNodes":877,"bound":4},{"visitedNodes":4237,"bound":5},{"visitedNodes":20461,"bound":6},{"visitedNodes":98797,"bound":7},{"visitedNodes":477037,"bound":8}]}}},{"label":"2x2","key":"IDA*","solution":{"rotations":[{"side":0,"counterClockwiseDirection":true,"layer":0},{"side":0,"counterClockwiseDirection":true,"layer":0},{"side":3,"counterClockwiseDirection":false,"layer":0},{"side":0,"counterClockwiseDirection":true,"layer":0},{"side":2,"counterClockwiseDirection":false,"layer":0},{"side":0,"counterClockwiseDirection":true,"layer":0},{"side":3,"counterClockwiseDirection":true,"layer":0},{"side":3,"counterClockwiseDirection":true,"layer":0},{"side":2,"counterClockwiseDirection":false,"layer":0}],"totalTime":10216.800000011921,"data":{"metrics":[{"label":"PERFORM_ROTATION","totalTime":5103.400000691414,"totalRelativeTime":"49.95%","numOfCalls":4408065,"avgTimePerCall":0.001157741548886283},{"label":"ADD_CANDIDATE","totalTime":895.4999991953373,"totalRelativeTime":"8.76%","numOfCalls":4408065,"avgTimePerCall":0.00020315036171094058},{"label":"NOT_MEASURED","totalTime":4217.90000012517,"totalRelativeTime":"41.28%","numOfCalls":0,"avgTimePerCall":4217.90000012517}],"visitedNodes":182634,"iterations":[{"visitedNodes":7,"bound":2},{"visitedNodes":52,"bound":3.25},{"visitedNodes":614,"bound":4.5},{"visitedNodes":4237,"bound":5.75},{"visitedNodes":21514,"bound":7},{"visitedNodes":156210,"bound":8.25}]}}},{"label":"2x2","key":"SA","solution":{"rotations":[{"side":2,"counterClockwiseDirection":false,"layer":0},{"side":0,"counterClockwiseDirection":false,"layer":0},{"side":2,"counterClockwiseDirection":true,"layer":0},{"side":0,"counterClockwiseDirection":false,"layer":0},{"side":2,"counterClockwiseDirection":false,"layer":0},{"side":3,"counterClockwiseDirection":false,"layer":0},{"layer":0,"side":0,"counterClockwiseDirection":true},{"side":3,"counterClockwiseDirection":false,"layer":0},{"side":0,"counterClockwiseDirection":true,"layer":0},{"side":2,"counterClockwiseDirection":false,"layer":0},{"side":3,"counterClockwiseDirection":false,"layer":0},{"side":3,"counterClockwiseDirection":false,"layer":0},{"side":2,"counterClockwiseDirection":false,"layer":0},{"side":2,"counterClockwiseDirection":false,"layer":0},{"side":0,"counterClockwiseDirection":true,"layer":0},{"side":3,"counterClockwiseDirection":false,"layer":0},{"side":0,"counterClockwiseDirection":true,"layer":0},{"side":2,"counterClockwiseDirection":false,"layer":0},{"side":0,"counterClockwiseDirection":true,"layer":0}],"totalTime":8514.699999988079,"data":{"restartCounter":0,"iterations":763,"metrics":[{"label":"CHECK_SOLUTION","totalTime":430.10000056028366,"totalRelativeTime":"5.05%","numOfCalls":2288610,"avgTimePerCall":0.00018793066558316342},{"label":"APPLYING_ROTATIONS","totalTime":2653.800000101328,"totalRelativeTime":"31.16%","numOfCalls":2288603,"avgTimePerCall":0.0011595720184327855},{"label":"COMPUTE_ROTATION","totalTime":465.30000081658363,"totalRelativeTime":"5.46%","numOfCalls":2288603,"avgTimePerCall":0.0002033118023600352},{"label":"CALCULATE_CITIZEN_SCORE","totalTime":974.1000016331673,"totalRelativeTime":"11.44%","numOfCalls":2288603,"avgTimePerCall":0.00042563083314719384},{"label":"AGGREGATE_CURRENT_GENERATION","totalTime":15.39999982714653,"totalRelativeTime":"0.18%","numOfCalls":76286,"avgTimePerCall":0.00020187190083562556},{"label":"CREATE_NEXT_GENERATION","totalTime":50.70000010728836,"totalRelativeTime":"0.59%","numOfCalls":762,"avgTimePerCall":0.06653543321166451},{"label":"MEASUREMENT_OVERHEAD","totalTime":1906.2999981343746,"totalRelativeTime":"22.38%","numOfCalls":0,"avgTimePerCall":1906.2999981343746},{"label":"NOT_MEASURED","totalTime":2018.999998807907,"totalRelativeTime":"23.71%","numOfCalls":0,"avgTimePerCall":2018.999998807907}]}}},{"label":"2x2","key":"GA","solution":{"rotations":[{"side":2,"counterClockwiseDirection":false,"layer":0},{"side":3,"counterClockwiseDirection":false,"layer":0},{"side":0,"counterClockwiseDirection":false,"layer":0},{"side":2,"counterClockwiseDirection":true,"layer":0},{"side":0,"counterClockwiseDirection":true,"layer":0},{"side":2,"counterClockwiseDirection":true,"layer":0},{"side":0,"counterClockwiseDirection":false,"layer":0},{"side":3,"counterClockwiseDirection":true,"layer":0},{"side":0,"counterClockwiseDirection":true,"layer":0},{"side":3,"counterClockwiseDirection":false,"layer":0},{"side":0,"counterClockwiseDirection":true,"layer":0},{"side":2,"counterClockwiseDirection":false,"layer":0},{"side":3,"counterClockwiseDirection":false,"layer":0},{"side":0,"counterClockwiseDirection":true,"layer":0},{"side":3,"counterClockwiseDirection":false,"layer":0},{"side":3,"counterClockwiseDirection":false,"layer":0},{"side":0,"counterClockwiseDirection":false,"layer":0}],"totalTime":14267.90000000596,"data":{"armageddonCounter":0,"generations":1361,"metrics":[{"label":"CHECK_SOLUTION","totalTime":742.3000001907349,"totalRelativeTime":"5.2%","numOfCalls":4080390,"avgTimePerCall":0.00018191888525134482},{"label":"APPLYING_ROTATIONS","totalTime":4595.2999993264675,"totalRelativeTime":"32.2%","numOfCalls":4080383,"avgTimePerCall":0.0011261933008069262},{"label":"COMPUTE_GENE","totalTime":774.0000001490116,"totalRelativeTime":"5.42%","numOfCalls":4080383,"avgTimePerCall":0.00018968807588626155},{"label":"CALCULATE_CITIZEN_SCORE","totalTime":1591.5999989509583,"totalRelativeTime":"11.15%","numOfCalls":4080383,"avgTimePerCall":0.0003900614228985265},{"label":"AGGREGATE_CURRENT_GENERATION","totalTime":25.200000196695328,"totalRelativeTime":"0.17%","numOfCalls":136012,"avgTimePerCall":0.00018527777105472552},{"label":"CREATE_NEXT_GENERATION","totalTime":80.70000019669533,"totalRelativeTime":"0.56%","numOfCalls":1360,"avgTimePerCall":0.05933823543874656},{"label":"MEASUREMENT_OVERHEAD","totalTime":3211.999996691942,"totalRelativeTime":"22.51%","numOfCalls":0,"avgTimePerCall":3211.999996691942},{"label":"NOT_MEASURED","totalTime":3246.8000043034554,"totalRelativeTime":"22.75%","numOfCalls":0,"avgTimePerCall":3246.8000043034554}]}}},{"label":"2x2","key":"WA*","solution":{"rotations":[{"side":3,"counterClockwiseDirection":true,"layer":0},{"side":2,"counterClockwiseDirection":false,"layer":0},{"side":0,"counterClockwiseDirection":true,"layer":0},{"side":3,"counterClockwiseDirection":false,"layer":0},{"side":0,"counterClockwiseDirection":true,"layer":0},{"side":3,"counterClockwiseDirection":true,"layer":0},{"side":0,"counterClockwiseDirection":false,"layer":0},{"side":3,"counterClockwiseDirection":false,"layer":0},{"side":3,"counterClockwiseDirection":false,"layer":0},{"side":0,"counterClockwiseDirection":true,"layer":0},{"side":0,"counterClockwiseDirection":true,"layer":0},{"side":2,"counterClockwiseDirection":false,"layer":0},{"side":3,"counterClockwiseDirection":false,"layer":0},{"side":2,"counterClockwiseDirection":true,"layer":0},{"side":3,"counterClockwiseDirection":true,"layer":0}],"totalTime":711.4000000059605,"data":{"metrics":[{"label":"ITERATIONS_COUNTER_INCREMENT","totalTime":11.399999916553497,"totalRelativeTime":"1.6%","numOfCalls":61694,"avgTimePerCall":0.00018478295971331891},{"label":"ABORTED_VERIFICATION","totalTime":6.600000083446503,"totalRelativeTime":"0.92%","numOfCalls":30847,"avgTimePerCall":0.00021395922078148614},{"label":"POP_CANDIDATE","totalTime":14.299999833106995,"totalRelativeTime":"2.01%","numOfCalls":30847,"avgTimePerCall":0.0004635783004216616},{"label":"VISISTED_LIST_CHECK","totalTime":46.10000044107437,"totalRelativeTime":"6.48%","numOfCalls":166931,"avgTimePerCall":0.00027616200969906354},{"label":"CHECK_SOLUTION","totalTime":5.800000160932541,"totalRelativeTime":"0.81%","numOfCalls":28542,"avgTimePerCall":0.00020320931122319884},{"label":"ADD_TO_VISISTED_LIST_CHECK","totalTime":7.300000071525574,"totalRelativeTime":"1.02%","numOfCalls":28541,"avgTimePerCall":0.0002557724001095117},{"label":"PERFORM_ROTATION","totalTime":181.30000001192093,"totalRelativeTime":"25.48%","numOfCalls":136084,"avgTimePerCall":0.001332265365597138},{"label":"HEURISTIC_CALCULATION","totalTime":65.80000004172325,"totalRelativeTime":"9.24%","numOfCalls":136084,"avgTimePerCall":0.0004835248819973197},{"label":"ADD_CANDIDATE","totalTime":30.999999672174454,"totalRelativeTime":"4.35%","numOfCalls":132707,"avgTimePerCall":0.00023359732095650158},{"label":"BUILD_SOLUTION","totalTime":0,"totalRelativeTime":"0%","numOfCalls":1,"avgTimePerCall":0},{"label":"MEASUREMENT_OVERHEAD","totalTime":173.29999986290932,"totalRelativeTime":"24.36%","numOfCalls":0,"avgTimePerCall":173.29999986290932},{"label":"NOT_MEASURED","totalTime":168.49999991059303,"totalRelativeTime":"23.68%","numOfCalls":0,"avgTimePerCall":168.49999991059303}],"visitedNodes":30847,"differentNodes":28542}}},{"label":"2x2","key":"BiBFS","solution":{"rotations":[{"side":0,"counterClockwiseDirection":true,"layer":0},{"side":0,"counterClockwiseDirection":true,"layer":0},{"side":3,"counterClockwiseDirection":false,"layer":0},{"side":0,"counterClockwiseDirection":true,"layer":0},{"side":2,"counterClockwiseDirection":false,"layer":0},{"side":0,"counterClockwiseDirection":true,"layer":0},{"side":3,"counterClockwiseDirection":false,"layer":0},{"side":3,"counterClockwiseDirection":false,"layer":0},{"side":2,"counterClockwiseDirection":false,"layer":0}],"totalTime":109.5,"data":{"metrics":[{"label":"POP_CANDIDATE","totalTime":1.3000000417232513,"totalRelativeTime":"1.18%","numOfCalls":3708,"avgTimePerCall":0.0003505933230105856},{"label":"VISISTED_LIST_CHECK","totalTime":7.800000041723251,"totalRelativeTime":"7.12%","numOfCalls":23460,"avgTimePerCall":0.00033248082019280697},{"label":"ADD_TO_VISISTED_LIST_CHECK","totalTime":1.300000011920929,"totalRelativeTime":"1.18%","numOfCalls":3348,"avgTimePerCall":0.0003882915208843874},{"label":"PERFORM_ROTATION","totalTime":44.50000002980232,"totalRelativeTime":"40.63%","numOfCalls":16402,"avgTimePerCall":0.0027130837720889113},{"label":"ADD_CANDIDATE","totalTime":3.599999964237213,"totalRelativeTime":"3.28%","numOfCalls":16222,"avgTimePerCall":0.00022192084602621213},{"label":"MEASUREMENT_OVERHEAD","totalTime":36.39999994635582,"totalRelativeTime":"33.24%","numOfCalls":0,"avgTimePerCall":36.39999994635582},{"label":"NOT_MEASURED","totalTime":14.599999964237213,"totalRelativeTime":"13.33%","numOfCalls":0,"avgTimePerCall":14.599999964237213}],"iterations":1675,"visitedNodes":1675}}}]}