{"timestamp":1680897932139,"shuffle":"36: 2U    R'   U    L    U'   B    D'   L'   U    D    R    L    F'   B   2U    D    U    L    D   2R    U    F    U    F'   D    B'   L'  2F    L'   U    D'   F'  ","solutions":[{"label":"2x2","key":"IDDFS","solution":{"rotations":[{"side":2,"counterClockwiseDirection":true,"layer":0},{"side":0,"counterClockwiseDirection":true,"layer":0},{"side":2,"counterClockwiseDirection":false,"layer":0},{"side":3,"counterClockwiseDirection":false,"layer":0},{"side":0,"counterClockwiseDirection":true,"layer":0},{"side":0,"counterClockwiseDirection":true,"layer":0},{"side":2,"counterClockwiseDirection":true,"layer":0},{"side":3,"counterClockwiseDirection":true,"layer":0},{"side":0,"counterClockwiseDirection":false,"layer":0},{"side":2,"counterClockwiseDirection":true,"layer":0}],"totalTime":10127.699999988079,"data":{"metrics":[{"label":"PERFORM_ROTATION","totalTime":4608.500000923872,"totalRelativeTime":"45.5%","numOfCalls":3373899,"avgTimePerCall":0.001365927077521844},{"label":"ADD_CANDIDATE","totalTime":859.400001257658,"totalRelativeTime":"8.48%","numOfCalls":3373899,"avgTimePerCall":0.00025472013277743586},{"label":"NOT_MEASURED","totalTime":4659.799997806549,"totalRelativeTime":"46.01%","numOfCalls":0,"avgTimePerCall":4659.799997806549}],"visitedNodes":2904968,"iterations":[{"visitedNodes":37,"bound":2},{"visitedNodes":181,"bound":3},{"visitedNodes":877,"bound":4},{"visitedNodes":4237,"bound":5},{"visitedNodes":20461,"bound":6},{"visitedNodes":98797,"bound":7},{"visitedNodes":477037,"bound":8},{"visitedNodes":2303341,"bound":9}]}}},{"label":"2x2","key":"IDA*","solution":{"rotations":[{"side":2,"counterClockwiseDirection":true,"layer":0},{"side":0,"counterClockwiseDirection":true,"layer":0},{"side":2,"counterClockwiseDirection":false,"layer":0},{"side":3,"counterClockwiseDirection":false,"layer":0},{"side":0,"counterClockwiseDirection":true,"layer":0},{"side":0,"counterClockwiseDirection":true,"layer":0},{"side":2,"counterClockwiseDirection":true,"layer":0},{"side":3,"counterClockwiseDirection":true,"layer":0},{"side":0,"counterClockwiseDirection":false,"layer":0},{"side":2,"counterClockwiseDirection":true,"layer":0}],"totalTime":29483.90000000596,"data":{"metrics":[{"label":"PERFORM_ROTATION","totalTime":14256.000000208616,"totalRelativeTime":"48.35%","numOfCalls":11503735,"avgTimePerCall":0.0012392496871849548},{"label":"ADD_CANDIDATE","totalTime":2739.500002026558,"totalRelativeTime":"9.29%","numOfCalls":11503735,"avgTimePerCall":0.0002381400477346321},{"label":"NOT_MEASURED","totalTime":12488.399997770786,"totalRelativeTime":"42.35%","numOfCalls":0,"avgTimePerCall":12488.399997770786}],"visitedNodes":1912509,"iterations":[{"visitedNodes":7,"bound":2},{"visitedNodes":47,"bound":3.25},{"visitedNodes":631,"bound":4.5},{"visitedNodes":4267,"bound":5.75},{"visitedNodes":21816,"bound":7},{"visitedNodes":160722,"bound":8.25},{"visitedNodes":1725019,"bound":9.5}]}}},{"label":"2x2","key":"GA","solution":{"rotations":[{"side":0,"counterClockwiseDirection":false,"layer":0},{"side":2,"counterClockwiseDirection":true,"layer":0},{"side":0,"counterClockwiseDirection":true,"layer":0},{"side":2,"counterClockwiseDirection":false,"layer":0},{"side":0,"counterClockwiseDirection":false,"layer":0},{"side":0,"counterClockwiseDirection":false,"layer":0},{"side":3,"counterClockwiseDirection":false,"layer":0},{"side":2,"counterClockwiseDirection":false,"layer":0},{"side":2,"counterClockwiseDirection":false,"layer":0},{"side":0,"counterClockwiseDirection":false,"layer":0},{"side":3,"counterClockwiseDirection":true,"layer":0},{"side":0,"counterClockwiseDirection":true,"layer":0},{"side":2,"counterClockwiseDirection":false,"layer":0},{"side":3,"counterClockwiseDirection":true,"layer":0},{"side":0,"counterClockwiseDirection":false,"layer":0},{"side":2,"counterClockwiseDirection":true,"layer":0}],"totalTime":17276.40000000596,"data":{"armageddonCounter":0,"generations":1291,"metrics":[{"label":"CHECK_SOLUTION","totalTime":937.3000015616417,"totalRelativeTime":"5.42%","numOfCalls":3872100,"avgTimePerCall":0.00024206502971556564},{"label":"APPLYING_ROTATIONS","totalTime":5276.200002640486,"totalRelativeTime":"30.53%","numOfCalls":3872088,"avgTimePerCall":0.0013626239906325698},{"label":"COMPUTE_GENE","totalTime":980.799998819828,"totalRelativeTime":"5.67%","numOfCalls":3872088,"avgTimePerCall":0.0002533000280003523},{"label":"CALCULATE_CITIZEN_SCORE","totalTime":1913.300000101328,"totalRelativeTime":"11.07%","numOfCalls":3872088,"avgTimePerCall":0.0004941261665802347},{"label":"AGGREGATE_CURRENT_GENERATION","totalTime":33.79999992251396,"totalRelativeTime":"0.19%","numOfCalls":129069,"avgTimePerCall":0.00026187543037068517},{"label":"CREATE_NEXT_GENERATION","totalTime":98.700000166893,"totalRelativeTime":"0.57%","numOfCalls":1290,"avgTimePerCall":0.07651162803635117},{"label":"MEASUREMENT_OVERHEAD","totalTime":3975.700000554323,"totalRelativeTime":"23.01%","numOfCalls":0,"avgTimePerCall":3975.700000554323},{"label":"NOT_MEASURED","totalTime":4060.599996238947,"totalRelativeTime":"23.5%","numOfCalls":0,"avgTimePerCall":4060.599996238947}]}}},{"label":"2x2","key":"SA","solution":{"rotations":[{"side":0,"counterClockwiseDirection":true,"layer":0},{"side":3,"counterClockwiseDirection":false,"layer":0},{"side":0,"counterClockwiseDirection":true,"layer":0},{"side":2,"counterClockwiseDirection":true,"layer":0},{"side":0,"counterClockwiseDirection":false,"layer":0},{"side":3,"counterClockwiseDirection":false,"layer":0},{"side":3,"counterClockwiseDirection":false,"layer":0},{"side":0,"counterClockwiseDirection":true,"layer":0},{"side":3,"counterClockwiseDirection":true,"layer":0},{"side":3,"counterClockwiseDirection":true,"layer":0},{"side":2,"counterClockwiseDirection":true,"layer":0},{"side":0,"counterClockwiseDirection":false,"layer":0},{"side":3,"counterClockwiseDirection":false,"layer":0},{"side":0,"counterClockwiseDirection":false,"layer":0},{"side":0,"counterClockwiseDirection":false,"layer":0},{"side":2,"counterClockwiseDirection":true,"layer":0}],"totalTime":151685.30000001192,"data":{"restartCounter":3,"iterations":16456,"metrics":[{"label":"CHECK_SOLUTION","totalTime":8350.500002771616,"totalRelativeTime":"5.5%","numOfCalls":49366920,"avgTimePerCall":0.00016915173162051868},{"label":"APPLYING_ROTATIONS","totalTime":46462.90000542998,"totalRelativeTime":"30.63%","numOfCalls":49366912,"avgTimePerCall":0.0009411749312055408},{"label":"COMPUTE_ROTATION","totalTime":8492.999997079372,"totalRelativeTime":"5.59%","numOfCalls":49366912,"avgTimePerCall":0.0001720383077045486},{"label":"CALCULATE_CITIZEN_SCORE","totalTime":16787.600002914667,"totalRelativeTime":"11.06%","numOfCalls":49366912,"avgTimePerCall":0.0003400577294142819},{"label":"AGGREGATE_CURRENT_GENERATION","totalTime":275.1999998986721,"totalRelativeTime":"0.18%","numOfCalls":1645563,"avgTimePerCall":0.00016723759582505933},{"label":"CREATE_NEXT_GENERATION","totalTime":830.0999993681908,"totalRelativeTime":"0.54%","numOfCalls":16455,"avgTimePerCall":0.05044667270545067},{"label":"MEASUREMENT_OVERHEAD","totalTime":35055.299995303154,"totalRelativeTime":"23.11%","numOfCalls":0,"avgTimePerCall":35055.299995303154},{"label":"NOT_MEASURED","totalTime":35430.699997246265,"totalRelativeTime":"23.35%","numOfCalls":0,"avgTimePerCall":35430.699997246265}]}}},{"label":"2x2","key":"WA*","solution":{"rotations":[{"side":0,"counterClockwiseDirection":true,"layer":0},{"side":2,"counterClockwiseDirection":true,"layer":0},{"side":2,"counterClockwiseDirection":true,"layer":0},{"side":3,"counterClockwiseDirection":true,"layer":0},{"side":0,"counterClockwiseDirection":false,"layer":0},{"side":3,"counterClockwiseDirection":true,"layer":0},{"side":0,"counterClockwiseDirection":true,"layer":0},{"side":0,"counterClockwiseDirection":true,"layer":0},{"side":3,"counterClockwiseDirection":true,"layer":0},{"side":2,"counterClockwiseDirection":false,"layer":0},{"side":3,"counterClockwiseDirection":true,"layer":0},{"side":3,"counterClockwiseDirection":true,"layer":0},{"side":2,"counterClockwiseDirection":true,"layer":0},{"side":0,"counterClockwiseDirection":true,"layer":0},{"side":3,"counterClockwiseDirection":false,"layer":0},{"side":0,"counterClockwiseDirection":false,"layer":0}],"totalTime":992.5,"data":{"metrics":[{"label":"ITERATIONS_COUNTER_INCREMENT","totalTime":16.200000017881393,"totalRelativeTime":"1.63%","numOfCalls":72294,"avgTimePerCall":0.00022408498655326022},{"label":"ABORTED_VERIFICATION","totalTime":7.5999999940395355,"totalRelativeTime":"0.76%","numOfCalls":36147,"avgTimePerCall":0.0002102525795789287},{"label":"POP_CANDIDATE","totalTime":20.799999833106995,"totalRelativeTime":"2.09%","numOfCalls":36147,"avgTimePerCall":0.000575428108366033},{"label":"VISISTED_LIST_CHECK","totalTime":67.99999970197678,"totalRelativeTime":"6.85%","numOfCalls":195715,"avgTimePerCall":0.00034744398590796195},{"label":"CHECK_SOLUTION","totalTime":10.700000017881393,"totalRelativeTime":"1.07%","numOfCalls":33448,"avgTimePerCall":0.0003198995460978651},{"label":"ADD_TO_VISISTED_LIST_CHECK","totalTime":9.100000023841858,"totalRelativeTime":"0.91%","numOfCalls":33447,"avgTimePerCall":0.0002720722343959655},{"label":"PERFORM_ROTATION","totalTime":232.1000002026558,"totalRelativeTime":"23.38%","numOfCalls":159568,"avgTimePerCall":0.0014545522924562305},{"label":"HEURISTIC_CALCULATION","totalTime":88.90000000596046,"totalRelativeTime":"8.95%","numOfCalls":159568,"avgTimePerCall":0.0005571292490095788},{"label":"ADD_CANDIDATE","totalTime":63.39999997615814,"totalRelativeTime":"6.38%","numOfCalls":155261,"avgTimePerCall":0.00040834465819592907},{"label":"BUILD_SOLUTION","totalTime":0.09999999403953552,"totalRelativeTime":"0.01%","numOfCalls":1,"avgTimePerCall":0.09999999403953552},{"label":"MEASUREMENT_OVERHEAD","totalTime":218.19999986886978,"totalRelativeTime":"21.98%","numOfCalls":0,"avgTimePerCall":218.19999986886978},{"label":"NOT_MEASURED","totalTime":257.40000036358833,"totalRelativeTime":"25.93%","numOfCalls":0,"avgTimePerCall":257.40000036358833}],"visitedNodes":36147,"differentNodes":33448}}},{"label":"2x2","key":"BiBFS","solution":{"rotations":[{"side":0,"counterClockwiseDirection":true,"layer":0},{"side":0,"counterClockwiseDirection":true,"layer":0},{"side":3,"counterClockwiseDirection":false,"layer":0},{"side":2,"counterClockwiseDirection":false,"layer":0},{"side":3,"counterClockwiseDirection":true,"layer":0},{"side":2,"counterClockwiseDirection":false,"layer":0},{"side":2,"counterClockwiseDirection":false,"layer":0},{"side":3,"counterClockwiseDirection":true,"layer":0},{"side":0,"counterClockwiseDirection":false,"layer":0},{"side":2,"counterClockwiseDirection":true,"layer":0}],"totalTime":177.59999999403954,"data":{"metrics":[{"label":"POP_CANDIDATE","totalTime":3.0000000596046448,"totalRelativeTime":"1.68%","numOfCalls":6432,"avgTimePerCall":0.0004664179197146525},{"label":"VISISTED_LIST_CHECK","totalTime":13.69999971985817,"totalRelativeTime":"7.71%","numOfCalls":39675,"avgTimePerCall":0.00034530560100461675},{"label":"ADD_TO_VISISTED_LIST_CHECK","totalTime":1.5000000596046448,"totalRelativeTime":"0.84%","numOfCalls":5638,"avgTimePerCall":0.0002660518019873439},{"label":"PERFORM_ROTATION","totalTime":65.19999998807907,"totalRelativeTime":"36.71%","numOfCalls":27604,"avgTimePerCall":0.0023619765247094287},{"label":"ADD_CANDIDATE","totalTime":24.399999976158142,"totalRelativeTime":"13.73%","numOfCalls":27364,"avgTimePerCall":0.00089168250168682},{"label":"MEASUREMENT_OVERHEAD","totalTime":36.400000125169754,"totalRelativeTime":"20.49%","numOfCalls":0,"avgTimePerCall":36.400000125169754},{"label":"NOT_MEASURED","totalTime":33.40000006556511,"totalRelativeTime":"18.8%","numOfCalls":0,"avgTimePerCall":33.40000006556511}],"iterations":2820,"visitedNodes":2820}}}]}