{"timestamp":1680909328166,"shuffle":"32:  U    L    B    L'   B'   F'  2B    U    D'   F    D    U'   R'   D   2U    D'   B    U'  2R    U    R    F'   D    U'   F    D    L'  2F   ","solutions":[{"label":"2x2","key":"IDDFS","solution":{"rotations":[{"side":0,"counterClockwiseDirection":true,"layer":0},{"side":3,"counterClockwiseDirection":false,"layer":0},{"side":2,"counterClockwiseDirection":false,"layer":0},{"side":0,"counterClockwiseDirection":true,"layer":0},{"side":2,"counterClockwiseDirection":true,"layer":0},{"side":0,"counterClockwiseDirection":false,"layer":0},{"side":2,"counterClockwiseDirection":true,"layer":0},{"side":0,"counterClockwiseDirection":false,"layer":0},{"side":3,"counterClockwiseDirection":true,"layer":0},{"side":0,"counterClockwiseDirection":false,"layer":0}],"totalTime":21569.5,"data":{"metrics":[{"label":"PERFORM_ROTATION","totalTime":10211.000000476837,"totalRelativeTime":"47.33%","numOfCalls":8176373,"avgTimePerCall":0.0012488422434344467},{"label":"ADD_CANDIDATE","totalTime":1769.2000013887882,"totalRelativeTime":"8.2%","numOfCalls":8176373,"avgTimePerCall":0.00021637956113166416},{"label":"NOT_MEASURED","totalTime":9589.299998134375,"totalRelativeTime":"44.45%","numOfCalls":0,"avgTimePerCall":9589.299998134375}],"visitedNodes":2904968,"iterations":[{"visitedNodes":37,"bound":2},{"visitedNodes":181,"bound":3},{"visitedNodes":877,"bound":4},{"visitedNodes":4237,"bound":5},{"visitedNodes":20461,"bound":6},{"visitedNodes":98797,"bound":7},{"visitedNodes":477037,"bound":8},{"visitedNodes":2303341,"bound":9}]}}},{"label":"2x2","key":"IDA*","solution":{"rotations":[{"side":0,"counterClockwiseDirection":true,"layer":0},{"side":3,"counterClockwiseDirection":false,"layer":0},{"side":2,"counterClockwiseDirection":false,"layer":0},{"side":0,"counterClockwiseDirection":true,"layer":0},{"side":2,"counterClockwiseDirection":true,"layer":0},{"side":0,"counterClockwiseDirection":false,"layer":0},{"side":2,"counterClockwiseDirection":true,"layer":0},{"side":0,"counterClockwiseDirection":false,"layer":0},{"side":3,"counterClockwiseDirection":true,"layer":0},{"side":0,"counterClockwiseDirection":false,"layer":0}],"totalTime":75810.39999997616,"data":{"metrics":[{"label":"PERFORM_ROTATION","totalTime":37649.899992227554,"totalRelativeTime":"49.66%","numOfCalls":34740624,"avgTimePerCall":0.001083742767321265},{"label":"ADD_CANDIDATE","totalTime":6775.199999719858,"totalRelativeTime":"8.93%","numOfCalls":34740624,"avgTimePerCall":0.0001950224037345978},{"label":"NOT_MEASURED","totalTime":31385.300008028746,"totalRelativeTime":"41.39%","numOfCalls":0,"avgTimePerCall":31385.300008028746}],"visitedNodes":1902940,"iterations":[{"visitedNodes":7,"bound":2},{"visitedNodes":62,"bound":3.25},{"visitedNodes":665,"bound":4.5},{"visitedNodes":4255,"bound":5.75},{"visitedNodes":21826,"bound":7},{"visitedNodes":160396,"bound":8.25},{"visitedNodes":1715729,"bound":9.5}]}}},{"label":"2x2","key":"SA","solution":{"rotations":[{"side":2,"counterClockwiseDirection":false,"layer":0},{"side":2,"counterClockwiseDirection":false,"layer":0},{"side":0,"counterClockwiseDirection":false,"layer":0},{"side":3,"counterClockwiseDirection":false,"layer":0},{"side":0,"counterClockwiseDirection":true,"layer":0},{"side":2,"counterClockwiseDirection":true,"layer":0},{"side":0,"counterClockwiseDirection":true,"layer":0},{"side":2,"counterClockwiseDirection":false,"layer":0},{"side":3,"counterClockwiseDirection":true,"layer":0},{"side":0,"counterClockwiseDirection":true,"layer":0},{"side":3,"counterClockwiseDirection":true,"layer":0},{"side":2,"counterClockwiseDirection":true,"layer":0},{"side":0,"counterClockwiseDirection":false,"layer":0},{"side":2,"counterClockwiseDirection":true,"layer":0}],"totalTime":1454.9000000059605,"data":{"restartCounter":0,"iterations":116,"metrics":[{"label":"CHECK_SOLUTION","totalTime":75.59999984502792,"totalRelativeTime":"5.19%","numOfCalls":345060,"avgTimePerCall":0.0002190923313192718},{"label":"APPLYING_ROTATIONS","totalTime":441.1999998986721,"totalRelativeTime":"30.32%","numOfCalls":345048,"avgTimePerCall":0.0012786626785220379},{"label":"COMPUTE_ROTATION","totalTime":76.40000051259995,"totalRelativeTime":"5.25%","numOfCalls":345048,"avgTimePerCall":0.00022141847080000448},{"label":"CALCULATE_CITIZEN_SCORE","totalTime":158.1999997496605,"totalRelativeTime":"10.87%","numOfCalls":345048,"avgTimePerCall":0.00045848693442553063},{"label":"AGGREGATE_CURRENT_GENERATION","totalTime":2.9000000059604645,"totalRelativeTime":"0.19%","numOfCalls":11501,"avgTimePerCall":0.0002521519873020141},{"label":"CREATE_NEXT_GENERATION","totalTime":12.60000005364418,"totalRelativeTime":"0.86%","numOfCalls":115,"avgTimePerCall":0.10956521785777548},{"label":"MEASUREMENT_OVERHEAD","totalTime":328.2999992072582,"totalRelativeTime":"22.56%","numOfCalls":0,"avgTimePerCall":328.2999992072582},{"label":"NOT_MEASURED","totalTime":359.70000073313713,"totalRelativeTime":"24.72%","numOfCalls":0,"avgTimePerCall":359.70000073313713}]}}},{"label":"2x2","key":"GA","solution":{"rotations":[{"side":0,"counterClockwiseDirection":false,"layer":0},{"layer":0,"side":3,"counterClockwiseDirection":true},{"side":0,"counterClockwiseDirection":false,"layer":0},{"side":3,"counterClockwiseDirection":true,"layer":0},{"side":2,"counterClockwiseDirection":true,"layer":0},{"side":3,"counterClockwiseDirection":false,"layer":0},{"side":3,"counterClockwiseDirection":false,"layer":0},{"side":2,"counterClockwiseDirection":true,"layer":0},{"side":0,"counterClockwiseDirection":false,"layer":0},{"side":2,"counterClockwiseDirection":false,"layer":0},{"side":0,"counterClockwiseDirection":false,"layer":0},{"side":0,"counterClockwiseDirection":false,"layer":0},{"side":2,"counterClockwiseDirection":true,"layer":0},{"side":3,"counterClockwiseDirection":false,"layer":0},{"side":2,"counterClockwiseDirection":false,"layer":0},{"side":2,"counterClockwiseDirection":false,"layer":0},{"side":0,"counterClockwiseDirection":true,"layer":0},{"side":3,"counterClockwiseDirection":false,"layer":0},{"side":2,"counterClockwiseDirection":true,"layer":0},{"side":0,"counterClockwiseDirection":true,"layer":0},{"side":3,"counterClockwiseDirection":true,"layer":0},{"side":3,"counterClockwiseDirection":true,"layer":0}],"totalTime":49879.80000001192,"data":{"armageddonCounter":0,"generations":4471,"metrics":[{"label":"CHECK_SOLUTION","totalTime":2646.500000566244,"totalRelativeTime":"5.3%","numOfCalls":13410690,"avgTimePerCall":0.0001973425677997362},{"label":"APPLYING_ROTATIONS","totalTime":15656.80000346899,"totalRelativeTime":"31.38%","numOfCalls":13410690,"avgTimePerCall":0.001167486535254263},{"label":"COMPUTE_GENE","totalTime":2713.7999991178513,"totalRelativeTime":"5.44%","numOfCalls":13410690,"avgTimePerCall":0.00020236095227895443},{"label":"CALCULATE_CITIZEN_SCORE","totalTime":5554.400003999472,"totalRelativeTime":"11.13%","numOfCalls":13410690,"avgTimePerCall":0.00041417704860819776},{"label":"AGGREGATE_CURRENT_GENERATION","totalTime":88.89999976754189,"totalRelativeTime":"0.17%","numOfCalls":447022,"avgTimePerCall":0.00019887164338118008},{"label":"CREATE_NEXT_GENERATION","totalTime":292.49999955296516,"totalRelativeTime":"0.58%","numOfCalls":4470,"avgTimePerCall":0.06543624151073046},{"label":"MEASUREMENT_OVERHEAD","totalTime":11445.900005102158,"totalRelativeTime":"22.94%","numOfCalls":0,"avgTimePerCall":11445.900005102158},{"label":"NOT_MEASURED","totalTime":11480.999988436699,"totalRelativeTime":"23.01%","numOfCalls":0,"avgTimePerCall":11480.999988436699}]}}},{"label":"2x2","key":"WA*","solution":{"rotations":[{"side":3,"counterClockwiseDirection":false,"layer":0},{"side":2,"counterClockwiseDirection":true,"layer":0},{"side":0,"counterClockwiseDirection":false,"layer":0},{"side":2,"counterClockwiseDirection":true,"layer":0},{"side":0,"counterClockwiseDirection":false,"layer":0},{"side":3,"counterClockwiseDirection":true,"layer":0},{"side":2,"counterClockwiseDirection":true,"layer":0},{"side":3,"counterClockwiseDirection":false,"layer":0},{"side":2,"counterClockwiseDirection":true,"layer":0},{"side":3,"counterClockwiseDirection":true,"layer":0},{"side":0,"counterClockwiseDirection":true,"layer":0},{"side":0,"counterClockwiseDirection":true,"layer":0},{"side":3,"counterClockwiseDirection":true,"layer":0},{"side":0,"counterClockwiseDirection":true,"layer":0},{"side":0,"counterClockwiseDirection":true,"layer":0},{"side":3,"counterClockwiseDirection":false,"layer":0}],"totalTime":1451.2000000178814,"data":{"metrics":[{"label":"ITERATIONS_COUNTER_INCREMENT","totalTime":25.099999994039536,"totalRelativeTime":"1.72%","numOfCalls":116898,"avgTimePerCall":0.00021471710374890534},{"label":"ABORTED_VERIFICATION","totalTime":13.099999725818634,"totalRelativeTime":"0.9%","numOfCalls":58449,"avgTimePerCall":0.00022412701202447662},{"label":"POP_CANDIDATE","totalTime":28.799999862909317,"totalRelativeTime":"1.98%","numOfCalls":58449,"avgTimePerCall":0.0004927372557769904},{"label":"VISISTED_LIST_CHECK","totalTime":106.30000001192093,"totalRelativeTime":"7.32%","numOfCalls":314429,"avgTimePerCall":0.00033807314214630627},{"label":"CHECK_SOLUTION","totalTime":8.39999994635582,"totalRelativeTime":"0.57%","numOfCalls":53662,"avgTimePerCall":0.00015653534990041034},{"label":"ADD_TO_VISISTED_LIST_CHECK","totalTime":13.09999993443489,"totalRelativeTime":"0.9%","numOfCalls":53661,"avgTimePerCall":0.0002441251548505412},{"label":"PERFORM_ROTATION","totalTime":374.19999995827675,"totalRelativeTime":"25.78%","numOfCalls":255980,"avgTimePerCall":0.00146183295553667},{"label":"HEURISTIC_CALCULATION","totalTime":148.09999999403954,"totalRelativeTime":"10.2%","numOfCalls":255980,"avgTimePerCall":0.0005785608250411733},{"label":"ADD_CANDIDATE","totalTime":66.90000003576279,"totalRelativeTime":"4.6%","numOfCalls":247791,"avgTimePerCall":0.00026998559284139776},{"label":"BUILD_SOLUTION","totalTime":0.09999999403953552,"totalRelativeTime":"0%","numOfCalls":1,"avgTimePerCall":0.09999999403953552},{"label":"MEASUREMENT_OVERHEAD","totalTime":315.70000022649765,"totalRelativeTime":"21.75%","numOfCalls":0,"avgTimePerCall":315.70000022649765},{"label":"NOT_MEASURED","totalTime":351.400000333786,"totalRelativeTime":"24.21%","numOfCalls":0,"avgTimePerCall":351.400000333786}],"visitedNodes":58449,"differentNodes":53662}}},{"label":"2x2","key":"BiBFS","solution":{"rotations":[{"side":0,"counterClockwiseDirection":true,"layer":0},{"side":3,"counterClockwiseDirection":false,"layer":0},{"side":2,"counterClockwiseDirection":false,"layer":0},{"side":0,"counterClockwiseDirection":true,"layer":0},{"side":2,"counterClockwiseDirection":true,"layer":0},{"side":0,"counterClockwiseDirection":false,"layer":0},{"side":2,"counterClockwiseDirection":true,"layer":0},{"side":0,"counterClockwiseDirection":false,"layer":0},{"side":3,"counterClockwiseDirection":true,"layer":0},{"side":0,"counterClockwiseDirection":false,"layer":0}],"totalTime":104.40000000596046,"data":{"metrics":[{"label":"POP_CANDIDATE","totalTime":1.300000160932541,"totalRelativeTime":"1.24%","numOfCalls":3638,"avgTimePerCall":0.00035733924159772975},{"label":"VISISTED_LIST_CHECK","totalTime":10.600000143051147,"totalRelativeTime":"10.15%","numOfCalls":23024,"avgTimePerCall":0.0004603891653514223},{"label":"ADD_TO_VISISTED_LIST_CHECK","totalTime":1.3999999463558197,"totalRelativeTime":"1.34%","numOfCalls":3286,"avgTimePerCall":0.0004260498923785209},{"label":"PERFORM_ROTATION","totalTime":39.3999999165535,"totalRelativeTime":"37.73%","numOfCalls":16098,"avgTimePerCall":0.0024475090021464467},{"label":"ADD_CANDIDATE","totalTime":4.900000065565109,"totalRelativeTime":"4.69%","numOfCalls":15918,"avgTimePerCall":0.0003078276206536694},{"label":"MEASUREMENT_OVERHEAD","totalTime":17.099999755620956,"totalRelativeTime":"16.37%","numOfCalls":0,"avgTimePerCall":17.099999755620956},{"label":"NOT_MEASURED","totalTime":29.700000017881393,"totalRelativeTime":"28.44%","numOfCalls":0,"avgTimePerCall":29.700000017881393}],"iterations":1644,"visitedNodes":1644}}}]}