{"timestamp":1680985568952,"shuffle":"39: 2U    B'   F'   D'  2U    B'   F    U    L    R   2B    D'   F'  2U    L'   R'   U    F'   L    R    L'   F    B    L'  2D    R'   D    L    U'   B    U'  2R    U   ","solutions":[{"label":"2x2","key":"IDDFS","solution":{"rotations":[{"side":2,"counterClockwiseDirection":false,"layer":0},{"side":3,"counterClockwiseDirection":false,"layer":0},{"side":0,"counterClockwiseDirection":false,"layer":0},{"side":3,"counterClockwiseDirection":true,"layer":0},{"side":0,"counterClockwiseDirection":true,"layer":0},{"side":3,"counterClockwiseDirection":false,"layer":0},{"side":0,"counterClockwiseDirection":true,"layer":0},{"side":0,"counterClockwiseDirection":true,"layer":0},{"side":2,"counterClockwiseDirection":true,"layer":0},{"side":0,"counterClockwiseDirection":false,"layer":0},{"side":2,"counterClockwiseDirection":false,"layer":0}],"totalTime":89075.20000000112,"data":{"metrics":[{"label":"PERFORM_ROTATION","totalTime":38216.30000017956,"totalRelativeTime":"42.9%","numOfCalls":31496982,"avgTimePerCall":0.0012133321217943852},{"label":"ADD_CANDIDATE","totalTime":6951.999999957159,"totalRelativeTime":"7.8%","numOfCalls":31496982,"avgTimePerCall":0.00022071955973296614},{"label":"NOT_MEASURED","totalTime":43906.8999998644,"totalRelativeTime":"49.29%","numOfCalls":0,"avgTimePerCall":43906.8999998644}],"visitedNodes":14026485,"iterations":[{"visitedNodes":37,"bound":2},{"visitedNodes":181,"bound":3},{"visitedNodes":877,"bound":4},{"visitedNodes":4237,"bound":5},{"visitedNodes":20461,"bound":6},{"visitedNodes":98797,"bound":7},{"visitedNodes":477037,"bound":8},{"visitedNodes":2303341,"bound":9},{"visitedNodes":11121517,"bound":10}]}}},{"label":"2x2","key":"IDA*","solution":{"rotations":[{"side":2,"counterClockwiseDirection":false,"layer":0},{"side":3,"counterClockwiseDirection":false,"layer":0},{"side":0,"counterClockwiseDirection":false,"layer":0},{"side":3,"counterClockwiseDirection":true,"layer":0},{"side":0,"counterClockwiseDirection":true,"layer":0},{"side":3,"counterClockwiseDirection":false,"layer":0},{"side":0,"counterClockwiseDirection":true,"layer":0},{"side":0,"counterClockwiseDirection":true,"layer":0},{"side":2,"counterClockwiseDirection":true,"layer":0},{"side":0,"counterClockwiseDirection":false,"layer":0},{"side":2,"counterClockwiseDirection":false,"layer":0}],"totalTime":72033.30000000075,"data":{"metrics":[{"label":"PERFORM_ROTATION","totalTime":35162.000000102445,"totalRelativeTime":"48.81%","numOfCalls":26549835,"avgTimePerCall":0.0013243773454751206},{"label":"ADD_CANDIDATE","totalTime":6166.100000150502,"totalRelativeTime":"8.56%","numOfCalls":26549835,"avgTimePerCall":0.00023224626443631388},{"label":"NOT_MEASURED","totalTime":30705.199999747798,"totalRelativeTime":"42.62%","numOfCalls":0,"avgTimePerCall":30705.199999747798}],"visitedNodes":1871311,"iterations":[{"visitedNodes":7,"bound":2},{"visitedNodes":77,"bound":3.25},{"visitedNodes":676,"bound":4.5},{"visitedNodes":4242,"bound":5.75},{"visitedNodes":21098,"bound":7},{"visitedNodes":150966,"bound":8.25},{"visitedNodes":1694245,"bound":9.5}]}}},{"label":"2x2","key":"SA","solution":{"rotations":[{"side":2,"counterClockwiseDirection":true,"layer":0},{"side":3,"counterClockwiseDirection":false,"layer":0},{"side":2,"counterClockwiseDirection":true,"layer":0},{"side":3,"counterClockwiseDirection":false,"layer":0},{"side":2,"counterClockwiseDirection":false,"layer":0},{"side":3,"counterClockwiseDirection":false,"layer":0},{"side":2,"counterClockwiseDirection":true,"layer":0},{"side":2,"counterClockwiseDirection":true,"layer":0},{"side":0,"counterClockwiseDirection":true,"layer":0},{"side":3,"counterClockwiseDirection":true,"layer":0},{"side":0,"counterClockwiseDirection":true,"layer":0},{"side":2,"counterClockwiseDirection":false,"layer":0},{"side":3,"counterClockwiseDirection":true,"layer":0},{"side":0,"counterClockwiseDirection":false,"layer":0},{"side":0,"counterClockwiseDirection":false,"layer":0}],"totalTime":46760.39999999851,"data":{"restartCounter":0,"iterations":3333,"metrics":[{"label":"CHECK_SOLUTION","totalTime":2438.6999999117106,"totalRelativeTime":"5.21%","numOfCalls":9998520,"avgTimePerCall":0.00024390609809368894},{"label":"APPLYING_ROTATIONS","totalTime":14662.50000033155,"totalRelativeTime":"31.35%","numOfCalls":9998519,"avgTimePerCall":0.0014664671838230793},{"label":"COMPUTE_ROTATION","totalTime":2529.299999879673,"totalRelativeTime":"5.4%","numOfCalls":9998519,"avgTimePerCall":0.00025296746446945524},{"label":"CALCULATE_CITIZEN_SCORE","totalTime":5094.500000052154,"totalRelativeTime":"10.89%","numOfCalls":9998519,"avgTimePerCall":0.000509525460725949},{"label":"AGGREGATE_CURRENT_GENERATION","totalTime":89.30000002682209,"totalRelativeTime":"0.19%","numOfCalls":333283,"avgTimePerCall":0.00026794045908978885},{"label":"CREATE_NEXT_GENERATION","totalTime":384.2000000998378,"totalRelativeTime":"0.82%","numOfCalls":3332,"avgTimePerCall":0.11530612247894291},{"label":"MEASUREMENT_OVERHEAD","totalTime":10962.499999271706,"totalRelativeTime":"23.44%","numOfCalls":0,"avgTimePerCall":10962.499999271706},{"label":"NOT_MEASURED","totalTime":10599.400000425056,"totalRelativeTime":"22.66%","numOfCalls":0,"avgTimePerCall":10599.400000425056}]}}},{"label":"2x2","key":"GA","solution":{"rotations":[{"side":3,"counterClockwiseDirection":true,"layer":0},{"side":0,"counterClockwiseDirection":true,"layer":0},{"side":2,"counterClockwiseDirection":false,"layer":0},{"side":3,"counterClockwiseDirection":false,"layer":0},{"side":3,"counterClockwiseDirection":false,"layer":0},{"side":2,"counterClockwiseDirection":true,"layer":0},{"side":2,"counterClockwiseDirection":true,"layer":0},{"side":3,"counterClockwiseDirection":false,"layer":0},{"side":0,"counterClockwiseDirection":false,"layer":0},{"side":0,"counterClockwiseDirection":false,"layer":0},{"layer":0,"side":2,"counterClockwiseDirection":false},{"side":0,"counterClockwiseDirection":true,"layer":0},{"side":2,"counterClockwiseDirection":true,"layer":0},{"side":3,"counterClockwiseDirection":true,"layer":0},{"side":2,"counterClockwiseDirection":true,"layer":0}],"totalTime":45888.39999999851,"data":{"armageddonCounter":0,"generations":3347,"metrics":[{"label":"CHECK_SOLUTION","totalTime":2361.6000001672655,"totalRelativeTime":"5.14%","numOfCalls":10038060,"avgTimePerCall":0.00023526458301377612},{"label":"APPLYING_ROTATIONS","totalTime":14316.4999998305,"totalRelativeTime":"31.19%","numOfCalls":10038047,"avgTimePerCall":0.0014262236468737892},{"label":"COMPUTE_GENE","totalTime":2493.400000091642,"totalRelativeTime":"5.43%","numOfCalls":10038047,"avgTimePerCall":0.0002483949318120987},{"label":"CALCULATE_CITIZEN_SCORE","totalTime":5160.100000059232,"totalRelativeTime":"11.24%","numOfCalls":10038047,"avgTimePerCall":0.0005140541780746028},{"label":"AGGREGATE_CURRENT_GENERATION","totalTime":84.40000000968575,"totalRelativeTime":"0.18%","numOfCalls":334601,"avgTimePerCall":0.00025224072853842564},{"label":"CREATE_NEXT_GENERATION","totalTime":288.8999999836087,"totalRelativeTime":"0.62%","numOfCalls":3346,"avgTimePerCall":0.08634190077214846},{"label":"MEASUREMENT_OVERHEAD","totalTime":10580.59999974072,"totalRelativeTime":"23.05%","numOfCalls":0,"avgTimePerCall":10580.59999974072},{"label":"NOT_MEASURED","totalTime":10602.900000115857,"totalRelativeTime":"23.1%","numOfCalls":0,"avgTimePerCall":10602.900000115857}]}}},{"label":"2x2","key":"WA*","solution":{"rotations":[{"side":2,"counterClockwiseDirection":false,"layer":0},{"side":3,"counterClockwiseDirection":false,"layer":0},{"side":0,"counterClockwiseDirection":true,"layer":0},{"side":0,"counterClockwiseDirection":true,"layer":0},{"side":3,"counterClockwiseDirection":false,"layer":0},{"side":0,"counterClockwiseDirection":false,"layer":0},{"side":3,"counterClockwiseDirection":true,"layer":0},{"side":0,"counterClockwiseDirection":true,"layer":0},{"side":3,"counterClockwiseDirection":true,"layer":0},{"side":0,"counterClockwiseDirection":false,"layer":0},{"side":2,"counterClockwiseDirection":true,"layer":0},{"side":0,"counterClockwiseDirection":false,"layer":0},{"side":2,"counterClockwiseDirection":false,"layer":0}],"totalTime":324.09999999962747,"data":{"metrics":[{"label":"ITERATIONS_COUNTER_INCREMENT","totalTime":3.699999997392297,"totalRelativeTime":"1.14%","numOfCalls":22900,"avgTimePerCall":0.0001615720522878732},{"label":"ABORTED_VERIFICATION","totalTime":2.099999997764826,"totalRelativeTime":"0.64%","numOfCalls":11450,"avgTimePerCall":0.00018340611334190617},{"label":"POP_CANDIDATE","totalTime":6.4000000059604645,"totalRelativeTime":"1.97%","numOfCalls":11450,"avgTimePerCall":0.0005589519655860667},{"label":"VISISTED_LIST_CHECK","totalTime":24.30000000819564,"totalRelativeTime":"7.49%","numOfCalls":62615,"avgTimePerCall":0.0003880859220345866},{"label":"CHECK_SOLUTION","totalTime":1.8999999985098839,"totalRelativeTime":"0.58%","numOfCalls":10734,"avgTimePerCall":0.00017700763913824146},{"label":"ADD_TO_VISISTED_LIST_CHECK","totalTime":3.099999999627471,"totalRelativeTime":"0.95%","numOfCalls":10733,"avgTimePerCall":0.00028882884558161474},{"label":"PERFORM_ROTATION","totalTime":79.09999999031425,"totalRelativeTime":"24.4%","numOfCalls":51165,"avgTimePerCall":0.0015459786961851704},{"label":"HEURISTIC_CALCULATION","totalTime":32.10000000707805,"totalRelativeTime":"9.9%","numOfCalls":51165,"avgTimePerCall":0.0006273819995519994},{"label":"ADD_CANDIDATE","totalTime":11.500000013038516,"totalRelativeTime":"3.54%","numOfCalls":50157,"avgTimePerCall":0.00022928006086963965},{"label":"BUILD_SOLUTION","totalTime":0.09999999962747097,"totalRelativeTime":"0.03%","numOfCalls":1,"avgTimePerCall":0.09999999962747097},{"label":"MEASUREMENT_OVERHEAD","totalTime":70.79999997653067,"totalRelativeTime":"21.84%","numOfCalls":0,"avgTimePerCall":70.79999997653067},{"label":"NOT_MEASURED","totalTime":89.00000000558794,"totalRelativeTime":"27.46%","numOfCalls":0,"avgTimePerCall":89.00000000558794}],"visitedNodes":11450,"differentNodes":10734}}},{"label":"2x2","key":"BiBFS","solution":{"rotations":[{"side":3,"counterClockwiseDirection":false,"layer":0},{"side":0,"counterClockwiseDirection":false,"layer":0},{"side":3,"counterClockwiseDirection":false,"layer":0},{"side":2,"counterClockwiseDirection":true,"layer":0},{"side":3,"counterClockwiseDirection":false,"layer":0},{"side":0,"counterClockwiseDirection":true,"layer":0},{"side":2,"counterClockwiseDirection":true,"layer":0},{"side":3,"counterClockwiseDirection":false,"layer":0},{"side":2,"counterClockwiseDirection":false,"layer":0},{"side":2,"counterClockwiseDirection":false,"layer":0},{"side":3,"counterClockwiseDirection":false,"layer":0}],"totalTime":280.5,"data":{"metrics":[{"label":"POP_CANDIDATE","totalTime":2.500000001862645,"totalRelativeTime":"0.89%","numOfCalls":10032,"avgTimePerCall":0.00024920255201980114},{"label":"VISISTED_LIST_CHECK","totalTime":23.40000000409782,"totalRelativeTime":"8.34%","numOfCalls":61777,"avgTimePerCall":0.00037878174731854604},{"label":"ADD_TO_VISISTED_LIST_CHECK","totalTime":9.700000004842877,"totalRelativeTime":"3.45%","numOfCalls":8778,"avgTimePerCall":0.0011050353161133376},{"label":"PERFORM_ROTATION","totalTime":130.40000001899898,"totalRelativeTime":"46.48%","numOfCalls":42966,"avgTimePerCall":0.0030349578741097373},{"label":"ADD_CANDIDATE","totalTime":14.400000002235174,"totalRelativeTime":"5.13%","numOfCalls":42118,"avgTimePerCall":0.0003418965763387429},{"label":"MEASUREMENT_OVERHEAD","totalTime":53.1999999973923,"totalRelativeTime":"18.96%","numOfCalls":0,"avgTimePerCall":53.1999999973923},{"label":"NOT_MEASURED","totalTime":46.89999997057021,"totalRelativeTime":"16.72%","numOfCalls":0,"avgTimePerCall":46.89999997057021}],"iterations":4390,"visitedNodes":4390}}}]}