{"timestamp":1680889582608,"shuffle":"36: 2L    D'   R'   F'   B'   D'   R   2U    B    L    D    U'   R'   B'   U'  2B    D'   F    U'  2R   2U    B   2R    D    L'   U'   D    B'   U'   L'  ","solutions":[{"label":"2x2","key":"IDDFS","solution":{"rotations":[{"side":3,"counterClockwiseDirection":false,"layer":0},{"side":2,"counterClockwiseDirection":true,"layer":0},{"side":0,"counterClockwiseDirection":true,"layer":0},{"side":0,"counterClockwiseDirection":true,"layer":0},{"side":3,"counterClockwiseDirection":true,"layer":0},{"side":3,"counterClockwiseDirection":true,"layer":0},{"side":2,"counterClockwiseDirection":true,"layer":0},{"side":3,"counterClockwiseDirection":false,"layer":0},{"side":2,"counterClockwiseDirection":true,"layer":0},{"side":0,"counterClockwiseDirection":false,"layer":0}],"totalTime":43325,"data":{"metrics":[{"label":"PERFORM_ROTATION","totalTime":18736.800001859665,"totalRelativeTime":"43.24%","numOfCalls":12281477,"avgTimePerCall":0.001525614549606669},{"label":"ADD_CANDIDATE","totalTime":3331.999999433756,"totalRelativeTime":"7.69%","numOfCalls":12281477,"avgTimePerCall":0.0002713028733786462},{"label":"NOT_MEASURED","totalTime":21256.19999870658,"totalRelativeTime":"49.06%","numOfCalls":0,"avgTimePerCall":21256.19999870658}],"visitedNodes":2904968,"iterations":[{"visitedNodes":37,"bound":2},{"visitedNodes":181,"bound":3},{"visitedNodes":877,"bound":4},{"visitedNodes":4237,"bound":5},{"visitedNodes":20461,"bound":6},{"visitedNodes":98797,"bound":7},{"visitedNodes":477037,"bound":8},{"visitedNodes":2303341,"bound":9}]}}},{"label":"2x2","key":"IDA*","solution":{"rotations":[{"side":3,"counterClockwiseDirection":false,"layer":0},{"side":2,"counterClockwiseDirection":true,"layer":0},{"side":0,"counterClockwiseDirection":true,"layer":0},{"side":0,"counterClockwiseDirection":true,"layer":0},{"side":3,"counterClockwiseDirection":true,"layer":0},{"side":3,"counterClockwiseDirection":true,"layer":0},{"side":2,"counterClockwiseDirection":true,"layer":0},{"side":3,"counterClockwiseDirection":false,"layer":0},{"side":2,"counterClockwiseDirection":true,"layer":0},{"side":0,"counterClockwiseDirection":false,"layer":0}],"totalTime":131793.39999997616,"data":{"metrics":[{"label":"PERFORM_ROTATION","totalTime":65178.50000104308,"totalRelativeTime":"49.45%","numOfCalls":54401846,"avgTimePerCall":0.0011980935353010462},{"label":"ADD_CANDIDATE","totalTime":11212.99999526143,"totalRelativeTime":"8.5%","numOfCalls":54401846,"avgTimePerCall":0.00020611432919503194},{"label":"NOT_MEASURED","totalTime":55401.900003671646,"totalRelativeTime":"42.03%","numOfCalls":0,"avgTimePerCall":55401.900003671646}],"visitedNodes":1859734,"iterations":[{"visitedNodes":7,"bound":2},{"visitedNodes":42,"bound":3.25},{"visitedNodes":556,"bound":4.5},{"visitedNodes":4247,"bound":5.75},{"visitedNodes":21481,"bound":7},{"visitedNodes":152860,"bound":8.25},{"visitedNodes":1680541,"bound":9.5}]}}},{"label":"2x2","key":"GA","solution":{"rotations":[{"side":0,"counterClockwiseDirection":false,"layer":0},{"side":0,"counterClockwiseDirection":false,"layer":0},{"side":2,"counterClockwiseDirection":false,"layer":0},{"side":3,"counterClockwiseDirection":false,"layer":0},{"side":0,"counterClockwiseDirection":false,"layer":0},{"side":2,"counterClockwiseDirection":false,"layer":0},{"side":0,"counterClockwiseDirection":true,"layer":0},{"side":2,"counterClockwiseDirection":true,"layer":0},{"side":3,"counterClockwiseDirection":false,"layer":0},{"side":2,"counterClockwiseDirection":false,"layer":0},{"side":3,"counterClockwiseDirection":true,"layer":0},{"side":2,"counterClockwiseDirection":true,"layer":0},{"side":2,"counterClockwiseDirection":true,"layer":0},{"side":0,"counterClockwiseDirection":true,"layer":0},{"side":0,"counterClockwiseDirection":true,"layer":0},{"side":3,"counterClockwiseDirection":true,"layer":0}],"totalTime":44082.30000001192,"data":{"armageddonCounter":0,"generations":3052,"metrics":[{"label":"CHECK_SOLUTION","totalTime":2356.5000012815,"totalRelativeTime":"5.34%","numOfCalls":9154350,"avgTimePerCall":0.0002574186044100892},{"label":"APPLYING_ROTATIONS","totalTime":14345.799998730421,"totalRelativeTime":"32.54%","numOfCalls":9154338,"avgTimePerCall":0.0015671040329437718},{"label":"COMPUTE_GENE","totalTime":2424.499997764826,"totalRelativeTime":"5.49%","numOfCalls":9154338,"avgTimePerCall":0.00026484711376888485},{"label":"CALCULATE_CITIZEN_SCORE","totalTime":4824.700002908707,"totalRelativeTime":"10.94%","numOfCalls":9154338,"avgTimePerCall":0.0005270397491231705},{"label":"AGGREGATE_CURRENT_GENERATION","totalTime":81.700000166893,"totalRelativeTime":"0.18%","numOfCalls":305144,"avgTimePerCall":0.0002677424434591308},{"label":"CREATE_NEXT_GENERATION","totalTime":270.1999997794628,"totalRelativeTime":"0.61%","numOfCalls":3051,"avgTimePerCall":0.08856112742689702},{"label":"MEASUREMENT_OVERHEAD","totalTime":9799.00000411272,"totalRelativeTime":"22.22%","numOfCalls":0,"avgTimePerCall":9799.00000411272},{"label":"NOT_MEASURED","totalTime":9979.899995267391,"totalRelativeTime":"22.63%","numOfCalls":0,"avgTimePerCall":9979.899995267391}]}}},{"label":"2x2","key":"SA","solution":{"rotations":[{"side":0,"counterClockwiseDirection":false,"layer":0},{"side":0,"counterClockwiseDirection":false,"layer":0},{"side":3,"counterClockwiseDirection":true,"layer":0},{"side":3,"counterClockwiseDirection":true,"layer":0},{"side":0,"counterClockwiseDirection":true,"layer":0},{"side":3,"counterClockwiseDirection":false,"layer":0},{"side":0,"counterClockwiseDirection":true,"layer":0},{"side":2,"counterClockwiseDirection":true,"layer":0},{"side":3,"counterClockwiseDirection":true,"layer":0},{"side":2,"counterClockwiseDirection":false,"layer":0},{"side":3,"counterClockwiseDirection":true,"layer":0},{"side":0,"counterClockwiseDirection":true,"layer":0},{"side":3,"counterClockwiseDirection":true,"layer":0},{"side":3,"counterClockwiseDirection":true,"layer":0},{"side":2,"counterClockwiseDirection":true,"layer":0},{"side":3,"counterClockwiseDirection":false,"layer":0},{"side":0,"counterClockwiseDirection":false,"layer":0},{"side":3,"counterClockwiseDirection":false,"layer":0}],"totalTime":85858.69999998808,"data":{"restartCounter":1,"iterations":6727,"metrics":[{"label":"CHECK_SOLUTION","totalTime":4631.499996960163,"totalRelativeTime":"5.39%","numOfCalls":20179980,"avgTimePerCall":0.00022950964257448042},{"label":"APPLYING_ROTATIONS","totalTime":27207.199989527464,"totalRelativeTime":"31.68%","numOfCalls":20179976,"avgTimePerCall":0.0013482275692264184},{"label":"COMPUTE_ROTATION","totalTime":4774.999997317791,"totalRelativeTime":"5.56%","numOfCalls":20179976,"avgTimePerCall":0.00023662069753293023},{"label":"CALCULATE_CITIZEN_SCORE","totalTime":9518.699992239475,"totalRelativeTime":"11.08%","numOfCalls":20179976,"avgTimePerCall":0.0004716903524681831},{"label":"AGGREGATE_CURRENT_GENERATION","totalTime":162.40000063180923,"totalRelativeTime":"0.18%","numOfCalls":672665,"avgTimePerCall":0.00024142775472457944},{"label":"CREATE_NEXT_GENERATION","totalTime":509.10000017285347,"totalRelativeTime":"0.59%","numOfCalls":6726,"avgTimePerCall":0.07569134703729609},{"label":"MEASUREMENT_OVERHEAD","totalTime":19121.00000447035,"totalRelativeTime":"22.27%","numOfCalls":0,"avgTimePerCall":19121.00000447035},{"label":"NOT_MEASURED","totalTime":19933.800018668175,"totalRelativeTime":"23.21%","numOfCalls":0,"avgTimePerCall":19933.800018668175}]}}},{"label":"2x2","key":"WA*","solution":{"rotations":[{"side":3,"counterClockwiseDirection":true,"layer":0},{"side":2,"counterClockwiseDirection":true,"layer":0},{"side":3,"counterClockwiseDirection":true,"layer":0},{"side":2,"counterClockwiseDirection":true,"layer":0},{"side":0,"counterClockwiseDirection":false,"layer":0},{"side":3,"counterClockwiseDirection":true,"layer":0},{"side":0,"counterClockwiseDirection":false,"layer":0},{"side":3,"counterClockwiseDirection":true,"layer":0},{"side":0,"counterClockwiseDirection":false,"layer":0},{"side":3,"counterClockwiseDirection":false,"layer":0},{"side":0,"counterClockwiseDirection":true,"layer":0},{"side":3,"counterClockwiseDirection":false,"layer":0}],"totalTime":494.80000001192093,"data":{"metrics":[{"label":"ITERATIONS_COUNTER_INCREMENT","totalTime":6.800000101327896,"totalRelativeTime":"1.37%","numOfCalls":31500,"avgTimePerCall":0.0002158730190897745},{"label":"ABORTED_VERIFICATION","totalTime":2.899999976158142,"totalRelativeTime":"0.58%","numOfCalls":15750,"avgTimePerCall":0.00018412698261321538},{"label":"POP_CANDIDATE","totalTime":13.300000190734863,"totalRelativeTime":"2.68%","numOfCalls":15750,"avgTimePerCall":0.0008444444565545944},{"label":"VISISTED_LIST_CHECK","totalTime":25.499999701976776,"totalRelativeTime":"5.15%","numOfCalls":85808,"avgTimePerCall":0.00029717508509669},{"label":"CHECK_SOLUTION","totalTime":3.100000023841858,"totalRelativeTime":"0.62%","numOfCalls":14695,"avgTimePerCall":0.00021095610914201142},{"label":"ADD_TO_VISISTED_LIST_CHECK","totalTime":4.100000113248825,"totalRelativeTime":"0.82%","numOfCalls":14694,"avgTimePerCall":0.00027902546027282053},{"label":"PERFORM_ROTATION","totalTime":136.79999968409538,"totalRelativeTime":"27.64%","numOfCalls":70058,"avgTimePerCall":0.001952667785036618},{"label":"HEURISTIC_CALCULATION","totalTime":55.899999886751175,"totalRelativeTime":"11.29%","numOfCalls":70058,"avgTimePerCall":0.0007979103012753886},{"label":"ADD_CANDIDATE","totalTime":26.90000033378601,"totalRelativeTime":"5.43%","numOfCalls":68516,"avgTimePerCall":0.00039260903050070074},{"label":"BUILD_SOLUTION","totalTime":0,"totalRelativeTime":"0%","numOfCalls":1,"avgTimePerCall":0},{"label":"MEASUREMENT_OVERHEAD","totalTime":88.59999984502792,"totalRelativeTime":"17.9%","numOfCalls":0,"avgTimePerCall":88.59999984502792},{"label":"NOT_MEASURED","totalTime":130.90000015497208,"totalRelativeTime":"26.45%","numOfCalls":0,"avgTimePerCall":130.90000015497208}],"visitedNodes":15750,"differentNodes":14695}}},{"label":"2x2","key":"BiBFS","solution":{"rotations":[{"side":3,"counterClockwiseDirection":false,"layer":0},{"side":2,"counterClockwiseDirection":true,"layer":0},{"side":0,"counterClockwiseDirection":true,"layer":0},{"side":0,"counterClockwiseDirection":true,"layer":0},{"side":3,"counterClockwiseDirection":false,"layer":0},{"side":3,"counterClockwiseDirection":false,"layer":0},{"side":2,"counterClockwiseDirection":true,"layer":0},{"side":3,"counterClockwiseDirection":false,"layer":0},{"side":2,"counterClockwiseDirection":true,"layer":0},{"side":0,"counterClockwiseDirection":false,"layer":0}],"totalTime":113,"data":{"metrics":[{"label":"POP_CANDIDATE","totalTime":1.2000000178813934,"totalRelativeTime":"1.06%","numOfCalls":4082,"avgTimePerCall":0.00029397354676173284},{"label":"VISISTED_LIST_CHECK","totalTime":7.499999940395355,"totalRelativeTime":"6.63%","numOfCalls":25743,"avgTimePerCall":0.00029134133319330907},{"label":"ADD_TO_VISISTED_LIST_CHECK","totalTime":1.2999999523162842,"totalRelativeTime":"1.15%","numOfCalls":3672,"avgTimePerCall":0.00035403048810356323},{"label":"PERFORM_ROTATION","totalTime":39.39999985694885,"totalRelativeTime":"34.86%","numOfCalls":17988,"avgTimePerCall":0.002190349113684059},{"label":"ADD_CANDIDATE","totalTime":15.300000160932541,"totalRelativeTime":"13.53%","numOfCalls":17792,"avgTimePerCall":0.0008599370594049315},{"label":"MEASUREMENT_OVERHEAD","totalTime":20.500000089406967,"totalRelativeTime":"18.14%","numOfCalls":0,"avgTimePerCall":20.500000089406967},{"label":"NOT_MEASURED","totalTime":27.799999982118607,"totalRelativeTime":"24.6%","numOfCalls":0,"avgTimePerCall":27.799999982118607}],"iterations":1837,"visitedNodes":1837}}}]}