{"timestamp":1680907383720,"shuffle":"38:  D'  2L    U    L'   B    D'   L'   R   2B    L    D    U'   R    B'   F    R    B'   L'   R'  2U    D'   F'   D    U    F    U    R    D'   L   2U   2D    B'   U'  ","solutions":[{"label":"2x2","key":"IDDFS","solution":{"rotations":[{"side":3,"counterClockwiseDirection":true,"layer":0},{"side":0,"counterClockwiseDirection":true,"layer":0},{"side":3,"counterClockwiseDirection":true,"layer":0},{"side":3,"counterClockwiseDirection":true,"layer":0},{"side":2,"counterClockwiseDirection":false,"layer":0},{"side":3,"counterClockwiseDirection":false,"layer":0},{"side":0,"counterClockwiseDirection":true,"layer":0},{"side":0,"counterClockwiseDirection":true,"layer":0},{"side":3,"counterClockwiseDirection":false,"layer":0},{"side":2,"counterClockwiseDirection":false,"layer":0}],"totalTime":27514.79999998212,"data":{"metrics":[{"label":"PERFORM_ROTATION","totalTime":12881.400001823902,"totalRelativeTime":"46.81%","numOfCalls":11384332,"avgTimePerCall":0.0011315024897221816},{"label":"ADD_CANDIDATE","totalTime":2285.2000004053116,"totalRelativeTime":"8.3%","numOfCalls":11384332,"avgTimePerCall":0.00020073202366246098},{"label":"NOT_MEASURED","totalTime":12348.199997752905,"totalRelativeTime":"44.87%","numOfCalls":0,"avgTimePerCall":12348.199997752905}],"visitedNodes":2904968,"iterations":[{"visitedNodes":37,"bound":2},{"visitedNodes":181,"bound":3},{"visitedNodes":877,"bound":4},{"visitedNodes":4237,"bound":5},{"visitedNodes":20461,"bound":6},{"visitedNodes":98797,"bound":7},{"visitedNodes":477037,"bound":8},{"visitedNodes":2303341,"bound":9}]}}},{"label":"2x2","key":"IDA*","solution":{"rotations":[{"side":3,"counterClockwiseDirection":true,"layer":0},{"side":0,"counterClockwiseDirection":true,"layer":0},{"side":3,"counterClockwiseDirection":true,"layer":0},{"side":3,"counterClockwiseDirection":true,"layer":0},{"side":2,"counterClockwiseDirection":false,"layer":0},{"side":3,"counterClockwiseDirection":false,"layer":0},{"side":0,"counterClockwiseDirection":true,"layer":0},{"side":0,"counterClockwiseDirection":true,"layer":0},{"side":3,"counterClockwiseDirection":false,"layer":0},{"side":2,"counterClockwiseDirection":false,"layer":0}],"totalTime":102270,"data":{"metrics":[{"label":"PERFORM_ROTATION","totalTime":51385.500005573034,"totalRelativeTime":"50.24%","numOfCalls":50232069,"avgTimePerCall":0.0010229620445371867},{"label":"ADD_CANDIDATE","totalTime":8863.49999973178,"totalRelativeTime":"8.66%","numOfCalls":50232069,"avgTimePerCall":0.00017645102374205966},{"label":"NOT_MEASURED","totalTime":42020.99999469519,"totalRelativeTime":"41.08%","numOfCalls":0,"avgTimePerCall":42020.99999469519}],"visitedNodes":1889911,"iterations":[{"visitedNodes":7,"bound":2},{"visitedNodes":52,"bound":3.25},{"visitedNodes":589,"bound":4.5},{"visitedNodes":4245,"bound":5.75},{"visitedNodes":21869,"bound":7},{"visitedNodes":160674,"bound":8.25},{"visitedNodes":1702475,"bound":9.5}]}}},{"label":"2x2","key":"SA","solution":{"rotations":[{"side":2,"counterClockwiseDirection":false,"layer":0},{"side":3,"counterClockwiseDirection":false,"layer":0},{"side":0,"counterClockwiseDirection":true,"layer":0},{"side":3,"counterClockwiseDirection":false,"layer":0},{"side":0,"counterClockwiseDirection":true,"layer":0},{"side":2,"counterClockwiseDirection":true,"layer":0},{"side":3,"counterClockwiseDirection":true,"layer":0},{"side":0,"counterClockwiseDirection":false,"layer":0},{"side":2,"counterClockwiseDirection":true,"layer":0},{"side":2,"counterClockwiseDirection":true,"layer":0},{"side":0,"counterClockwiseDirection":false,"layer":0},{"side":2,"counterClockwiseDirection":true,"layer":0},{"side":3,"counterClockwiseDirection":false,"layer":0},{"side":0,"counterClockwiseDirection":false,"layer":0},{"side":3,"counterClockwiseDirection":false,"layer":0},{"side":3,"counterClockwiseDirection":false,"layer":0},{"side":0,"counterClockwiseDirection":true,"layer":0},{"side":2,"counterClockwiseDirection":false,"layer":0},{"side":2,"counterClockwiseDirection":false,"layer":0},{"side":3,"counterClockwiseDirection":true,"layer":0}],"totalTime":1590.5999999940395,"data":{"restartCounter":0,"iterations":157,"metrics":[{"label":"CHECK_SOLUTION","totalTime":80.80000016093254,"totalRelativeTime":"5.07%","numOfCalls":468420,"avgTimePerCall":0.00017249476999473237},{"label":"APPLYING_ROTATIONS","totalTime":501.29999855160713,"totalRelativeTime":"31.51%","numOfCalls":468418,"avgTimePerCall":0.001070197982467811},{"label":"COMPUTE_ROTATION","totalTime":82.50000005960464,"totalRelativeTime":"5.18%","numOfCalls":468418,"avgTimePerCall":0.0001761247434120906},{"label":"CALCULATE_CITIZEN_SCORE","totalTime":181.60000017285347,"totalRelativeTime":"11.41%","numOfCalls":468418,"avgTimePerCall":0.00038768792013298695},{"label":"AGGREGATE_CURRENT_GENERATION","totalTime":3.1000000536441803,"totalRelativeTime":"0.19%","numOfCalls":15613,"avgTimePerCall":0.00019855249174688915},{"label":"CREATE_NEXT_GENERATION","totalTime":10.699999898672104,"totalRelativeTime":"0.67%","numOfCalls":156,"avgTimePerCall":0.0685897429402058},{"label":"MEASUREMENT_OVERHEAD","totalTime":353.0000002384186,"totalRelativeTime":"22.19%","numOfCalls":0,"avgTimePerCall":353.0000002384186},{"label":"NOT_MEASURED","totalTime":377.6000008583069,"totalRelativeTime":"23.73%","numOfCalls":0,"avgTimePerCall":377.6000008583069}]}}},{"label":"2x2","key":"GA","solution":{"rotations":[{"side":2,"counterClockwiseDirection":false,"layer":0},{"side":3,"counterClockwiseDirection":true,"layer":0},{"side":0,"counterClockwiseDirection":false,"layer":0},{"side":3,"counterClockwiseDirection":true,"layer":0},{"side":2,"counterClockwiseDirection":false,"layer":0},{"side":3,"counterClockwiseDirection":true,"layer":0},{"side":2,"counterClockwiseDirection":true,"layer":0},{"side":3,"counterClockwiseDirection":true,"layer":0},{"side":0,"counterClockwiseDirection":true,"layer":0},{"side":3,"counterClockwiseDirection":true,"layer":0},{"side":2,"counterClockwiseDirection":true,"layer":0},{"side":3,"counterClockwiseDirection":true,"layer":0},{"side":2,"counterClockwiseDirection":true,"layer":0},{"side":0,"counterClockwiseDirection":true,"layer":0},{"side":0,"counterClockwiseDirection":true,"layer":0},{"side":3,"counterClockwiseDirection":true,"layer":0},{"side":0,"counterClockwiseDirection":true,"layer":0},{"layer":0,"side":2,"counterClockwiseDirection":true}],"totalTime":17162.09999999404,"data":{"armageddonCounter":0,"generations":1563,"metrics":[{"label":"CHECK_SOLUTION","totalTime":877.8999989032745,"totalRelativeTime":"5.11%","numOfCalls":4686900,"avgTimePerCall":0.00018730930869087766},{"label":"APPLYING_ROTATIONS","totalTime":5389.50000205636,"totalRelativeTime":"31.4%","numOfCalls":4686898,"avgTimePerCall":0.0011499076792489105},{"label":"COMPUTE_GENE","totalTime":927.3000010550022,"totalRelativeTime":"5.4%","numOfCalls":4686898,"avgTimePerCall":0.00019784940936521387},{"label":"CALCULATE_CITIZEN_SCORE","totalTime":1935.5999990701675,"totalRelativeTime":"11.27%","numOfCalls":4686898,"avgTimePerCall":0.00041298103757968864},{"label":"AGGREGATE_CURRENT_GENERATION","totalTime":30.00000023841858,"totalRelativeTime":"0.17%","numOfCalls":156229,"avgTimePerCall":0.00019202580979471533},{"label":"CREATE_NEXT_GENERATION","totalTime":99.50000044703484,"totalRelativeTime":"0.57%","numOfCalls":1562,"avgTimePerCall":0.06370038440911321},{"label":"MEASUREMENT_OVERHEAD","totalTime":3997.7000014185905,"totalRelativeTime":"23.29%","numOfCalls":0,"avgTimePerCall":3997.7000014185905},{"label":"NOT_MEASURED","totalTime":3904.599996805191,"totalRelativeTime":"22.75%","numOfCalls":0,"avgTimePerCall":3904.599996805191}]}}},{"label":"2x2","key":"WA*","solution":{"rotations":[{"side":2,"counterClockwiseDirection":false,"layer":0},{"side":3,"counterClockwiseDirection":true,"layer":0},{"side":0,"counterClockwiseDirection":false,"layer":0},{"side":0,"counterClockwiseDirection":false,"layer":0},{"side":2,"counterClockwiseDirection":false,"layer":0},{"side":3,"counterClockwiseDirection":false,"layer":0},{"side":0,"counterClockwiseDirection":false,"layer":0},{"side":0,"counterClockwiseDirection":false,"layer":0},{"side":2,"counterClockwiseDirection":true,"layer":0},{"side":0,"counterClockwiseDirection":true,"layer":0},{"side":3,"counterClockwiseDirection":true,"layer":0},{"side":2,"counterClockwiseDirection":false,"layer":0},{"side":2,"counterClockwiseDirection":false,"layer":0},{"side":3,"counterClockwiseDirection":false,"layer":0}],"totalTime":126.19999998807907,"data":{"metrics":[{"label":"ITERATIONS_COUNTER_INCREMENT","totalTime":1.6000000536441803,"totalRelativeTime":"1.26%","numOfCalls":6078,"avgTimePerCall":0.00026324449714448507},{"label":"ABORTED_VERIFICATION","totalTime":1.0000000298023224,"totalRelativeTime":"0.79%","numOfCalls":3039,"avgTimePerCall":0.0003290556202047787},{"label":"POP_CANDIDATE","totalTime":3.3999999165534973,"totalRelativeTime":"2.69%","numOfCalls":3039,"avgTimePerCall":0.001118789047895195},{"label":"VISISTED_LIST_CHECK","totalTime":5.699999898672104,"totalRelativeTime":"4.51%","numOfCalls":16684,"avgTimePerCall":0.0003416446834495387},{"label":"CHECK_SOLUTION","totalTime":0.4999999701976776,"totalRelativeTime":"0.39%","numOfCalls":2860,"avgTimePerCall":0.00017482516440478238},{"label":"ADD_TO_VISISTED_LIST_CHECK","totalTime":0.9000000059604645,"totalRelativeTime":"0.71%","numOfCalls":2859,"avgTimePerCall":0.00031479538508585674},{"label":"PERFORM_ROTATION","totalTime":23.799999833106995,"totalRelativeTime":"18.85%","numOfCalls":13645,"avgTimePerCall":0.0017442286429539754},{"label":"HEURISTIC_CALCULATION","totalTime":33.70000007748604,"totalRelativeTime":"26.7%","numOfCalls":13645,"avgTimePerCall":0.002469769151886115},{"label":"ADD_CANDIDATE","totalTime":3.9999999403953552,"totalRelativeTime":"3.16%","numOfCalls":13429,"avgTimePerCall":0.00029786282972636496},{"label":"BUILD_SOLUTION","totalTime":0,"totalRelativeTime":"0%","numOfCalls":1,"avgTimePerCall":0},{"label":"MEASUREMENT_OVERHEAD","totalTime":23.700000047683716,"totalRelativeTime":"18.77%","numOfCalls":0,"avgTimePerCall":23.700000047683716},{"label":"NOT_MEASURED","totalTime":27.90000021457672,"totalRelativeTime":"22.1%","numOfCalls":0,"avgTimePerCall":27.90000021457672}],"visitedNodes":3039,"differentNodes":2860}}},{"label":"2x2","key":"BiBFS","solution":{"rotations":[{"side":3,"counterClockwiseDirection":true,"layer":0},{"side":0,"counterClockwiseDirection":true,"layer":0},{"side":3,"counterClockwiseDirection":true,"layer":0},{"side":3,"counterClockwiseDirection":true,"layer":0},{"side":2,"counterClockwiseDirection":false,"layer":0},{"side":3,"counterClockwiseDirection":false,"layer":0},{"side":0,"counterClockwiseDirection":false,"layer":0},{"side":0,"counterClockwiseDirection":false,"layer":0},{"side":3,"counterClockwiseDirection":false,"layer":0},{"side":2,"counterClockwiseDirection":false,"layer":0}],"totalTime":148.40000000596046,"data":{"metrics":[{"label":"POP_CANDIDATE","totalTime":1.7000000178813934,"totalRelativeTime":"1.14%","numOfCalls":5064,"avgTimePerCall":0.0003357030051108597},{"label":"VISISTED_LIST_CHECK","totalTime":16.40000030398369,"totalRelativeTime":"11.05%","numOfCalls":31675,"avgTimePerCall":0.0005177584942062727},{"label":"ADD_TO_VISISTED_LIST_CHECK","totalTime":1.6999999582767487,"totalRelativeTime":"1.14%","numOfCalls":4512,"avgTimePerCall":0.0003767730403982156},{"label":"PERFORM_ROTATION","totalTime":47.10000002384186,"totalRelativeTime":"31.73%","numOfCalls":22098,"avgTimePerCall":0.0021314146087357162},{"label":"ADD_CANDIDATE","totalTime":19.099999874830246,"totalRelativeTime":"12.87%","numOfCalls":21858,"avgTimePerCall":0.0008738219358967081},{"label":"MEASUREMENT_OVERHEAD","totalTime":28.099999964237213,"totalRelativeTime":"18.93%","numOfCalls":0,"avgTimePerCall":28.099999964237213},{"label":"NOT_MEASURED","totalTime":34.29999986290932,"totalRelativeTime":"23.11%","numOfCalls":0,"avgTimePerCall":34.29999986290932}],"iterations":2257,"visitedNodes":2257}}}]}