{"timestamp":1680987560155,"shuffle":"33:  B'   L    F    R    F    D   2R   2B    L'   D    B'  2F    B'   R    U'   F'   R'   F'   R    D   2B    D    L    F    R'   D'   B    D    R'  ","solutions":[{"label":"2x2","key":"IDDFS","solution":{"rotations":[{"side":0,"counterClockwiseDirection":true,"layer":0},{"side":2,"counterClockwiseDirection":false,"layer":0},{"side":3,"counterClockwiseDirection":false,"layer":0},{"side":2,"counterClockwiseDirection":true,"layer":0},{"side":0,"counterClockwiseDirection":false,"layer":0},{"side":2,"counterClockwiseDirection":true,"layer":0},{"side":3,"counterClockwiseDirection":true,"layer":0},{"side":2,"counterClockwiseDirection":true,"layer":0},{"side":0,"counterClockwiseDirection":false,"layer":0}],"totalTime":3630.900000002235,"data":{"metrics":[{"label":"PERFORM_ROTATION","totalTime":1536.2999998740852,"totalRelativeTime":"42.31%","numOfCalls":1513355,"avgTimePerCall":0.0010151616771174544},{"label":"ADD_CANDIDATE","totalTime":287.10000007227063,"totalRelativeTime":"7.9%","numOfCalls":1513355,"avgTimePerCall":0.00018971094030962373},{"label":"NOT_MEASURED","totalTime":1807.5000000558794,"totalRelativeTime":"49.78%","numOfCalls":0,"avgTimePerCall":1807.5000000558794}],"visitedNodes":601627,"iterations":[{"visitedNodes":37,"bound":2},{"visitedNodes":181,"bound":3},{"visitedNodes":877,"bound":4},{"visitedNodes":4237,"bound":5},{"visitedNodes":20461,"bound":6},{"visitedNodes":98797,"bound":7},{"visitedNodes":477037,"bound":8}]}}},{"label":"2x2","key":"IDA*","solution":{"rotations":[{"side":0,"counterClockwiseDirection":true,"layer":0},{"side":2,"counterClockwiseDirection":false,"layer":0},{"side":3,"counterClockwiseDirection":false,"layer":0},{"side":2,"counterClockwiseDirection":true,"layer":0},{"side":0,"counterClockwiseDirection":false,"layer":0},{"side":2,"counterClockwiseDirection":true,"layer":0},{"side":3,"counterClockwiseDirection":true,"layer":0},{"side":2,"counterClockwiseDirection":true,"layer":0},{"side":0,"counterClockwiseDirection":false,"layer":0}],"totalTime":9072.699999999255,"data":{"metrics":[{"label":"PERFORM_ROTATION","totalTime":4536.300000376999,"totalRelativeTime":"49.99%","numOfCalls":4205152,"avgTimePerCall":0.0010787481642463815},{"label":"ADD_CANDIDATE","totalTime":780.3000001274049,"totalRelativeTime":"8.6%","numOfCalls":4205152,"avgTimePerCall":0.00018555809638448384},{"label":"NOT_MEASURED","totalTime":3756.0999994948506,"totalRelativeTime":"41.4%","numOfCalls":0,"avgTimePerCall":3756.0999994948506}],"visitedNodes":190996,"iterations":[{"visitedNodes":7,"bound":2},{"visitedNodes":45,"bound":3.25},{"visitedNodes":666,"bound":4.5},{"visitedNodes":4247,"bound":5.75},{"visitedNodes":21928,"bound":7},{"visitedNodes":164103,"bound":8.25}]}}},{"label":"2x2","key":"SA","solution":{"rotations":[{"side":2,"counterClockwiseDirection":true,"layer":0},{"side":2,"counterClockwiseDirection":true,"layer":0},{"side":0,"counterClockwiseDirection":true,"layer":0},{"side":2,"counterClockwiseDirection":false,"layer":0},{"side":3,"counterClockwiseDirection":false,"layer":0},{"side":0,"counterClockwiseDirection":false,"layer":0},{"side":3,"counterClockwiseDirection":true,"layer":0},{"side":0,"counterClockwiseDirection":false,"layer":0},{"side":3,"counterClockwiseDirection":false,"layer":0},{"side":0,"counterClockwiseDirection":true,"layer":0},{"side":3,"counterClockwiseDirection":true,"layer":0},{"side":0,"counterClockwiseDirection":false,"layer":0},{"side":2,"counterClockwiseDirection":true,"layer":0},{"side":3,"counterClockwiseDirection":true,"layer":0},{"side":0,"counterClockwiseDirection":true,"layer":0},{"side":3,"counterClockwiseDirection":false,"layer":0},{"side":0,"counterClockwiseDirection":false,"layer":0},{"side":0,"counterClockwiseDirection":false,"layer":0},{"side":3,"counterClockwiseDirection":false,"layer":0},{"side":3,"counterClockwiseDirection":false,"layer":0},{"side":0,"counterClockwiseDirection":true,"layer":0},{"side":3,"counterClockwiseDirection":false,"layer":0},{"side":0,"counterClockwiseDirection":false,"layer":0}],"totalTime":79759.79999999702,"data":{"restartCounter":1,"iterations":9351,"metrics":[{"label":"CHECK_SOLUTION","totalTime":4216.799999717623,"totalRelativeTime":"5.28%","numOfCalls":28052040,"avgTimePerCall":0.00015032061838346242},{"label":"APPLYING_ROTATIONS","totalTime":24447.799999520183,"totalRelativeTime":"30.65%","numOfCalls":28052035,"avgTimePerCall":0.0008715160949827769},{"label":"COMPUTE_ROTATION","totalTime":4353.900000017136,"totalRelativeTime":"5.45%","numOfCalls":28052035,"avgTimePerCall":0.00015520799114991608},{"label":"CALCULATE_CITIZEN_SCORE","totalTime":8949.799999732524,"totalRelativeTime":"11.22%","numOfCalls":28052035,"avgTimePerCall":0.00031904280740176335},{"label":"AGGREGATE_CURRENT_GENERATION","totalTime":154.90000003948808,"totalRelativeTime":"0.19%","numOfCalls":935067,"avgTimePerCall":0.00016565657866173021},{"label":"CREATE_NEXT_GENERATION","totalTime":471.90000012516975,"totalRelativeTime":"0.59%","numOfCalls":9350,"avgTimePerCall":0.05047058824868126},{"label":"MEASUREMENT_OVERHEAD","totalTime":18842.49999929592,"totalRelativeTime":"23.62%","numOfCalls":0,"avgTimePerCall":18842.49999929592},{"label":"NOT_MEASURED","totalTime":18322.200001548976,"totalRelativeTime":"22.97%","numOfCalls":0,"avgTimePerCall":18322.200001548976}]}}},{"label":"2x2","key":"GA","solution":{"rotations":[{"side":0,"counterClockwiseDirection":true,"layer":0},{"side":2,"counterClockwiseDirection":false,"layer":0},{"side":3,"counterClockwiseDirection":false,"layer":0},{"side":3,"counterClockwiseDirection":false,"layer":0},{"side":2,"counterClockwiseDirection":false,"layer":0},{"side":3,"counterClockwiseDirection":true,"layer":0},{"side":2,"counterClockwiseDirection":true,"layer":0},{"side":3,"counterClockwiseDirection":true,"layer":0},{"side":2,"counterClockwiseDirection":true,"layer":0},{"side":3,"counterClockwiseDirection":true,"layer":0},{"side":0,"counterClockwiseDirection":true,"layer":0},{"side":3,"counterClockwiseDirection":true,"layer":0},{"side":2,"counterClockwiseDirection":false,"layer":0},{"side":0,"counterClockwiseDirection":false,"layer":0},{"side":0,"counterClockwiseDirection":false,"layer":0}],"totalTime":1347.8999999985099,"data":{"armageddonCounter":0,"generations":124,"metrics":[{"label":"CHECK_SOLUTION","totalTime":80.00000002235174,"totalRelativeTime":"5.93%","numOfCalls":370800,"avgTimePerCall":0.00021574973037311688},{"label":"APPLYING_ROTATIONS","totalTime":430.59999998658895,"totalRelativeTime":"31.94%","numOfCalls":370785,"avgTimePerCall":0.0011613199023331282},{"label":"COMPUTE_GENE","totalTime":69.59999998286366,"totalRelativeTime":"5.16%","numOfCalls":370785,"avgTimePerCall":0.0001877098587668424},{"label":"CALCULATE_CITIZEN_SCORE","totalTime":152.70000002160668,"totalRelativeTime":"11.32%","numOfCalls":370785,"avgTimePerCall":0.0004118289575403716},{"label":"AGGREGATE_CURRENT_GENERATION","totalTime":1.899999987334013,"totalRelativeTime":"0.14%","numOfCalls":12359,"avgTimePerCall":0.00015373411985872748},{"label":"CREATE_NEXT_GENERATION","totalTime":9.999999962747097,"totalRelativeTime":"0.74%","numOfCalls":123,"avgTimePerCall":0.08130081270526095},{"label":"MEASUREMENT_OVERHEAD","totalTime":299.60000013560057,"totalRelativeTime":"22.22%","numOfCalls":0,"avgTimePerCall":299.60000013560057},{"label":"NOT_MEASURED","totalTime":303.49999989941716,"totalRelativeTime":"22.51%","numOfCalls":0,"avgTimePerCall":303.49999989941716}]}}},{"label":"2x2","key":"WA*","solution":{"rotations":[{"side":0,"counterClockwiseDirection":true,"layer":0},{"side":0,"counterClockwiseDirection":true,"layer":0},{"side":2,"counterClockwiseDirection":true,"layer":0},{"side":3,"counterClockwiseDirection":true,"layer":0},{"side":3,"counterClockwiseDirection":true,"layer":0},{"side":2,"counterClockwiseDirection":false,"layer":0},{"side":2,"counterClockwiseDirection":false,"layer":0},{"side":3,"counterClockwiseDirection":false,"layer":0},{"side":0,"counterClockwiseDirection":false,"layer":0},{"side":2,"counterClockwiseDirection":true,"layer":0},{"side":0,"counterClockwiseDirection":false,"layer":0}],"totalTime":534.1000000014901,"data":{"metrics":[{"label":"ITERATIONS_COUNTER_INCREMENT","totalTime":8.50000000372529,"totalRelativeTime":"1.59%","numOfCalls":42260,"avgTimePerCall":0.00020113582592818955},{"label":"ABORTED_VERIFICATION","totalTime":7.900000002235174,"totalRelativeTime":"1.47%","numOfCalls":21130,"avgTimePerCall":0.0003738760057849112},{"label":"POP_CANDIDATE","totalTime":10.499999985098839,"totalRelativeTime":"1.96%","numOfCalls":21130,"avgTimePerCall":0.0004969238043113506},{"label":"VISISTED_LIST_CHECK","totalTime":36.700000040233135,"totalRelativeTime":"6.87%","numOfCalls":115316,"avgTimePerCall":0.0003182559232043527},{"label":"CHECK_SOLUTION","totalTime":4.000000007450581,"totalRelativeTime":"0.74%","numOfCalls":19737,"avgTimePerCall":0.00020266504572379697},{"label":"ADD_TO_VISISTED_LIST_CHECK","totalTime":5.199999999254942,"totalRelativeTime":"0.97%","numOfCalls":19736,"avgTimePerCall":0.00026347790835300677},{"label":"PERFORM_ROTATION","totalTime":137.50000000745058,"totalRelativeTime":"25.74%","numOfCalls":94186,"avgTimePerCall":0.0014598772642160256},{"label":"HEURISTIC_CALCULATION","totalTime":44.10000001639128,"totalRelativeTime":"8.25%","numOfCalls":94186,"avgTimePerCall":0.0004682224536172178},{"label":"ADD_CANDIDATE","totalTime":26.19999998807907,"totalRelativeTime":"4.9%","numOfCalls":92049,"avgTimePerCall":0.00028463101161423885},{"label":"BUILD_SOLUTION","totalTime":0,"totalRelativeTime":"0%","numOfCalls":1,"avgTimePerCall":0},{"label":"MEASUREMENT_OVERHEAD","totalTime":109.10000000149012,"totalRelativeTime":"20.42%","numOfCalls":0,"avgTimePerCall":109.10000000149012},{"label":"NOT_MEASURED","totalTime":144.3999999500811,"totalRelativeTime":"27.03%","numOfCalls":0,"avgTimePerCall":144.3999999500811}],"visitedNodes":21130,"differentNodes":19737}}},{"label":"2x2","key":"BiBFS","solution":{"rotations":[{"side":0,"counterClockwiseDirection":true,"layer":0},{"side":3,"counterClockwiseDirection":false,"layer":0},{"side":0,"counterClockwiseDirection":false,"layer":0},{"side":2,"counterClockwiseDirection":true,"layer":0},{"side":0,"counterClockwiseDirection":false,"layer":0},{"side":3,"counterClockwiseDirection":true,"layer":0},{"side":2,"counterClockwiseDirection":false,"layer":0},{"side":2,"counterClockwiseDirection":false,"layer":0},{"side":0,"counterClockwiseDirection":false,"layer":0}],"totalTime":120,"data":{"metrics":[{"label":"POP_CANDIDATE","totalTime":1.0999999940395355,"totalRelativeTime":"0.91%","numOfCalls":3550,"avgTimePerCall":0.00030985915325057337},{"label":"VISISTED_LIST_CHECK","totalTime":7.600000001490116,"totalRelativeTime":"6.33%","numOfCalls":22466,"avgTimePerCall":0.0003382889700654374},{"label":"ADD_TO_VISISTED_LIST_CHECK","totalTime":0.9000000022351742,"totalRelativeTime":"0.75%","numOfCalls":3206,"avgTimePerCall":0.00028072364386624274},{"label":"PERFORM_ROTATION","totalTime":64.59999999031425,"totalRelativeTime":"53.83%","numOfCalls":15708,"avgTimePerCall":0.0041125541119375},{"label":"ADD_CANDIDATE","totalTime":5.100000008940697,"totalRelativeTime":"4.25%","numOfCalls":15532,"avgTimePerCall":0.0003283543657571914},{"label":"MEASUREMENT_OVERHEAD","totalTime":18.700000010430813,"totalRelativeTime":"15.58%","numOfCalls":0,"avgTimePerCall":18.700000010430813},{"label":"NOT_MEASURED","totalTime":21.99999999254942,"totalRelativeTime":"18.33%","numOfCalls":0,"avgTimePerCall":21.99999999254942}],"iterations":1604,"visitedNodes":1604}}}]}