{"timestamp":1680886948093,"shuffle":"30:  B    D'   B    R'   B    U'   F'   B    F'  2R    D    B'   L    D    F    L    U'   L    R    D'   U'  2B    F    R    D    B    R    D   ","solutions":[{"label":"2x2","key":"IDDFS","solution":{"rotations":[{"side":2,"counterClockwiseDirection":true,"layer":0},{"side":0,"counterClockwiseDirection":false,"layer":0},{"side":2,"counterClockwiseDirection":true,"layer":0},{"side":0,"counterClockwiseDirection":false,"layer":0},{"side":2,"counterClockwiseDirection":true,"layer":0},{"side":0,"counterClockwiseDirection":false,"layer":0},{"side":3,"counterClockwiseDirection":true,"layer":0},{"side":2,"counterClockwiseDirection":false,"layer":0},{"side":0,"counterClockwiseDirection":true,"layer":0},{"side":2,"counterClockwiseDirection":false,"layer":0},{"side":0,"counterClockwiseDirection":true,"layer":0},{"side":0,"counterClockwiseDirection":true,"layer":0}],"totalTime":228733.19999998808,"data":{"metrics":[{"label":"PERFORM_ROTATION","totalTime":96990.80000883341,"totalRelativeTime":"42.4%","numOfCalls":84832740,"avgTimePerCall":0.0011433180162379927},{"label":"ADD_CANDIDATE","totalTime":17922.300007224083,"totalRelativeTime":"7.83%","numOfCalls":84832740,"avgTimePerCall":0.00021126631071004053},{"label":"NOT_MEASURED","totalTime":113820.09998393059,"totalRelativeTime":"49.76%","numOfCalls":0,"avgTimePerCall":113820.09998393059}],"visitedNodes":67725922,"iterations":[{"visitedNodes":37,"bound":2},{"visitedNodes":181,"bound":3},{"visitedNodes":877,"bound":4},{"visitedNodes":4237,"bound":5},{"visitedNodes":20461,"bound":6},{"visitedNodes":98797,"bound":7},{"visitedNodes":477037,"bound":8},{"visitedNodes":2303341,"bound":9},{"visitedNodes":11121517,"bound":10},{"visitedNodes":53699437,"bound":11}]}}},{"label":"2x2","key":"IDA*","solution":{"rotations":[{"side":2,"counterClockwiseDirection":true,"layer":0},{"side":0,"counterClockwiseDirection":false,"layer":0},{"side":2,"counterClockwiseDirection":true,"layer":0},{"side":0,"counterClockwiseDirection":false,"layer":0},{"side":2,"counterClockwiseDirection":true,"layer":0},{"side":0,"counterClockwiseDirection":false,"layer":0},{"side":3,"counterClockwiseDirection":true,"layer":0},{"side":2,"counterClockwiseDirection":false,"layer":0},{"side":0,"counterClockwiseDirection":true,"layer":0},{"side":2,"counterClockwiseDirection":false,"layer":0},{"side":0,"counterClockwiseDirection":true,"layer":0},{"side":0,"counterClockwiseDirection":true,"layer":0}],"totalTime":204487.40000000596,"data":{"metrics":[{"label":"PERFORM_ROTATION","totalTime":97518.90000468493,"totalRelativeTime":"47.68%","numOfCalls":81700094,"avgTimePerCall":0.00119362041376213},{"label":"ADD_CANDIDATE","totalTime":17643.60000666976,"totalRelativeTime":"8.62%","numOfCalls":81700094,"avgTimePerCall":0.00021595568796615777},{"label":"NOT_MEASURED","totalTime":89324.89998865128,"totalRelativeTime":"43.68%","numOfCalls":0,"avgTimePerCall":89324.89998865128}],"visitedNodes":13120062,"iterations":[{"visitedNodes":7,"bound":2},{"visitedNodes":82,"bound":3.25},{"visitedNodes":741,"bound":4.5},{"visitedNodes":4265,"bound":5.75},{"visitedNodes":22509,"bound":7},{"visitedNodes":170976,"bound":8.25},{"visitedNodes":1756013,"bound":9.5},{"visitedNodes":11165469,"bound":10.75}]}}},{"label":"2x2","key":"GA","solution":{"rotations":[{"side":3,"counterClockwiseDirection":false,"layer":0},{"side":2,"counterClockwiseDirection":true,"layer":0},{"side":3,"counterClockwiseDirection":false,"layer":0},{"side":2,"counterClockwiseDirection":true,"layer":0},{"side":0,"counterClockwiseDirection":true,"layer":0},{"side":2,"counterClockwiseDirection":false,"layer":0},{"side":0,"counterClockwiseDirection":false,"layer":0},{"side":3,"counterClockwiseDirection":true,"layer":0},{"side":2,"counterClockwiseDirection":true,"layer":0},{"side":0,"counterClockwiseDirection":false,"layer":0},{"layer":0,"side":2,"counterClockwiseDirection":true},{"side":3,"counterClockwiseDirection":false,"layer":0},{"side":0,"counterClockwiseDirection":false,"layer":0},{"side":0,"counterClockwiseDirection":false,"layer":0}],"totalTime":4261.299999982119,"data":{"armageddonCounter":0,"generations":368,"metrics":[{"label":"CHECK_SOLUTION","totalTime":218.49999868869781,"totalRelativeTime":"5.12%","numOfCalls":1102890,"avgTimePerCall":0.00019811585805356636},{"label":"APPLYING_ROTATIONS","totalTime":1336.3000006377697,"totalRelativeTime":"31.35%","numOfCalls":1102880,"avgTimePerCall":0.0012116458732026783},{"label":"COMPUTE_GENE","totalTime":237.50000059604645,"totalRelativeTime":"5.57%","numOfCalls":1102880,"avgTimePerCall":0.00021534527835852173},{"label":"CALCULATE_CITIZEN_SCORE","totalTime":484.9000002145767,"totalRelativeTime":"11.37%","numOfCalls":1102880,"avgTimePerCall":0.0004396670537271296},{"label":"AGGREGATE_CURRENT_GENERATION","totalTime":8.100000202655792,"totalRelativeTime":"0.19%","numOfCalls":36762,"avgTimePerCall":0.00022033622225819575},{"label":"CREATE_NEXT_GENERATION","totalTime":27.500000149011612,"totalRelativeTime":"0.64%","numOfCalls":367,"avgTimePerCall":0.07493188051501802},{"label":"MEASUREMENT_OVERHEAD","totalTime":958.1999998688698,"totalRelativeTime":"22.48%","numOfCalls":0,"avgTimePerCall":958.1999998688698},{"label":"NOT_MEASURED","totalTime":990.2999996244907,"totalRelativeTime":"23.23%","numOfCalls":0,"avgTimePerCall":990.2999996244907}]}}},{"label":"2x2","key":"SA","solution":{"rotations":[{"side":0,"counterClockwiseDirection":true,"layer":0},{"side":2,"counterClockwiseDirection":false,"layer":0},{"side":0,"counterClockwiseDirection":false,"layer":0},{"side":2,"counterClockwiseDirection":false,"layer":0},{"side":3,"counterClockwiseDirection":false,"layer":0},{"layer":0,"side":2,"counterClockwiseDirection":false},{"side":0,"counterClockwiseDirection":true,"layer":0},{"side":2,"counterClockwiseDirection":false,"layer":0},{"side":0,"counterClockwiseDirection":false,"layer":0},{"side":2,"counterClockwiseDirection":true,"layer":0},{"side":3,"counterClockwiseDirection":true,"layer":0},{"side":2,"counterClockwiseDirection":true,"layer":0},{"side":3,"counterClockwiseDirection":false,"layer":0},{"side":3,"counterClockwiseDirection":false,"layer":0},{"side":2,"counterClockwiseDirection":false,"layer":0},{"side":3,"counterClockwiseDirection":true,"layer":0},{"side":0,"counterClockwiseDirection":true,"layer":0},{"side":3,"counterClockwiseDirection":true,"layer":0},{"side":3,"counterClockwiseDirection":true,"layer":0},{"side":0,"counterClockwiseDirection":true,"layer":0}],"totalTime":110775.40000000596,"data":{"restartCounter":1,"iterations":8715,"metrics":[{"label":"CHECK_SOLUTION","totalTime":6098.699998408556,"totalRelativeTime":"5.5%","numOfCalls":26143770,"avgTimePerCall":0.00023327546097630738},{"label":"APPLYING_ROTATIONS","totalTime":33913.300000965595,"totalRelativeTime":"30.61%","numOfCalls":26143768,"avgTimePerCall":0.0012971848587765005},{"label":"COMPUTE_ROTATION","totalTime":6158.2999997437,"totalRelativeTime":"5.55%","numOfCalls":26143768,"avgTimePerCall":0.0002355551808654246},{"label":"CALCULATE_CITIZEN_SCORE","totalTime":12671.400002509356,"totalRelativeTime":"11.43%","numOfCalls":26143768,"avgTimePerCall":0.0004846814737075909},{"label":"AGGREGATE_CURRENT_GENERATION","totalTime":213.60000011324883,"totalRelativeTime":"0.19%","numOfCalls":871458,"avgTimePerCall":0.00024510647686205053},{"label":"CREATE_NEXT_GENERATION","totalTime":651.5000007450581,"totalRelativeTime":"0.58%","numOfCalls":8714,"avgTimePerCall":0.07476474647062865},{"label":"MEASUREMENT_OVERHEAD","totalTime":25139.50000116229,"totalRelativeTime":"22.69%","numOfCalls":0,"avgTimePerCall":25139.50000116229},{"label":"NOT_MEASURED","totalTime":25929.099996358156,"totalRelativeTime":"23.4%","numOfCalls":0,"avgTimePerCall":25929.099996358156}]}}},{"label":"2x2","key":"WA*","solution":{"rotations":[{"side":3,"counterClockwiseDirection":true,"layer":0},{"side":2,"counterClockwiseDirection":true,"layer":0},{"side":3,"counterClockwiseDirection":false,"layer":0},{"side":3,"counterClockwiseDirection":false,"layer":0},{"side":2,"counterClockwiseDirection":false,"layer":0},{"side":3,"counterClockwiseDirection":true,"layer":0},{"side":0,"counterClockwiseDirection":true,"layer":0},{"side":2,"counterClockwiseDirection":false,"layer":0},{"side":0,"counterClockwiseDirection":false,"layer":0},{"side":3,"counterClockwiseDirection":true,"layer":0},{"side":0,"counterClockwiseDirection":false,"layer":0},{"side":0,"counterClockwiseDirection":false,"layer":0},{"side":3,"counterClockwiseDirection":true,"layer":0},{"side":0,"counterClockwiseDirection":true,"layer":0},{"side":0,"counterClockwiseDirection":true,"layer":0},{"side":3,"counterClockwiseDirection":false,"layer":0}],"totalTime":1775,"data":{"metrics":[{"label":"ITERATIONS_COUNTER_INCREMENT","totalTime":28.800000071525574,"totalRelativeTime":"1.62%","numOfCalls":146634,"avgTimePerCall":0.00019640738213187647},{"label":"ABORTED_VERIFICATION","totalTime":14.399999856948853,"totalRelativeTime":"0.81%","numOfCalls":73317,"avgTimePerCall":0.00019640737969296143},{"label":"POP_CANDIDATE","totalTime":40.70000010728836,"totalRelativeTime":"2.29%","numOfCalls":73317,"avgTimePerCall":0.0005551236426379743},{"label":"VISISTED_LIST_CHECK","totalTime":141.4000003039837,"totalRelativeTime":"7.96%","numOfCalls":393334,"avgTimePerCall":0.0003594909168899299},{"label":"CHECK_SOLUTION","totalTime":12.300000131130219,"totalRelativeTime":"0.69%","numOfCalls":67073,"avgTimePerCall":0.00018338228692812636},{"label":"ADD_TO_VISISTED_LIST_CHECK","totalTime":19.600000143051147,"totalRelativeTime":"1.1%","numOfCalls":67072,"avgTimePerCall":0.0002922232845755479},{"label":"PERFORM_ROTATION","totalTime":431.399999409914,"totalRelativeTime":"24.3%","numOfCalls":320017,"avgTimePerCall":0.001348053382820019},{"label":"HEURISTIC_CALCULATION","totalTime":160.79999977350235,"totalRelativeTime":"9.05%","numOfCalls":320017,"avgTimePerCall":0.0005024733053978456},{"label":"ADD_CANDIDATE","totalTime":80.9000001847744,"totalRelativeTime":"4.55%","numOfCalls":308588,"avgTimePerCall":0.0002621618474625533},{"label":"BUILD_SOLUTION","totalTime":0,"totalRelativeTime":"0%","numOfCalls":1,"avgTimePerCall":0},{"label":"MEASUREMENT_OVERHEAD","totalTime":402.49999964237213,"totalRelativeTime":"22.67%","numOfCalls":0,"avgTimePerCall":402.49999964237213},{"label":"NOT_MEASURED","totalTime":442.20000037550926,"totalRelativeTime":"24.91%","numOfCalls":0,"avgTimePerCall":442.20000037550926}],"visitedNodes":73317,"differentNodes":67073}}},{"label":"2x2","key":"BiBFS","solution":{"rotations":[{"side":3,"counterClockwiseDirection":true,"layer":0},{"side":0,"counterClockwiseDirection":true,"layer":0},{"side":3,"counterClockwiseDirection":false,"layer":0},{"side":0,"counterClockwiseDirection":false,"layer":0},{"side":2,"counterClockwiseDirection":true,"layer":0},{"side":3,"counterClockwiseDirection":true,"layer":0},{"side":2,"counterClockwiseDirection":false,"layer":0},{"side":3,"counterClockwiseDirection":true,"layer":0},{"side":2,"counterClockwiseDirection":false,"layer":0},{"side":2,"counterClockwiseDirection":false,"layer":0},{"side":3,"counterClockwiseDirection":false,"layer":0},{"side":3,"counterClockwiseDirection":false,"layer":0}],"totalTime":191.5,"data":{"metrics":[{"label":"POP_CANDIDATE","totalTime":1.8000000417232513,"totalRelativeTime":"0.93%","numOfCalls":7802,"avgTimePerCall":0.0002307100796876764},{"label":"VISISTED_LIST_CHECK","totalTime":22.30000004172325,"totalRelativeTime":"11.64%","numOfCalls":48130,"avgTimePerCall":0.0004633284862190578},{"label":"ADD_TO_VISISTED_LIST_CHECK","totalTime":1.800000011920929,"totalRelativeTime":"0.93%","numOfCalls":6840,"avgTimePerCall":0.000263157896479668},{"label":"PERFORM_ROTATION","totalTime":82.10000017285347,"totalRelativeTime":"42.87%","numOfCalls":33486,"avgTimePerCall":0.0024517708944888452},{"label":"ADD_CANDIDATE","totalTime":13.299999952316284,"totalRelativeTime":"6.94%","numOfCalls":32962,"avgTimePerCall":0.0004034949321132299},{"label":"MEASUREMENT_OVERHEAD","totalTime":37.00000014901161,"totalRelativeTime":"19.32%","numOfCalls":0,"avgTimePerCall":37.00000014901161},{"label":"NOT_MEASURED","totalTime":33.1999996304512,"totalRelativeTime":"17.33%","numOfCalls":0,"avgTimePerCall":33.1999996304512}],"iterations":3421,"visitedNodes":3421}}}]}