{"timestamp":1680889809772,"shuffle":"32:  R'   L'   F'   B   2F    D'   F    R    D    B    D    F   2U    F    R    U    L    R'   D    L   2D    L   2F    L'   D    F'   B    L   ","solutions":[{"label":"2x2","key":"IDDFS","solution":{"rotations":[{"side":0,"counterClockwiseDirection":true,"layer":0},{"side":3,"counterClockwiseDirection":false,"layer":0},{"side":2,"counterClockwiseDirection":true,"layer":0},{"side":0,"counterClockwiseDirection":true,"layer":0},{"side":2,"counterClockwiseDirection":false,"layer":0},{"side":3,"counterClockwiseDirection":true,"layer":0},{"side":3,"counterClockwiseDirection":true,"layer":0},{"side":2,"counterClockwiseDirection":false,"layer":0}],"totalTime":1060.5999999940395,"data":{"metrics":[{"label":"PERFORM_ROTATION","totalTime":461.50000086426735,"totalRelativeTime":"43.51%","numOfCalls":347500,"avgTimePerCall":0.0013280575564439349},{"label":"ADD_CANDIDATE","totalTime":72.59999963641167,"totalRelativeTime":"6.84%","numOfCalls":347500,"avgTimePerCall":0.00020892086226305515},{"label":"NOT_MEASURED","totalTime":526.4999994933605,"totalRelativeTime":"49.64%","numOfCalls":0,"avgTimePerCall":526.4999994933605}],"visitedNodes":124590,"iterations":[{"visitedNodes":37,"bound":2},{"visitedNodes":181,"bound":3},{"visitedNodes":877,"bound":4},{"visitedNodes":4237,"bound":5},{"visitedNodes":20461,"bound":6},{"visitedNodes":98797,"bound":7}]}}},{"label":"2x2","key":"IDA*","solution":{"rotations":[{"side":0,"counterClockwiseDirection":true,"layer":0},{"side":3,"counterClockwiseDirection":false,"layer":0},{"side":2,"counterClockwiseDirection":true,"layer":0},{"side":0,"counterClockwiseDirection":true,"layer":0},{"side":2,"counterClockwiseDirection":false,"layer":0},{"side":3,"counterClockwiseDirection":true,"layer":0},{"side":3,"counterClockwiseDirection":true,"layer":0},{"side":2,"counterClockwiseDirection":false,"layer":0}],"totalTime":1284.5999999940395,"data":{"metrics":[{"label":"PERFORM_ROTATION","totalTime":632.6999998092651,"totalRelativeTime":"49.25%","numOfCalls":480093,"avgTimePerCall":0.0013178696623555542},{"label":"ADD_CANDIDATE","totalTime":107.40000039339066,"totalRelativeTime":"8.36%","numOfCalls":480093,"avgTimePerCall":0.00022370665765464328},{"label":"NOT_MEASURED","totalTime":544.4999997913837,"totalRelativeTime":"42.38%","numOfCalls":0,"avgTimePerCall":544.4999997913837}],"visitedNodes":26650,"iterations":[{"visitedNodes":7,"bound":2},{"visitedNodes":60,"bound":3.25},{"visitedNodes":707,"bound":4.5},{"visitedNodes":4237,"bound":5.75},{"visitedNodes":21639,"bound":7}]}}},{"label":"2x2","key":"GA","solution":{"rotations":[{"side":0,"counterClockwiseDirection":true,"layer":0},{"side":3,"counterClockwiseDirection":false,"layer":0},{"side":2,"counterClockwiseDirection":true,"layer":0},{"side":0,"counterClockwiseDirection":true,"layer":0},{"side":2,"counterClockwiseDirection":false,"layer":0},{"side":3,"counterClockwiseDirection":true,"layer":0},{"side":3,"counterClockwiseDirection":true,"layer":0},{"side":2,"counterClockwiseDirection":false,"layer":0}],"totalTime":8326.699999988079,"data":{"armageddonCounter":0,"generations":849,"metrics":[{"label":"CHECK_SOLUTION","totalTime":448.80000030994415,"totalRelativeTime":"5.38%","numOfCalls":2545560,"avgTimePerCall":0.0001763069816896652},{"label":"APPLYING_ROTATIONS","totalTime":2572.499998241663,"totalRelativeTime":"30.89%","numOfCalls":2545542,"avgTimePerCall":0.0010105902783146626},{"label":"COMPUTE_GENE","totalTime":455.3000001013279,"totalRelativeTime":"5.46%","numOfCalls":2545542,"avgTimePerCall":0.0001788617120052735},{"label":"CALCULATE_CITIZEN_SCORE","totalTime":947.4000031650066,"totalRelativeTime":"11.37%","numOfCalls":2545542,"avgTimePerCall":0.00037218007134237293},{"label":"AGGREGATE_CURRENT_GENERATION","totalTime":16.499999701976776,"totalRelativeTime":"0.19%","numOfCalls":84851,"avgTimePerCall":0.00019445851789580296},{"label":"CREATE_NEXT_GENERATION","totalTime":51.30000054836273,"totalRelativeTime":"0.61%","numOfCalls":848,"avgTimePerCall":0.06049528366552209},{"label":"MEASUREMENT_OVERHEAD","totalTime":1921.4999987483025,"totalRelativeTime":"23.07%","numOfCalls":0,"avgTimePerCall":1921.4999987483025},{"label":"NOT_MEASURED","totalTime":1913.3999991714954,"totalRelativeTime":"22.97%","numOfCalls":0,"avgTimePerCall":1913.3999991714954}]}}},{"label":"2x2","key":"SA","solution":{"rotations":[{"side":0,"counterClockwiseDirection":true,"layer":0},{"side":2,"counterClockwiseDirection":true,"layer":0},{"side":0,"counterClockwiseDirection":false,"layer":0},{"side":2,"counterClockwiseDirection":true,"layer":0},{"side":2,"counterClockwiseDirection":true,"layer":0},{"side":0,"counterClockwiseDirection":true,"layer":0},{"side":2,"counterClockwiseDirection":true,"layer":0},{"side":0,"counterClockwiseDirection":false,"layer":0},{"side":2,"counterClockwiseDirection":false,"layer":0},{"side":3,"counterClockwiseDirection":false,"layer":0},{"side":2,"counterClockwiseDirection":false,"layer":0},{"side":3,"counterClockwiseDirection":false,"layer":0},{"side":0,"counterClockwiseDirection":true,"layer":0},{"side":2,"counterClockwiseDirection":true,"layer":0},{"side":3,"counterClockwiseDirection":false,"layer":0},{"side":2,"counterClockwiseDirection":true,"layer":0},{"side":3,"counterClockwiseDirection":false,"layer":0},{"side":2,"counterClockwiseDirection":true,"layer":0}],"totalTime":17178,"data":{"restartCounter":0,"iterations":1858,"metrics":[{"label":"CHECK_SOLUTION","totalTime":933.300002425909,"totalRelativeTime":"5.43%","numOfCalls":5571330,"avgTimePerCall":0.00016751834883697592},{"label":"APPLYING_ROTATIONS","totalTime":5377.399995684624,"totalRelativeTime":"31.3%","numOfCalls":5571324,"avgTimePerCall":0.0009651924741200877},{"label":"COMPUTE_ROTATION","totalTime":942.9999986290932,"totalRelativeTime":"5.48%","numOfCalls":5571324,"avgTimePerCall":0.00016925958688259615},{"label":"CALCULATE_CITIZEN_SCORE","totalTime":1890.999999344349,"totalRelativeTime":"11%","numOfCalls":5571324,"avgTimePerCall":0.0003394166268815723},{"label":"AGGREGATE_CURRENT_GENERATION","totalTime":31.70000034570694,"totalRelativeTime":"0.18%","numOfCalls":185710,"avgTimePerCall":0.00017069624869800733},{"label":"CREATE_NEXT_GENERATION","totalTime":100.49999994039536,"totalRelativeTime":"0.58%","numOfCalls":1857,"avgTimePerCall":0.05411954762541484},{"label":"MEASUREMENT_OVERHEAD","totalTime":3835.800000369549,"totalRelativeTime":"22.32%","numOfCalls":0,"avgTimePerCall":3835.800000369549},{"label":"NOT_MEASURED","totalTime":4065.300003260374,"totalRelativeTime":"23.66%","numOfCalls":0,"avgTimePerCall":4065.300003260374}]}}},{"label":"2x2","key":"WA*","solution":{"rotations":[{"side":3,"counterClockwiseDirection":true,"layer":0},{"side":3,"counterClockwiseDirection":true,"layer":0},{"side":2,"counterClockwiseDirection":false,"layer":0},{"side":2,"counterClockwiseDirection":false,"layer":0},{"side":3,"counterClockwiseDirection":false,"layer":0},{"side":0,"counterClockwiseDirection":true,"layer":0},{"side":3,"counterClockwiseDirection":true,"layer":0},{"side":0,"counterClockwiseDirection":false,"layer":0},{"side":3,"counterClockwiseDirection":false,"layer":0},{"side":0,"counterClockwiseDirection":false,"layer":0},{"side":2,"counterClockwiseDirection":false,"layer":0},{"side":3,"counterClockwiseDirection":false,"layer":0},{"side":3,"counterClockwiseDirection":false,"layer":0},{"side":2,"counterClockwiseDirection":true,"layer":0}],"totalTime":652.5999999940395,"data":{"metrics":[{"label":"ITERATIONS_COUNTER_INCREMENT","totalTime":8.89999982714653,"totalRelativeTime":"1.36%","numOfCalls":51928,"avgTimePerCall":0.00017139115365788265},{"label":"ABORTED_VERIFICATION","totalTime":4.799999952316284,"totalRelativeTime":"0.73%","numOfCalls":25964,"avgTimePerCall":0.00018487135850856124},{"label":"POP_CANDIDATE","totalTime":12.599999845027924,"totalRelativeTime":"1.93%","numOfCalls":25964,"avgTimePerCall":0.0004852873149371408},{"label":"VISISTED_LIST_CHECK","totalTime":47.59999969601631,"totalRelativeTime":"7.29%","numOfCalls":140933,"avgTimePerCall":0.00033774914105295646},{"label":"CHECK_SOLUTION","totalTime":5.900000125169754,"totalRelativeTime":"0.9%","numOfCalls":24098,"avgTimePerCall":0.0002448336013432548},{"label":"ADD_TO_VISISTED_LIST_CHECK","totalTime":5.600000113248825,"totalRelativeTime":"0.85%","numOfCalls":24097,"avgTimePerCall":0.00023239407865082064},{"label":"PERFORM_ROTATION","totalTime":165.00000023841858,"totalRelativeTime":"25.28%","numOfCalls":114969,"avgTimePerCall":0.001435169482542412},{"label":"HEURISTIC_CALCULATION","totalTime":55.50000002980232,"totalRelativeTime":"8.5%","numOfCalls":114969,"avgTimePerCall":0.00048273882550776574},{"label":"ADD_CANDIDATE","totalTime":28.600000143051147,"totalRelativeTime":"4.38%","numOfCalls":112300,"avgTimePerCall":0.0002546749790120316},{"label":"BUILD_SOLUTION","totalTime":0,"totalRelativeTime":"0%","numOfCalls":1,"avgTimePerCall":0},{"label":"MEASUREMENT_OVERHEAD","totalTime":166.5999999344349,"totalRelativeTime":"25.52%","numOfCalls":0,"avgTimePerCall":166.5999999344349},{"label":"NOT_MEASURED","totalTime":151.50000008940697,"totalRelativeTime":"23.21%","numOfCalls":0,"avgTimePerCall":151.50000008940697}],"visitedNodes":25964,"differentNodes":24098}}},{"label":"2x2","key":"BiBFS","solution":{"rotations":[{"side":0,"counterClockwiseDirection":true,"layer":0},{"side":3,"counterClockwiseDirection":false,"layer":0},{"side":2,"counterClockwiseDirection":true,"layer":0},{"side":0,"counterClockwiseDirection":true,"layer":0},{"side":2,"counterClockwiseDirection":false,"layer":0},{"side":3,"counterClockwiseDirection":false,"layer":0},{"side":3,"counterClockwiseDirection":false,"layer":0},{"side":2,"counterClockwiseDirection":false,"layer":0}],"totalTime":51.400000005960464,"data":{"metrics":[{"label":"POP_CANDIDATE","totalTime":0.20000001788139343,"totalRelativeTime":"0.38%","numOfCalls":1128,"avgTimePerCall":0.00017730498039130623},{"label":"VISISTED_LIST_CHECK","totalTime":3.1999999284744263,"totalRelativeTime":"6.22%","numOfCalls":7173,"avgTimePerCall":0.00044611737466533196},{"label":"ADD_TO_VISISTED_LIST_CHECK","totalTime":0.10000002384185791,"totalRelativeTime":"0.19%","numOfCalls":1024,"avgTimePerCall":0.00009765627328306437},{"label":"PERFORM_ROTATION","totalTime":27.999999940395355,"totalRelativeTime":"54.47%","numOfCalls":5020,"avgTimePerCall":0.0055776892311544535},{"label":"ADD_CANDIDATE","totalTime":3.100000023841858,"totalRelativeTime":"6.03%","numOfCalls":5020,"avgTimePerCall":0.0006175298852274618},{"label":"MEASUREMENT_OVERHEAD","totalTime":6.4000000059604645,"totalRelativeTime":"12.45%","numOfCalls":0,"avgTimePerCall":6.4000000059604645},{"label":"NOT_MEASURED","totalTime":10.40000006556511,"totalRelativeTime":"20.23%","numOfCalls":0,"avgTimePerCall":10.40000006556511}],"iterations":513,"visitedNodes":513}}}]}