{"timestamp":1680898693088,"shuffle":"36: 2R    U'  2F    B'   D    B    R    D'   L   2R    F    R'   B'  2L    B'   U'   R'   U'  2R    F'  2R    F'   D   2R    L    F'  2R    U'  ","solutions":[{"label":"2x2","key":"IDDFS","solution":{"rotations":[{"side":2,"counterClockwiseDirection":false,"layer":0},{"side":0,"counterClockwiseDirection":false,"layer":0},{"side":2,"counterClockwiseDirection":true,"layer":0},{"side":0,"counterClockwiseDirection":false,"layer":0},{"side":2,"counterClockwiseDirection":false,"layer":0},{"side":0,"counterClockwiseDirection":false,"layer":0},{"side":2,"counterClockwiseDirection":true,"layer":0},{"side":3,"counterClockwiseDirection":false,"layer":0},{"side":0,"counterClockwiseDirection":false,"layer":0},{"side":3,"counterClockwiseDirection":false,"layer":0}],"totalTime":15021.800000011921,"data":{"metrics":[{"label":"PERFORM_ROTATION","totalTime":6840.400002151728,"totalRelativeTime":"45.53%","numOfCalls":5495438,"avgTimePerCall":0.0012447415478350821},{"label":"ADD_CANDIDATE","totalTime":1283.5000003874302,"totalRelativeTime":"8.54%","numOfCalls":5495438,"avgTimePerCall":0.00023355736164932262},{"label":"NOT_MEASURED","totalTime":6897.899997472763,"totalRelativeTime":"45.91%","numOfCalls":0,"avgTimePerCall":6897.899997472763}],"visitedNodes":2904968,"iterations":[{"visitedNodes":37,"bound":2},{"visitedNodes":181,"bound":3},{"visitedNodes":877,"bound":4},{"visitedNodes":4237,"bound":5},{"visitedNodes":20461,"bound":6},{"visitedNodes":98797,"bound":7},{"visitedNodes":477037,"bound":8},{"visitedNodes":2303341,"bound":9}]}}},{"label":"2x2","key":"IDA*","solution":{"rotations":[{"side":2,"counterClockwiseDirection":false,"layer":0},{"side":0,"counterClockwiseDirection":false,"layer":0},{"side":2,"counterClockwiseDirection":true,"layer":0},{"side":0,"counterClockwiseDirection":false,"layer":0},{"side":2,"counterClockwiseDirection":false,"layer":0},{"side":0,"counterClockwiseDirection":false,"layer":0},{"side":2,"counterClockwiseDirection":true,"layer":0},{"side":3,"counterClockwiseDirection":false,"layer":0},{"side":0,"counterClockwiseDirection":false,"layer":0},{"side":3,"counterClockwiseDirection":false,"layer":0}],"totalTime":43453.30000001192,"data":{"metrics":[{"label":"PERFORM_ROTATION","totalTime":21350.999986708164,"totalRelativeTime":"49.13%","numOfCalls":21420025,"avgTimePerCall":0.0009967775474915722},{"label":"ADD_CANDIDATE","totalTime":3944.5000009536743,"totalRelativeTime":"9.07%","numOfCalls":21420025,"avgTimePerCall":0.00018415011191413988},{"label":"NOT_MEASURED","totalTime":18157.800012350082,"totalRelativeTime":"41.78%","numOfCalls":0,"avgTimePerCall":18157.800012350082}],"visitedNodes":1838923,"iterations":[{"visitedNodes":7,"bound":2},{"visitedNodes":57,"bound":3.25},{"visitedNodes":638,"bound":4.5},{"visitedNodes":4237,"bound":5.75},{"visitedNodes":21390,"bound":7},{"visitedNodes":146027,"bound":8.25},{"visitedNodes":1666567,"bound":9.5}]}}},{"label":"2x2","key":"GA","solution":{"rotations":[{"side":2,"counterClockwiseDirection":true,"layer":0},{"side":0,"counterClockwiseDirection":false,"layer":0},{"side":3,"counterClockwiseDirection":false,"layer":0},{"side":2,"counterClockwiseDirection":false,"layer":0},{"side":2,"counterClockwiseDirection":false,"layer":0},{"side":0,"counterClockwiseDirection":true,"layer":0},{"side":0,"counterClockwiseDirection":true,"layer":0},{"side":2,"counterClockwiseDirection":true,"layer":0},{"side":3,"counterClockwiseDirection":false,"layer":0},{"side":2,"counterClockwiseDirection":true,"layer":0},{"side":0,"counterClockwiseDirection":false,"layer":0},{"side":3,"counterClockwiseDirection":false,"layer":0},{"side":2,"counterClockwiseDirection":false,"layer":0},{"side":3,"counterClockwiseDirection":true,"layer":0},{"side":2,"counterClockwiseDirection":true,"layer":0},{"side":3,"counterClockwiseDirection":false,"layer":0}],"totalTime":15723.600000023842,"data":{"armageddonCounter":0,"generations":1283,"metrics":[{"label":"CHECK_SOLUTION","totalTime":845.5999996364117,"totalRelativeTime":"5.37%","numOfCalls":3848760,"avgTimePerCall":0.00021970712635664778},{"label":"APPLYING_ROTATIONS","totalTime":4897.60000115633,"totalRelativeTime":"31.14%","numOfCalls":3848756,"avgTimePerCall":0.0012725150675065736},{"label":"COMPUTE_GENE","totalTime":864.1999988257885,"totalRelativeTime":"5.49%","numOfCalls":3848756,"avgTimePerCall":0.00022454008485489559},{"label":"CALCULATE_CITIZEN_SCORE","totalTime":1726.4000007510185,"totalRelativeTime":"10.97%","numOfCalls":3848756,"avgTimePerCall":0.00044856052208844065},{"label":"AGGREGATE_CURRENT_GENERATION","totalTime":27.899999856948853,"totalRelativeTime":"0.17%","numOfCalls":128291,"avgTimePerCall":0.00021747433457490277},{"label":"CREATE_NEXT_GENERATION","totalTime":93.89999988675117,"totalRelativeTime":"0.59%","numOfCalls":1282,"avgTimePerCall":0.07324492970885427},{"label":"MEASUREMENT_OVERHEAD","totalTime":3572.999998807907,"totalRelativeTime":"22.72%","numOfCalls":0,"avgTimePerCall":3572.999998807907},{"label":"NOT_MEASURED","totalTime":3695.000001102686,"totalRelativeTime":"23.49%","numOfCalls":0,"avgTimePerCall":3695.000001102686}]}}},{"label":"2x2","key":"SA","solution":{"rotations":[{"side":3,"counterClockwiseDirection":true,"layer":0},{"side":0,"counterClockwiseDirection":false,"layer":0},{"side":0,"counterClockwiseDirection":false,"layer":0},{"side":2,"counterClockwiseDirection":false,"layer":0},{"side":2,"counterClockwiseDirection":false,"layer":0},{"side":0,"counterClockwiseDirection":true,"layer":0},{"side":2,"counterClockwiseDirection":false,"layer":0},{"side":0,"counterClockwiseDirection":true,"layer":0},{"side":2,"counterClockwiseDirection":true,"layer":0},{"side":2,"counterClockwiseDirection":true,"layer":0},{"side":0,"counterClockwiseDirection":true,"layer":0},{"side":3,"counterClockwiseDirection":true,"layer":0},{"side":2,"counterClockwiseDirection":true,"layer":0},{"side":0,"counterClockwiseDirection":false,"layer":0},{"side":3,"counterClockwiseDirection":false,"layer":0},{"side":2,"counterClockwiseDirection":true,"layer":0},{"side":0,"counterClockwiseDirection":true,"layer":0},{"side":2,"counterClockwiseDirection":true,"layer":0},{"side":0,"counterClockwiseDirection":true,"layer":0},{"side":2,"counterClockwiseDirection":true,"layer":0},{"side":3,"counterClockwiseDirection":false,"layer":0},{"side":0,"counterClockwiseDirection":true,"layer":0},{"side":3,"counterClockwiseDirection":true,"layer":0},{"side":2,"counterClockwiseDirection":true,"layer":0},{"side":0,"counterClockwiseDirection":true,"layer":0},{"side":3,"counterClockwiseDirection":false,"layer":0},{"side":2,"counterClockwiseDirection":true,"layer":0},{"side":3,"counterClockwiseDirection":true,"layer":0}],"totalTime":8159.0999999940395,"data":{"restartCounter":0,"iterations":672,"metrics":[{"label":"CHECK_SOLUTION","totalTime":450.89999851584435,"totalRelativeTime":"5.52%","numOfCalls":2015910,"avgTimePerCall":0.0002236706988485817},{"label":"APPLYING_ROTATIONS","totalTime":2443.299999296665,"totalRelativeTime":"29.94%","numOfCalls":2015908,"avgTimePerCall":0.0012120096746958023},{"label":"COMPUTE_ROTATION","totalTime":481.79999992251396,"totalRelativeTime":"5.9%","numOfCalls":2015908,"avgTimePerCall":0.00023899900190014323},{"label":"CALCULATE_CITIZEN_SCORE","totalTime":932.1999997198582,"totalRelativeTime":"11.42%","numOfCalls":2015908,"avgTimePerCall":0.0004624218960983627},{"label":"AGGREGATE_CURRENT_GENERATION","totalTime":17.999999940395355,"totalRelativeTime":"0.22%","numOfCalls":67196,"avgTimePerCall":0.000267873086796764},{"label":"CREATE_NEXT_GENERATION","totalTime":48.20000013709068,"totalRelativeTime":"0.59%","numOfCalls":671,"avgTimePerCall":0.07183308515214706},{"label":"MEASUREMENT_OVERHEAD","totalTime":1902.7000023126602,"totalRelativeTime":"23.31%","numOfCalls":0,"avgTimePerCall":1902.7000023126602},{"label":"NOT_MEASURED","totalTime":1882.0000001490116,"totalRelativeTime":"23.06%","numOfCalls":0,"avgTimePerCall":1882.0000001490116}]}}},{"label":"2x2","key":"WA*","solution":{"rotations":[{"side":0,"counterClockwiseDirection":false,"layer":0},{"side":2,"counterClockwiseDirection":false,"layer":0},{"side":0,"counterClockwiseDirection":false,"layer":0},{"side":2,"counterClockwiseDirection":true,"layer":0},{"side":0,"counterClockwiseDirection":false,"layer":0},{"side":3,"counterClockwiseDirection":false,"layer":0},{"side":3,"counterClockwiseDirection":false,"layer":0},{"side":0,"counterClockwiseDirection":true,"layer":0},{"side":3,"counterClockwiseDirection":false,"layer":0},{"side":0,"counterClockwiseDirection":false,"layer":0},{"side":3,"counterClockwiseDirection":true,"layer":0},{"side":0,"counterClockwiseDirection":false,"layer":0}],"totalTime":403.09999999403954,"data":{"metrics":[{"label":"ITERATIONS_COUNTER_INCREMENT","totalTime":5.500000178813934,"totalRelativeTime":"1.36%","numOfCalls":27900,"avgTimePerCall":0.0001971326228965568},{"label":"ABORTED_VERIFICATION","totalTime":2.3000000715255737,"totalRelativeTime":"0.57%","numOfCalls":13950,"avgTimePerCall":0.00016487455709860745},{"label":"POP_CANDIDATE","totalTime":7.200000107288361,"totalRelativeTime":"1.78%","numOfCalls":13950,"avgTimePerCall":0.0005161290399489864},{"label":"VISISTED_LIST_CHECK","totalTime":24.69999995827675,"totalRelativeTime":"6.12%","numOfCalls":76054,"avgTimePerCall":0.00032476924235775564},{"label":"CHECK_SOLUTION","totalTime":2.0999999940395355,"totalRelativeTime":"0.52%","numOfCalls":13014,"avgTimePerCall":0.00016136468372825692},{"label":"ADD_TO_VISISTED_LIST_CHECK","totalTime":3.2999999821186066,"totalRelativeTime":"0.81%","numOfCalls":13013,"avgTimePerCall":0.0002535925599107513},{"label":"PERFORM_ROTATION","totalTime":95.50000005960464,"totalRelativeTime":"23.69%","numOfCalls":62104,"avgTimePerCall":0.0015377431414982069},{"label":"HEURISTIC_CALCULATION","totalTime":34.19999983906746,"totalRelativeTime":"8.48%","numOfCalls":62104,"avgTimePerCall":0.0005506891639679805},{"label":"ADD_CANDIDATE","totalTime":22.799999803304672,"totalRelativeTime":"5.65%","numOfCalls":60867,"avgTimePerCall":0.0003745872115153478},{"label":"BUILD_SOLUTION","totalTime":0,"totalRelativeTime":"0%","numOfCalls":1,"avgTimePerCall":0},{"label":"MEASUREMENT_OVERHEAD","totalTime":116.49999994039536,"totalRelativeTime":"28.9%","numOfCalls":0,"avgTimePerCall":116.49999994039536},{"label":"NOT_MEASURED","totalTime":89.00000005960464,"totalRelativeTime":"22.07%","numOfCalls":0,"avgTimePerCall":89.00000005960464}],"visitedNodes":13950,"differentNodes":13014}}},{"label":"2x2","key":"BiBFS","solution":{"rotations":[{"side":2,"counterClockwiseDirection":false,"layer":0},{"side":0,"counterClockwiseDirection":false,"layer":0},{"side":2,"counterClockwiseDirection":true,"layer":0},{"side":0,"counterClockwiseDirection":false,"layer":0},{"side":2,"counterClockwiseDirection":false,"layer":0},{"side":0,"counterClockwiseDirection":false,"layer":0},{"side":2,"counterClockwiseDirection":true,"layer":0},{"side":3,"counterClockwiseDirection":false,"layer":0},{"side":0,"counterClockwiseDirection":false,"layer":0},{"side":3,"counterClockwiseDirection":false,"layer":0}],"totalTime":144.90000000596046,"data":{"metrics":[{"label":"POP_CANDIDATE","totalTime":1.4999999403953552,"totalRelativeTime":"1.03%","numOfCalls":6698,"avgTimePerCall":0.0002239474381002322},{"label":"VISISTED_LIST_CHECK","totalTime":14.100000143051147,"totalRelativeTime":"9.73%","numOfCalls":41212,"avgTimePerCall":0.00034213336268686665},{"label":"ADD_TO_VISISTED_LIST_CHECK","totalTime":1.300000011920929,"totalRelativeTime":"0.89%","numOfCalls":5854,"avgTimePerCall":0.0002220703812642516},{"label":"PERFORM_ROTATION","totalTime":51.0999998152256,"totalRelativeTime":"35.26%","numOfCalls":28658,"avgTimePerCall":0.0017830972089896574},{"label":"ADD_CANDIDATE","totalTime":20.000000089406967,"totalRelativeTime":"13.8%","numOfCalls":28418,"avgTimePerCall":0.0007037792979592853},{"label":"MEASUREMENT_OVERHEAD","totalTime":23.299999922513962,"totalRelativeTime":"16.08%","numOfCalls":0,"avgTimePerCall":23.299999922513962},{"label":"NOT_MEASURED","totalTime":33.6000000834465,"totalRelativeTime":"23.18%","numOfCalls":0,"avgTimePerCall":33.6000000834465}],"iterations":2928,"visitedNodes":2928}}}]}