{"timestamp":1680907891987,"shuffle":"31:  B    D    L'   B    R    D    R'   F    B    R    L'   U'   R'   L'   U    R'   U    L'   D    F   2D    F'   L'   D'  2R    U'   R'   F'   L   ","solutions":[{"label":"2x2","key":"IDDFS","solution":{"rotations":[{"side":0,"counterClockwiseDirection":true,"layer":0},{"side":3,"counterClockwiseDirection":false,"layer":0},{"side":0,"counterClockwiseDirection":false,"layer":0},{"side":3,"counterClockwiseDirection":true,"layer":0},{"side":2,"counterClockwiseDirection":false,"layer":0},{"side":3,"counterClockwiseDirection":false,"layer":0},{"side":0,"counterClockwiseDirection":false,"layer":0},{"side":3,"counterClockwiseDirection":true,"layer":0},{"side":0,"counterClockwiseDirection":true,"layer":0}],"totalTime":5520.800000011921,"data":{"metrics":[{"label":"PERFORM_ROTATION","totalTime":2561.400003671646,"totalRelativeTime":"46.39%","numOfCalls":1734221,"avgTimePerCall":0.0014769743900412036},{"label":"ADD_CANDIDATE","totalTime":464.99999862909317,"totalRelativeTime":"8.42%","numOfCalls":1734221,"avgTimePerCall":0.0002681319154992894},{"label":"NOT_MEASURED","totalTime":2494.3999977111816,"totalRelativeTime":"45.18%","numOfCalls":0,"avgTimePerCall":2494.3999977111816}],"visitedNodes":601627,"iterations":[{"visitedNodes":37,"bound":2},{"visitedNodes":181,"bound":3},{"visitedNodes":877,"bound":4},{"visitedNodes":4237,"bound":5},{"visitedNodes":20461,"bound":6},{"visitedNodes":98797,"bound":7},{"visitedNodes":477037,"bound":8}]}}},{"label":"2x2","key":"IDA*","solution":{"rotations":[{"side":0,"counterClockwiseDirection":true,"layer":0},{"side":3,"counterClockwiseDirection":false,"layer":0},{"side":0,"counterClockwiseDirection":false,"layer":0},{"side":3,"counterClockwiseDirection":true,"layer":0},{"side":2,"counterClockwiseDirection":false,"layer":0},{"side":3,"counterClockwiseDirection":false,"layer":0},{"side":0,"counterClockwiseDirection":false,"layer":0},{"side":3,"counterClockwiseDirection":true,"layer":0},{"side":0,"counterClockwiseDirection":true,"layer":0}],"totalTime":13400.700000017881,"data":{"metrics":[{"label":"PERFORM_ROTATION","totalTime":6715.699998885393,"totalRelativeTime":"50.11%","numOfCalls":5036875,"avgTimePerCall":0.0013333068616722457},{"label":"ADD_CANDIDATE","totalTime":1207.2000002861023,"totalRelativeTime":"9%","numOfCalls":5036875,"avgTimePerCall":0.00023967241598929937},{"label":"NOT_MEASURED","totalTime":5477.800000846386,"totalRelativeTime":"40.87%","numOfCalls":0,"avgTimePerCall":5477.800000846386}],"visitedNodes":191398,"iterations":[{"visitedNodes":12,"bound":2},{"visitedNodes":98,"bound":3.25},{"visitedNodes":794,"bound":4.5},{"visitedNodes":4252,"bound":5.75},{"visitedNodes":22061,"bound":7},{"visitedNodes":164181,"bound":8.25}]}}},{"label":"2x2","key":"SA","solution":{"rotations":[{"side":3,"counterClockwiseDirection":false,"layer":0},{"side":2,"counterClockwiseDirection":true,"layer":0},{"side":0,"counterClockwiseDirection":true,"layer":0},{"side":2,"counterClockwiseDirection":false,"layer":0},{"side":3,"counterClockwiseDirection":false,"layer":0},{"side":0,"counterClockwiseDirection":true,"layer":0},{"side":2,"counterClockwiseDirection":true,"layer":0},{"side":3,"counterClockwiseDirection":false,"layer":0},{"side":0,"counterClockwiseDirection":false,"layer":0},{"side":2,"counterClockwiseDirection":true,"layer":0},{"side":0,"counterClockwiseDirection":false,"layer":0},{"side":2,"counterClockwiseDirection":false,"layer":0},{"side":0,"counterClockwiseDirection":true,"layer":0},{"side":0,"counterClockwiseDirection":true,"layer":0},{"side":2,"counterClockwiseDirection":true,"layer":0},{"side":0,"counterClockwiseDirection":false,"layer":0},{"side":3,"counterClockwiseDirection":false,"layer":0},{"side":0,"counterClockwiseDirection":true,"layer":0},{"side":0,"counterClockwiseDirection":true,"layer":0}],"totalTime":17717.5,"data":{"restartCounter":0,"iterations":1514,"metrics":[{"label":"CHECK_SOLUTION","totalTime":954.7000009119511,"totalRelativeTime":"5.38%","numOfCalls":4539150,"avgTimePerCall":0.00021032572197701135},{"label":"APPLYING_ROTATIONS","totalTime":5485.1999979913235,"totalRelativeTime":"30.95%","numOfCalls":4539143,"avgTimePerCall":0.001208421941761104},{"label":"COMPUTE_ROTATION","totalTime":966.2999999523163,"totalRelativeTime":"5.45%","numOfCalls":4539143,"avgTimePerCall":0.0002128815945988739},{"label":"CALCULATE_CITIZEN_SCORE","totalTime":1992.200002759695,"totalRelativeTime":"11.24%","numOfCalls":4539143,"avgTimePerCall":0.0004388934216788709},{"label":"AGGREGATE_CURRENT_GENERATION","totalTime":36.700000405311584,"totalRelativeTime":"0.2%","numOfCalls":151304,"avgTimePerCall":0.0002425580315478215},{"label":"CREATE_NEXT_GENERATION","totalTime":132.20000010728836,"totalRelativeTime":"0.74%","numOfCalls":1513,"avgTimePerCall":0.08737607409602667},{"label":"MEASUREMENT_OVERHEAD","totalTime":4053.099997252226,"totalRelativeTime":"22.87%","numOfCalls":0,"avgTimePerCall":4053.099997252226},{"label":"NOT_MEASURED","totalTime":4097.100000619888,"totalRelativeTime":"23.12%","numOfCalls":0,"avgTimePerCall":4097.100000619888}]}}},{"label":"2x2","key":"GA","solution":{"rotations":[{"side":0,"counterClockwiseDirection":true,"layer":0},{"side":0,"counterClockwiseDirection":true,"layer":0},{"side":3,"counterClockwiseDirection":true,"layer":0},{"side":0,"counterClockwiseDirection":true,"layer":0},{"side":3,"counterClockwiseDirection":false,"layer":0},{"side":2,"counterClockwiseDirection":true,"layer":0},{"side":3,"counterClockwiseDirection":false,"layer":0},{"side":2,"counterClockwiseDirection":false,"layer":0},{"side":3,"counterClockwiseDirection":false,"layer":0},{"side":0,"counterClockwiseDirection":false,"layer":0},{"side":3,"counterClockwiseDirection":false,"layer":0}],"totalTime":5996.600000023842,"data":{"armageddonCounter":0,"generations":419,"metrics":[{"label":"CHECK_SOLUTION","totalTime":309.39999839663506,"totalRelativeTime":"5.15%","numOfCalls":1255230,"avgTimePerCall":0.00024648869003818827},{"label":"APPLYING_ROTATIONS","totalTime":1895.100000411272,"totalRelativeTime":"31.6%","numOfCalls":1255215,"avgTimePerCall":0.0015097811931910248},{"label":"COMPUTE_GENE","totalTime":319.4000009894371,"totalRelativeTime":"5.32%","numOfCalls":1255215,"avgTimePerCall":0.00025445840034530904},{"label":"CALCULATE_CITIZEN_SCORE","totalTime":666.4999994933605,"totalRelativeTime":"11.11%","numOfCalls":1255215,"avgTimePerCall":0.0005309847312957226},{"label":"AGGREGATE_CURRENT_GENERATION","totalTime":11.099999874830246,"totalRelativeTime":"0.18%","numOfCalls":41840,"avgTimePerCall":0.00026529636412118176},{"label":"CREATE_NEXT_GENERATION","totalTime":37.50000050663948,"totalRelativeTime":"0.62%","numOfCalls":418,"avgTimePerCall":0.08971291987234326},{"label":"MEASUREMENT_OVERHEAD","totalTime":1365.099997907877,"totalRelativeTime":"22.76%","numOfCalls":0,"avgTimePerCall":1365.099997907877},{"label":"NOT_MEASURED","totalTime":1392.5000024437904,"totalRelativeTime":"23.22%","numOfCalls":0,"avgTimePerCall":1392.5000024437904}]}}},{"label":"2x2","key":"WA*","solution":{"rotations":[{"side":0,"counterClockwiseDirection":false,"layer":0},{"side":2,"counterClockwiseDirection":true,"layer":0},{"side":3,"counterClockwiseDirection":true,"layer":0},{"side":2,"counterClockwiseDirection":false,"layer":0},{"side":3,"counterClockwiseDirection":false,"layer":0},{"side":0,"counterClockwiseDirection":false,"layer":0},{"side":2,"counterClockwiseDirection":false,"layer":0},{"side":3,"counterClockwiseDirection":false,"layer":0},{"side":2,"counterClockwiseDirection":false,"layer":0},{"side":3,"counterClockwiseDirection":false,"layer":0},{"side":2,"counterClockwiseDirection":true,"layer":0},{"side":3,"counterClockwiseDirection":true,"layer":0},{"side":2,"counterClockwiseDirection":false,"layer":0}],"totalTime":823.5,"data":{"metrics":[{"label":"ITERATIONS_COUNTER_INCREMENT","totalTime":15.200000077486038,"totalRelativeTime":"1.84%","numOfCalls":55972,"avgTimePerCall":0.00027156435498974557},{"label":"ABORTED_VERIFICATION","totalTime":7.1999998688697815,"totalRelativeTime":"0.87%","numOfCalls":27986,"avgTimePerCall":0.00025727148820373693},{"label":"POP_CANDIDATE","totalTime":17.900000005960464,"totalRelativeTime":"2.17%","numOfCalls":27986,"avgTimePerCall":0.0006396055172572167},{"label":"VISISTED_LIST_CHECK","totalTime":87.30000013113022,"totalRelativeTime":"10.6%","numOfCalls":151889,"avgTimePerCall":0.0005747618335174385},{"label":"CHECK_SOLUTION","totalTime":6.199999928474426,"totalRelativeTime":"0.75%","numOfCalls":25995,"avgTimePerCall":0.00023850740251873153},{"label":"ADD_TO_VISISTED_LIST_CHECK","totalTime":7.500000149011612,"totalRelativeTime":"0.91%","numOfCalls":25994,"avgTimePerCall":0.0002885281276068174},{"label":"PERFORM_ROTATION","totalTime":216.4999998807907,"totalRelativeTime":"26.29%","numOfCalls":123903,"avgTimePerCall":0.0017473346075622923},{"label":"HEURISTIC_CALCULATION","totalTime":72.29999986290932,"totalRelativeTime":"8.77%","numOfCalls":123903,"avgTimePerCall":0.0005835209790151112},{"label":"ADD_CANDIDATE","totalTime":35.100000113248825,"totalRelativeTime":"4.26%","numOfCalls":120834,"avgTimePerCall":0.00029048115690326256},{"label":"BUILD_SOLUTION","totalTime":0,"totalRelativeTime":"0%","numOfCalls":1,"avgTimePerCall":0},{"label":"MEASUREMENT_OVERHEAD","totalTime":165.29999977350235,"totalRelativeTime":"20.07%","numOfCalls":0,"avgTimePerCall":165.29999977350235},{"label":"NOT_MEASURED","totalTime":193.00000020861626,"totalRelativeTime":"23.43%","numOfCalls":0,"avgTimePerCall":193.00000020861626}],"visitedNodes":27986,"differentNodes":25995}}},{"label":"2x2","key":"BiBFS","solution":{"rotations":[{"side":0,"counterClockwiseDirection":true,"layer":0},{"side":3,"counterClockwiseDirection":false,"layer":0},{"side":0,"counterClockwiseDirection":false,"layer":0},{"side":3,"counterClockwiseDirection":true,"layer":0},{"side":2,"counterClockwiseDirection":false,"layer":0},{"side":3,"counterClockwiseDirection":false,"layer":0},{"side":0,"counterClockwiseDirection":false,"layer":0},{"side":3,"counterClockwiseDirection":true,"layer":0},{"side":0,"counterClockwiseDirection":true,"layer":0}],"totalTime":132.69999998807907,"data":{"metrics":[{"label":"POP_CANDIDATE","totalTime":0.7000000476837158,"totalRelativeTime":"0.52%","numOfCalls":3532,"avgTimePerCall":0.00019818800897047448},{"label":"VISISTED_LIST_CHECK","totalTime":10.700000047683716,"totalRelativeTime":"8.06%","numOfCalls":22364,"avgTimePerCall":0.0004784475070507832},{"label":"ADD_TO_VISISTED_LIST_CHECK","totalTime":1.699999988079071,"totalRelativeTime":"1.28%","numOfCalls":3192,"avgTimePerCall":0.0005325814498994584},{"label":"PERFORM_ROTATION","totalTime":51.699999898672104,"totalRelativeTime":"38.96%","numOfCalls":15638,"avgTimePerCall":0.003306049360447123},{"label":"ADD_CANDIDATE","totalTime":4.700000047683716,"totalRelativeTime":"3.54%","numOfCalls":15462,"avgTimePerCall":0.00030397102882445454},{"label":"MEASUREMENT_OVERHEAD","totalTime":38.999999940395355,"totalRelativeTime":"29.38%","numOfCalls":0,"avgTimePerCall":38.999999940395355},{"label":"NOT_MEASURED","totalTime":24.200000017881393,"totalRelativeTime":"18.23%","numOfCalls":0,"avgTimePerCall":24.200000017881393}],"iterations":1597,"visitedNodes":1597}}}]}