{"timestamp":1680910040513,"shuffle":"34:  F'   R'   U    R    F    D'  2B   2D    B'   U    L'   R    B'   L    R    B    U    L    B    L    U'   F    L'   B    U'   B'   L'   U   2D    U    B   ","solutions":[{"label":"2x2","key":"IDDFS","solution":{"rotations":[{"side":2,"counterClockwiseDirection":true,"layer":0},{"side":0,"counterClockwiseDirection":true,"layer":0},{"side":3,"counterClockwiseDirection":false,"layer":0},{"side":0,"counterClockwiseDirection":false,"layer":0},{"side":3,"counterClockwiseDirection":false,"layer":0},{"side":2,"counterClockwiseDirection":true,"layer":0},{"side":2,"counterClockwiseDirection":true,"layer":0},{"side":0,"counterClockwiseDirection":true,"layer":0},{"side":3,"counterClockwiseDirection":false,"layer":0},{"side":2,"counterClockwiseDirection":true,"layer":0},{"side":3,"counterClockwiseDirection":true,"layer":0},{"side":0,"counterClockwiseDirection":false,"layer":0}],"totalTime":206082.79999998212,"data":{"metrics":[{"label":"PERFORM_ROTATION","totalTime":98496.70002761483,"totalRelativeTime":"47.79%","numOfCalls":83693246,"avgTimePerCall":0.0011768775228005236},{"label":"ADD_CANDIDATE","totalTime":16936.300003886223,"totalRelativeTime":"8.21%","numOfCalls":83693246,"avgTimePerCall":0.00020236160996654642},{"label":"NOT_MEASURED","totalTime":90649.79996848106,"totalRelativeTime":"43.98%","numOfCalls":0,"avgTimePerCall":90649.79996848106}],"visitedNodes":67725922,"iterations":[{"visitedNodes":37,"bound":2},{"visitedNodes":181,"bound":3},{"visitedNodes":877,"bound":4},{"visitedNodes":4237,"bound":5},{"visitedNodes":20461,"bound":6},{"visitedNodes":98797,"bound":7},{"visitedNodes":477037,"bound":8},{"visitedNodes":2303341,"bound":9},{"visitedNodes":11121517,"bound":10},{"visitedNodes":53699437,"bound":11}]}}},{"label":"2x2","key":"IDA*","solution":{"rotations":[{"side":2,"counterClockwiseDirection":true,"layer":0},{"side":0,"counterClockwiseDirection":true,"layer":0},{"side":3,"counterClockwiseDirection":false,"layer":0},{"side":0,"counterClockwiseDirection":false,"layer":0},{"side":3,"counterClockwiseDirection":false,"layer":0},{"side":2,"counterClockwiseDirection":true,"layer":0},{"side":2,"counterClockwiseDirection":true,"layer":0},{"side":0,"counterClockwiseDirection":true,"layer":0},{"side":3,"counterClockwiseDirection":false,"layer":0},{"side":2,"counterClockwiseDirection":true,"layer":0},{"side":3,"counterClockwiseDirection":true,"layer":0},{"side":0,"counterClockwiseDirection":false,"layer":0}],"totalTime":187371.40000000596,"data":{"metrics":[{"label":"PERFORM_ROTATION","totalTime":93669.00000420213,"totalRelativeTime":"49.99%","numOfCalls":79960453,"avgTimePerCall":0.0011714415875583163},{"label":"ADD_CANDIDATE","totalTime":16480.400007277727,"totalRelativeTime":"8.79%","numOfCalls":79960453,"avgTimePerCall":0.00020610688645395403},{"label":"NOT_MEASURED","totalTime":77221.9999885261,"totalRelativeTime":"41.21%","numOfCalls":0,"avgTimePerCall":77221.9999885261}],"visitedNodes":13064636,"iterations":[{"visitedNodes":7,"bound":2},{"visitedNodes":52,"bound":3.25},{"visitedNodes":590,"bound":4.5},{"visitedNodes":4252,"bound":5.75},{"visitedNodes":22122,"bound":7},{"visitedNodes":161606,"bound":8.25},{"visitedNodes":1714360,"bound":9.5},{"visitedNodes":11161647,"bound":10.75}]}}},{"label":"2x2","key":"SA","solution":{"rotations":[{"side":0,"counterClockwiseDirection":false,"layer":0},{"side":3,"counterClockwiseDirection":false,"layer":0},{"side":3,"counterClockwiseDirection":false,"layer":0},{"side":2,"counterClockwiseDirection":false,"layer":0},{"side":0,"counterClockwiseDirection":true,"layer":0},{"side":0,"counterClockwiseDirection":true,"layer":0},{"side":2,"counterClockwiseDirection":false,"layer":0},{"side":0,"counterClockwiseDirection":false,"layer":0},{"side":3,"counterClockwiseDirection":true,"layer":0},{"side":3,"counterClockwiseDirection":true,"layer":0},{"side":2,"counterClockwiseDirection":true,"layer":0},{"side":3,"counterClockwiseDirection":false,"layer":0},{"side":0,"counterClockwiseDirection":true,"layer":0},{"layer":0,"side":3,"counterClockwiseDirection":false},{"side":0,"counterClockwiseDirection":false,"layer":0},{"side":0,"counterClockwiseDirection":false,"layer":0},{"side":3,"counterClockwiseDirection":true,"layer":0},{"side":3,"counterClockwiseDirection":true,"layer":0},{"side":2,"counterClockwiseDirection":false,"layer":0},{"side":3,"counterClockwiseDirection":true,"layer":0}],"totalTime":22327.20000001788,"data":{"restartCounter":0,"iterations":1951,"metrics":[{"label":"CHECK_SOLUTION","totalTime":1218.0000013709068,"totalRelativeTime":"5.45%","numOfCalls":5850480,"avgTimePerCall":0.00020818804634336103},{"label":"APPLYING_ROTATIONS","totalTime":6920.400004893541,"totalRelativeTime":"30.99%","numOfCalls":5850480,"avgTimePerCall":0.001182877303211624},{"label":"COMPUTE_ROTATION","totalTime":1225.499999821186,"totalRelativeTime":"5.48%","numOfCalls":5850480,"avgTimePerCall":0.00020946999217520375},{"label":"CALCULATE_CITIZEN_SCORE","totalTime":2503.8999991714954,"totalRelativeTime":"11.21%","numOfCalls":5850480,"avgTimePerCall":0.00042798197740552833},{"label":"AGGREGATE_CURRENT_GENERATION","totalTime":41.89999997615814,"totalRelativeTime":"0.18%","numOfCalls":195015,"avgTimePerCall":0.00021485526742126576},{"label":"CREATE_NEXT_GENERATION","totalTime":130.30000007152557,"totalRelativeTime":"0.58%","numOfCalls":1950,"avgTimePerCall":0.06682051285719261},{"label":"MEASUREMENT_OVERHEAD","totalTime":5065.899997383356,"totalRelativeTime":"22.68%","numOfCalls":0,"avgTimePerCall":5065.899997383356},{"label":"NOT_MEASURED","totalTime":5221.299997329712,"totalRelativeTime":"23.38%","numOfCalls":0,"avgTimePerCall":5221.299997329712}]}}},{"label":"2x2","key":"GA","solution":{"rotations":[{"side":2,"counterClockwiseDirection":false,"layer":0},{"side":2,"counterClockwiseDirection":false,"layer":0},{"side":0,"counterClockwiseDirection":false,"layer":0},{"layer":0,"side":2,"counterClockwiseDirection":false},{"side":3,"counterClockwiseDirection":true,"layer":0},{"side":0,"counterClockwiseDirection":false,"layer":0},{"side":0,"counterClockwiseDirection":false,"layer":0},{"side":3,"counterClockwiseDirection":true,"layer":0},{"side":0,"counterClockwiseDirection":false,"layer":0},{"side":2,"counterClockwiseDirection":true,"layer":0},{"side":2,"counterClockwiseDirection":true,"layer":0},{"side":0,"counterClockwiseDirection":false,"layer":0},{"side":3,"counterClockwiseDirection":true,"layer":0},{"side":2,"counterClockwiseDirection":false,"layer":0},{"side":0,"counterClockwiseDirection":true,"layer":0},{"side":3,"counterClockwiseDirection":true,"layer":0}],"totalTime":6968.5999999940395,"data":{"armageddonCounter":0,"generations":649,"metrics":[{"label":"CHECK_SOLUTION","totalTime":371.59999880194664,"totalRelativeTime":"5.33%","numOfCalls":1946700,"avgTimePerCall":0.0001908871417280252},{"label":"APPLYING_ROTATIONS","totalTime":2209.4999992251396,"totalRelativeTime":"31.7%","numOfCalls":1946690,"avgTimePerCall":0.0011350035183953992},{"label":"COMPUTE_GENE","totalTime":370.60000017285347,"totalRelativeTime":"5.31%","numOfCalls":1946690,"avgTimePerCall":0.00019037443053226424},{"label":"CALCULATE_CITIZEN_SCORE","totalTime":774.9999994039536,"totalRelativeTime":"11.12%","numOfCalls":1946690,"avgTimePerCall":0.0003981116661635666},{"label":"AGGREGATE_CURRENT_GENERATION","totalTime":13.999999970197678,"totalRelativeTime":"0.2%","numOfCalls":64889,"avgTimePerCall":0.00021575305475808962},{"label":"CREATE_NEXT_GENERATION","totalTime":49.900000125169754,"totalRelativeTime":"0.71%","numOfCalls":648,"avgTimePerCall":0.07700617303266938},{"label":"MEASUREMENT_OVERHEAD","totalTime":1588.6000028252602,"totalRelativeTime":"22.79%","numOfCalls":0,"avgTimePerCall":1588.6000028252602},{"label":"NOT_MEASURED","totalTime":1589.3999994695187,"totalRelativeTime":"22.8%","numOfCalls":0,"avgTimePerCall":1589.3999994695187}]}}},{"label":"2x2","key":"WA*","solution":{"rotations":[{"side":2,"counterClockwiseDirection":false,"layer":0},{"side":3,"counterClockwiseDirection":false,"layer":0},{"side":0,"counterClockwiseDirection":false,"layer":0},{"side":3,"counterClockwiseDirection":true,"layer":0},{"side":2,"counterClockwiseDirection":false,"layer":0},{"side":3,"counterClockwiseDirection":false,"layer":0},{"side":0,"counterClockwiseDirection":false,"layer":0},{"side":2,"counterClockwiseDirection":true,"layer":0},{"side":0,"counterClockwiseDirection":true,"layer":0},{"side":2,"counterClockwiseDirection":false,"layer":0},{"side":3,"counterClockwiseDirection":false,"layer":0},{"side":2,"counterClockwiseDirection":true,"layer":0},{"side":3,"counterClockwiseDirection":true,"layer":0},{"side":2,"counterClockwiseDirection":false,"layer":0},{"side":3,"counterClockwiseDirection":false,"layer":0},{"side":2,"counterClockwiseDirection":true,"layer":0}],"totalTime":1049.300000011921,"data":{"metrics":[{"label":"ITERATIONS_COUNTER_INCREMENT","totalTime":18.199999630451202,"totalRelativeTime":"1.73%","numOfCalls":95686,"avgTimePerCall":0.00019020545984210023},{"label":"ABORTED_VERIFICATION","totalTime":9.599999964237213,"totalRelativeTime":"0.91%","numOfCalls":47843,"avgTimePerCall":0.000200656312610773},{"label":"POP_CANDIDATE","totalTime":22.900000274181366,"totalRelativeTime":"2.18%","numOfCalls":47843,"avgTimePerCall":0.00047864891988757744},{"label":"VISISTED_LIST_CHECK","totalTime":77.39999988675117,"totalRelativeTime":"7.37%","numOfCalls":258991,"avgTimePerCall":0.0002988520832258695},{"label":"CHECK_SOLUTION","totalTime":8.699999988079071,"totalRelativeTime":"0.82%","numOfCalls":44256,"avgTimePerCall":0.0001965835138304201},{"label":"ADD_TO_VISISTED_LIST_CHECK","totalTime":12.50000011920929,"totalRelativeTime":"1.19%","numOfCalls":44255,"avgTimePerCall":0.00028245396269821016},{"label":"PERFORM_ROTATION","totalTime":256.6999997794628,"totalRelativeTime":"24.46%","numOfCalls":211148,"avgTimePerCall":0.0012157349336932523},{"label":"HEURISTIC_CALCULATION","totalTime":112.5999998152256,"totalRelativeTime":"10.73%","numOfCalls":211148,"avgTimePerCall":0.0005332752373464376},{"label":"ADD_CANDIDATE","totalTime":51.20000001788139,"totalRelativeTime":"4.87%","numOfCalls":204900,"avgTimePerCall":0.000249877989350324},{"label":"BUILD_SOLUTION","totalTime":0,"totalRelativeTime":"0%","numOfCalls":1,"avgTimePerCall":0},{"label":"MEASUREMENT_OVERHEAD","totalTime":233.20000031590462,"totalRelativeTime":"22.22%","numOfCalls":0,"avgTimePerCall":233.20000031590462},{"label":"NOT_MEASURED","totalTime":246.30000022053719,"totalRelativeTime":"23.47%","numOfCalls":0,"avgTimePerCall":246.30000022053719}],"visitedNodes":47843,"differentNodes":44256}}},{"label":"2x2","key":"BiBFS","solution":{"rotations":[{"side":3,"counterClockwiseDirection":true,"layer":0},{"side":2,"counterClockwiseDirection":false,"layer":0},{"side":0,"counterClockwiseDirection":true,"layer":0},{"side":2,"counterClockwiseDirection":true,"layer":0},{"side":0,"counterClockwiseDirection":true,"layer":0},{"side":3,"counterClockwiseDirection":false,"layer":0},{"side":0,"counterClockwiseDirection":true,"layer":0},{"side":3,"counterClockwiseDirection":false,"layer":0},{"side":0,"counterClockwiseDirection":true,"layer":0},{"side":3,"counterClockwiseDirection":true,"layer":0},{"side":0,"counterClockwiseDirection":false,"layer":0},{"side":3,"counterClockwiseDirection":false,"layer":0}],"totalTime":222,"data":{"metrics":[{"label":"POP_CANDIDATE","totalTime":1.899999976158142,"totalRelativeTime":"0.85%","numOfCalls":10702,"avgTimePerCall":0.0001775369067611794},{"label":"VISISTED_LIST_CHECK","totalTime":23.899999886751175,"totalRelativeTime":"10.76%","numOfCalls":65770,"avgTimePerCall":0.0003633875609966729},{"label":"ADD_TO_VISISTED_LIST_CHECK","totalTime":2.599999964237213,"totalRelativeTime":"1.17%","numOfCalls":9342,"avgTimePerCall":0.0002783129912478284},{"label":"PERFORM_ROTATION","totalTime":81.19999995827675,"totalRelativeTime":"36.57%","numOfCalls":45724,"avgTimePerCall":0.001775872626154246},{"label":"ADD_CANDIDATE","totalTime":11.399999737739563,"totalRelativeTime":"5.13%","numOfCalls":44824,"avgTimePerCall":0.0002543280326998832},{"label":"MEASUREMENT_OVERHEAD","totalTime":42.10000020265579,"totalRelativeTime":"18.96%","numOfCalls":0,"avgTimePerCall":42.10000020265579},{"label":"NOT_MEASURED","totalTime":58.900000274181366,"totalRelativeTime":"26.53%","numOfCalls":0,"avgTimePerCall":58.900000274181366}],"iterations":4672,"visitedNodes":4672}}}]}