{"timestamp":1680884931427,"shuffle":"39:  B    U   2R   2F    U    B    R'  2U    R    F    U'   L    B'   F    D'   F    B    L'   U    F   2R    F'   B    R    F'   B'   F'   D'  2B    U'   R    B'   L'   U   ","solutions":[{"label":"2x2","key":"IDDFS","solution":{"rotations":[{"side":2,"counterClockwiseDirection":false,"layer":0},{"side":0,"counterClockwiseDirection":true,"layer":0},{"side":3,"counterClockwiseDirection":false,"layer":0},{"side":2,"counterClockwiseDirection":true,"layer":0},{"side":3,"counterClockwiseDirection":false,"layer":0},{"side":2,"counterClockwiseDirection":true,"layer":0},{"side":3,"counterClockwiseDirection":false,"layer":0},{"side":0,"counterClockwiseDirection":true,"layer":0},{"side":2,"counterClockwiseDirection":false,"layer":0},{"side":3,"counterClockwiseDirection":false,"layer":0},{"side":2,"counterClockwiseDirection":true,"layer":0}],"totalTime":82799.20000001788,"data":{"metrics":[{"label":"PERFORM_ROTATION","totalTime":39437.59999987483,"totalRelativeTime":"47.63%","numOfCalls":26047760,"avgTimePerCall":0.0015140495766190578},{"label":"ADD_CANDIDATE","totalTime":6885.600003182888,"totalRelativeTime":"8.31%","numOfCalls":26047760,"avgTimePerCall":0.0002643451875778527},{"label":"NOT_MEASURED","totalTime":36475.99999696016,"totalRelativeTime":"44.05%","numOfCalls":0,"avgTimePerCall":36475.99999696016}],"visitedNodes":14026485,"iterations":[{"visitedNodes":37,"bound":2},{"visitedNodes":181,"bound":3},{"visitedNodes":877,"bound":4},{"visitedNodes":4237,"bound":5},{"visitedNodes":20461,"bound":6},{"visitedNodes":98797,"bound":7},{"visitedNodes":477037,"bound":8},{"visitedNodes":2303341,"bound":9},{"visitedNodes":11121517,"bound":10}]}}},{"label":"2x2","key":"IDA*","solution":{"rotations":[{"side":2,"counterClockwiseDirection":false,"layer":0},{"side":0,"counterClockwiseDirection":true,"layer":0},{"side":3,"counterClockwiseDirection":false,"layer":0},{"side":2,"counterClockwiseDirection":true,"layer":0},{"side":3,"counterClockwiseDirection":false,"layer":0},{"side":2,"counterClockwiseDirection":true,"layer":0},{"side":3,"counterClockwiseDirection":false,"layer":0},{"side":0,"counterClockwiseDirection":true,"layer":0},{"side":2,"counterClockwiseDirection":false,"layer":0},{"side":3,"counterClockwiseDirection":false,"layer":0},{"side":2,"counterClockwiseDirection":true,"layer":0}],"totalTime":67788.59999999404,"data":{"metrics":[{"label":"PERFORM_ROTATION","totalTime":32013.10000255704,"totalRelativeTime":"47.22%","numOfCalls":20972164,"avgTimePerCall":0.0015264566881394328},{"label":"ADD_CANDIDATE","totalTime":5652.59999859333,"totalRelativeTime":"8.33%","numOfCalls":20972164,"avgTimePerCall":0.00026952869520729147},{"label":"CYCLE_AVOIDANCE_CHECK","totalTime":1358.2000015079975,"totalRelativeTime":"2%","numOfCalls":4343667,"avgTimePerCall":0.00031268511179793424},{"label":"NOT_MEASURED","totalTime":28764.699997335672,"totalRelativeTime":"42.43%","numOfCalls":0,"avgTimePerCall":28764.699997335672}],"visitedNodes":1845655,"iterations":[{"visitedNodes":7,"bound":2},{"visitedNodes":72,"bound":3.25},{"visitedNodes":578,"bound":4.5},{"visitedNodes":4242,"bound":5.75},{"visitedNodes":21386,"bound":7},{"visitedNodes":153635,"bound":8.25},{"visitedNodes":1665735,"bound":9.5}]}}},{"label":"2x2","key":"GA","solution":{"rotations":[{"side":0,"counterClockwiseDirection":false,"layer":0},{"side":3,"counterClockwiseDirection":true,"layer":0},{"side":0,"counterClockwiseDirection":true,"layer":0},{"side":0,"counterClockwiseDirection":true,"layer":0},{"side":3,"counterClockwiseDirection":false,"layer":0},{"side":2,"counterClockwiseDirection":true,"layer":0},{"side":0,"counterClockwiseDirection":true,"layer":0},{"side":0,"counterClockwiseDirection":true,"layer":0},{"side":2,"counterClockwiseDirection":false,"layer":0},{"side":3,"counterClockwiseDirection":false,"layer":0},{"side":2,"counterClockwiseDirection":false,"layer":0},{"side":0,"counterClockwiseDirection":true,"layer":0},{"side":3,"counterClockwiseDirection":true,"layer":0}],"totalTime":8016.200000017881,"data":{"armageddonCounter":0,"generations":635,"metrics":[{"label":"CHECK_SOLUTION","totalTime":416.50000047683716,"totalRelativeTime":"5.19%","numOfCalls":1904490,"avgTimePerCall":0.00021869371877869518},{"label":"APPLYING_ROTATIONS","totalTime":2551.900000721216,"totalRelativeTime":"31.83%","numOfCalls":1904479,"avgTimePerCall":0.0013399465159349177},{"label":"COMPUTE_GENE","totalTime":420.1000004708767,"totalRelativeTime":"5.24%","numOfCalls":1904479,"avgTimePerCall":0.00022058526267334881},{"label":"CALCULATE_CITIZEN_SCORE","totalTime":906.5000005066395,"totalRelativeTime":"11.3%","numOfCalls":1904479,"avgTimePerCall":0.00047598319567012266},{"label":"AGGREGATE_CURRENT_GENERATION","totalTime":14.599999845027924,"totalRelativeTime":"0.18%","numOfCalls":63482,"avgTimePerCall":0.00022998645041158003},{"label":"CREATE_NEXT_GENERATION","totalTime":46.800000071525574,"totalRelativeTime":"0.58%","numOfCalls":634,"avgTimePerCall":0.07381703481313182},{"label":"MEASUREMENT_OVERHEAD","totalTime":1795.999998807907,"totalRelativeTime":"22.4%","numOfCalls":0,"avgTimePerCall":1795.999998807907},{"label":"NOT_MEASURED","totalTime":1863.7999991178513,"totalRelativeTime":"23.25%","numOfCalls":0,"avgTimePerCall":1863.7999991178513}]}}},{"label":"2x2","key":"SA","solution":{"rotations":[{"side":3,"counterClockwiseDirection":false,"layer":0},{"side":2,"counterClockwiseDirection":false,"layer":0},{"side":0,"counterClockwiseDirection":false,"layer":0},{"side":2,"counterClockwiseDirection":false,"layer":0},{"layer":0,"side":0,"counterClockwiseDirection":false},{"side":3,"counterClockwiseDirection":false,"layer":0},{"side":2,"counterClockwiseDirection":true,"layer":0},{"side":3,"counterClockwiseDirection":true,"layer":0},{"side":2,"counterClockwiseDirection":false,"layer":0},{"side":3,"counterClockwiseDirection":true,"layer":0},{"side":2,"counterClockwiseDirection":false,"layer":0},{"side":0,"counterClockwiseDirection":false,"layer":0},{"side":0,"counterClockwiseDirection":false,"layer":0}],"totalTime":85687.40000000596,"data":{"restartCounter":1,"iterations":6204,"metrics":[{"label":"CHECK_SOLUTION","totalTime":4592.799997955561,"totalRelativeTime":"5.35%","numOfCalls":18610230,"avgTimePerCall":0.00024678899712446113},{"label":"APPLYING_ROTATIONS","totalTime":27601.300004571676,"totalRelativeTime":"32.21%","numOfCalls":18610227,"avgTimePerCall":0.0014831253807152205},{"label":"COMPUTE_ROTATION","totalTime":4699.600002795458,"totalRelativeTime":"5.48%","numOfCalls":18610227,"avgTimePerCall":0.0002525278172477669},{"label":"CALCULATE_CITIZEN_SCORE","totalTime":9390.000000625849,"totalRelativeTime":"10.95%","numOfCalls":18610227,"avgTimePerCall":0.0005045612823866066},{"label":"AGGREGATE_CURRENT_GENERATION","totalTime":159.39999973773956,"totalRelativeTime":"0.18%","numOfCalls":620340,"avgTimePerCall":0.00025695586249111706},{"label":"CREATE_NEXT_GENERATION","totalTime":694.000000834465,"totalRelativeTime":"0.8%","numOfCalls":6203,"avgTimePerCall":0.111881347869493},{"label":"MEASUREMENT_OVERHEAD","totalTime":19048.700002104044,"totalRelativeTime":"22.23%","numOfCalls":0,"avgTimePerCall":19048.700002104044},{"label":"NOT_MEASURED","totalTime":19501.59999138117,"totalRelativeTime":"22.75%","numOfCalls":0,"avgTimePerCall":19501.59999138117}]}}},{"label":"2x2","key":"WA*","solution":{"rotations":[{"side":0,"counterClockwiseDirection":false,"layer":0},{"side":2,"counterClockwiseDirection":true,"layer":0},{"side":3,"counterClockwiseDirection":false,"layer":0},{"side":2,"counterClockwiseDirection":false,"layer":0},{"side":3,"counterClockwiseDirection":true,"layer":0},{"side":2,"counterClockwiseDirection":true,"layer":0},{"side":0,"counterClockwiseDirection":true,"layer":0},{"side":3,"counterClockwiseDirection":false,"layer":0},{"side":0,"counterClockwiseDirection":false,"layer":0},{"side":3,"counterClockwiseDirection":true,"layer":0},{"side":0,"counterClockwiseDirection":true,"layer":0},{"side":3,"counterClockwiseDirection":false,"layer":0},{"side":0,"counterClockwiseDirection":false,"layer":0}],"totalTime":535.5,"data":{"metrics":[{"label":"ITERATIONS_COUNTER_INCREMENT","totalTime":8.800000131130219,"totalRelativeTime":"1.64%","numOfCalls":39414,"avgTimePerCall":0.00022327092228980106},{"label":"ABORTED_VERIFICATION","totalTime":3.799999922513962,"totalRelativeTime":"0.7%","numOfCalls":19707,"avgTimePerCall":0.0001928248806268819},{"label":"POP_CANDIDATE","totalTime":12.699999749660492,"totalRelativeTime":"2.37%","numOfCalls":19707,"avgTimePerCall":0.0006444410488486575},{"label":"VISISTED_LIST_CHECK","totalTime":34.80000016093254,"totalRelativeTime":"6.49%","numOfCalls":107310,"avgTimePerCall":0.0003242941027018222},{"label":"CHECK_SOLUTION","totalTime":3.7000000178813934,"totalRelativeTime":"0.69%","numOfCalls":18368,"avgTimePerCall":0.00020143728320347307},{"label":"ADD_TO_VISISTED_LIST_CHECK","totalTime":6.9999998807907104,"totalRelativeTime":"1.3%","numOfCalls":18367,"avgTimePerCall":0.0003811183035221163},{"label":"PERFORM_ROTATION","totalTime":163.8000004887581,"totalRelativeTime":"30.58%","numOfCalls":87603,"avgTimePerCall":0.001869798985066243},{"label":"HEURISTIC_CALCULATION","totalTime":42.70000013709068,"totalRelativeTime":"7.97%","numOfCalls":87603,"avgTimePerCall":0.0004874262312602386},{"label":"ADD_CANDIDATE","totalTime":23.199999898672104,"totalRelativeTime":"4.33%","numOfCalls":85782,"avgTimePerCall":0.00027045300760849715},{"label":"BUILD_SOLUTION","totalTime":0,"totalRelativeTime":"0%","numOfCalls":1,"avgTimePerCall":0},{"label":"MEASUREMENT_OVERHEAD","totalTime":109.69999954104424,"totalRelativeTime":"20.48%","numOfCalls":0,"avgTimePerCall":109.69999954104424},{"label":"NOT_MEASURED","totalTime":125.30000007152557,"totalRelativeTime":"23.39%","numOfCalls":0,"avgTimePerCall":125.30000007152557}],"visitedNodes":19707,"differentNodes":18368}}},{"label":"2x2","key":"BiBFS","solution":{"rotations":[{"side":3,"counterClockwiseDirection":false,"layer":0},{"side":2,"counterClockwiseDirection":false,"layer":0},{"side":3,"counterClockwiseDirection":true,"layer":0},{"side":0,"counterClockwiseDirection":false,"layer":0},{"side":2,"counterClockwiseDirection":false,"layer":0},{"side":0,"counterClockwiseDirection":false,"layer":0},{"side":2,"counterClockwiseDirection":false,"layer":0},{"side":3,"counterClockwiseDirection":true,"layer":0},{"side":2,"counterClockwiseDirection":false,"layer":0},{"side":0,"counterClockwiseDirection":false,"layer":0},{"side":0,"counterClockwiseDirection":false,"layer":0}],"totalTime":275,"data":{"metrics":[{"label":"POP_CANDIDATE","totalTime":2.9000000655651093,"totalRelativeTime":"1.05%","numOfCalls":13718,"avgTimePerCall":0.00021140108365396627},{"label":"VISISTED_LIST_CHECK","totalTime":35.39999997615814,"totalRelativeTime":"12.87%","numOfCalls":83720,"avgTimePerCall":0.0004228380312489028},{"label":"ADD_TO_VISISTED_LIST_CHECK","totalTime":3.300000011920929,"totalRelativeTime":"1.2%","numOfCalls":11878,"avgTimePerCall":0.0002778245505910868},{"label":"PERFORM_ROTATION","totalTime":99.19999998807907,"totalRelativeTime":"36.07%","numOfCalls":58122,"avgTimePerCall":0.0017067547570296803},{"label":"ADD_CANDIDATE","totalTime":17.000000149011612,"totalRelativeTime":"6.18%","numOfCalls":56912,"avgTimePerCall":0.000298706777990786},{"label":"MEASUREMENT_OVERHEAD","totalTime":52.400000244379044,"totalRelativeTime":"19.05%","numOfCalls":0,"avgTimePerCall":52.400000244379044},{"label":"NOT_MEASURED","totalTime":64.7999995648861,"totalRelativeTime":"23.56%","numOfCalls":0,"avgTimePerCall":64.7999995648861}],"iterations":5940,"visitedNodes":5940}}}]}