{"timestamp":1680983227969,"shuffle":"37:  D'   U'   L    R'   U    R    U'  2L    U'   D'   B'   R'   D    R    D'  2R    D    L    D'   U    F    B'   R'   U    L   2D    B    L'   D'   F'   B'  2F    U'  ","solutions":[{"label":"2x2","key":"IDDFS","solution":{"rotations":[{"side":0,"counterClockwiseDirection":true,"layer":0},{"side":2,"counterClockwiseDirection":false,"layer":0},{"side":0,"counterClockwiseDirection":true,"layer":0},{"side":2,"counterClockwiseDirection":true,"layer":0},{"side":3,"counterClockwiseDirection":false,"layer":0},{"side":2,"counterClockwiseDirection":true,"layer":0},{"side":0,"counterClockwiseDirection":true,"layer":0},{"side":2,"counterClockwiseDirection":false,"layer":0},{"side":0,"counterClockwiseDirection":true,"layer":0},{"side":3,"counterClockwiseDirection":false,"layer":0},{"side":2,"counterClockwiseDirection":true,"layer":0}],"totalTime":94553.20000000112,"data":{"metrics":[{"label":"PERFORM_ROTATION","totalTime":43483.30000066571,"totalRelativeTime":"45.98%","numOfCalls":34161758,"avgTimePerCall":0.0012728648215547254},{"label":"ADD_CANDIDATE","totalTime":7944.799999691546,"totalRelativeTime":"8.4%","numOfCalls":34161758,"avgTimePerCall":0.00023256414379176698},{"label":"NOT_MEASURED","totalTime":43125.09999964386,"totalRelativeTime":"45.6%","numOfCalls":0,"avgTimePerCall":43125.09999964386}],"visitedNodes":14026485,"iterations":[{"visitedNodes":37,"bound":2},{"visitedNodes":181,"bound":3},{"visitedNodes":877,"bound":4},{"visitedNodes":4237,"bound":5},{"visitedNodes":20461,"bound":6},{"visitedNodes":98797,"bound":7},{"visitedNodes":477037,"bound":8},{"visitedNodes":2303341,"bound":9},{"visitedNodes":11121517,"bound":10}]}}},{"label":"2x2","key":"IDA*","solution":{"rotations":[{"side":0,"counterClockwiseDirection":true,"layer":0},{"side":2,"counterClockwiseDirection":false,"layer":0},{"side":0,"counterClockwiseDirection":true,"layer":0},{"side":2,"counterClockwiseDirection":true,"layer":0},{"side":3,"counterClockwiseDirection":false,"layer":0},{"side":2,"counterClockwiseDirection":true,"layer":0},{"side":0,"counterClockwiseDirection":true,"layer":0},{"side":2,"counterClockwiseDirection":false,"layer":0},{"side":0,"counterClockwiseDirection":true,"layer":0},{"side":3,"counterClockwiseDirection":false,"layer":0},{"side":2,"counterClockwiseDirection":true,"layer":0}],"totalTime":79164.29999999888,"data":{"metrics":[{"label":"PERFORM_ROTATION","totalTime":38937.200000105426,"totalRelativeTime":"49.18%","numOfCalls":29545206,"avgTimePerCall":0.0013178855480007628},{"label":"ADD_CANDIDATE","totalTime":7065.299999739975,"totalRelativeTime":"8.92%","numOfCalls":29545206,"avgTimePerCall":0.00023913524243966938},{"label":"NOT_MEASURED","totalTime":33161.80000015348,"totalRelativeTime":"41.88%","numOfCalls":0,"avgTimePerCall":33161.80000015348}],"visitedNodes":1933952,"iterations":[{"visitedNodes":7,"bound":2},{"visitedNodes":50,"bound":3.25},{"visitedNodes":654,"bound":4.5},{"visitedNodes":4255,"bound":5.75},{"visitedNodes":21799,"bound":7},{"visitedNodes":162748,"bound":8.25},{"visitedNodes":1744439,"bound":9.5}]}}},{"label":"2x2","key":"SA","solution":{"rotations":[{"side":3,"counterClockwiseDirection":false,"layer":0},{"side":2,"counterClockwiseDirection":true,"layer":0},{"side":3,"counterClockwiseDirection":true,"layer":0},{"side":0,"counterClockwiseDirection":true,"layer":0},{"side":2,"counterClockwiseDirection":false,"layer":0},{"side":2,"counterClockwiseDirection":false,"layer":0},{"side":0,"counterClockwiseDirection":true,"layer":0},{"side":3,"counterClockwiseDirection":false,"layer":0},{"side":0,"counterClockwiseDirection":true,"layer":0},{"side":2,"counterClockwiseDirection":true,"layer":0},{"side":2,"counterClockwiseDirection":true,"layer":0},{"side":0,"counterClockwiseDirection":false,"layer":0},{"side":0,"counterClockwiseDirection":false,"layer":0},{"side":3,"counterClockwiseDirection":false,"layer":0},{"side":2,"counterClockwiseDirection":false,"layer":0},{"side":0,"counterClockwiseDirection":true,"layer":0},{"side":3,"counterClockwiseDirection":true,"layer":0}],"totalTime":98144.59999999963,"data":{"restartCounter":1,"iterations":8068,"metrics":[{"label":"CHECK_SOLUTION","totalTime":5152.699999740347,"totalRelativeTime":"5.25%","numOfCalls":24202290,"avgTimePerCall":0.00021290134114335243},{"label":"APPLYING_ROTATIONS","totalTime":30099.199999935925,"totalRelativeTime":"30.66%","numOfCalls":24202283,"avgTimePerCall":0.0012436512704167588},{"label":"COMPUTE_ROTATION","totalTime":5375.300000190735,"totalRelativeTime":"5.47%","numOfCalls":24202283,"avgTimePerCall":0.00022209888216705569},{"label":"CALCULATE_CITIZEN_SCORE","totalTime":11086.999999346212,"totalRelativeTime":"11.29%","numOfCalls":24202283,"avgTimePerCall":0.00045809727947343693},{"label":"AGGREGATE_CURRENT_GENERATION","totalTime":185.50000012293458,"totalRelativeTime":"0.18%","numOfCalls":806742,"avgTimePerCall":0.00022993720436389152},{"label":"CREATE_NEXT_GENERATION","totalTime":578.6000000201166,"totalRelativeTime":"0.58%","numOfCalls":8067,"avgTimePerCall":0.07172430891534853},{"label":"MEASUREMENT_OVERHEAD","totalTime":23161.599999370053,"totalRelativeTime":"23.59%","numOfCalls":0,"avgTimePerCall":23161.599999370053},{"label":"NOT_MEASURED","totalTime":22504.700001273304,"totalRelativeTime":"22.93%","numOfCalls":0,"avgTimePerCall":22504.700001273304}]}}},{"label":"2x2","key":"GA","solution":{"rotations":[{"side":2,"counterClockwiseDirection":true,"layer":0},{"side":0,"counterClockwiseDirection":false,"layer":0},{"side":3,"counterClockwiseDirection":true,"layer":0},{"side":2,"counterClockwiseDirection":true,"layer":0},{"side":0,"counterClockwiseDirection":true,"layer":0},{"side":2,"counterClockwiseDirection":false,"layer":0},{"side":0,"counterClockwiseDirection":true,"layer":0},{"side":3,"counterClockwiseDirection":true,"layer":0},{"side":2,"counterClockwiseDirection":true,"layer":0},{"side":3,"counterClockwiseDirection":false,"layer":0},{"side":2,"counterClockwiseDirection":false,"layer":0},{"side":2,"counterClockwiseDirection":false,"layer":0},{"side":0,"counterClockwiseDirection":false,"layer":0},{"side":0,"counterClockwiseDirection":false,"layer":0},{"side":3,"counterClockwiseDirection":true,"layer":0}],"totalTime":32770.70000000112,"data":{"armageddonCounter":0,"generations":2565,"metrics":[{"label":"CHECK_SOLUTION","totalTime":1709.7999999094754,"totalRelativeTime":"5.21%","numOfCalls":7692930,"avgTimePerCall":0.0002222560194762562},{"label":"APPLYING_ROTATIONS","totalTime":10181.699999962002,"totalRelativeTime":"31.06%","numOfCalls":7692927,"avgTimePerCall":0.001323514443847186},{"label":"COMPUTE_GENE","totalTime":1745.6999999862164,"totalRelativeTime":"5.32%","numOfCalls":7692927,"avgTimePerCall":0.00022692273044917966},{"label":"CALCULATE_CITIZEN_SCORE","totalTime":3729.200000140816,"totalRelativeTime":"11.37%","numOfCalls":7692927,"avgTimePerCall":0.00048475697223447146},{"label":"AGGREGATE_CURRENT_GENERATION","totalTime":60.800000021234155,"totalRelativeTime":"0.18%","numOfCalls":256430,"avgTimePerCall":0.00023710174324858307},{"label":"CREATE_NEXT_GENERATION","totalTime":189.50000007264316,"totalRelativeTime":"0.57%","numOfCalls":2564,"avgTimePerCall":0.0739079563465847},{"label":"MEASUREMENT_OVERHEAD","totalTime":7564.500000383705,"totalRelativeTime":"23.08%","numOfCalls":0,"avgTimePerCall":7564.500000383705},{"label":"NOT_MEASURED","totalTime":7589.4999995250255,"totalRelativeTime":"23.15%","numOfCalls":0,"avgTimePerCall":7589.4999995250255}]}}},{"label":"2x2","key":"WA*","solution":{"rotations":[{"side":3,"counterClockwiseDirection":true,"layer":0},{"side":3,"counterClockwiseDirection":true,"layer":0},{"side":2,"counterClockwiseDirection":true,"layer":0},{"side":0,"counterClockwiseDirection":false,"layer":0},{"side":2,"counterClockwiseDirection":false,"layer":0},{"side":2,"counterClockwiseDirection":false,"layer":0},{"side":0,"counterClockwiseDirection":false,"layer":0},{"side":2,"counterClockwiseDirection":true,"layer":0},{"side":0,"counterClockwiseDirection":false,"layer":0},{"side":2,"counterClockwiseDirection":true,"layer":0},{"side":0,"counterClockwiseDirection":true,"layer":0},{"side":2,"counterClockwiseDirection":false,"layer":0},{"side":0,"counterClockwiseDirection":false,"layer":0},{"side":3,"counterClockwiseDirection":false,"layer":0},{"side":0,"counterClockwiseDirection":true,"layer":0},{"side":0,"counterClockwiseDirection":true,"layer":0},{"side":3,"counterClockwiseDirection":true,"layer":0}],"totalTime":1469.4000000003725,"data":{"metrics":[{"label":"ITERATIONS_COUNTER_INCREMENT","totalTime":23.600000016391277,"totalRelativeTime":"1.6%","numOfCalls":130274,"avgTimePerCall":0.00018115663920959882},{"label":"ABORTED_VERIFICATION","totalTime":13.5,"totalRelativeTime":"0.91%","numOfCalls":65137,"avgTimePerCall":0.00020725547691788078},{"label":"POP_CANDIDATE","totalTime":35.2000000141561,"totalRelativeTime":"2.39%","numOfCalls":65137,"avgTimePerCall":0.0005403994659587654},{"label":"VISISTED_LIST_CHECK","totalTime":121.99999999068677,"totalRelativeTime":"8.3%","numOfCalls":350582,"avgTimePerCall":0.0003479927662877352},{"label":"CHECK_SOLUTION","totalTime":12.200000006705523,"totalRelativeTime":"0.83%","numOfCalls":59809,"avgTimePerCall":0.00020398267830436093},{"label":"ADD_TO_VISISTED_LIST_CHECK","totalTime":15.90000000782311,"totalRelativeTime":"1.08%","numOfCalls":59808,"avgTimePerCall":0.0002658507224422002},{"label":"PERFORM_ROTATION","totalTime":356.3999999705702,"totalRelativeTime":"24.25%","numOfCalls":285445,"avgTimePerCall":0.001248576783515459},{"label":"HEURISTIC_CALCULATION","totalTime":155.2999999690801,"totalRelativeTime":"10.56%","numOfCalls":285445,"avgTimePerCall":0.0005440627790610454},{"label":"ADD_CANDIDATE","totalTime":73.40000002086163,"totalRelativeTime":"4.99%","numOfCalls":275868,"avgTimePerCall":0.0002660692795861123},{"label":"BUILD_SOLUTION","totalTime":0,"totalRelativeTime":"0%","numOfCalls":1,"avgTimePerCall":0},{"label":"MEASUREMENT_OVERHEAD","totalTime":311.39999996870756,"totalRelativeTime":"21.19%","numOfCalls":0,"avgTimePerCall":311.39999996870756},{"label":"NOT_MEASURED","totalTime":350.50000003539026,"totalRelativeTime":"23.85%","numOfCalls":0,"avgTimePerCall":350.50000003539026}],"visitedNodes":65137,"differentNodes":59809}}},{"label":"2x2","key":"BiBFS","solution":{"rotations":[{"side":3,"counterClockwiseDirection":true,"layer":0},{"side":3,"counterClockwiseDirection":true,"layer":0},{"side":0,"counterClockwiseDirection":false,"layer":0},{"side":3,"counterClockwiseDirection":true,"layer":0},{"side":2,"counterClockwiseDirection":false,"layer":0},{"side":3,"counterClockwiseDirection":false,"layer":0},{"side":0,"counterClockwiseDirection":true,"layer":0},{"side":2,"counterClockwiseDirection":false,"layer":0},{"side":0,"counterClockwiseDirection":false,"layer":0},{"side":2,"counterClockwiseDirection":true,"layer":0},{"side":0,"counterClockwiseDirection":true,"layer":0}],"totalTime":173.19999999925494,"data":{"metrics":[{"label":"POP_CANDIDATE","totalTime":1.900000000372529,"totalRelativeTime":"1.09%","numOfCalls":7004,"avgTimePerCall":0.0002712735580200641},{"label":"VISISTED_LIST_CHECK","totalTime":16.89999999664724,"totalRelativeTime":"9.75%","numOfCalls":43098,"avgTimePerCall":0.0003921295650992445},{"label":"ADD_TO_VISISTED_LIST_CHECK","totalTime":10.699999993667006,"totalRelativeTime":"6.17%","numOfCalls":6122,"avgTimePerCall":0.0017477948372536763},{"label":"PERFORM_ROTATION","totalTime":58.50000004097819,"totalRelativeTime":"33.77%","numOfCalls":29970,"avgTimePerCall":0.001951951953319259},{"label":"ADD_CANDIDATE","totalTime":10.600000001490116,"totalRelativeTime":"6.12%","numOfCalls":29666,"avgTimePerCall":0.0003573114003064153},{"label":"MEASUREMENT_OVERHEAD","totalTime":30.599999975413084,"totalRelativeTime":"17.66%","numOfCalls":0,"avgTimePerCall":30.599999975413084},{"label":"NOT_MEASURED","totalTime":43.999999990686774,"totalRelativeTime":"25.4%","numOfCalls":0,"avgTimePerCall":43.999999990686774}],"iterations":3062,"visitedNodes":3062}}}]}