{"timestamp":1680898295270,"shuffle":"32:  D'   L    B'   R    U    L'   B    R    U'   B'  2L   2R    U    R'   F    U    D    R'   L'   R    D'  2R    B    D'   F    L    D'   F    B'  ","solutions":[{"label":"2x2","key":"IDDFS","solution":{"rotations":[{"side":2,"counterClockwiseDirection":true,"layer":0},{"side":2,"counterClockwiseDirection":true,"layer":0},{"side":0,"counterClockwiseDirection":true,"layer":0},{"side":0,"counterClockwiseDirection":true,"layer":0},{"side":3,"counterClockwiseDirection":true,"layer":0},{"side":3,"counterClockwiseDirection":true,"layer":0},{"side":2,"counterClockwiseDirection":false,"layer":0},{"side":3,"counterClockwiseDirection":true,"layer":0},{"side":0,"counterClockwiseDirection":false,"layer":0},{"side":2,"counterClockwiseDirection":true,"layer":0},{"side":0,"counterClockwiseDirection":true,"layer":0},{"side":2,"counterClockwiseDirection":false,"layer":0}],"totalTime":206283.5,"data":{"metrics":[{"label":"PERFORM_ROTATION","totalTime":94906.60000443459,"totalRelativeTime":"46%","numOfCalls":68724460,"avgTimePerCall":0.001380972655215255},{"label":"ADD_CANDIDATE","totalTime":17617.800003528595,"totalRelativeTime":"8.54%","numOfCalls":68724460,"avgTimePerCall":0.0002563541423756344},{"label":"NOT_MEASURED","totalTime":93759.09999203682,"totalRelativeTime":"45.45%","numOfCalls":0,"avgTimePerCall":93759.09999203682}],"visitedNodes":67725922,"iterations":[{"visitedNodes":37,"bound":2},{"visitedNodes":181,"bound":3},{"visitedNodes":877,"bound":4},{"visitedNodes":4237,"bound":5},{"visitedNodes":20461,"bound":6},{"visitedNodes":98797,"bound":7},{"visitedNodes":477037,"bound":8},{"visitedNodes":2303341,"bound":9},{"visitedNodes":11121517,"bound":10},{"visitedNodes":53699437,"bound":11}]}}},{"label":"2x2","key":"IDA*","solution":{"rotations":[{"side":2,"counterClockwiseDirection":true,"layer":0},{"side":2,"counterClockwiseDirection":true,"layer":0},{"side":0,"counterClockwiseDirection":true,"layer":0},{"side":0,"counterClockwiseDirection":true,"layer":0},{"side":3,"counterClockwiseDirection":true,"layer":0},{"side":3,"counterClockwiseDirection":true,"layer":0},{"side":2,"counterClockwiseDirection":false,"layer":0},{"side":3,"counterClockwiseDirection":true,"layer":0},{"side":0,"counterClockwiseDirection":false,"layer":0},{"side":2,"counterClockwiseDirection":true,"layer":0},{"side":0,"counterClockwiseDirection":true,"layer":0},{"side":2,"counterClockwiseDirection":false,"layer":0}],"totalTime":186479.90000000596,"data":{"metrics":[{"label":"PERFORM_ROTATION","totalTime":92901.2999895215,"totalRelativeTime":"49.81%","numOfCalls":64071849,"avgTimePerCall":0.001449955033910782},{"label":"ADD_CANDIDATE","totalTime":16436.0999840796,"totalRelativeTime":"8.81%","numOfCalls":64071849,"avgTimePerCall":0.000256526075657339},{"label":"NOT_MEASURED","totalTime":77142.50002640486,"totalRelativeTime":"41.36%","numOfCalls":0,"avgTimePerCall":77142.50002640486}],"visitedNodes":13050675,"iterations":[{"visitedNodes":7,"bound":2},{"visitedNodes":60,"bound":3.25},{"visitedNodes":680,"bound":4.5},{"visitedNodes":4247,"bound":5.75},{"visitedNodes":21287,"bound":7},{"visitedNodes":154354,"bound":8.25},{"visitedNodes":1716079,"bound":9.5},{"visitedNodes":11153961,"bound":10.75}]}}},{"label":"2x2","key":"GA","solution":{"rotations":[{"side":2,"counterClockwiseDirection":true,"layer":0},{"side":3,"counterClockwiseDirection":false,"layer":0},{"side":0,"counterClockwiseDirection":false,"layer":0},{"side":3,"counterClockwiseDirection":false,"layer":0},{"side":0,"counterClockwiseDirection":true,"layer":0},{"side":2,"counterClockwiseDirection":false,"layer":0},{"side":3,"counterClockwiseDirection":false,"layer":0},{"side":0,"counterClockwiseDirection":true,"layer":0},{"side":2,"counterClockwiseDirection":true,"layer":0},{"side":0,"counterClockwiseDirection":true,"layer":0},{"side":3,"counterClockwiseDirection":true,"layer":0},{"side":0,"counterClockwiseDirection":false,"layer":0},{"layer":0,"side":2,"counterClockwiseDirection":false},{"side":3,"counterClockwiseDirection":true,"layer":0},{"side":2,"counterClockwiseDirection":true,"layer":0},{"side":3,"counterClockwiseDirection":false,"layer":0},{"side":0,"counterClockwiseDirection":false,"layer":0},{"side":3,"counterClockwiseDirection":true,"layer":0}],"totalTime":6138.200000017881,"data":{"armageddonCounter":0,"generations":483,"metrics":[{"label":"CHECK_SOLUTION","totalTime":319.20000007748604,"totalRelativeTime":"5.2%","numOfCalls":1448910,"avgTimePerCall":0.00022030353857554027},{"label":"APPLYING_ROTATIONS","totalTime":1884.999998897314,"totalRelativeTime":"30.7%","numOfCalls":1448906,"avgTimePerCall":0.0013009815674014146},{"label":"COMPUTE_GENE","totalTime":338.1999996602535,"totalRelativeTime":"5.5%","numOfCalls":1448906,"avgTimePerCall":0.00023341748854670594},{"label":"CALCULATE_CITIZEN_SCORE","totalTime":677.1999997198582,"totalRelativeTime":"11.03%","numOfCalls":1448906,"avgTimePerCall":0.00046738711808761796},{"label":"AGGREGATE_CURRENT_GENERATION","totalTime":14.299999833106995,"totalRelativeTime":"0.23%","numOfCalls":48296,"avgTimePerCall":0.0002960907701074001},{"label":"CREATE_NEXT_GENERATION","totalTime":42.40000003576279,"totalRelativeTime":"0.69%","numOfCalls":482,"avgTimePerCall":0.08796680505344977},{"label":"MEASUREMENT_OVERHEAD","totalTime":1421.1000005602837,"totalRelativeTime":"23.15%","numOfCalls":0,"avgTimePerCall":1421.1000005602837},{"label":"NOT_MEASURED","totalTime":1440.8000012338161,"totalRelativeTime":"23.47%","numOfCalls":0,"avgTimePerCall":1440.8000012338161}]}}},{"label":"2x2","key":"SA","solution":{"rotations":[{"side":2,"counterClockwiseDirection":false,"layer":0},{"side":2,"counterClockwiseDirection":false,"layer":0},{"side":3,"counterClockwiseDirection":true,"layer":0},{"side":0,"counterClockwiseDirection":false,"layer":0},{"side":2,"counterClockwiseDirection":true,"layer":0},{"side":2,"counterClockwiseDirection":true,"layer":0},{"side":0,"counterClockwiseDirection":false,"layer":0},{"side":2,"counterClockwiseDirection":true,"layer":0},{"side":0,"counterClockwiseDirection":true,"layer":0},{"side":0,"counterClockwiseDirection":true,"layer":0},{"side":2,"counterClockwiseDirection":true,"layer":0},{"side":3,"counterClockwiseDirection":false,"layer":0},{"side":3,"counterClockwiseDirection":false,"layer":0},{"side":0,"counterClockwiseDirection":false,"layer":0}],"totalTime":201946.19999998808,"data":{"restartCounter":3,"iterations":15079,"metrics":[{"label":"CHECK_SOLUTION","totalTime":11066.500004023314,"totalRelativeTime":"5.47%","numOfCalls":45236550,"avgTimePerCall":0.0002446362510850919},{"label":"APPLYING_ROTATIONS","totalTime":61593.80000633001,"totalRelativeTime":"30.5%","numOfCalls":45236538,"avgTimePerCall":0.0013615940284008917},{"label":"COMPUTE_ROTATION","totalTime":11353.500004380941,"totalRelativeTime":"5.62%","numOfCalls":45236538,"avgTimePerCall":0.0002509807449098103},{"label":"CALCULATE_CITIZEN_SCORE","totalTime":22567.799995034933,"totalRelativeTime":"11.17%","numOfCalls":45236538,"avgTimePerCall":0.0004988843309590785},{"label":"AGGREGATE_CURRENT_GENERATION","totalTime":376.69999873638153,"totalRelativeTime":"0.18%","numOfCalls":1507884,"avgTimePerCall":0.0002498202771144077},{"label":"CREATE_NEXT_GENERATION","totalTime":1130.2999996244907,"totalRelativeTime":"0.55%","numOfCalls":15078,"avgTimePerCall":0.07496352298875784},{"label":"MEASUREMENT_OVERHEAD","totalTime":46584.50000786781,"totalRelativeTime":"23.06%","numOfCalls":0,"avgTimePerCall":46584.50000786781},{"label":"NOT_MEASURED","totalTime":47273.09998399019,"totalRelativeTime":"23.4%","numOfCalls":0,"avgTimePerCall":47273.09998399019}]}}},{"label":"2x2","key":"WA*","solution":{"rotations":[{"side":0,"counterClockwiseDirection":true,"layer":0},{"side":2,"counterClockwiseDirection":false,"layer":0},{"side":3,"counterClockwiseDirection":true,"layer":0},{"side":0,"counterClockwiseDirection":true,"layer":0},{"side":3,"counterClockwiseDirection":false,"layer":0},{"side":0,"counterClockwiseDirection":true,"layer":0},{"side":3,"counterClockwiseDirection":false,"layer":0},{"side":0,"counterClockwiseDirection":true,"layer":0},{"side":3,"counterClockwiseDirection":true,"layer":0},{"side":0,"counterClockwiseDirection":false,"layer":0},{"side":3,"counterClockwiseDirection":true,"layer":0},{"side":2,"counterClockwiseDirection":false,"layer":0},{"side":3,"counterClockwiseDirection":true,"layer":0},{"side":2,"counterClockwiseDirection":true,"layer":0},{"side":0,"counterClockwiseDirection":true,"layer":0},{"side":3,"counterClockwiseDirection":true,"layer":0},{"side":0,"counterClockwiseDirection":false,"layer":0},{"side":3,"counterClockwiseDirection":false,"layer":0}],"totalTime":3147.300000011921,"data":{"metrics":[{"label":"ITERATIONS_COUNTER_INCREMENT","totalTime":61.09999978542328,"totalRelativeTime":"1.94%","numOfCalls":250116,"avgTimePerCall":0.00024428665013603},{"label":"ABORTED_VERIFICATION","totalTime":28.700000166893005,"totalRelativeTime":"0.91%","numOfCalls":125058,"avgTimePerCall":0.00022949351634356062},{"label":"POP_CANDIDATE","totalTime":69.90000003576279,"totalRelativeTime":"2.22%","numOfCalls":125058,"avgTimePerCall":0.0005589406518236561},{"label":"VISISTED_LIST_CHECK","totalTime":274.39999970793724,"totalRelativeTime":"8.71%","numOfCalls":662845,"avgTimePerCall":0.0004139731003597179},{"label":"CHECK_SOLUTION","totalTime":21.500000089406967,"totalRelativeTime":"0.68%","numOfCalls":112555,"avgTimePerCall":0.00019101772546228037},{"label":"ADD_TO_VISISTED_LIST_CHECK","totalTime":35.49999979138374,"totalRelativeTime":"1.12%","numOfCalls":112554,"avgTimePerCall":0.00031540415970453066},{"label":"PERFORM_ROTATION","totalTime":781.300000846386,"totalRelativeTime":"24.82%","numOfCalls":537787,"avgTimePerCall":0.001452805666270077},{"label":"HEURISTIC_CALCULATION","totalTime":294.20000010728836,"totalRelativeTime":"9.34%","numOfCalls":537787,"avgTimePerCall":0.0005470567345571543},{"label":"ADD_CANDIDATE","totalTime":148.70000007748604,"totalRelativeTime":"4.72%","numOfCalls":513650,"avgTimePerCall":0.00028949673917548144},{"label":"BUILD_SOLUTION","totalTime":0,"totalRelativeTime":"0%","numOfCalls":1,"avgTimePerCall":0},{"label":"MEASUREMENT_OVERHEAD","totalTime":682.9999994933605,"totalRelativeTime":"21.7%","numOfCalls":0,"avgTimePerCall":682.9999994933605},{"label":"NOT_MEASURED","totalTime":748.999999910593,"totalRelativeTime":"23.79%","numOfCalls":0,"avgTimePerCall":748.999999910593}],"visitedNodes":125058,"differentNodes":112555}}},{"label":"2x2","key":"BiBFS","solution":{"rotations":[{"side":3,"counterClockwiseDirection":true,"layer":0},{"side":2,"counterClockwiseDirection":true,"layer":0},{"side":3,"counterClockwiseDirection":true,"layer":0},{"side":2,"counterClockwiseDirection":true,"layer":0},{"side":2,"counterClockwiseDirection":true,"layer":0},{"side":0,"counterClockwiseDirection":true,"layer":0},{"side":3,"counterClockwiseDirection":false,"layer":0},{"side":0,"counterClockwiseDirection":true,"layer":0},{"side":3,"counterClockwiseDirection":false,"layer":0},{"side":2,"counterClockwiseDirection":true,"layer":0},{"side":0,"counterClockwiseDirection":false,"layer":0},{"side":3,"counterClockwiseDirection":true,"layer":0}],"totalTime":218.89999997615814,"data":{"metrics":[{"label":"POP_CANDIDATE","totalTime":3.0999999046325684,"totalRelativeTime":"1.41%","numOfCalls":11734,"avgTimePerCall":0.0002641895265580849},{"label":"VISISTED_LIST_CHECK","totalTime":23.19999995827675,"totalRelativeTime":"10.59%","numOfCalls":71865,"avgTimePerCall":0.0003228275232488242},{"label":"ADD_TO_VISISTED_LIST_CHECK","totalTime":3.1000001430511475,"totalRelativeTime":"1.41%","numOfCalls":10202,"avgTimePerCall":0.0003038620018673934},{"label":"PERFORM_ROTATION","totalTime":77.6000000834465,"totalRelativeTime":"35.44%","numOfCalls":49928,"avgTimePerCall":0.0015542381045394668},{"label":"ADD_CANDIDATE","totalTime":10.199999958276749,"totalRelativeTime":"4.65%","numOfCalls":48922,"avgTimePerCall":0.00020849515470088608},{"label":"MEASUREMENT_OVERHEAD","totalTime":47.700000286102295,"totalRelativeTime":"21.79%","numOfCalls":0,"avgTimePerCall":47.700000286102295},{"label":"NOT_MEASURED","totalTime":53.99999964237213,"totalRelativeTime":"24.66%","numOfCalls":0,"avgTimePerCall":53.99999964237213}],"iterations":5102,"visitedNodes":5102}}}]}