{"timestamp":1680909790961,"shuffle":"35:  L'   D'   B'   L    D'   R'   U'  2R    F'   U'   B    U   2B    F'   U'   F'  2D   2R    L    B'   F    R'   F'   L   2U    D'   B    D'   L    F'  ","solutions":[{"label":"2x2","key":"IDDFS","solution":{"rotations":[{"side":2,"counterClockwiseDirection":false,"layer":0},{"side":3,"counterClockwiseDirection":false,"layer":0},{"side":2,"counterClockwiseDirection":true,"layer":0},{"side":3,"counterClockwiseDirection":false,"layer":0},{"side":0,"counterClockwiseDirection":false,"layer":0},{"side":3,"counterClockwiseDirection":false,"layer":0},{"side":2,"counterClockwiseDirection":true,"layer":0},{"side":3,"counterClockwiseDirection":false,"layer":0},{"side":0,"counterClockwiseDirection":true,"layer":0},{"side":3,"counterClockwiseDirection":false,"layer":0},{"side":0,"counterClockwiseDirection":true,"layer":0}],"totalTime":83349.59999999404,"data":{"metrics":[{"label":"PERFORM_ROTATION","totalTime":38868.70000386238,"totalRelativeTime":"46.63%","numOfCalls":30440209,"avgTimePerCall":0.0012768867652604612},{"label":"ADD_CANDIDATE","totalTime":7065.700003683567,"totalRelativeTime":"8.47%","numOfCalls":30440209,"avgTimePerCall":0.0002321173288817947},{"label":"NOT_MEASURED","totalTime":37415.19999244809,"totalRelativeTime":"44.88%","numOfCalls":0,"avgTimePerCall":37415.19999244809}],"visitedNodes":14026485,"iterations":[{"visitedNodes":37,"bound":2},{"visitedNodes":181,"bound":3},{"visitedNodes":877,"bound":4},{"visitedNodes":4237,"bound":5},{"visitedNodes":20461,"bound":6},{"visitedNodes":98797,"bound":7},{"visitedNodes":477037,"bound":8},{"visitedNodes":2303341,"bound":9},{"visitedNodes":11121517,"bound":10}]}}},{"label":"2x2","key":"IDA*","solution":{"rotations":[{"side":2,"counterClockwiseDirection":false,"layer":0},{"side":3,"counterClockwiseDirection":false,"layer":0},{"side":2,"counterClockwiseDirection":true,"layer":0},{"side":3,"counterClockwiseDirection":false,"layer":0},{"side":0,"counterClockwiseDirection":false,"layer":0},{"side":3,"counterClockwiseDirection":false,"layer":0},{"side":2,"counterClockwiseDirection":true,"layer":0},{"side":3,"counterClockwiseDirection":false,"layer":0},{"side":0,"counterClockwiseDirection":true,"layer":0},{"side":3,"counterClockwiseDirection":false,"layer":0},{"side":0,"counterClockwiseDirection":true,"layer":0}],"totalTime":71411.80000001192,"data":{"metrics":[{"label":"PERFORM_ROTATION","totalTime":35606.7999933064,"totalRelativeTime":"49.86%","numOfCalls":25605339,"avgTimePerCall":0.001390600608463196},{"label":"ADD_CANDIDATE","totalTime":6302.299994111061,"totalRelativeTime":"8.82%","numOfCalls":25605339,"avgTimePerCall":0.00024613226148308603},{"label":"NOT_MEASURED","totalTime":29502.70001259446,"totalRelativeTime":"41.31%","numOfCalls":0,"avgTimePerCall":29502.70001259446}],"visitedNodes":1892804,"iterations":[{"visitedNodes":7,"bound":2},{"visitedNodes":52,"bound":3.25},{"visitedNodes":723,"bound":4.5},{"visitedNodes":4237,"bound":5.75},{"visitedNodes":21319,"bound":7},{"visitedNodes":154619,"bound":8.25},{"visitedNodes":1711847,"bound":9.5}]}}},{"label":"2x2","key":"SA","solution":{"rotations":[{"side":0,"counterClockwiseDirection":false,"layer":0},{"side":2,"counterClockwiseDirection":false,"layer":0},{"side":0,"counterClockwiseDirection":true,"layer":0},{"side":3,"counterClockwiseDirection":false,"layer":0},{"side":0,"counterClockwiseDirection":false,"layer":0},{"side":0,"counterClockwiseDirection":false,"layer":0},{"side":2,"counterClockwiseDirection":true,"layer":0},{"side":2,"counterClockwiseDirection":true,"layer":0},{"side":3,"counterClockwiseDirection":true,"layer":0},{"side":0,"counterClockwiseDirection":false,"layer":0},{"side":2,"counterClockwiseDirection":false,"layer":0},{"side":0,"counterClockwiseDirection":false,"layer":0},{"side":3,"counterClockwiseDirection":false,"layer":0},{"side":0,"counterClockwiseDirection":true,"layer":0},{"layer":0,"side":2,"counterClockwiseDirection":false},{"side":0,"counterClockwiseDirection":false,"layer":0},{"side":2,"counterClockwiseDirection":true,"layer":0},{"side":2,"counterClockwiseDirection":true,"layer":0},{"side":0,"counterClockwiseDirection":true,"layer":0},{"side":2,"counterClockwiseDirection":true,"layer":0},{"side":3,"counterClockwiseDirection":false,"layer":0}],"totalTime":23860.09999999404,"data":{"restartCounter":0,"iterations":1677,"metrics":[{"label":"CHECK_SOLUTION","totalTime":1276.599998563528,"totalRelativeTime":"5.35%","numOfCalls":5030850,"avgTimePerCall":0.0002537543354628995},{"label":"APPLYING_ROTATIONS","totalTime":7386.099999606609,"totalRelativeTime":"30.95%","numOfCalls":5030845,"avgTimePerCall":0.001468162902972882},{"label":"COMPUTE_ROTATION","totalTime":1325.3999990522861,"totalRelativeTime":"5.55%","numOfCalls":5030845,"avgTimePerCall":0.00026345474747329446},{"label":"CALCULATE_CITIZEN_SCORE","totalTime":2671.299997895956,"totalRelativeTime":"11.19%","numOfCalls":5030845,"avgTimePerCall":0.0005309843570803624},{"label":"AGGREGATE_CURRENT_GENERATION","totalTime":40.89999970793724,"totalRelativeTime":"0.17%","numOfCalls":167694,"avgTimePerCall":0.00024389661948511719},{"label":"CREATE_NEXT_GENERATION","totalTime":133.49999979138374,"totalRelativeTime":"0.55%","numOfCalls":1676,"avgTimePerCall":0.07965393782302133},{"label":"MEASUREMENT_OVERHEAD","totalTime":5450.5,"totalRelativeTime":"22.84%","numOfCalls":0,"avgTimePerCall":5450.5},{"label":"NOT_MEASURED","totalTime":5575.800005376339,"totalRelativeTime":"23.36%","numOfCalls":0,"avgTimePerCall":5575.800005376339}]}}},{"label":"2x2","key":"GA","solution":{"rotations":[{"side":3,"counterClockwiseDirection":false,"layer":0},{"side":3,"counterClockwiseDirection":false,"layer":0},{"side":0,"counterClockwiseDirection":true,"layer":0},{"side":0,"counterClockwiseDirection":true,"layer":0},{"side":2,"counterClockwiseDirection":false,"layer":0},{"side":3,"counterClockwiseDirection":true,"layer":0},{"side":2,"counterClockwiseDirection":true,"layer":0},{"side":2,"counterClockwiseDirection":true,"layer":0},{"side":3,"counterClockwiseDirection":false,"layer":0},{"side":3,"counterClockwiseDirection":false,"layer":0},{"side":0,"counterClockwiseDirection":false,"layer":0},{"side":3,"counterClockwiseDirection":true,"layer":0},{"side":0,"counterClockwiseDirection":false,"layer":0},{"side":3,"counterClockwiseDirection":false,"layer":0},{"side":2,"counterClockwiseDirection":true,"layer":0},{"side":0,"counterClockwiseDirection":true,"layer":0},{"side":0,"counterClockwiseDirection":true,"layer":0},{"side":2,"counterClockwiseDirection":false,"layer":0},{"side":3,"counterClockwiseDirection":false,"layer":0},{"side":0,"counterClockwiseDirection":true,"layer":0},{"side":2,"counterClockwiseDirection":false,"layer":0}],"totalTime":45702.20000001788,"data":{"armageddonCounter":0,"generations":3254,"metrics":[{"label":"CHECK_SOLUTION","totalTime":2413.399998933077,"totalRelativeTime":"5.28%","numOfCalls":9760530,"avgTimePerCall":0.0002472611629627773},{"label":"APPLYING_ROTATIONS","totalTime":14554.400000691414,"totalRelativeTime":"31.84%","numOfCalls":9760529,"avgTimePerCall":0.001491148686786486},{"label":"COMPUTE_GENE","totalTime":2467.1999964118004,"totalRelativeTime":"5.39%","numOfCalls":9760529,"avgTimePerCall":0.00025277318436447456},{"label":"CALCULATE_CITIZEN_SCORE","totalTime":5074.59999909997,"totalRelativeTime":"11.1%","numOfCalls":9760529,"avgTimePerCall":0.0005199103449310964},{"label":"AGGREGATE_CURRENT_GENERATION","totalTime":82.30000016093254,"totalRelativeTime":"0.18%","numOfCalls":325350,"avgTimePerCall":0.00025295835303805914},{"label":"CREATE_NEXT_GENERATION","totalTime":262.09999909996986,"totalRelativeTime":"0.57%","numOfCalls":3253,"avgTimePerCall":0.08057177961880414},{"label":"MEASUREMENT_OVERHEAD","totalTime":10414.299997806549,"totalRelativeTime":"22.78%","numOfCalls":0,"avgTimePerCall":10414.299997806549},{"label":"NOT_MEASURED","totalTime":10433.900007814169,"totalRelativeTime":"22.83%","numOfCalls":0,"avgTimePerCall":10433.900007814169}]}}},{"label":"2x2","key":"WA*","solution":{"rotations":[{"side":3,"counterClockwiseDirection":false,"layer":0},{"side":2,"counterClockwiseDirection":false,"layer":0},{"side":0,"counterClockwiseDirection":false,"layer":0},{"side":3,"counterClockwiseDirection":true,"layer":0},{"side":0,"counterClockwiseDirection":false,"layer":0},{"side":2,"counterClockwiseDirection":true,"layer":0},{"side":0,"counterClockwiseDirection":false,"layer":0},{"side":2,"counterClockwiseDirection":false,"layer":0},{"side":3,"counterClockwiseDirection":true,"layer":0},{"side":2,"counterClockwiseDirection":true,"layer":0},{"side":3,"counterClockwiseDirection":true,"layer":0},{"side":2,"counterClockwiseDirection":true,"layer":0},{"side":3,"counterClockwiseDirection":false,"layer":0},{"side":0,"counterClockwiseDirection":false,"layer":0},{"side":2,"counterClockwiseDirection":false,"layer":0},{"side":0,"counterClockwiseDirection":true,"layer":0},{"side":2,"counterClockwiseDirection":true,"layer":0}],"totalTime":1931.5999999940395,"data":{"metrics":[{"label":"ITERATIONS_COUNTER_INCREMENT","totalTime":31.0000002682209,"totalRelativeTime":"1.6%","numOfCalls":147958,"avgTimePerCall":0.00020951891934346841},{"label":"ABORTED_VERIFICATION","totalTime":19.599999964237213,"totalRelativeTime":"1.01%","numOfCalls":73979,"avgTimePerCall":0.00026494005007146913},{"label":"POP_CANDIDATE","totalTime":38.40000003576279,"totalRelativeTime":"1.98%","numOfCalls":73979,"avgTimePerCall":0.0005190662219787073},{"label":"VISISTED_LIST_CHECK","totalTime":152.5999992787838,"totalRelativeTime":"7.9%","numOfCalls":398628,"avgTimePerCall":0.0003828130469479911},{"label":"CHECK_SOLUTION","totalTime":15.700000047683716,"totalRelativeTime":"0.81%","numOfCalls":68016,"avgTimePerCall":0.00023082804116213415},{"label":"ADD_TO_VISISTED_LIST_CHECK","totalTime":18.200000315904617,"totalRelativeTime":"0.94%","numOfCalls":68015,"avgTimePerCall":0.0002675880366963849},{"label":"PERFORM_ROTATION","totalTime":486.4000000357628,"totalRelativeTime":"25.18%","numOfCalls":324649,"avgTimePerCall":0.001498233476880455},{"label":"HEURISTIC_CALCULATION","totalTime":175.70000049471855,"totalRelativeTime":"9.09%","numOfCalls":324649,"avgTimePerCall":0.0005411998820101665},{"label":"ADD_CANDIDATE","totalTime":88.80000054836273,"totalRelativeTime":"4.59%","numOfCalls":313172,"avgTimePerCall":0.00028355025528579417},{"label":"BUILD_SOLUTION","totalTime":0.09999999403953552,"totalRelativeTime":"0%","numOfCalls":1,"avgTimePerCall":0.09999999403953552},{"label":"MEASUREMENT_OVERHEAD","totalTime":424.8999996483326,"totalRelativeTime":"21.99%","numOfCalls":0,"avgTimePerCall":424.8999996483326},{"label":"NOT_MEASURED","totalTime":480.1999993622303,"totalRelativeTime":"24.86%","numOfCalls":0,"avgTimePerCall":480.1999993622303}],"visitedNodes":73979,"differentNodes":68016}}},{"label":"2x2","key":"BiBFS","solution":{"rotations":[{"side":3,"counterClockwiseDirection":true,"layer":0},{"side":2,"counterClockwiseDirection":true,"layer":0},{"side":3,"counterClockwiseDirection":false,"layer":0},{"side":2,"counterClockwiseDirection":true,"layer":0},{"side":2,"counterClockwiseDirection":true,"layer":0},{"side":0,"counterClockwiseDirection":true,"layer":0},{"side":2,"counterClockwiseDirection":false,"layer":0},{"side":2,"counterClockwiseDirection":false,"layer":0},{"side":0,"counterClockwiseDirection":true,"layer":0},{"side":3,"counterClockwiseDirection":false,"layer":0},{"side":0,"counterClockwiseDirection":true,"layer":0}],"totalTime":211.40000000596046,"data":{"metrics":[{"label":"POP_CANDIDATE","totalTime":5.5999999940395355,"totalRelativeTime":"2.64%","numOfCalls":9570,"avgTimePerCall":0.0005851619638494813},{"label":"VISISTED_LIST_CHECK","totalTime":16.799999952316284,"totalRelativeTime":"7.94%","numOfCalls":58996,"avgTimePerCall":0.0002847650680099716},{"label":"ADD_TO_VISISTED_LIST_CHECK","totalTime":2.599999964237213,"totalRelativeTime":"1.22%","numOfCalls":8384,"avgTimePerCall":0.0003101144995511943},{"label":"PERFORM_ROTATION","totalTime":80.4000001847744,"totalRelativeTime":"38.03%","numOfCalls":41040,"avgTimePerCall":0.0019590643319876803},{"label":"ADD_CANDIDATE","totalTime":13.599999874830246,"totalRelativeTime":"6.43%","numOfCalls":40256,"avgTimePerCall":0.0003378378347284938},{"label":"MEASUREMENT_OVERHEAD","totalTime":47.79999974370003,"totalRelativeTime":"22.61%","numOfCalls":0,"avgTimePerCall":47.79999974370003},{"label":"NOT_MEASURED","totalTime":44.60000029206276,"totalRelativeTime":"21.09%","numOfCalls":0,"avgTimePerCall":44.60000029206276}],"iterations":4193,"visitedNodes":4193}}}]}