{"timestamp":1680888589165,"shuffle":"30:  L   2D    R'   U'   R    F    B    F    D    R    U'  2F    R    F   2L   2D   2L    F'   R'   F    U    F'   R'   B'   D   ","solutions":[{"label":"2x2","key":"IDDFS","solution":{"rotations":[{"side":0,"counterClockwiseDirection":false,"layer":0},{"side":2,"counterClockwiseDirection":true,"layer":0},{"side":0,"counterClockwiseDirection":true,"layer":0},{"side":3,"counterClockwiseDirection":true,"layer":0},{"side":2,"counterClockwiseDirection":true,"layer":0},{"side":3,"counterClockwiseDirection":false,"layer":0},{"side":2,"counterClockwiseDirection":true,"layer":0},{"side":0,"counterClockwiseDirection":true,"layer":0},{"side":2,"counterClockwiseDirection":false,"layer":0},{"side":3,"counterClockwiseDirection":true,"layer":0}],"totalTime":26252.399999976158,"data":{"metrics":[{"label":"PERFORM_ROTATION","totalTime":11191.999998897314,"totalRelativeTime":"42.63%","numOfCalls":8580928,"avgTimePerCall":0.0013042878344740002},{"label":"ADD_CANDIDATE","totalTime":2057.5999987721443,"totalRelativeTime":"7.83%","numOfCalls":8580928,"avgTimePerCall":0.0002397875846029875},{"label":"NOT_MEASURED","totalTime":13002.8000023067,"totalRelativeTime":"49.52%","numOfCalls":0,"avgTimePerCall":13002.8000023067}],"visitedNodes":2904968,"iterations":[{"visitedNodes":37,"bound":2},{"visitedNodes":181,"bound":3},{"visitedNodes":877,"bound":4},{"visitedNodes":4237,"bound":5},{"visitedNodes":20461,"bound":6},{"visitedNodes":98797,"bound":7},{"visitedNodes":477037,"bound":8},{"visitedNodes":2303341,"bound":9}]}}},{"label":"2x2","key":"IDA*","solution":{"rotations":[{"side":0,"counterClockwiseDirection":false,"layer":0},{"side":2,"counterClockwiseDirection":true,"layer":0},{"side":0,"counterClockwiseDirection":true,"layer":0},{"side":3,"counterClockwiseDirection":true,"layer":0},{"side":2,"counterClockwiseDirection":true,"layer":0},{"side":3,"counterClockwiseDirection":false,"layer":0},{"side":2,"counterClockwiseDirection":true,"layer":0},{"side":0,"counterClockwiseDirection":true,"layer":0},{"side":2,"counterClockwiseDirection":false,"layer":0},{"side":3,"counterClockwiseDirection":true,"layer":0}],"totalTime":88843.90000000596,"data":{"metrics":[{"label":"PERFORM_ROTATION","totalTime":42477.30000641942,"totalRelativeTime":"47.81%","numOfCalls":36727914,"avgTimePerCall":0.001156539955043987},{"label":"ADD_CANDIDATE","totalTime":7820.4999961555,"totalRelativeTime":"8.8%","numOfCalls":36727914,"avgTimePerCall":0.00021293068798177594},{"label":"NOT_MEASURED","totalTime":38546.09999743104,"totalRelativeTime":"43.38%","numOfCalls":0,"avgTimePerCall":38546.09999743104}],"visitedNodes":1909013,"iterations":[{"visitedNodes":7,"bound":2},{"visitedNodes":67,"bound":3.25},{"visitedNodes":675,"bound":4.5},{"visitedNodes":4265,"bound":5.75},{"visitedNodes":21905,"bound":7},{"visitedNodes":161143,"bound":8.25},{"visitedNodes":1720951,"bound":9.5}]}}},{"label":"2x2","key":"GA","solution":{"rotations":[{"side":0,"counterClockwiseDirection":false,"layer":0},{"side":2,"counterClockwiseDirection":true,"layer":0},{"side":3,"counterClockwiseDirection":false,"layer":0},{"side":0,"counterClockwiseDirection":false,"layer":0},{"side":3,"counterClockwiseDirection":false,"layer":0},{"side":2,"counterClockwiseDirection":true,"layer":0},{"side":0,"counterClockwiseDirection":true,"layer":0},{"side":2,"counterClockwiseDirection":true,"layer":0},{"side":0,"counterClockwiseDirection":false,"layer":0},{"side":3,"counterClockwiseDirection":false,"layer":0},{"side":2,"counterClockwiseDirection":false,"layer":0},{"side":3,"counterClockwiseDirection":true,"layer":0},{"side":3,"counterClockwiseDirection":true,"layer":0},{"side":0,"counterClockwiseDirection":false,"layer":0}],"totalTime":19172.09999999404,"data":{"armageddonCounter":0,"generations":1463,"metrics":[{"label":"CHECK_SOLUTION","totalTime":1031.8999991118908,"totalRelativeTime":"5.38%","numOfCalls":4386540,"avgTimePerCall":0.00023524235481994711},{"label":"APPLYING_ROTATIONS","totalTime":5972.099997758865,"totalRelativeTime":"31.14%","numOfCalls":4386528,"avgTimePerCall":0.0013614640092936522},{"label":"COMPUTE_GENE","totalTime":1040.0000026524067,"totalRelativeTime":"5.42%","numOfCalls":4386528,"avgTimePerCall":0.00023708956209840827},{"label":"CALCULATE_CITIZEN_SCORE","totalTime":2150.100001901388,"totalRelativeTime":"11.21%","numOfCalls":4386528,"avgTimePerCall":0.0004901598717485419},{"label":"AGGREGATE_CURRENT_GENERATION","totalTime":36.19999983906746,"totalRelativeTime":"0.18%","numOfCalls":146217,"avgTimePerCall":0.0002475772300010769},{"label":"CREATE_NEXT_GENERATION","totalTime":135.30000022053719,"totalRelativeTime":"0.7%","numOfCalls":1462,"avgTimePerCall":0.09254445979516908},{"label":"MEASUREMENT_OVERHEAD","totalTime":4374.800000190735,"totalRelativeTime":"22.81%","numOfCalls":0,"avgTimePerCall":4374.800000190735},{"label":"NOT_MEASURED","totalTime":4431.699998319149,"totalRelativeTime":"23.11%","numOfCalls":0,"avgTimePerCall":4431.699998319149}]}}},{"label":"2x2","key":"SA","solution":{"rotations":[{"side":3,"counterClockwiseDirection":false,"layer":0},{"side":2,"counterClockwiseDirection":false,"layer":0},{"side":3,"counterClockwiseDirection":true,"layer":0},{"side":0,"counterClockwiseDirection":false,"layer":0},{"side":2,"counterClockwiseDirection":true,"layer":0},{"side":2,"counterClockwiseDirection":true,"layer":0},{"layer":0,"side":0,"counterClockwiseDirection":true},{"side":3,"counterClockwiseDirection":true,"layer":0},{"side":0,"counterClockwiseDirection":false,"layer":0},{"side":0,"counterClockwiseDirection":false,"layer":0},{"side":2,"counterClockwiseDirection":false,"layer":0},{"side":0,"counterClockwiseDirection":false,"layer":0}],"totalTime":189743.40000000596,"data":{"restartCounter":3,"iterations":19243,"metrics":[{"label":"CHECK_SOLUTION","totalTime":10303.400006443262,"totalRelativeTime":"5.43%","numOfCalls":57726390,"avgTimePerCall":0.00017848682390226138},{"label":"APPLYING_ROTATIONS","totalTime":58515.50000169873,"totalRelativeTime":"30.83%","numOfCalls":57726384,"avgTimePerCall":0.001013669936466118},{"label":"COMPUTE_ROTATION","totalTime":10396.199997067451,"totalRelativeTime":"5.47%","numOfCalls":57726384,"avgTimePerCall":0.0001800944260958291},{"label":"CALCULATE_CITIZEN_SCORE","totalTime":21278.40000206232,"totalRelativeTime":"11.21%","numOfCalls":57726384,"avgTimePerCall":0.0003686078795800257},{"label":"AGGREGATE_CURRENT_GENERATION","totalTime":354.3999987244606,"totalRelativeTime":"0.18%","numOfCalls":1924212,"avgTimePerCall":0.0001841792893529718},{"label":"CREATE_NEXT_GENERATION","totalTime":1190.5999991297722,"totalRelativeTime":"0.62%","numOfCalls":19242,"avgTimePerCall":0.06187506491683672},{"label":"MEASUREMENT_OVERHEAD","totalTime":43309.000006079674,"totalRelativeTime":"22.82%","numOfCalls":0,"avgTimePerCall":43309.000006079674},{"label":"NOT_MEASURED","totalTime":44395.89998880029,"totalRelativeTime":"23.39%","numOfCalls":0,"avgTimePerCall":44395.89998880029}]}}},{"label":"2x2","key":"WA*","solution":{"rotations":[{"side":2,"counterClockwiseDirection":true,"layer":0},{"side":3,"counterClockwiseDirection":false,"layer":0},{"side":0,"counterClockwiseDirection":false,"layer":0},{"side":0,"counterClockwiseDirection":false,"layer":0},{"side":3,"counterClockwiseDirection":true,"layer":0},{"side":0,"counterClockwiseDirection":true,"layer":0},{"side":0,"counterClockwiseDirection":true,"layer":0},{"side":3,"counterClockwiseDirection":true,"layer":0},{"side":3,"counterClockwiseDirection":true,"layer":0},{"side":0,"counterClockwiseDirection":false,"layer":0},{"side":3,"counterClockwiseDirection":true,"layer":0},{"side":0,"counterClockwiseDirection":false,"layer":0},{"side":3,"counterClockwiseDirection":true,"layer":0},{"side":0,"counterClockwiseDirection":true,"layer":0},{"side":0,"counterClockwiseDirection":true,"layer":0},{"side":3,"counterClockwiseDirection":false,"layer":0}],"totalTime":1705.5999999940395,"data":{"metrics":[{"label":"ITERATIONS_COUNTER_INCREMENT","totalTime":28.800000339746475,"totalRelativeTime":"1.68%","numOfCalls":133178,"avgTimePerCall":0.00021625193605360102},{"label":"ABORTED_VERIFICATION","totalTime":18.40000006556511,"totalRelativeTime":"1.07%","numOfCalls":66589,"avgTimePerCall":0.00027632191601563487},{"label":"POP_CANDIDATE","totalTime":52.30000030994415,"totalRelativeTime":"3.06%","numOfCalls":66589,"avgTimePerCall":0.0007854150131394698},{"label":"VISISTED_LIST_CHECK","totalTime":127.09999966621399,"totalRelativeTime":"7.45%","numOfCalls":361320,"avgTimePerCall":0.00035176574688977635},{"label":"CHECK_SOLUTION","totalTime":14.700000137090683,"totalRelativeTime":"0.86%","numOfCalls":61731,"avgTimePerCall":0.0002381299531368467},{"label":"ADD_TO_VISISTED_LIST_CHECK","totalTime":20.899999916553497,"totalRelativeTime":"1.22%","numOfCalls":61730,"avgTimePerCall":0.00033857119579707595},{"label":"PERFORM_ROTATION","totalTime":411.8000002205372,"totalRelativeTime":"24.14%","numOfCalls":294731,"avgTimePerCall":0.0013972062668010396},{"label":"HEURISTIC_CALCULATION","totalTime":153.80000022053719,"totalRelativeTime":"9.01%","numOfCalls":294731,"avgTimePerCall":0.00052183177277089},{"label":"ADD_CANDIDATE","totalTime":78.69999974966049,"totalRelativeTime":"4.61%","numOfCalls":284653,"avgTimePerCall":0.00027647697283942376},{"label":"BUILD_SOLUTION","totalTime":0,"totalRelativeTime":"0%","numOfCalls":1,"avgTimePerCall":0},{"label":"MEASUREMENT_OVERHEAD","totalTime":380.90000036358833,"totalRelativeTime":"22.33%","numOfCalls":0,"avgTimePerCall":380.90000036358833},{"label":"NOT_MEASURED","totalTime":418.19999900460243,"totalRelativeTime":"24.51%","numOfCalls":0,"avgTimePerCall":418.19999900460243}],"visitedNodes":66589,"differentNodes":61731}}},{"label":"2x2","key":"BiBFS","solution":{"rotations":[{"side":0,"counterClockwiseDirection":false,"layer":0},{"side":2,"counterClockwiseDirection":true,"layer":0},{"side":0,"counterClockwiseDirection":true,"layer":0},{"side":3,"counterClockwiseDirection":true,"layer":0},{"side":2,"counterClockwiseDirection":true,"layer":0},{"side":3,"counterClockwiseDirection":false,"layer":0},{"side":2,"counterClockwiseDirection":true,"layer":0},{"side":0,"counterClockwiseDirection":true,"layer":0},{"side":2,"counterClockwiseDirection":false,"layer":0},{"side":3,"counterClockwiseDirection":true,"layer":0}],"totalTime":127.19999998807907,"data":{"metrics":[{"label":"POP_CANDIDATE","totalTime":1.699999988079071,"totalRelativeTime":"1.33%","numOfCalls":4706,"avgTimePerCall":0.00036124096644264155},{"label":"VISISTED_LIST_CHECK","totalTime":10.700000047683716,"totalRelativeTime":"8.41%","numOfCalls":29538,"avgTimePerCall":0.0003622452450295794},{"label":"ADD_TO_VISISTED_LIST_CHECK","totalTime":1.6000000536441803,"totalRelativeTime":"1.25%","numOfCalls":4210,"avgTimePerCall":0.00038004751868032786},{"label":"PERFORM_ROTATION","totalTime":54.699999928474426,"totalRelativeTime":"43%","numOfCalls":20620,"avgTimePerCall":0.0026527643030297976},{"label":"ADD_CANDIDATE","totalTime":5.5999999940395355,"totalRelativeTime":"4.4%","numOfCalls":20398,"avgTimePerCall":0.00027453671899399626},{"label":"MEASUREMENT_OVERHEAD","totalTime":20.699999928474426,"totalRelativeTime":"16.27%","numOfCalls":0,"avgTimePerCall":20.699999928474426},{"label":"NOT_MEASURED","totalTime":32.200000047683716,"totalRelativeTime":"25.31%","numOfCalls":0,"avgTimePerCall":32.200000047683716}],"iterations":2106,"visitedNodes":2106}}}]}