{"timestamp":1680982977999,"shuffle":"36:  F'   R'   F'   B'   U    R'   D   2B   2D   2U   2R    L    B    D'   L'   U    L    F    B    F    U    D'   F'   U'  2F   2U    L    B    L'   B   ","solutions":[{"label":"2x2","key":"IDDFS","solution":{"rotations":[{"side":2,"counterClockwiseDirection":true,"layer":0},{"side":0,"counterClockwiseDirection":true,"layer":0},{"side":0,"counterClockwiseDirection":true,"layer":0},{"side":2,"counterClockwiseDirection":false,"layer":0},{"side":3,"counterClockwiseDirection":true,"layer":0},{"side":3,"counterClockwiseDirection":true,"layer":0},{"side":0,"counterClockwiseDirection":true,"layer":0},{"side":2,"counterClockwiseDirection":false,"layer":0},{"side":0,"counterClockwiseDirection":true,"layer":0},{"side":3,"counterClockwiseDirection":true,"layer":0}],"totalTime":7437.300000000745,"data":{"metrics":[{"label":"PERFORM_ROTATION","totalTime":3472.999999806285,"totalRelativeTime":"46.69%","numOfCalls":3411293,"avgTimePerCall":0.001018089035391063},{"label":"ADD_CANDIDATE","totalTime":634.6000000368804,"totalRelativeTime":"8.53%","numOfCalls":3411293,"avgTimePerCall":0.00018602916842290604},{"label":"NOT_MEASURED","totalTime":3329.70000015758,"totalRelativeTime":"44.77%","numOfCalls":0,"avgTimePerCall":3329.70000015758}],"visitedNodes":2904968,"iterations":[{"visitedNodes":37,"bound":2},{"visitedNodes":181,"bound":3},{"visitedNodes":877,"bound":4},{"visitedNodes":4237,"bound":5},{"visitedNodes":20461,"bound":6},{"visitedNodes":98797,"bound":7},{"visitedNodes":477037,"bound":8},{"visitedNodes":2303341,"bound":9}]}}},{"label":"2x2","key":"IDA*","solution":{"rotations":[{"side":2,"counterClockwiseDirection":true,"layer":0},{"side":0,"counterClockwiseDirection":true,"layer":0},{"side":0,"counterClockwiseDirection":true,"layer":0},{"side":2,"counterClockwiseDirection":false,"layer":0},{"side":3,"counterClockwiseDirection":true,"layer":0},{"side":3,"counterClockwiseDirection":true,"layer":0},{"side":0,"counterClockwiseDirection":true,"layer":0},{"side":2,"counterClockwiseDirection":false,"layer":0},{"side":0,"counterClockwiseDirection":true,"layer":0},{"side":3,"counterClockwiseDirection":true,"layer":0}],"totalTime":21385,"data":{"metrics":[{"label":"PERFORM_ROTATION","totalTime":10572.699999779463,"totalRelativeTime":"49.43%","numOfCalls":11308847,"avgTimePerCall":0.0009349052118027119},{"label":"ADD_CANDIDATE","totalTime":1896.8000001832843,"totalRelativeTime":"8.86%","numOfCalls":11308847,"avgTimePerCall":0.00016772709014307863},{"label":"NOT_MEASURED","totalTime":8915.500000037253,"totalRelativeTime":"41.69%","numOfCalls":0,"avgTimePerCall":8915.500000037253}],"visitedNodes":1834362,"iterations":[{"visitedNodes":7,"bound":2},{"visitedNodes":50,"bound":3.25},{"visitedNodes":661,"bound":4.5},{"visitedNodes":4237,"bound":5.75},{"visitedNodes":21159,"bound":7},{"visitedNodes":147207,"bound":8.25},{"visitedNodes":1661041,"bound":9.5}]}}},{"label":"2x2","key":"SA","solution":{"rotations":[{"side":0,"counterClockwiseDirection":false,"layer":0},{"side":0,"counterClockwiseDirection":false,"layer":0},{"side":2,"counterClockwiseDirection":true,"layer":0},{"side":2,"counterClockwiseDirection":true,"layer":0},{"side":0,"counterClockwiseDirection":false,"layer":0},{"side":2,"counterClockwiseDirection":true,"layer":0},{"side":0,"counterClockwiseDirection":false,"layer":0},{"side":2,"counterClockwiseDirection":true,"layer":0},{"side":3,"counterClockwiseDirection":false,"layer":0},{"side":2,"counterClockwiseDirection":false,"layer":0},{"layer":0,"side":0,"counterClockwiseDirection":false},{"side":2,"counterClockwiseDirection":true,"layer":0},{"side":3,"counterClockwiseDirection":false,"layer":0},{"side":0,"counterClockwiseDirection":true,"layer":0},{"side":2,"counterClockwiseDirection":false,"layer":0},{"side":0,"counterClockwiseDirection":true,"layer":0},{"side":2,"counterClockwiseDirection":true,"layer":0},{"side":2,"counterClockwiseDirection":true,"layer":0}],"totalTime":2366.199999999255,"data":{"restartCounter":0,"iterations":234,"metrics":[{"label":"CHECK_SOLUTION","totalTime":119.30000001192093,"totalRelativeTime":"5.04%","numOfCalls":701730,"avgTimePerCall":0.0001700084078091587},{"label":"APPLYING_ROTATIONS","totalTime":773.5999999567866,"totalRelativeTime":"32.69%","numOfCalls":701730,"avgTimePerCall":0.001102418308974658},{"label":"COMPUTE_ROTATION","totalTime":126.8000000026077,"totalRelativeTime":"5.35%","numOfCalls":701730,"avgTimePerCall":0.00018069627919941816},{"label":"CALCULATE_CITIZEN_SCORE","totalTime":254.10000005178154,"totalRelativeTime":"10.73%","numOfCalls":701730,"avgTimePerCall":0.00036210508322543077},{"label":"AGGREGATE_CURRENT_GENERATION","totalTime":4.3000000063329935,"totalRelativeTime":"0.18%","numOfCalls":23390,"avgTimePerCall":0.00018383924781244094},{"label":"CREATE_NEXT_GENERATION","totalTime":14.799999995157123,"totalRelativeTime":"0.62%","numOfCalls":233,"avgTimePerCall":0.06351931328393615},{"label":"MEASUREMENT_OVERHEAD","totalTime":544.5000000204891,"totalRelativeTime":"23.01%","numOfCalls":0,"avgTimePerCall":544.5000000204891},{"label":"NOT_MEASURED","totalTime":528.7999999541789,"totalRelativeTime":"22.34%","numOfCalls":0,"avgTimePerCall":528.7999999541789}]}}},{"label":"2x2","key":"GA","solution":{"rotations":[{"side":2,"counterClockwiseDirection":true,"layer":0},{"side":0,"counterClockwiseDirection":true,"layer":0},{"side":0,"counterClockwiseDirection":true,"layer":0},{"side":2,"counterClockwiseDirection":false,"layer":0},{"side":3,"counterClockwiseDirection":false,"layer":0},{"side":3,"counterClockwiseDirection":false,"layer":0},{"side":0,"counterClockwiseDirection":true,"layer":0},{"side":2,"counterClockwiseDirection":false,"layer":0},{"side":0,"counterClockwiseDirection":true,"layer":0},{"layer":0,"side":3,"counterClockwiseDirection":true}],"totalTime":8765.099999999627,"data":{"armageddonCounter":0,"generations":918,"metrics":[{"label":"CHECK_SOLUTION","totalTime":452.89999996870756,"totalRelativeTime":"5.16%","numOfCalls":2753760,"avgTimePerCall":0.00016446603914963814},{"label":"APPLYING_ROTATIONS","totalTime":2792.200000120327,"totalRelativeTime":"31.85%","numOfCalls":2753744,"avgTimePerCall":0.0010139649873482526},{"label":"COMPUTE_GENE","totalTime":463.4999999925494,"totalRelativeTime":"5.28%","numOfCalls":2753744,"avgTimePerCall":0.00016831629955164657},{"label":"CALCULATE_CITIZEN_SCORE","totalTime":998.7000000495464,"totalRelativeTime":"11.39%","numOfCalls":2753744,"avgTimePerCall":0.00036266987782798487},{"label":"AGGREGATE_CURRENT_GENERATION","totalTime":15.699999999254942,"totalRelativeTime":"0.17%","numOfCalls":91791,"avgTimePerCall":0.00017104073383289147},{"label":"CREATE_NEXT_GENERATION","totalTime":50.69999999366701,"totalRelativeTime":"0.57%","numOfCalls":917,"avgTimePerCall":0.05528898581643076},{"label":"MEASUREMENT_OVERHEAD","totalTime":1987.1999999824911,"totalRelativeTime":"22.67%","numOfCalls":0,"avgTimePerCall":1987.1999999824911},{"label":"NOT_MEASURED","totalTime":2004.1999998930842,"totalRelativeTime":"22.86%","numOfCalls":0,"avgTimePerCall":2004.1999998930842}]}}},{"label":"2x2","key":"WA*","solution":{"rotations":[{"side":2,"counterClockwiseDirection":false,"layer":0},{"side":0,"counterClockwiseDirection":true,"layer":0},{"side":0,"counterClockwiseDirection":true,"layer":0},{"side":2,"counterClockwiseDirection":false,"layer":0},{"side":2,"counterClockwiseDirection":false,"layer":0},{"side":3,"counterClockwiseDirection":false,"layer":0},{"side":2,"counterClockwiseDirection":true,"layer":0},{"side":3,"counterClockwiseDirection":true,"layer":0},{"side":3,"counterClockwiseDirection":true,"layer":0},{"side":0,"counterClockwiseDirection":true,"layer":0},{"side":3,"counterClockwiseDirection":true,"layer":0},{"side":0,"counterClockwiseDirection":true,"layer":0},{"side":3,"counterClockwiseDirection":true,"layer":0},{"side":3,"counterClockwiseDirection":true,"layer":0}],"totalTime":975.2000000011176,"data":{"metrics":[{"label":"ITERATIONS_COUNTER_INCREMENT","totalTime":16.300000000745058,"totalRelativeTime":"1.67%","numOfCalls":85998,"avgTimePerCall":0.0001895392916200965},{"label":"ABORTED_VERIFICATION","totalTime":8.600000003352761,"totalRelativeTime":"0.88%","numOfCalls":42999,"avgTimePerCall":0.0002000046513489328},{"label":"POP_CANDIDATE","totalTime":19.899999978020787,"totalRelativeTime":"2.04%","numOfCalls":42999,"avgTimePerCall":0.000462801459987925},{"label":"VISISTED_LIST_CHECK","totalTime":74.3000000026077,"totalRelativeTime":"7.61%","numOfCalls":233532,"avgTimePerCall":0.00031815768289830817},{"label":"CHECK_SOLUTION","totalTime":7.200000012293458,"totalRelativeTime":"0.73%","numOfCalls":39919,"avgTimePerCall":0.00018036523991817074},{"label":"ADD_TO_VISISTED_LIST_CHECK","totalTime":8.799999997019768,"totalRelativeTime":"0.9%","numOfCalls":39918,"avgTimePerCall":0.00022045192637456206},{"label":"PERFORM_ROTATION","totalTime":242.29999995604157,"totalRelativeTime":"24.84%","numOfCalls":190533,"avgTimePerCall":0.0012716957165217657},{"label":"HEURISTIC_CALCULATION","totalTime":97.60000001080334,"totalRelativeTime":"10%","numOfCalls":190533,"avgTimePerCall":0.0005122472223226598},{"label":"ADD_CANDIDATE","totalTime":44.600000005215406,"totalRelativeTime":"4.57%","numOfCalls":184915,"avgTimePerCall":0.00024119189900881707},{"label":"BUILD_SOLUTION","totalTime":0.09999999962747097,"totalRelativeTime":"0.01%","numOfCalls":1,"avgTimePerCall":0.09999999962747097},{"label":"MEASUREMENT_OVERHEAD","totalTime":224.99999999068677,"totalRelativeTime":"23.07%","numOfCalls":0,"avgTimePerCall":224.99999999068677},{"label":"NOT_MEASURED","totalTime":230.50000004470348,"totalRelativeTime":"23.63%","numOfCalls":0,"avgTimePerCall":230.50000004470348}],"visitedNodes":42999,"differentNodes":39919}}},{"label":"2x2","key":"BiBFS","solution":{"rotations":[{"side":2,"counterClockwiseDirection":true,"layer":0},{"side":0,"counterClockwiseDirection":true,"layer":0},{"side":0,"counterClockwiseDirection":true,"layer":0},{"side":2,"counterClockwiseDirection":false,"layer":0},{"side":3,"counterClockwiseDirection":true,"layer":0},{"side":3,"counterClockwiseDirection":true,"layer":0},{"side":0,"counterClockwiseDirection":true,"layer":0},{"side":2,"counterClockwiseDirection":false,"layer":0},{"side":0,"counterClockwiseDirection":true,"layer":0},{"side":3,"counterClockwiseDirection":true,"layer":0}],"totalTime":139.59999999962747,"data":{"metrics":[{"label":"POP_CANDIDATE","totalTime":2.500000001862645,"totalRelativeTime":"1.79%","numOfCalls":5514,"avgTimePerCall":0.00045339136776616706},{"label":"VISISTED_LIST_CHECK","totalTime":10.599999990314245,"totalRelativeTime":"7.59%","numOfCalls":34244,"avgTimePerCall":0.0003095432773716343},{"label":"ADD_TO_VISISTED_LIST_CHECK","totalTime":2.100000001490116,"totalRelativeTime":"1.5%","numOfCalls":4872,"avgTimePerCall":0.00043103448306447374},{"label":"PERFORM_ROTATION","totalTime":65.3000000026077,"totalRelativeTime":"46.77%","numOfCalls":23856,"avgTimePerCall":0.0027372568746901285},{"label":"ADD_CANDIDATE","totalTime":7.200000002980232,"totalRelativeTime":"5.15%","numOfCalls":23616,"avgTimePerCall":0.0003048780489066833},{"label":"MEASUREMENT_OVERHEAD","totalTime":28.599999994039536,"totalRelativeTime":"20.48%","numOfCalls":0,"avgTimePerCall":28.599999994039536},{"label":"NOT_MEASURED","totalTime":23.300000006332994,"totalRelativeTime":"16.69%","numOfCalls":0,"avgTimePerCall":23.300000006332994}],"iterations":2437,"visitedNodes":2437}}}]}