{"timestamp":1680983633981,"shuffle":"33:  B'   R'  2F    L'   U'   B'   F'   D'   F    R'   F'  2U    L'  2F    L    R'  2L    R'   U'   B'   L'   R'   U'   F'   B'   D    L    R'   L'  ","solutions":[{"label":"2x2","key":"IDDFS","solution":{"rotations":[{"side":2,"counterClockwiseDirection":true,"layer":0},{"side":3,"counterClockwiseDirection":true,"layer":0},{"side":0,"counterClockwiseDirection":true,"layer":0},{"side":2,"counterClockwiseDirection":true,"layer":0},{"side":2,"counterClockwiseDirection":true,"layer":0},{"side":0,"counterClockwiseDirection":true,"layer":0},{"side":2,"counterClockwiseDirection":true,"layer":0},{"side":3,"counterClockwiseDirection":true,"layer":0},{"side":3,"counterClockwiseDirection":true,"layer":0},{"side":2,"counterClockwiseDirection":true,"layer":0},{"side":0,"counterClockwiseDirection":false,"layer":0}],"totalTime":53677.89999999851,"data":{"metrics":[{"label":"PERFORM_ROTATION","totalTime":25003.500000519678,"totalRelativeTime":"46.58%","numOfCalls":20037564,"avgTimePerCall":0.0012478313232346845},{"label":"ADD_CANDIDATE","totalTime":4553.000000247732,"totalRelativeTime":"8.48%","numOfCalls":20037564,"avgTimePerCall":0.0002272232293430345},{"label":"NOT_MEASURED","totalTime":24121.3999992311,"totalRelativeTime":"44.93%","numOfCalls":0,"avgTimePerCall":24121.3999992311}],"visitedNodes":14026485,"iterations":[{"visitedNodes":37,"bound":2},{"visitedNodes":181,"bound":3},{"visitedNodes":877,"bound":4},{"visitedNodes":4237,"bound":5},{"visitedNodes":20461,"bound":6},{"visitedNodes":98797,"bound":7},{"visitedNodes":477037,"bound":8},{"visitedNodes":2303341,"bound":9},{"visitedNodes":11121517,"bound":10}]}}},{"label":"2x2","key":"IDA*","solution":{"rotations":[{"side":2,"counterClockwiseDirection":true,"layer":0},{"side":3,"counterClockwiseDirection":true,"layer":0},{"side":0,"counterClockwiseDirection":true,"layer":0},{"side":2,"counterClockwiseDirection":true,"layer":0},{"side":2,"counterClockwiseDirection":true,"layer":0},{"side":0,"counterClockwiseDirection":true,"layer":0},{"side":2,"counterClockwiseDirection":true,"layer":0},{"side":3,"counterClockwiseDirection":true,"layer":0},{"side":3,"counterClockwiseDirection":true,"layer":0},{"side":2,"counterClockwiseDirection":true,"layer":0},{"side":0,"counterClockwiseDirection":false,"layer":0}],"totalTime":40240.300000000745,"data":{"metrics":[{"label":"PERFORM_ROTATION","totalTime":19957.199999211356,"totalRelativeTime":"49.59%","numOfCalls":15173653,"avgTimePerCall":0.0013152534857104848},{"label":"ADD_CANDIDATE","totalTime":3573.0000000502914,"totalRelativeTime":"8.87%","numOfCalls":15173653,"avgTimePerCall":0.00023547394948667216},{"label":"NOT_MEASURED","totalTime":16710.100000739098,"totalRelativeTime":"41.52%","numOfCalls":0,"avgTimePerCall":16710.100000739098}],"visitedNodes":1890675,"iterations":[{"visitedNodes":7,"bound":2},{"visitedNodes":77,"bound":3.25},{"visitedNodes":699,"bound":4.5},{"visitedNodes":4237,"bound":5.75},{"visitedNodes":21577,"bound":7},{"visitedNodes":153008,"bound":8.25},{"visitedNodes":1711070,"bound":9.5}]}}},{"label":"2x2","key":"SA","solution":{"rotations":[{"side":3,"counterClockwiseDirection":false,"layer":0},{"side":2,"counterClockwiseDirection":true,"layer":0},{"side":0,"counterClockwiseDirection":true,"layer":0},{"side":3,"counterClockwiseDirection":false,"layer":0},{"side":0,"counterClockwiseDirection":false,"layer":0},{"side":2,"counterClockwiseDirection":false,"layer":0},{"side":3,"counterClockwiseDirection":true,"layer":0},{"side":0,"counterClockwiseDirection":true,"layer":0},{"side":3,"counterClockwiseDirection":false,"layer":0},{"side":3,"counterClockwiseDirection":false,"layer":0},{"side":0,"counterClockwiseDirection":true,"layer":0},{"side":2,"counterClockwiseDirection":true,"layer":0},{"side":3,"counterClockwiseDirection":false,"layer":0},{"side":2,"counterClockwiseDirection":false,"layer":0},{"side":0,"counterClockwiseDirection":false,"layer":0},{"side":3,"counterClockwiseDirection":false,"layer":0},{"side":2,"counterClockwiseDirection":false,"layer":0},{"side":0,"counterClockwiseDirection":true,"layer":0},{"side":3,"counterClockwiseDirection":true,"layer":0},{"side":2,"counterClockwiseDirection":false,"layer":0},{"side":0,"counterClockwiseDirection":true,"layer":0},{"side":3,"counterClockwiseDirection":true,"layer":0},{"side":2,"counterClockwiseDirection":false,"layer":0}],"totalTime":51275.40000000037,"data":{"restartCounter":0,"iterations":4134,"metrics":[{"label":"CHECK_SOLUTION","totalTime":2673.2000001799315,"totalRelativeTime":"5.21%","numOfCalls":12401670,"avgTimePerCall":0.00021555161524052256},{"label":"APPLYING_ROTATIONS","totalTime":15959.700000397861,"totalRelativeTime":"31.12%","numOfCalls":12401665,"avgTimePerCall":0.0012868997832466739},{"label":"COMPUTE_ROTATION","totalTime":2775.79999980703,"totalRelativeTime":"5.41%","numOfCalls":12401665,"avgTimePerCall":0.00022382478480163992},{"label":"CALCULATE_CITIZEN_SCORE","totalTime":5658.899999957532,"totalRelativeTime":"11.03%","numOfCalls":12401665,"avgTimePerCall":0.00045630163368850325},{"label":"AGGREGATE_CURRENT_GENERATION","totalTime":100.80000001564622,"totalRelativeTime":"0.19%","numOfCalls":413388,"avgTimePerCall":0.00024383871814287356},{"label":"CREATE_NEXT_GENERATION","totalTime":450.2000000271946,"totalRelativeTime":"0.87%","numOfCalls":4133,"avgTimePerCall":0.10892813937265779},{"label":"MEASUREMENT_OVERHEAD","totalTime":12026.599999580532,"totalRelativeTime":"23.45%","numOfCalls":0,"avgTimePerCall":12026.599999580532},{"label":"NOT_MEASURED","totalTime":11630.200000034645,"totalRelativeTime":"22.68%","numOfCalls":0,"avgTimePerCall":11630.200000034645}]}}},{"label":"2x2","key":"GA","solution":{"rotations":[{"side":0,"counterClockwiseDirection":false,"layer":0},{"layer":0,"side":2,"counterClockwiseDirection":true},{"side":3,"counterClockwiseDirection":false,"layer":0},{"side":0,"counterClockwiseDirection":false,"layer":0},{"side":3,"counterClockwiseDirection":true,"layer":0},{"side":2,"counterClockwiseDirection":true,"layer":0},{"side":0,"counterClockwiseDirection":false,"layer":0},{"side":2,"counterClockwiseDirection":true,"layer":0},{"side":0,"counterClockwiseDirection":true,"layer":0},{"side":0,"counterClockwiseDirection":true,"layer":0},{"side":3,"counterClockwiseDirection":false,"layer":0},{"side":0,"counterClockwiseDirection":false,"layer":0},{"side":0,"counterClockwiseDirection":false,"layer":0}],"totalTime":19608.300000000745,"data":{"armageddonCounter":0,"generations":1503,"metrics":[{"label":"CHECK_SOLUTION","totalTime":1022.3000000156462,"totalRelativeTime":"5.21%","numOfCalls":4507380,"avgTimePerCall":0.00022680581624261683},{"label":"APPLYING_ROTATIONS","totalTime":6266.699999965727,"totalRelativeTime":"31.95%","numOfCalls":4507379,"avgTimePerCall":0.0013903201838509091},{"label":"COMPUTE_GENE","totalTime":1083.6000000461936,"totalRelativeTime":"5.52%","numOfCalls":4507379,"avgTimePerCall":0.00024040578794154953},{"label":"CALCULATE_CITIZEN_SCORE","totalTime":2182.2999999523163,"totalRelativeTime":"11.12%","numOfCalls":4507379,"avgTimePerCall":0.00048416163805003223},{"label":"AGGREGATE_CURRENT_GENERATION","totalTime":37,"totalRelativeTime":"0.18%","numOfCalls":150245,"avgTimePerCall":0.0002462644347565643},{"label":"CREATE_NEXT_GENERATION","totalTime":114.50000000372529,"totalRelativeTime":"0.58%","numOfCalls":1502,"avgTimePerCall":0.07623169108104214},{"label":"MEASUREMENT_OVERHEAD","totalTime":4431.600000077859,"totalRelativeTime":"22.6%","numOfCalls":0,"avgTimePerCall":4431.600000077859},{"label":"NOT_MEASURED","totalTime":4470.299999939278,"totalRelativeTime":"22.79%","numOfCalls":0,"avgTimePerCall":4470.299999939278}]}}},{"label":"2x2","key":"WA*","solution":{"rotations":[{"side":0,"counterClockwiseDirection":false,"layer":0},{"side":2,"counterClockwiseDirection":true,"layer":0},{"side":3,"counterClockwiseDirection":false,"layer":0},{"side":0,"counterClockwiseDirection":false,"layer":0},{"side":0,"counterClockwiseDirection":false,"layer":0},{"side":2,"counterClockwiseDirection":false,"layer":0},{"side":3,"counterClockwiseDirection":true,"layer":0},{"side":2,"counterClockwiseDirection":false,"layer":0},{"side":3,"counterClockwiseDirection":true,"layer":0},{"side":0,"counterClockwiseDirection":true,"layer":0},{"side":0,"counterClockwiseDirection":true,"layer":0},{"side":3,"counterClockwiseDirection":false,"layer":0},{"side":0,"counterClockwiseDirection":false,"layer":0},{"side":3,"counterClockwiseDirection":false,"layer":0},{"side":0,"counterClockwiseDirection":true,"layer":0}],"totalTime":1488.5,"data":{"metrics":[{"label":"ITERATIONS_COUNTER_INCREMENT","totalTime":26.00000001862645,"totalRelativeTime":"1.74%","numOfCalls":115000,"avgTimePerCall":0.00022608695668370826},{"label":"ABORTED_VERIFICATION","totalTime":13.200000001117587,"totalRelativeTime":"0.88%","numOfCalls":57500,"avgTimePerCall":0.00022956521741074066},{"label":"POP_CANDIDATE","totalTime":31.699999993667006,"totalRelativeTime":"2.12%","numOfCalls":57500,"avgTimePerCall":0.0005513043477159479},{"label":"VISISTED_LIST_CHECK","totalTime":116.60000001639128,"totalRelativeTime":"7.83%","numOfCalls":313179,"avgTimePerCall":0.0003723110426190494},{"label":"CHECK_SOLUTION","totalTime":13.299999995157123,"totalRelativeTime":"0.89%","numOfCalls":53574,"avgTimePerCall":0.00024825475034824957},{"label":"ADD_TO_VISISTED_LIST_CHECK","totalTime":13.099999997764826,"totalRelativeTime":"0.88%","numOfCalls":53573,"avgTimePerCall":0.0002445261605242347},{"label":"PERFORM_ROTATION","totalTime":383.8999999947846,"totalRelativeTime":"25.79%","numOfCalls":255679,"avgTimePerCall":0.0015014921053148071},{"label":"HEURISTIC_CALCULATION","totalTime":137.90000001899898,"totalRelativeTime":"9.26%","numOfCalls":255679,"avgTimePerCall":0.0005393481671118824},{"label":"ADD_CANDIDATE","totalTime":63.8999999910593,"totalRelativeTime":"4.29%","numOfCalls":247555,"avgTimePerCall":0.0002581244571552152},{"label":"BUILD_SOLUTION","totalTime":0,"totalRelativeTime":"0%","numOfCalls":1,"avgTimePerCall":0},{"label":"MEASUREMENT_OVERHEAD","totalTime":341.5999999716878,"totalRelativeTime":"22.94%","numOfCalls":0,"avgTimePerCall":341.5999999716878},{"label":"NOT_MEASURED","totalTime":347.30000000074506,"totalRelativeTime":"23.33%","numOfCalls":0,"avgTimePerCall":347.30000000074506}],"visitedNodes":57500,"differentNodes":53574}}},{"label":"2x2","key":"BiBFS","solution":{"rotations":[{"side":3,"counterClockwiseDirection":true,"layer":0},{"side":0,"counterClockwiseDirection":true,"layer":0},{"side":2,"counterClockwiseDirection":false,"layer":0},{"side":0,"counterClockwiseDirection":true,"layer":0},{"side":2,"counterClockwiseDirection":true,"layer":0},{"side":3,"counterClockwiseDirection":true,"layer":0},{"side":2,"counterClockwiseDirection":false,"layer":0},{"side":3,"counterClockwiseDirection":true,"layer":0},{"side":2,"counterClockwiseDirection":false,"layer":0},{"side":2,"counterClockwiseDirection":false,"layer":0},{"side":0,"counterClockwiseDirection":false,"layer":0}],"totalTime":151.2999999988824,"data":{"metrics":[{"label":"POP_CANDIDATE","totalTime":1.900000000372529,"totalRelativeTime":"1.25%","numOfCalls":8402,"avgTimePerCall":0.00022613663417906797},{"label":"VISISTED_LIST_CHECK","totalTime":17.79999998398125,"totalRelativeTime":"11.76%","numOfCalls":51914,"avgTimePerCall":0.000342874754092947},{"label":"ADD_TO_VISISTED_LIST_CHECK","totalTime":2.500000001862645,"totalRelativeTime":"1.65%","numOfCalls":7380,"avgTimePerCall":0.0003387533877862663},{"label":"PERFORM_ROTATION","totalTime":60.900000009685755,"totalRelativeTime":"40.25%","numOfCalls":36130,"avgTimePerCall":0.0016855798508077983},{"label":"ADD_CANDIDATE","totalTime":6.899999998509884,"totalRelativeTime":"4.56%","numOfCalls":35504,"avgTimePerCall":0.00019434429919191877},{"label":"MEASUREMENT_OVERHEAD","totalTime":28.90000001527369,"totalRelativeTime":"19.1%","numOfCalls":0,"avgTimePerCall":28.90000001527369},{"label":"NOT_MEASURED","totalTime":32.39999998919666,"totalRelativeTime":"21.41%","numOfCalls":0,"avgTimePerCall":32.39999998919666}],"iterations":3691,"visitedNodes":3691}}}]}