{"timestamp":1680897234300,"shuffle":"39:  D    U    F'   U    F'   U'   L'   U   2L   2U    B    U    R    L    B    F   2D    B   2F   2L    D    F    D   2F    D'   R    B   2U    D'   R   2U   ","solutions":[{"label":"2x2","key":"IDDFS","solution":{"rotations":[{"side":3,"counterClockwiseDirection":true,"layer":0},{"side":2,"counterClockwiseDirection":true,"layer":0},{"side":0,"counterClockwiseDirection":true,"layer":0},{"side":2,"counterClockwiseDirection":false,"layer":0},{"side":3,"counterClockwiseDirection":true,"layer":0},{"side":0,"counterClockwiseDirection":false,"layer":0},{"side":3,"counterClockwiseDirection":false,"layer":0},{"side":0,"counterClockwiseDirection":false,"layer":0},{"side":3,"counterClockwiseDirection":true,"layer":0}],"totalTime":8573.700000017881,"data":{"metrics":[{"label":"PERFORM_ROTATION","totalTime":3989.2000009715557,"totalRelativeTime":"46.52%","numOfCalls":2156826,"avgTimePerCall":0.0018495696922104776},{"label":"ADD_CANDIDATE","totalTime":691.6999996304512,"totalRelativeTime":"8.06%","numOfCalls":2156826,"avgTimePerCall":0.00032070273616436896},{"label":"NOT_MEASURED","totalTime":3892.7999994158745,"totalRelativeTime":"45.4%","numOfCalls":0,"avgTimePerCall":3892.7999994158745}],"visitedNodes":601627,"iterations":[{"visitedNodes":37,"bound":2},{"visitedNodes":181,"bound":3},{"visitedNodes":877,"bound":4},{"visitedNodes":4237,"bound":5},{"visitedNodes":20461,"bound":6},{"visitedNodes":98797,"bound":7},{"visitedNodes":477037,"bound":8}]}}},{"label":"2x2","key":"IDA*","solution":{"rotations":[{"side":3,"counterClockwiseDirection":true,"layer":0},{"side":2,"counterClockwiseDirection":true,"layer":0},{"side":0,"counterClockwiseDirection":true,"layer":0},{"side":2,"counterClockwiseDirection":false,"layer":0},{"side":3,"counterClockwiseDirection":true,"layer":0},{"side":0,"counterClockwiseDirection":false,"layer":0},{"side":3,"counterClockwiseDirection":false,"layer":0},{"side":0,"counterClockwiseDirection":false,"layer":0},{"side":3,"counterClockwiseDirection":true,"layer":0}],"totalTime":21234.30000001192,"data":{"metrics":[{"label":"PERFORM_ROTATION","totalTime":10480.899999082088,"totalRelativeTime":"49.35%","numOfCalls":6629568,"avgTimePerCall":0.0015809325734470314},{"label":"ADD_CANDIDATE","totalTime":1846.2000007033348,"totalRelativeTime":"8.69%","numOfCalls":6629568,"avgTimePerCall":0.00027847968385018973},{"label":"NOT_MEASURED","totalTime":8907.200000226498,"totalRelativeTime":"41.94%","numOfCalls":0,"avgTimePerCall":8907.200000226498}],"visitedNodes":197510,"iterations":[{"visitedNodes":17,"bound":2},{"visitedNodes":105,"bound":3.25},{"visitedNodes":728,"bound":4.5},{"visitedNodes":4242,"bound":5.75},{"visitedNodes":22618,"bound":7},{"visitedNodes":169800,"bound":8.25}]}}},{"label":"2x2","key":"GA","solution":{"rotations":[{"side":0,"counterClockwiseDirection":false,"layer":0},{"side":3,"counterClockwiseDirection":true,"layer":0},{"side":3,"counterClockwiseDirection":true,"layer":0},{"side":0,"counterClockwiseDirection":false,"layer":0},{"side":3,"counterClockwiseDirection":false,"layer":0},{"side":3,"counterClockwiseDirection":false,"layer":0},{"side":2,"counterClockwiseDirection":false,"layer":0},{"side":3,"counterClockwiseDirection":true,"layer":0},{"side":3,"counterClockwiseDirection":true,"layer":0},{"side":2,"counterClockwiseDirection":true,"layer":0},{"side":3,"counterClockwiseDirection":false,"layer":0},{"side":0,"counterClockwiseDirection":false,"layer":0},{"side":2,"counterClockwiseDirection":false,"layer":0},{"side":0,"counterClockwiseDirection":false,"layer":0},{"side":3,"counterClockwiseDirection":false,"layer":0},{"side":2,"counterClockwiseDirection":true,"layer":0},{"side":0,"counterClockwiseDirection":true,"layer":0},{"side":2,"counterClockwiseDirection":true,"layer":0},{"side":3,"counterClockwiseDirection":false,"layer":0}],"totalTime":3272.5999999940395,"data":{"armageddonCounter":0,"generations":155,"metrics":[{"label":"CHECK_SOLUTION","totalTime":194.1999988257885,"totalRelativeTime":"5.93%","numOfCalls":462840,"avgTimePerCall":0.0004195834388250551},{"label":"APPLYING_ROTATIONS","totalTime":1028.6000007390976,"totalRelativeTime":"31.43%","numOfCalls":462831,"avgTimePerCall":0.0022224094771938303},{"label":"COMPUTE_GENE","totalTime":176.59999990463257,"totalRelativeTime":"5.39%","numOfCalls":462831,"avgTimePerCall":0.0003815647610134856},{"label":"CALCULATE_CITIZEN_SCORE","totalTime":373.89999970793724,"totalRelativeTime":"11.42%","numOfCalls":462831,"avgTimePerCall":0.000807854270150308},{"label":"AGGREGATE_CURRENT_GENERATION","totalTime":6,"totalRelativeTime":"0.18%","numOfCalls":15427,"avgTimePerCall":0.0003889285019770532},{"label":"CREATE_NEXT_GENERATION","totalTime":20.30000004172325,"totalRelativeTime":"0.62%","numOfCalls":154,"avgTimePerCall":0.13181818208911203},{"label":"MEASUREMENT_OVERHEAD","totalTime":739.2000006139278,"totalRelativeTime":"22.58%","numOfCalls":0,"avgTimePerCall":739.2000006139278},{"label":"NOT_MEASURED","totalTime":733.8000001609325,"totalRelativeTime":"22.42%","numOfCalls":0,"avgTimePerCall":733.8000001609325}]}}},{"label":"2x2","key":"SA","solution":{"rotations":[{"side":3,"counterClockwiseDirection":true,"layer":0},{"side":2,"counterClockwiseDirection":true,"layer":0},{"side":0,"counterClockwiseDirection":false,"layer":0},{"side":3,"counterClockwiseDirection":true,"layer":0},{"side":2,"counterClockwiseDirection":true,"layer":0},{"side":3,"counterClockwiseDirection":true,"layer":0},{"side":0,"counterClockwiseDirection":true,"layer":0},{"side":2,"counterClockwiseDirection":false,"layer":0},{"side":0,"counterClockwiseDirection":true,"layer":0},{"side":2,"counterClockwiseDirection":true,"layer":0},{"side":0,"counterClockwiseDirection":false,"layer":0},{"side":3,"counterClockwiseDirection":false,"layer":0},{"side":3,"counterClockwiseDirection":false,"layer":0}],"totalTime":26390.20000001788,"data":{"restartCounter":0,"iterations":1836,"metrics":[{"label":"CHECK_SOLUTION","totalTime":1427.9000020325184,"totalRelativeTime":"5.41%","numOfCalls":5506380,"avgTimePerCall":0.0002593173740338514},{"label":"APPLYING_ROTATIONS","totalTime":8304.10000422597,"totalRelativeTime":"31.46%","numOfCalls":5506375,"avgTimePerCall":0.0015080883529047639},{"label":"COMPUTE_ROTATION","totalTime":1442.4999988675117,"totalRelativeTime":"5.46%","numOfCalls":5506375,"avgTimePerCall":0.0002619690810864701},{"label":"CALCULATE_CITIZEN_SCORE","totalTime":3000.3999972343445,"totalRelativeTime":"11.36%","numOfCalls":5506375,"avgTimePerCall":0.0005448956885853841},{"label":"AGGREGATE_CURRENT_GENERATION","totalTime":49.699999928474426,"totalRelativeTime":"0.18%","numOfCalls":183545,"avgTimePerCall":0.0002707782828650981},{"label":"CREATE_NEXT_GENERATION","totalTime":153.59999975562096,"totalRelativeTime":"0.58%","numOfCalls":1835,"avgTimePerCall":0.08370572193766809},{"label":"MEASUREMENT_OVERHEAD","totalTime":5927.5999963879585,"totalRelativeTime":"22.46%","numOfCalls":0,"avgTimePerCall":5927.5999963879585},{"label":"NOT_MEASURED","totalTime":6084.400001585484,"totalRelativeTime":"23.05%","numOfCalls":0,"avgTimePerCall":6084.400001585484}]}}},{"label":"2x2","key":"WA*","solution":{"rotations":[{"side":2,"counterClockwiseDirection":true,"layer":0},{"side":3,"counterClockwiseDirection":true,"layer":0},{"side":2,"counterClockwiseDirection":true,"layer":0},{"side":2,"counterClockwiseDirection":true,"layer":0},{"side":3,"counterClockwiseDirection":false,"layer":0},{"side":0,"counterClockwiseDirection":false,"layer":0},{"side":0,"counterClockwiseDirection":false,"layer":0},{"side":2,"counterClockwiseDirection":false,"layer":0},{"side":2,"counterClockwiseDirection":false,"layer":0},{"side":3,"counterClockwiseDirection":true,"layer":0},{"side":3,"counterClockwiseDirection":true,"layer":0},{"side":0,"counterClockwiseDirection":false,"layer":0},{"side":2,"counterClockwiseDirection":false,"layer":0},{"side":0,"counterClockwiseDirection":true,"layer":0},{"side":2,"counterClockwiseDirection":true,"layer":0}],"totalTime":2619.5999999940395,"data":{"metrics":[{"label":"ITERATIONS_COUNTER_INCREMENT","totalTime":46.1999996304512,"totalRelativeTime":"1.76%","numOfCalls":126852,"avgTimePerCall":0.00036420395130113206},{"label":"ABORTED_VERIFICATION","totalTime":22.30000004172325,"totalRelativeTime":"0.85%","numOfCalls":63426,"avgTimePerCall":0.00035159083091671004},{"label":"POP_CANDIDATE","totalTime":55.90000030398369,"totalRelativeTime":"2.13%","numOfCalls":63426,"avgTimePerCall":0.0008813420411815926},{"label":"VISISTED_LIST_CHECK","totalTime":200.19999986886978,"totalRelativeTime":"7.64%","numOfCalls":340453,"avgTimePerCall":0.0005880400521330985},{"label":"CHECK_SOLUTION","totalTime":20.40000021457672,"totalRelativeTime":"0.77%","numOfCalls":58053,"avgTimePerCall":0.00035140303196349405},{"label":"ADD_TO_VISISTED_LIST_CHECK","totalTime":26.600000351667404,"totalRelativeTime":"1.01%","numOfCalls":58052,"avgTimePerCall":0.00045820988685432723},{"label":"PERFORM_ROTATION","totalTime":627.1000006198883,"totalRelativeTime":"23.93%","numOfCalls":277027,"avgTimePerCall":0.002263678271864794},{"label":"HEURISTIC_CALCULATION","totalTime":250.19999927282333,"totalRelativeTime":"9.55%","numOfCalls":277027,"avgTimePerCall":0.0009031610610981},{"label":"ADD_CANDIDATE","totalTime":125.69999992847443,"totalRelativeTime":"4.79%","numOfCalls":267590,"avgTimePerCall":0.00046974849556588225},{"label":"BUILD_SOLUTION","totalTime":0.10000002384185791,"totalRelativeTime":"0%","numOfCalls":1,"avgTimePerCall":0.10000002384185791},{"label":"MEASUREMENT_OVERHEAD","totalTime":597.100000679493,"totalRelativeTime":"22.79%","numOfCalls":0,"avgTimePerCall":597.100000679493},{"label":"NOT_MEASURED","totalTime":647.7999990582466,"totalRelativeTime":"24.72%","numOfCalls":0,"avgTimePerCall":647.7999990582466}],"visitedNodes":63426,"differentNodes":58053}}},{"label":"2x2","key":"BiBFS","solution":{"rotations":[{"side":3,"counterClockwiseDirection":true,"layer":0},{"side":2,"counterClockwiseDirection":true,"layer":0},{"side":0,"counterClockwiseDirection":true,"layer":0},{"side":2,"counterClockwiseDirection":false,"layer":0},{"side":3,"counterClockwiseDirection":true,"layer":0},{"side":0,"counterClockwiseDirection":false,"layer":0},{"side":3,"counterClockwiseDirection":false,"layer":0},{"side":0,"counterClockwiseDirection":false,"layer":0},{"side":3,"counterClockwiseDirection":true,"layer":0}],"totalTime":121.09999999403954,"data":{"metrics":[{"label":"POP_CANDIDATE","totalTime":1.300000011920929,"totalRelativeTime":"1.07%","numOfCalls":2210,"avgTimePerCall":0.0005882352995117326},{"label":"VISISTED_LIST_CHECK","totalTime":11.40000006556511,"totalRelativeTime":"9.41%","numOfCalls":14060,"avgTimePerCall":0.0008108108154740476},{"label":"ADD_TO_VISISTED_LIST_CHECK","totalTime":1.399999976158142,"totalRelativeTime":"1.15%","numOfCalls":2008,"avgTimePerCall":0.0006972111435050508},{"label":"PERFORM_ROTATION","totalTime":47.60000020265579,"totalRelativeTime":"39.3%","numOfCalls":9840,"avgTimePerCall":0.004837398394578841},{"label":"ADD_CANDIDATE","totalTime":4.799999982118607,"totalRelativeTime":"3.96%","numOfCalls":9774,"avgTimePerCall":0.0004910988318107843},{"label":"MEASUREMENT_OVERHEAD","totalTime":24.399999856948853,"totalRelativeTime":"20.14%","numOfCalls":0,"avgTimePerCall":24.399999856948853},{"label":"NOT_MEASURED","totalTime":30.199999898672104,"totalRelativeTime":"24.93%","numOfCalls":0,"avgTimePerCall":30.199999898672104}],"iterations":1005,"visitedNodes":1005}}}]}