{"timestamp":1680985472098,"shuffle":"38:  B'   F    U'   B   2U    B'   D'   B    R'   D'   R    U    D    R    B    L   2R    D'   R'   F'   D    R    D   2U    L   2R    U'   B'   D'   R   2D   2F   ","solutions":[{"label":"2x2","key":"IDDFS","solution":{"rotations":[{"side":2,"counterClockwiseDirection":true,"layer":0},{"side":0,"counterClockwiseDirection":true,"layer":0},{"side":3,"counterClockwiseDirection":false,"layer":0},{"side":2,"counterClockwiseDirection":false,"layer":0},{"side":0,"counterClockwiseDirection":true,"layer":0},{"side":2,"counterClockwiseDirection":false,"layer":0},{"side":0,"counterClockwiseDirection":false,"layer":0},{"side":3,"counterClockwiseDirection":true,"layer":0},{"side":2,"counterClockwiseDirection":true,"layer":0},{"side":3,"counterClockwiseDirection":false,"layer":0}],"totalTime":10179.200000001118,"data":{"metrics":[{"label":"PERFORM_ROTATION","totalTime":4273.100000007078,"totalRelativeTime":"41.97%","numOfCalls":3547755,"avgTimePerCall":0.0012044518293983315},{"label":"ADD_CANDIDATE","totalTime":818.1999999657273,"totalRelativeTime":"8.03%","numOfCalls":3547755,"avgTimePerCall":0.00023062471900278553},{"label":"NOT_MEASURED","totalTime":5087.900000028312,"totalRelativeTime":"49.98%","numOfCalls":0,"avgTimePerCall":5087.900000028312}],"visitedNodes":2904968,"iterations":[{"visitedNodes":37,"bound":2},{"visitedNodes":181,"bound":3},{"visitedNodes":877,"bound":4},{"visitedNodes":4237,"bound":5},{"visitedNodes":20461,"bound":6},{"visitedNodes":98797,"bound":7},{"visitedNodes":477037,"bound":8},{"visitedNodes":2303341,"bound":9}]}}},{"label":"2x2","key":"IDA*","solution":{"rotations":[{"side":2,"counterClockwiseDirection":true,"layer":0},{"side":0,"counterClockwiseDirection":true,"layer":0},{"side":3,"counterClockwiseDirection":false,"layer":0},{"side":2,"counterClockwiseDirection":false,"layer":0},{"side":0,"counterClockwiseDirection":true,"layer":0},{"side":2,"counterClockwiseDirection":false,"layer":0},{"side":0,"counterClockwiseDirection":false,"layer":0},{"side":3,"counterClockwiseDirection":true,"layer":0},{"side":2,"counterClockwiseDirection":true,"layer":0},{"side":3,"counterClockwiseDirection":false,"layer":0}],"totalTime":30133.799999998882,"data":{"metrics":[{"label":"PERFORM_ROTATION","totalTime":14519.400000210851,"totalRelativeTime":"48.18%","numOfCalls":12140770,"avgTimePerCall":0.0011959208518249544},{"label":"ADD_CANDIDATE","totalTime":2617.3999998327345,"totalRelativeTime":"8.68%","numOfCalls":12140770,"avgTimePerCall":0.00021558764393302357},{"label":"NOT_MEASURED","totalTime":12996.999999955297,"totalRelativeTime":"43.13%","numOfCalls":0,"avgTimePerCall":12996.999999955297}],"visitedNodes":1869402,"iterations":[{"visitedNodes":7,"bound":2},{"visitedNodes":42,"bound":3.25},{"visitedNodes":546,"bound":4.5},{"visitedNodes":4237,"bound":5.75},{"visitedNodes":21599,"bound":7},{"visitedNodes":153400,"bound":8.25},{"visitedNodes":1689571,"bound":9.5}]}}},{"label":"2x2","key":"SA","solution":{"rotations":[{"side":0,"counterClockwiseDirection":true,"layer":0},{"side":0,"counterClockwiseDirection":true,"layer":0},{"layer":0,"side":3,"counterClockwiseDirection":false},{"side":2,"counterClockwiseDirection":false,"layer":0},{"side":0,"counterClockwiseDirection":false,"layer":0},{"side":3,"counterClockwiseDirection":false,"layer":0},{"side":3,"counterClockwiseDirection":false,"layer":0},{"side":0,"counterClockwiseDirection":true,"layer":0},{"side":0,"counterClockwiseDirection":true,"layer":0},{"side":2,"counterClockwiseDirection":true,"layer":0},{"side":0,"counterClockwiseDirection":true,"layer":0},{"side":0,"counterClockwiseDirection":true,"layer":0},{"side":3,"counterClockwiseDirection":true,"layer":0},{"side":2,"counterClockwiseDirection":true,"layer":0},{"side":3,"counterClockwiseDirection":true,"layer":0},{"side":0,"counterClockwiseDirection":true,"layer":0}],"totalTime":41866.90000000037,"data":{"restartCounter":0,"iterations":3967,"metrics":[{"label":"CHECK_SOLUTION","totalTime":2234.400000059977,"totalRelativeTime":"5.33%","numOfCalls":11898390,"avgTimePerCall":0.00018779011278500512},{"label":"APPLYING_ROTATIONS","totalTime":12744.600000252947,"totalRelativeTime":"30.44%","numOfCalls":11898382,"avgTimePerCall":0.0010711204263111529},{"label":"COMPUTE_ROTATION","totalTime":2291.899999972433,"totalRelativeTime":"5.47%","numOfCalls":11898382,"avgTimePerCall":0.0001926228288831568},{"label":"CALCULATE_CITIZEN_SCORE","totalTime":4738.6999997179955,"totalRelativeTime":"11.31%","numOfCalls":11898382,"avgTimePerCall":0.0003982642345587825},{"label":"AGGREGATE_CURRENT_GENERATION","totalTime":81.20000004209578,"totalRelativeTime":"0.19%","numOfCalls":396612,"avgTimePerCall":0.0002047340979145759},{"label":"CREATE_NEXT_GENERATION","totalTime":254.09999999962747,"totalRelativeTime":"0.6%","numOfCalls":3966,"avgTimePerCall":0.06406959152789396},{"label":"MEASUREMENT_OVERHEAD","totalTime":9896.399999389425,"totalRelativeTime":"23.63%","numOfCalls":0,"avgTimePerCall":9896.399999389425},{"label":"NOT_MEASURED","totalTime":9625.600000565872,"totalRelativeTime":"22.99%","numOfCalls":0,"avgTimePerCall":9625.600000565872}]}}},{"label":"2x2","key":"GA","solution":{"rotations":[{"side":0,"counterClockwiseDirection":true,"layer":0},{"side":0,"counterClockwiseDirection":true,"layer":0},{"side":3,"counterClockwiseDirection":false,"layer":0},{"side":2,"counterClockwiseDirection":false,"layer":0},{"side":0,"counterClockwiseDirection":true,"layer":0},{"side":2,"counterClockwiseDirection":false,"layer":0},{"layer":0,"side":0,"counterClockwiseDirection":false},{"side":2,"counterClockwiseDirection":true,"layer":0},{"side":0,"counterClockwiseDirection":true,"layer":0},{"side":3,"counterClockwiseDirection":true,"layer":0},{"side":0,"counterClockwiseDirection":false,"layer":0},{"side":2,"counterClockwiseDirection":false,"layer":0}],"totalTime":24532.5,"data":{"armageddonCounter":0,"generations":2110,"metrics":[{"label":"CHECK_SOLUTION","totalTime":1274.8000000715256,"totalRelativeTime":"5.19%","numOfCalls":6328020,"avgTimePerCall":0.0002014532191857051},{"label":"APPLYING_ROTATIONS","totalTime":7675.300000080839,"totalRelativeTime":"31.28%","numOfCalls":6328008,"avgTimePerCall":0.0012129093389390215},{"label":"COMPUTE_GENE","totalTime":1327.8000000827014,"totalRelativeTime":"5.41%","numOfCalls":6328008,"avgTimePerCall":0.00020982906470451703},{"label":"CALCULATE_CITIZEN_SCORE","totalTime":2727.999999821186,"totalRelativeTime":"11.11%","numOfCalls":6328008,"avgTimePerCall":0.00043109932854401984},{"label":"AGGREGATE_CURRENT_GENERATION","totalTime":46.500000005587935,"totalRelativeTime":"0.18%","numOfCalls":210933,"avgTimePerCall":0.00022044914738607964},{"label":"CREATE_NEXT_GENERATION","totalTime":159.90000001341105,"totalRelativeTime":"0.65%","numOfCalls":2109,"avgTimePerCall":0.0758179231927032},{"label":"MEASUREMENT_OVERHEAD","totalTime":5725.099999926984,"totalRelativeTime":"23.33%","numOfCalls":0,"avgTimePerCall":5725.099999926984},{"label":"NOT_MEASURED","totalTime":5595.099999997765,"totalRelativeTime":"22.8%","numOfCalls":0,"avgTimePerCall":5595.099999997765}]}}},{"label":"2x2","key":"WA*","solution":{"rotations":[{"side":3,"counterClockwiseDirection":true,"layer":0},{"side":2,"counterClockwiseDirection":false,"layer":0},{"side":0,"counterClockwiseDirection":true,"layer":0},{"side":3,"counterClockwiseDirection":true,"layer":0},{"side":2,"counterClockwiseDirection":false,"layer":0},{"side":3,"counterClockwiseDirection":true,"layer":0},{"side":2,"counterClockwiseDirection":true,"layer":0},{"side":3,"counterClockwiseDirection":false,"layer":0},{"side":2,"counterClockwiseDirection":false,"layer":0},{"side":2,"counterClockwiseDirection":false,"layer":0},{"side":3,"counterClockwiseDirection":true,"layer":0},{"side":2,"counterClockwiseDirection":true,"layer":0},{"side":0,"counterClockwiseDirection":false,"layer":0},{"side":2,"counterClockwiseDirection":true,"layer":0},{"side":0,"counterClockwiseDirection":true,"layer":0},{"side":3,"counterClockwiseDirection":true,"layer":0},{"side":2,"counterClockwiseDirection":false,"layer":0},{"side":3,"counterClockwiseDirection":false,"layer":0}],"totalTime":2440.699999999255,"data":{"metrics":[{"label":"ITERATIONS_COUNTER_INCREMENT","totalTime":42.30000000633299,"totalRelativeTime":"1.73%","numOfCalls":206314,"avgTimePerCall":0.00020502728853268802},{"label":"ABORTED_VERIFICATION","totalTime":24.900000009685755,"totalRelativeTime":"1.02%","numOfCalls":103157,"avgTimePerCall":0.00024137964471325992},{"label":"POP_CANDIDATE","totalTime":58.30000000074506,"totalRelativeTime":"2.38%","numOfCalls":103157,"avgTimePerCall":0.0005651579631120046},{"label":"VISISTED_LIST_CHECK","totalTime":213.5999999474734,"totalRelativeTime":"8.75%","numOfCalls":548890,"avgTimePerCall":0.00038914900972412215},{"label":"CHECK_SOLUTION","totalTime":17.70000001601875,"totalRelativeTime":"0.72%","numOfCalls":93368,"avgTimePerCall":0.00018957244469217235},{"label":"ADD_TO_VISISTED_LIST_CHECK","totalTime":23.59999999590218,"totalRelativeTime":"0.96%","numOfCalls":93367,"avgTimePerCall":0.00025276596651817215},{"label":"PERFORM_ROTATION","totalTime":587.7000000476837,"totalRelativeTime":"24.07%","numOfCalls":445733,"avgTimePerCall":0.0013185023322205979},{"label":"HEURISTIC_CALCULATION","totalTime":239.50000000186265,"totalRelativeTime":"9.81%","numOfCalls":445733,"avgTimePerCall":0.0005373171831609117},{"label":"ADD_CANDIDATE","totalTime":111.7999999858439,"totalRelativeTime":"4.58%","numOfCalls":427281,"avgTimePerCall":0.0002616545083583026},{"label":"BUILD_SOLUTION","totalTime":0,"totalRelativeTime":"0%","numOfCalls":1,"avgTimePerCall":0},{"label":"MEASUREMENT_OVERHEAD","totalTime":529.6000000499189,"totalRelativeTime":"21.69%","numOfCalls":0,"avgTimePerCall":529.6000000499189},{"label":"NOT_MEASURED","totalTime":591.6999999377877,"totalRelativeTime":"24.24%","numOfCalls":0,"avgTimePerCall":591.6999999377877}],"visitedNodes":103157,"differentNodes":93368}}},{"label":"2x2","key":"BiBFS","solution":{"rotations":[{"side":3,"counterClockwiseDirection":false,"layer":0},{"side":2,"counterClockwiseDirection":false,"layer":0},{"side":3,"counterClockwiseDirection":true,"layer":0},{"side":0,"counterClockwiseDirection":true,"layer":0},{"side":3,"counterClockwiseDirection":true,"layer":0},{"side":0,"counterClockwiseDirection":true,"layer":0},{"side":2,"counterClockwiseDirection":false,"layer":0},{"side":0,"counterClockwiseDirection":false,"layer":0},{"side":2,"counterClockwiseDirection":true,"layer":0},{"side":3,"counterClockwiseDirection":false,"layer":0}],"totalTime":82.10000000149012,"data":{"metrics":[{"label":"POP_CANDIDATE","totalTime":0.8000000007450581,"totalRelativeTime":"0.97%","numOfCalls":3092,"avgTimePerCall":0.0002587322124013771},{"label":"VISISTED_LIST_CHECK","totalTime":6.399999998509884,"totalRelativeTime":"7.79%","numOfCalls":19662,"avgTimePerCall":0.0003255009662552072},{"label":"ADD_TO_VISISTED_LIST_CHECK","totalTime":0.900000000372529,"totalRelativeTime":"1.09%","numOfCalls":2808,"avgTimePerCall":0.00032051282064548756},{"label":"PERFORM_ROTATION","totalTime":32.20000000298023,"totalRelativeTime":"39.22%","numOfCalls":13760,"avgTimePerCall":0.002340116279286354},{"label":"ADD_CANDIDATE","totalTime":4.099999999627471,"totalRelativeTime":"4.99%","numOfCalls":13632,"avgTimePerCall":0.00030076291077079455},{"label":"MEASUREMENT_OVERHEAD","totalTime":14.100000008940697,"totalRelativeTime":"17.17%","numOfCalls":0,"avgTimePerCall":14.100000008940697},{"label":"NOT_MEASURED","totalTime":23.599999990314245,"totalRelativeTime":"28.74%","numOfCalls":0,"avgTimePerCall":23.599999990314245}],"iterations":1405,"visitedNodes":1405}}}]}