{"timestamp":1680905841010,"shuffle":"31: 2R    L'   F    U   2B    F    L'   U    B    U    B'  2L    D    B    R    F'   R   2B    L    U    F'   L'   U    B'   R'   L'   R'  ","solutions":[{"label":"2x2","key":"IDDFS","solution":{"rotations":[{"side":2,"counterClockwiseDirection":true,"layer":0},{"side":2,"counterClockwiseDirection":true,"layer":0},{"side":3,"counterClockwiseDirection":false,"layer":0},{"side":0,"counterClockwiseDirection":true,"layer":0},{"side":3,"counterClockwiseDirection":false,"layer":0},{"side":0,"counterClockwiseDirection":true,"layer":0},{"side":0,"counterClockwiseDirection":true,"layer":0},{"side":2,"counterClockwiseDirection":true,"layer":0},{"side":0,"counterClockwiseDirection":true,"layer":0},{"side":2,"counterClockwiseDirection":false,"layer":0},{"side":3,"counterClockwiseDirection":true,"layer":0},{"side":2,"counterClockwiseDirection":true,"layer":0},{"side":0,"counterClockwiseDirection":false,"layer":0}],"totalTime":834978.6999999881,"data":{"metrics":[{"label":"PERFORM_ROTATION","totalTime":395012.40003088117,"totalRelativeTime":"47.3%","numOfCalls":359229123,"avgTimePerCall":0.0010996112919020799},{"label":"ADD_CANDIDATE","totalTime":68833.49999934435,"totalRelativeTime":"8.24%","numOfCalls":359229123,"avgTimePerCall":0.00019161447553166325},{"label":"NOT_MEASURED","totalTime":371132.79996976256,"totalRelativeTime":"44.44%","numOfCalls":0,"avgTimePerCall":371132.79996976256}],"visitedNodes":327009743,"iterations":[{"visitedNodes":37,"bound":2},{"visitedNodes":181,"bound":3},{"visitedNodes":877,"bound":4},{"visitedNodes":4237,"bound":5},{"visitedNodes":20461,"bound":6},{"visitedNodes":98797,"bound":7},{"visitedNodes":477037,"bound":8},{"visitedNodes":2303341,"bound":9},{"visitedNodes":11121517,"bound":10},{"visitedNodes":53699437,"bound":11},{"visitedNodes":259283821,"bound":12}]}}},{"label":"2x2","key":"IDA*","solution":{"rotations":[{"side":2,"counterClockwiseDirection":true,"layer":0},{"side":2,"counterClockwiseDirection":true,"layer":0},{"side":3,"counterClockwiseDirection":false,"layer":0},{"side":0,"counterClockwiseDirection":true,"layer":0},{"side":3,"counterClockwiseDirection":false,"layer":0},{"side":0,"counterClockwiseDirection":true,"layer":0},{"side":0,"counterClockwiseDirection":true,"layer":0},{"side":2,"counterClockwiseDirection":true,"layer":0},{"side":0,"counterClockwiseDirection":true,"layer":0},{"side":2,"counterClockwiseDirection":false,"layer":0},{"side":3,"counterClockwiseDirection":true,"layer":0},{"side":2,"counterClockwiseDirection":true,"layer":0},{"side":0,"counterClockwiseDirection":false,"layer":0}],"totalTime":867279.2999999821,"data":{"metrics":[{"label":"PERFORM_ROTATION","totalTime":428534.2999805808,"totalRelativeTime":"49.41%","numOfCalls":392203436,"avgTimePerCall":0.0010926327019240617},{"label":"ADD_CANDIDATE","totalTime":77220.20002126694,"totalRelativeTime":"8.9%","numOfCalls":392203436,"avgTimePerCall":0.00019688812726583797},{"label":"NOT_MEASURED","totalTime":361524.7999981344,"totalRelativeTime":"41.68%","numOfCalls":0,"avgTimePerCall":361524.7999981344}],"visitedNodes":70417688,"iterations":[{"visitedNodes":7,"bound":2},{"visitedNodes":52,"bound":3.25},{"visitedNodes":678,"bound":4.5},{"visitedNodes":4252,"bound":5.75},{"visitedNodes":21787,"bound":7},{"visitedNodes":163118,"bound":8.25},{"visitedNodes":1740597,"bound":9.5},{"visitedNodes":11167172,"bound":10.75},{"visitedNodes":57320025,"bound":12}]}}},{"label":"2x2","key":"SA","solution":{"rotations":[{"side":2,"counterClockwiseDirection":true,"layer":0},{"side":3,"counterClockwiseDirection":false,"layer":0},{"side":3,"counterClockwiseDirection":false,"layer":0},{"side":2,"counterClockwiseDirection":true,"layer":0},{"side":0,"counterClockwiseDirection":false,"layer":0},{"side":3,"counterClockwiseDirection":true,"layer":0},{"side":2,"counterClockwiseDirection":true,"layer":0},{"side":0,"counterClockwiseDirection":false,"layer":0},{"side":3,"counterClockwiseDirection":true,"layer":0},{"side":0,"counterClockwiseDirection":true,"layer":0},{"side":2,"counterClockwiseDirection":true,"layer":0},{"side":0,"counterClockwiseDirection":true,"layer":0},{"side":2,"counterClockwiseDirection":true,"layer":0},{"side":0,"counterClockwiseDirection":true,"layer":0},{"side":0,"counterClockwiseDirection":true,"layer":0},{"side":2,"counterClockwiseDirection":true,"layer":0},{"side":3,"counterClockwiseDirection":false,"layer":0}],"totalTime":212374.89999997616,"data":{"restartCounter":4,"iterations":21412,"metrics":[{"label":"CHECK_SOLUTION","totalTime":11496.50000089407,"totalRelativeTime":"5.41%","numOfCalls":64234770,"avgTimePerCall":0.00017897627719215106},{"label":"APPLYING_ROTATIONS","totalTime":66322.69998976588,"totalRelativeTime":"31.22%","numOfCalls":64234769,"avgTimePerCall":0.0010325046858931785},{"label":"COMPUTE_ROTATION","totalTime":11704.20000526309,"totalRelativeTime":"5.51%","numOfCalls":64234769,"avgTimePerCall":0.00018220973138804455},{"label":"CALCULATE_CITIZEN_SCORE","totalTime":23497.5000051558,"totalRelativeTime":"11.06%","numOfCalls":64234769,"avgTimePerCall":0.00036580656194398086},{"label":"AGGREGATE_CURRENT_GENERATION","totalTime":392.8999996185303,"totalRelativeTime":"0.18%","numOfCalls":2141158,"avgTimePerCall":0.0001834988354986088},{"label":"CREATE_NEXT_GENERATION","totalTime":1352.3000052571297,"totalRelativeTime":"0.63%","numOfCalls":21411,"avgTimePerCall":0.06315912406039557},{"label":"MEASUREMENT_OVERHEAD","totalTime":48409.600006997585,"totalRelativeTime":"22.79%","numOfCalls":0,"avgTimePerCall":48409.600006997585},{"label":"NOT_MEASURED","totalTime":49199.19998702407,"totalRelativeTime":"23.16%","numOfCalls":0,"avgTimePerCall":49199.19998702407}]}}},{"label":"2x2","key":"GA","solution":{"rotations":[{"side":0,"counterClockwiseDirection":true,"layer":0},{"side":2,"counterClockwiseDirection":false,"layer":0},{"side":0,"counterClockwiseDirection":false,"layer":0},{"side":3,"counterClockwiseDirection":false,"layer":0},{"side":3,"counterClockwiseDirection":false,"layer":0},{"side":0,"counterClockwiseDirection":false,"layer":0},{"side":2,"counterClockwiseDirection":true,"layer":0},{"side":3,"counterClockwiseDirection":false,"layer":0},{"side":3,"counterClockwiseDirection":false,"layer":0},{"side":0,"counterClockwiseDirection":false,"layer":0},{"side":3,"counterClockwiseDirection":true,"layer":0},{"side":0,"counterClockwiseDirection":true,"layer":0},{"side":2,"counterClockwiseDirection":false,"layer":0}],"totalTime":38755.69999998808,"data":{"armageddonCounter":0,"generations":3876,"metrics":[{"label":"CHECK_SOLUTION","totalTime":2060.5000012815,"totalRelativeTime":"5.31%","numOfCalls":11627760,"avgTimePerCall":0.0001772052399844424},{"label":"APPLYING_ROTATIONS","totalTime":12415.799995273352,"totalRelativeTime":"32.03%","numOfCalls":11627751,"avgTimePerCall":0.0010677731227021763},{"label":"COMPUTE_GENE","totalTime":2081.300003528595,"totalRelativeTime":"5.37%","numOfCalls":11627751,"avgTimePerCall":0.00017899420133167583},{"label":"CALCULATE_CITIZEN_SCORE","totalTime":4289.799998790026,"totalRelativeTime":"11.06%","numOfCalls":11627751,"avgTimePerCall":0.0003689277486927632},{"label":"AGGREGATE_CURRENT_GENERATION","totalTime":69.10000005364418,"totalRelativeTime":"0.17%","numOfCalls":387591,"avgTimePerCall":0.00017828071357086253},{"label":"CREATE_NEXT_GENERATION","totalTime":216.69999983906746,"totalRelativeTime":"0.55%","numOfCalls":3875,"avgTimePerCall":0.05592258060363031},{"label":"MEASUREMENT_OVERHEAD","totalTime":8837.000005364418,"totalRelativeTime":"22.8%","numOfCalls":0,"avgTimePerCall":8837.000005364418},{"label":"NOT_MEASURED","totalTime":8785.499995857477,"totalRelativeTime":"22.66%","numOfCalls":0,"avgTimePerCall":8785.499995857477}]}}},{"label":"2x2","key":"WA*","solution":{"rotations":[{"side":2,"counterClockwiseDirection":false,"layer":0},{"side":0,"counterClockwiseDirection":false,"layer":0},{"side":2,"counterClockwiseDirection":true,"layer":0},{"side":0,"counterClockwiseDirection":false,"layer":0},{"side":3,"counterClockwiseDirection":false,"layer":0},{"side":2,"counterClockwiseDirection":false,"layer":0},{"side":3,"counterClockwiseDirection":true,"layer":0},{"side":2,"counterClockwiseDirection":false,"layer":0},{"side":3,"counterClockwiseDirection":false,"layer":0},{"side":2,"counterClockwiseDirection":true,"layer":0},{"side":2,"counterClockwiseDirection":true,"layer":0},{"side":3,"counterClockwiseDirection":true,"layer":0},{"side":2,"counterClockwiseDirection":true,"layer":0},{"side":3,"counterClockwiseDirection":false,"layer":0},{"side":3,"counterClockwiseDirection":false,"layer":0},{"side":2,"counterClockwiseDirection":false,"layer":0},{"side":3,"counterClockwiseDirection":false,"layer":0},{"side":2,"counterClockwiseDirection":true,"layer":0},{"side":3,"counterClockwiseDirection":true,"layer":0}],"totalTime":2423.4000000059605,"data":{"metrics":[{"label":"ITERATIONS_COUNTER_INCREMENT","totalTime":43.099999725818634,"totalRelativeTime":"1.77%","numOfCalls":211618,"avgTimePerCall":0.0002036688737527934},{"label":"ABORTED_VERIFICATION","totalTime":19.800000071525574,"totalRelativeTime":"0.81%","numOfCalls":105809,"avgTimePerCall":0.0001871296399316275},{"label":"POP_CANDIDATE","totalTime":54.400000512599945,"totalRelativeTime":"2.24%","numOfCalls":105809,"avgTimePerCall":0.0005141339632035077},{"label":"VISISTED_LIST_CHECK","totalTime":207.10000038146973,"totalRelativeTime":"8.54%","numOfCalls":566885,"avgTimePerCall":0.0003653298294741786},{"label":"CHECK_SOLUTION","totalTime":17.999999970197678,"totalRelativeTime":"0.74%","numOfCalls":96544,"avgTimePerCall":0.0001864434865988324},{"label":"ADD_TO_VISISTED_LIST_CHECK","totalTime":25.299999713897705,"totalRelativeTime":"1.04%","numOfCalls":96543,"avgTimePerCall":0.00026205939026027476},{"label":"PERFORM_ROTATION","totalTime":597.6000009179115,"totalRelativeTime":"24.65%","numOfCalls":461076,"avgTimePerCall":0.0012960986928790732},{"label":"HEURISTIC_CALCULATION","totalTime":238.3999989926815,"totalRelativeTime":"9.83%","numOfCalls":461076,"avgTimePerCall":0.0005170514166703136},{"label":"ADD_CANDIDATE","totalTime":106.7999999821186,"totalRelativeTime":"4.4%","numOfCalls":441917,"avgTimePerCall":0.00024167434152141376},{"label":"BUILD_SOLUTION","totalTime":0,"totalRelativeTime":"0%","numOfCalls":1,"avgTimePerCall":0},{"label":"MEASUREMENT_OVERHEAD","totalTime":545.3999991118908,"totalRelativeTime":"22.5%","numOfCalls":0,"avgTimePerCall":545.3999991118908},{"label":"NOT_MEASURED","totalTime":567.5000006258488,"totalRelativeTime":"23.41%","numOfCalls":0,"avgTimePerCall":567.5000006258488}],"visitedNodes":105809,"differentNodes":96544}}},{"label":"2x2","key":"BiBFS","solution":{"rotations":[{"side":2,"counterClockwiseDirection":false,"layer":0},{"side":0,"counterClockwiseDirection":false,"layer":0},{"side":2,"counterClockwiseDirection":false,"layer":0},{"side":0,"counterClockwiseDirection":true,"layer":0},{"side":0,"counterClockwiseDirection":true,"layer":0},{"side":2,"counterClockwiseDirection":false,"layer":0},{"side":0,"counterClockwiseDirection":false,"layer":0},{"side":3,"counterClockwiseDirection":true,"layer":0},{"side":2,"counterClockwiseDirection":false,"layer":0},{"side":3,"counterClockwiseDirection":true,"layer":0},{"side":0,"counterClockwiseDirection":false,"layer":0},{"side":3,"counterClockwiseDirection":false,"layer":0},{"side":3,"counterClockwiseDirection":false,"layer":0}],"totalTime":567.3999999761581,"data":{"metrics":[{"label":"POP_CANDIDATE","totalTime":5.899999916553497,"totalRelativeTime":"1.03%","numOfCalls":28878,"avgTimePerCall":0.00020430777465729958},{"label":"VISISTED_LIST_CHECK","totalTime":66.6000000834465,"totalRelativeTime":"11.73%","numOfCalls":170859,"avgTimePerCall":0.00038979509468887503},{"label":"ADD_TO_VISISTED_LIST_CHECK","totalTime":11.499999940395355,"totalRelativeTime":"2.02%","numOfCalls":24086,"avgTimePerCall":0.00047745578096800446},{"label":"PERFORM_ROTATION","totalTime":205.50000020861626,"totalRelativeTime":"36.21%","numOfCalls":117894,"avgTimePerCall":0.0017430912532327028},{"label":"ADD_CANDIDATE","totalTime":38.59999978542328,"totalRelativeTime":"6.8%","numOfCalls":115532,"avgTimePerCall":0.0003341065660200055},{"label":"MEASUREMENT_OVERHEAD","totalTime":111.89999994635582,"totalRelativeTime":"19.72%","numOfCalls":0,"avgTimePerCall":111.89999994635582},{"label":"NOT_MEASURED","totalTime":127.40000009536743,"totalRelativeTime":"22.45%","numOfCalls":0,"avgTimePerCall":127.40000009536743}],"iterations":12044,"visitedNodes":12044}}}]}