{"timestamp":1680984032267,"shuffle":"38:  L'   R'   D'   B'   F    B'   D    F'   U   2D    L    D'   R'  2F    B'   D'   F'   U    F'  2L    R'  2L    R'   B'   F    U'   R'   D'   F   2D   2B    R   ","solutions":[{"label":"2x2","key":"IDDFS","solution":{"rotations":[{"side":2,"counterClockwiseDirection":true,"layer":0},{"side":3,"counterClockwiseDirection":true,"layer":0},{"side":2,"counterClockwiseDirection":false,"layer":0},{"side":0,"counterClockwiseDirection":false,"layer":0},{"side":3,"counterClockwiseDirection":true,"layer":0},{"side":2,"counterClockwiseDirection":true,"layer":0},{"side":3,"counterClockwiseDirection":true,"layer":0},{"side":2,"counterClockwiseDirection":true,"layer":0},{"side":0,"counterClockwiseDirection":false,"layer":0},{"side":3,"counterClockwiseDirection":false,"layer":0},{"side":2,"counterClockwiseDirection":true,"layer":0},{"side":3,"counterClockwiseDirection":false,"layer":0}],"totalTime":242038.5,"data":{"metrics":[{"label":"PERFORM_ROTATION","totalTime":112802.5000005383,"totalRelativeTime":"46.6%","numOfCalls":95830517,"avgTimePerCall":0.0011771041577552828},{"label":"ADD_CANDIDATE","totalTime":20408.399999642745,"totalRelativeTime":"8.43%","numOfCalls":95830517,"avgTimePerCall":0.0002129634759211697},{"label":"NOT_MEASURED","totalTime":108827.59999981895,"totalRelativeTime":"44.96%","numOfCalls":0,"avgTimePerCall":108827.59999981895}],"visitedNodes":67725922,"iterations":[{"visitedNodes":37,"bound":2},{"visitedNodes":181,"bound":3},{"visitedNodes":877,"bound":4},{"visitedNodes":4237,"bound":5},{"visitedNodes":20461,"bound":6},{"visitedNodes":98797,"bound":7},{"visitedNodes":477037,"bound":8},{"visitedNodes":2303341,"bound":9},{"visitedNodes":11121517,"bound":10},{"visitedNodes":53699437,"bound":11}]}}},{"label":"2x2","key":"IDA*","solution":{"rotations":[{"side":2,"counterClockwiseDirection":true,"layer":0},{"side":3,"counterClockwiseDirection":true,"layer":0},{"side":2,"counterClockwiseDirection":false,"layer":0},{"side":0,"counterClockwiseDirection":false,"layer":0},{"side":3,"counterClockwiseDirection":true,"layer":0},{"side":2,"counterClockwiseDirection":true,"layer":0},{"side":3,"counterClockwiseDirection":true,"layer":0},{"side":2,"counterClockwiseDirection":true,"layer":0},{"side":0,"counterClockwiseDirection":false,"layer":0},{"side":3,"counterClockwiseDirection":false,"layer":0},{"side":2,"counterClockwiseDirection":true,"layer":0},{"side":3,"counterClockwiseDirection":false,"layer":0}],"totalTime":224128.19999999925,"data":{"metrics":[{"label":"PERFORM_ROTATION","totalTime":110147.40000031143,"totalRelativeTime":"49.14%","numOfCalls":92941604,"avgTimePerCall":0.0011851248015938205},{"label":"ADD_CANDIDATE","totalTime":20096.900000184774,"totalRelativeTime":"8.96%","numOfCalls":92941604,"avgTimePerCall":0.00021623147369163949},{"label":"NOT_MEASURED","totalTime":93883.89999950305,"totalRelativeTime":"41.88%","numOfCalls":0,"avgTimePerCall":93883.89999950305}],"visitedNodes":13045294,"iterations":[{"visitedNodes":7,"bound":2},{"visitedNodes":58,"bound":3.25},{"visitedNodes":666,"bound":4.5},{"visitedNodes":4289,"bound":5.75},{"visitedNodes":21557,"bound":7},{"visitedNodes":155434,"bound":8.25},{"visitedNodes":1703105,"bound":9.5},{"visitedNodes":11160178,"bound":10.75}]}}},{"label":"2x2","key":"SA","solution":{"rotations":[{"side":3,"counterClockwiseDirection":false,"layer":0},{"side":0,"counterClockwiseDirection":true,"layer":0},{"side":3,"counterClockwiseDirection":true,"layer":0},{"side":2,"counterClockwiseDirection":false,"layer":0},{"side":3,"counterClockwiseDirection":false,"layer":0},{"side":0,"counterClockwiseDirection":true,"layer":0},{"side":2,"counterClockwiseDirection":true,"layer":0},{"side":0,"counterClockwiseDirection":false,"layer":0},{"side":2,"counterClockwiseDirection":true,"layer":0},{"side":3,"counterClockwiseDirection":true,"layer":0},{"side":2,"counterClockwiseDirection":true,"layer":0},{"side":0,"counterClockwiseDirection":false,"layer":0},{"side":2,"counterClockwiseDirection":false,"layer":0},{"side":3,"counterClockwiseDirection":true,"layer":0},{"side":0,"counterClockwiseDirection":true,"layer":0},{"side":0,"counterClockwiseDirection":true,"layer":0}],"totalTime":184751.59999999963,"data":{"restartCounter":3,"iterations":15642,"metrics":[{"label":"CHECK_SOLUTION","totalTime":9771.600000012666,"totalRelativeTime":"5.28%","numOfCalls":46924860,"avgTimePerCall":0.0002082393000216232},{"label":"APPLYING_ROTATIONS","totalTime":57364.30000043847,"totalRelativeTime":"31.04%","numOfCalls":46924852,"avgTimePerCall":0.001222471623361507},{"label":"COMPUTE_ROTATION","totalTime":10045.200000261888,"totalRelativeTime":"5.43%","numOfCalls":46924852,"avgTimePerCall":0.00021406993463211964},{"label":"CALCULATE_CITIZEN_SCORE","totalTime":20707.70000004396,"totalRelativeTime":"11.2%","numOfCalls":46924852,"avgTimePerCall":0.0004412949453744459},{"label":"AGGREGATE_CURRENT_GENERATION","totalTime":335.9000000078231,"totalRelativeTime":"0.18%","numOfCalls":1564161,"avgTimePerCall":0.00021474771459448428},{"label":"CREATE_NEXT_GENERATION","totalTime":1100.0000000987202,"totalRelativeTime":"0.59%","numOfCalls":15641,"avgTimePerCall":0.07032798415054793},{"label":"MEASUREMENT_OVERHEAD","totalTime":43375.099999815226,"totalRelativeTime":"23.47%","numOfCalls":0,"avgTimePerCall":43375.099999815226},{"label":"NOT_MEASURED","totalTime":42051.79999932088,"totalRelativeTime":"22.76%","numOfCalls":0,"avgTimePerCall":42051.79999932088}]}}},{"label":"2x2","key":"GA","solution":{"rotations":[{"side":3,"counterClockwiseDirection":true,"layer":0},{"side":2,"counterClockwiseDirection":true,"layer":0},{"side":3,"counterClockwiseDirection":true,"layer":0},{"side":2,"counterClockwiseDirection":true,"layer":0},{"side":2,"counterClockwiseDirection":true,"layer":0},{"side":3,"counterClockwiseDirection":true,"layer":0},{"side":0,"counterClockwiseDirection":false,"layer":0},{"side":2,"counterClockwiseDirection":false,"layer":0},{"side":0,"counterClockwiseDirection":false,"layer":0},{"side":0,"counterClockwiseDirection":false,"layer":0},{"side":3,"counterClockwiseDirection":false,"layer":0},{"side":2,"counterClockwiseDirection":true,"layer":0},{"layer":0,"side":0,"counterClockwiseDirection":true},{"side":3,"counterClockwiseDirection":false,"layer":0},{"layer":0,"side":2,"counterClockwiseDirection":false},{"side":0,"counterClockwiseDirection":true,"layer":0}],"totalTime":3206.5999999996275,"data":{"armageddonCounter":0,"generations":326,"metrics":[{"label":"CHECK_SOLUTION","totalTime":169.69999995455146,"totalRelativeTime":"5.29%","numOfCalls":977880,"avgTimePerCall":0.00017353867545563},{"label":"APPLYING_ROTATIONS","totalTime":1015.1000000406057,"totalRelativeTime":"31.65%","numOfCalls":977878,"avgTimePerCall":0.0010380640530215483},{"label":"COMPUTE_GENE","totalTime":164.2999999858439,"totalRelativeTime":"5.12%","numOfCalls":977878,"avgTimePerCall":0.00016801686916552362},{"label":"CALCULATE_CITIZEN_SCORE","totalTime":357.50000003539026,"totalRelativeTime":"11.14%","numOfCalls":977878,"avgTimePerCall":0.0003655875273146448},{"label":"AGGREGATE_CURRENT_GENERATION","totalTime":7.699999995529652,"totalRelativeTime":"0.24%","numOfCalls":32595,"avgTimePerCall":0.00023623255086760705},{"label":"CREATE_NEXT_GENERATION","totalTime":22.50000000372529,"totalRelativeTime":"0.7%","numOfCalls":325,"avgTimePerCall":0.06923076924223166},{"label":"MEASUREMENT_OVERHEAD","totalTime":745.5000000651926,"totalRelativeTime":"23.24%","numOfCalls":0,"avgTimePerCall":745.5000000651926},{"label":"NOT_MEASURED","totalTime":724.2999999187887,"totalRelativeTime":"22.58%","numOfCalls":0,"avgTimePerCall":724.2999999187887}]}}},{"label":"2x2","key":"WA*","solution":{"rotations":[{"side":3,"counterClockwiseDirection":true,"layer":0},{"side":0,"counterClockwiseDirection":true,"layer":0},{"side":3,"counterClockwiseDirection":false,"layer":0},{"side":3,"counterClockwiseDirection":false,"layer":0},{"side":0,"counterClockwiseDirection":true,"layer":0},{"side":0,"counterClockwiseDirection":true,"layer":0},{"side":3,"counterClockwiseDirection":true,"layer":0},{"side":0,"counterClockwiseDirection":false,"layer":0},{"side":2,"counterClockwiseDirection":false,"layer":0},{"side":2,"counterClockwiseDirection":false,"layer":0},{"side":0,"counterClockwiseDirection":true,"layer":0},{"side":2,"counterClockwiseDirection":true,"layer":0},{"side":0,"counterClockwiseDirection":true,"layer":0},{"side":3,"counterClockwiseDirection":true,"layer":0},{"side":2,"counterClockwiseDirection":false,"layer":0},{"side":3,"counterClockwiseDirection":false,"layer":0}],"totalTime":764.3000000007451,"data":{"metrics":[{"label":"ITERATIONS_COUNTER_INCREMENT","totalTime":12.700000002980232,"totalRelativeTime":"1.66%","numOfCalls":66814,"avgTimePerCall":0.00019007992341395864},{"label":"ABORTED_VERIFICATION","totalTime":7.199999995529652,"totalRelativeTime":"0.94%","numOfCalls":33407,"avgTimePerCall":0.0002155236925054525},{"label":"POP_CANDIDATE","totalTime":13.699999993667006,"totalRelativeTime":"1.79%","numOfCalls":33407,"avgTimePerCall":0.00041009369274903483},{"label":"VISISTED_LIST_CHECK","totalTime":56.6999999769032,"totalRelativeTime":"7.41%","numOfCalls":180931,"avgTimePerCall":0.00031337913335416926},{"label":"CHECK_SOLUTION","totalTime":8.000000013038516,"totalRelativeTime":"1.04%","numOfCalls":30946,"avgTimePerCall":0.00025851483270983376},{"label":"ADD_TO_VISISTED_LIST_CHECK","totalTime":7.600000005215406,"totalRelativeTime":"0.99%","numOfCalls":30945,"avgTimePerCall":0.0002455970271518955},{"label":"PERFORM_ROTATION","totalTime":183.79999999515712,"totalRelativeTime":"24.04%","numOfCalls":147524,"avgTimePerCall":0.0012458989723377696},{"label":"HEURISTIC_CALCULATION","totalTime":76.20000000298023,"totalRelativeTime":"9.96%","numOfCalls":147524,"avgTimePerCall":0.0005165261245829847},{"label":"ADD_CANDIDATE","totalTime":46.09999999217689,"totalRelativeTime":"6.03%","numOfCalls":143800,"avgTimePerCall":0.000320584144590938},{"label":"BUILD_SOLUTION","totalTime":0,"totalRelativeTime":"0%","numOfCalls":1,"avgTimePerCall":0},{"label":"MEASUREMENT_OVERHEAD","totalTime":170.0000000167638,"totalRelativeTime":"22.24%","numOfCalls":0,"avgTimePerCall":170.0000000167638},{"label":"NOT_MEASURED","totalTime":182.300000006333,"totalRelativeTime":"23.85%","numOfCalls":0,"avgTimePerCall":182.300000006333}],"visitedNodes":33407,"differentNodes":30946}}},{"label":"2x2","key":"BiBFS","solution":{"rotations":[{"side":3,"counterClockwiseDirection":false,"layer":0},{"side":0,"counterClockwiseDirection":false,"layer":0},{"side":3,"counterClockwiseDirection":true,"layer":0},{"side":2,"counterClockwiseDirection":true,"layer":0},{"side":3,"counterClockwiseDirection":true,"layer":0},{"side":3,"counterClockwiseDirection":true,"layer":0},{"side":0,"counterClockwiseDirection":false,"layer":0},{"side":3,"counterClockwiseDirection":false,"layer":0},{"side":0,"counterClockwiseDirection":true,"layer":0},{"side":2,"counterClockwiseDirection":false,"layer":0},{"side":2,"counterClockwiseDirection":false,"layer":0},{"side":3,"counterClockwiseDirection":false,"layer":0}],"totalTime":264,"data":{"metrics":[{"label":"POP_CANDIDATE","totalTime":22.59999999962747,"totalRelativeTime":"8.56%","numOfCalls":12018,"avgTimePerCall":0.001880512564455606},{"label":"VISISTED_LIST_CHECK","totalTime":25.40000000782311,"totalRelativeTime":"9.62%","numOfCalls":73636,"avgTimePerCall":0.0003449399751184626},{"label":"ADD_TO_VISISTED_LIST_CHECK","totalTime":3.6000000033527613,"totalRelativeTime":"1.36%","numOfCalls":10454,"avgTimePerCall":0.0003443657933186112},{"label":"PERFORM_ROTATION","totalTime":97.5,"totalRelativeTime":"36.93%","numOfCalls":51162,"avgTimePerCall":0.0019057112700832648},{"label":"ADD_CANDIDATE","totalTime":12.499999998137355,"totalRelativeTime":"4.73%","numOfCalls":50126,"avgTimePerCall":0.0002493715835721453},{"label":"MEASUREMENT_OVERHEAD","totalTime":54.500000005587935,"totalRelativeTime":"20.64%","numOfCalls":0,"avgTimePerCall":54.500000005587935},{"label":"NOT_MEASURED","totalTime":47.89999998547137,"totalRelativeTime":"18.14%","numOfCalls":0,"avgTimePerCall":47.89999998547137}],"iterations":5228,"visitedNodes":5228}}}]}