{"timestamp":1680885901497,"shuffle":"39:  R'   B    U'   D'   B'   U'  2B   2D    U    R    B'   R'   L    F   2R    L    D    B    L'   B'   L'   R   2F    R    L    B   2L    R'   U'   D'   B    F'   U    R'  ","solutions":[{"label":"2x2","key":"IDDFS","solution":{"rotations":[{"side":2,"counterClockwiseDirection":true,"layer":0},{"side":2,"counterClockwiseDirection":true,"layer":0},{"side":0,"counterClockwiseDirection":false,"layer":0},{"side":2,"counterClockwiseDirection":false,"layer":0},{"side":3,"counterClockwiseDirection":false,"layer":0},{"side":0,"counterClockwiseDirection":true,"layer":0},{"side":2,"counterClockwiseDirection":false,"layer":0},{"side":0,"counterClockwiseDirection":true,"layer":0},{"side":0,"counterClockwiseDirection":true,"layer":0},{"side":3,"counterClockwiseDirection":true,"layer":0},{"side":2,"counterClockwiseDirection":true,"layer":0},{"side":0,"counterClockwiseDirection":false,"layer":0},{"side":3,"counterClockwiseDirection":true,"layer":0}],"totalTime":922259.5,"data":{"metrics":[{"label":"PERFORM_ROTATION","totalTime":430223.4000328481,"totalRelativeTime":"46.64%","numOfCalls":339462985,"avgTimePerCall":0.0012673646878844482},{"label":"ADD_CANDIDATE","totalTime":76873.39999857545,"totalRelativeTime":"8.33%","numOfCalls":339462985,"avgTimePerCall":0.00022645591241288193},{"label":"NOT_MEASURED","totalTime":415162.69996857643,"totalRelativeTime":"45.01%","numOfCalls":0,"avgTimePerCall":415162.69996857643}],"visitedNodes":327009743,"iterations":[{"visitedNodes":37,"bound":2},{"visitedNodes":181,"bound":3},{"visitedNodes":877,"bound":4},{"visitedNodes":4237,"bound":5},{"visitedNodes":20461,"bound":6},{"visitedNodes":98797,"bound":7},{"visitedNodes":477037,"bound":8},{"visitedNodes":2303341,"bound":9},{"visitedNodes":11121517,"bound":10},{"visitedNodes":53699437,"bound":11},{"visitedNodes":259283821,"bound":12}]}}},{"label":"2x2","key":"IDA*","solution":{"rotations":[{"side":2,"counterClockwiseDirection":true,"layer":0},{"side":2,"counterClockwiseDirection":true,"layer":0},{"side":0,"counterClockwiseDirection":false,"layer":0},{"side":2,"counterClockwiseDirection":false,"layer":0},{"side":3,"counterClockwiseDirection":false,"layer":0},{"side":0,"counterClockwiseDirection":true,"layer":0},{"side":2,"counterClockwiseDirection":false,"layer":0},{"side":0,"counterClockwiseDirection":true,"layer":0},{"side":0,"counterClockwiseDirection":true,"layer":0},{"side":3,"counterClockwiseDirection":true,"layer":0},{"side":2,"counterClockwiseDirection":true,"layer":0},{"side":0,"counterClockwiseDirection":false,"layer":0},{"side":3,"counterClockwiseDirection":true,"layer":0}],"totalTime":963714,"data":{"metrics":[{"label":"PERFORM_ROTATION","totalTime":443498.7000685632,"totalRelativeTime":"46.01%","numOfCalls":357710874,"avgTimePerCall":0.001239824484811617},{"label":"ADD_CANDIDATE","totalTime":82027.00000441074,"totalRelativeTime":"8.51%","numOfCalls":357710874,"avgTimePerCall":0.00022931089314441903},{"label":"CYCLE_AVOIDANCE_CHECK","totalTime":20402.299990326166,"totalRelativeTime":"2.11%","numOfCalls":74086659,"avgTimePerCall":0.0002753842630469565},{"label":"NOT_MEASURED","totalTime":417785.99993669987,"totalRelativeTime":"43.35%","numOfCalls":0,"avgTimePerCall":417785.99993669987}],"visitedNodes":70013788,"iterations":[{"visitedNodes":7,"bound":2},{"visitedNodes":50,"bound":3.25},{"visitedNodes":721,"bound":4.5},{"visitedNodes":4237,"bound":5.75},{"visitedNodes":21679,"bound":7},{"visitedNodes":154528,"bound":8.25},{"visitedNodes":1689601,"bound":9.5},{"visitedNodes":11159281,"bound":10.75},{"visitedNodes":56983684,"bound":12}]}}},{"label":"2x2","key":"GA","solution":{"rotations":[{"side":2,"counterClockwiseDirection":true,"layer":0},{"side":2,"counterClockwiseDirection":true,"layer":0},{"side":0,"counterClockwiseDirection":true,"layer":0},{"side":0,"counterClockwiseDirection":true,"layer":0},{"side":3,"counterClockwiseDirection":false,"layer":0},{"side":0,"counterClockwiseDirection":true,"layer":0},{"side":3,"counterClockwiseDirection":true,"layer":0},{"side":3,"counterClockwiseDirection":true,"layer":0},{"side":0,"counterClockwiseDirection":false,"layer":0},{"side":2,"counterClockwiseDirection":true,"layer":0},{"side":0,"counterClockwiseDirection":true,"layer":0},{"side":3,"counterClockwiseDirection":true,"layer":0},{"side":2,"counterClockwiseDirection":false,"layer":0},{"side":0,"counterClockwiseDirection":false,"layer":0},{"side":3,"counterClockwiseDirection":true,"layer":0},{"side":2,"counterClockwiseDirection":true,"layer":0},{"side":3,"counterClockwiseDirection":true,"layer":0},{"side":0,"counterClockwiseDirection":true,"layer":0},{"side":2,"counterClockwiseDirection":false,"layer":0}],"totalTime":11305.200000017881,"data":{"armageddonCounter":0,"generations":748,"metrics":[{"label":"CHECK_SOLUTION","totalTime":608.4999994039536,"totalRelativeTime":"5.38%","numOfCalls":2242470,"avgTimePerCall":0.00027135257078308897},{"label":"APPLYING_ROTATIONS","totalTime":3604,"totalRelativeTime":"31.87%","numOfCalls":2242463,"avgTimePerCall":0.0016071614113588497},{"label":"COMPUTE_GENE","totalTime":629.3999996781349,"totalRelativeTime":"5.56%","numOfCalls":2242463,"avgTimePerCall":0.0002806735271342871},{"label":"CALCULATE_CITIZEN_SCORE","totalTime":1254.79999640584,"totalRelativeTime":"11.09%","numOfCalls":2242463,"avgTimePerCall":0.0005595632999990814},{"label":"AGGREGATE_CURRENT_GENERATION","totalTime":22.200000047683716,"totalRelativeTime":"0.19%","numOfCalls":74748,"avgTimePerCall":0.00029699791362556476},{"label":"CREATE_NEXT_GENERATION","totalTime":67.00000038743019,"totalRelativeTime":"0.59%","numOfCalls":747,"avgTimePerCall":0.0896921022589427},{"label":"MEASUREMENT_OVERHEAD","totalTime":2545.000003993511,"totalRelativeTime":"22.51%","numOfCalls":0,"avgTimePerCall":2545.000003993511},{"label":"NOT_MEASURED","totalTime":2574.300000101328,"totalRelativeTime":"22.77%","numOfCalls":0,"avgTimePerCall":2574.300000101328}]}}},{"label":"2x2","key":"SA","solution":{"rotations":[{"side":3,"counterClockwiseDirection":true,"layer":0},{"side":0,"counterClockwiseDirection":false,"layer":0},{"side":2,"counterClockwiseDirection":false,"layer":0},{"side":0,"counterClockwiseDirection":false,"layer":0},{"side":3,"counterClockwiseDirection":false,"layer":0},{"side":2,"counterClockwiseDirection":false,"layer":0},{"side":2,"counterClockwiseDirection":false,"layer":0},{"side":0,"counterClockwiseDirection":false,"layer":0},{"side":3,"counterClockwiseDirection":true,"layer":0},{"side":0,"counterClockwiseDirection":false,"layer":0},{"side":3,"counterClockwiseDirection":false,"layer":0},{"side":2,"counterClockwiseDirection":true,"layer":0},{"side":0,"counterClockwiseDirection":true,"layer":0},{"side":3,"counterClockwiseDirection":false,"layer":0},{"side":3,"counterClockwiseDirection":false,"layer":0},{"side":2,"counterClockwiseDirection":false,"layer":0},{"side":3,"counterClockwiseDirection":false,"layer":0}],"totalTime":26757.40000000596,"data":{"restartCounter":0,"iterations":1885,"metrics":[{"label":"CHECK_SOLUTION","totalTime":1458.0000003576279,"totalRelativeTime":"5.44%","numOfCalls":5652810,"avgTimePerCall":0.000257924819754711},{"label":"APPLYING_ROTATIONS","totalTime":8406.799995779991,"totalRelativeTime":"31.41%","numOfCalls":5652805,"avgTimePerCall":0.0014871908717495105},{"label":"COMPUTE_ROTATION","totalTime":1472.8000018894672,"totalRelativeTime":"5.5%","numOfCalls":5652805,"avgTimePerCall":0.0002605432173742889},{"label":"CALCULATE_CITIZEN_SCORE","totalTime":2973.6999953985214,"totalRelativeTime":"11.11%","numOfCalls":5652805,"avgTimePerCall":0.000526057416698174},{"label":"AGGREGATE_CURRENT_GENERATION","totalTime":50.19999986886978,"totalRelativeTime":"0.18%","numOfCalls":188426,"avgTimePerCall":0.00026641758498758015},{"label":"CREATE_NEXT_GENERATION","totalTime":175.69999977946281,"totalRelativeTime":"0.65%","numOfCalls":1884,"avgTimePerCall":0.0932590232375068},{"label":"MEASUREMENT_OVERHEAD","totalTime":5999.30000063777,"totalRelativeTime":"22.42%","numOfCalls":0,"avgTimePerCall":5999.30000063777},{"label":"NOT_MEASURED","totalTime":6220.9000062942505,"totalRelativeTime":"23.24%","numOfCalls":0,"avgTimePerCall":6220.9000062942505}]}}},{"label":"2x2","key":"WA*","solution":{"rotations":[{"side":3,"counterClockwiseDirection":false,"layer":0},{"side":2,"counterClockwiseDirection":false,"layer":0},{"side":0,"counterClockwiseDirection":true,"layer":0},{"side":2,"counterClockwiseDirection":true,"layer":0},{"side":0,"counterClockwiseDirection":true,"layer":0},{"side":3,"counterClockwiseDirection":true,"layer":0},{"side":3,"counterClockwiseDirection":true,"layer":0},{"side":2,"counterClockwiseDirection":true,"layer":0},{"side":2,"counterClockwiseDirection":true,"layer":0},{"side":3,"counterClockwiseDirection":false,"layer":0},{"side":3,"counterClockwiseDirection":false,"layer":0},{"side":2,"counterClockwiseDirection":false,"layer":0},{"side":3,"counterClockwiseDirection":false,"layer":0},{"side":2,"counterClockwiseDirection":true,"layer":0},{"side":3,"counterClockwiseDirection":true,"layer":0}],"totalTime":609.5999999940395,"data":{"metrics":[{"label":"ITERATIONS_COUNTER_INCREMENT","totalTime":13.200000047683716,"totalRelativeTime":"2.16%","numOfCalls":36892,"avgTimePerCall":0.00035780115059318325},{"label":"ABORTED_VERIFICATION","totalTime":4.89999994635582,"totalRelativeTime":"0.8%","numOfCalls":18446,"avgTimePerCall":0.00026564024429989264},{"label":"POP_CANDIDATE","totalTime":12.5,"totalRelativeTime":"2.05%","numOfCalls":18446,"avgTimePerCall":0.0006776536918573133},{"label":"VISISTED_LIST_CHECK","totalTime":48.60000002384186,"totalRelativeTime":"7.97%","numOfCalls":100515,"avgTimePerCall":0.00048350992412915343},{"label":"CHECK_SOLUTION","totalTime":4.799999952316284,"totalRelativeTime":"0.78%","numOfCalls":17222,"avgTimePerCall":0.00027871327095089327},{"label":"ADD_TO_VISISTED_LIST_CHECK","totalTime":7,"totalRelativeTime":"1.14%","numOfCalls":17221,"avgTimePerCall":0.00040648045990360605},{"label":"PERFORM_ROTATION","totalTime":156.70000013709068,"totalRelativeTime":"25.7%","numOfCalls":82069,"avgTimePerCall":0.001909368947313732},{"label":"HEURISTIC_CALCULATION","totalTime":54.09999990463257,"totalRelativeTime":"8.87%","numOfCalls":82069,"avgTimePerCall":0.0006592014025348495},{"label":"ADD_CANDIDATE","totalTime":25.999999821186066,"totalRelativeTime":"4.26%","numOfCalls":80314,"avgTimePerCall":0.0003237293600267209},{"label":"BUILD_SOLUTION","totalTime":0,"totalRelativeTime":"0%","numOfCalls":1,"avgTimePerCall":0},{"label":"MEASUREMENT_OVERHEAD","totalTime":131.69999977946281,"totalRelativeTime":"21.6%","numOfCalls":0,"avgTimePerCall":131.69999977946281},{"label":"NOT_MEASURED","totalTime":150.10000038146973,"totalRelativeTime":"24.62%","numOfCalls":0,"avgTimePerCall":150.10000038146973}],"visitedNodes":18446,"differentNodes":17222}}},{"label":"2x2","key":"BiBFS","solution":{"rotations":[{"side":3,"counterClockwiseDirection":true,"layer":0},{"side":3,"counterClockwiseDirection":true,"layer":0},{"side":0,"counterClockwiseDirection":true,"layer":0},{"side":2,"counterClockwiseDirection":true,"layer":0},{"side":0,"counterClockwiseDirection":true,"layer":0},{"side":2,"counterClockwiseDirection":false,"layer":0},{"side":0,"counterClockwiseDirection":true,"layer":0},{"side":3,"counterClockwiseDirection":false,"layer":0},{"side":3,"counterClockwiseDirection":false,"layer":0},{"side":2,"counterClockwiseDirection":false,"layer":0},{"side":0,"counterClockwiseDirection":true,"layer":0},{"side":2,"counterClockwiseDirection":true,"layer":0},{"side":3,"counterClockwiseDirection":false,"layer":0}],"totalTime":620.7999999821186,"data":{"metrics":[{"label":"POP_CANDIDATE","totalTime":9,"totalRelativeTime":"1.44%","numOfCalls":29236,"avgTimePerCall":0.0003078396497468874},{"label":"VISISTED_LIST_CHECK","totalTime":67.19999977946281,"totalRelativeTime":"10.82%","numOfCalls":173140,"avgTimePerCall":0.00038812521531398183},{"label":"ADD_TO_VISISTED_LIST_CHECK","totalTime":9.100000023841858,"totalRelativeTime":"1.46%","numOfCalls":24412,"avgTimePerCall":0.00037276749237431827},{"label":"PERFORM_ROTATION","totalTime":246.2999994456768,"totalRelativeTime":"39.67%","numOfCalls":119490,"avgTimePerCall":0.0020612603518761134},{"label":"ADD_CANDIDATE","totalTime":35.20000001788139,"totalRelativeTime":"5.67%","numOfCalls":116974,"avgTimePerCall":0.00030092157246808173},{"label":"MEASUREMENT_OVERHEAD","totalTime":122.90000003576279,"totalRelativeTime":"19.79%","numOfCalls":0,"avgTimePerCall":122.90000003576279},{"label":"NOT_MEASURED","totalTime":131.10000067949295,"totalRelativeTime":"21.11%","numOfCalls":0,"avgTimePerCall":131.10000067949295}],"iterations":12207,"visitedNodes":12207}}}]}