{"timestamp":1680983437170,"shuffle":"33: 2U    D    R'   D'   R    B    F    B'   U    F   2D    L    B    F    R    F    B   2L   2U    D    R'   D'  2L    R    L    F    L'   R   ","solutions":[{"label":"2x2","key":"IDDFS","solution":{"rotations":[{"side":2,"counterClockwiseDirection":true,"layer":0},{"side":0,"counterClockwiseDirection":true,"layer":0},{"side":2,"counterClockwiseDirection":false,"layer":0},{"side":3,"counterClockwiseDirection":true,"layer":0},{"side":0,"counterClockwiseDirection":false,"layer":0},{"side":3,"counterClockwiseDirection":true,"layer":0},{"side":2,"counterClockwiseDirection":false,"layer":0},{"side":0,"counterClockwiseDirection":true,"layer":0},{"side":3,"counterClockwiseDirection":true,"layer":0},{"side":2,"counterClockwiseDirection":true,"layer":0},{"side":0,"counterClockwiseDirection":true,"layer":0}],"totalTime":44741.5,"data":{"metrics":[{"label":"PERFORM_ROTATION","totalTime":20991.099999954924,"totalRelativeTime":"46.91%","numOfCalls":16230799,"avgTimePerCall":0.0012932881492744087},{"label":"ADD_CANDIDATE","totalTime":3750.299999702722,"totalRelativeTime":"8.38%","numOfCalls":16230799,"avgTimePerCall":0.00023106071362862185},{"label":"NOT_MEASURED","totalTime":20000.100000342354,"totalRelativeTime":"44.7%","numOfCalls":0,"avgTimePerCall":20000.100000342354}],"visitedNodes":14026485,"iterations":[{"visitedNodes":37,"bound":2},{"visitedNodes":181,"bound":3},{"visitedNodes":877,"bound":4},{"visitedNodes":4237,"bound":5},{"visitedNodes":20461,"bound":6},{"visitedNodes":98797,"bound":7},{"visitedNodes":477037,"bound":8},{"visitedNodes":2303341,"bound":9},{"visitedNodes":11121517,"bound":10}]}}},{"label":"2x2","key":"IDA*","solution":{"rotations":[{"side":2,"counterClockwiseDirection":true,"layer":0},{"side":0,"counterClockwiseDirection":true,"layer":0},{"side":2,"counterClockwiseDirection":false,"layer":0},{"side":3,"counterClockwiseDirection":true,"layer":0},{"side":0,"counterClockwiseDirection":false,"layer":0},{"side":3,"counterClockwiseDirection":true,"layer":0},{"side":2,"counterClockwiseDirection":false,"layer":0},{"side":0,"counterClockwiseDirection":true,"layer":0},{"side":3,"counterClockwiseDirection":true,"layer":0},{"side":2,"counterClockwiseDirection":true,"layer":0},{"side":0,"counterClockwiseDirection":true,"layer":0}],"totalTime":30494.5,"data":{"metrics":[{"label":"PERFORM_ROTATION","totalTime":15058.300000431016,"totalRelativeTime":"49.38%","numOfCalls":11200203,"avgTimePerCall":0.001344466703008063},{"label":"ADD_CANDIDATE","totalTime":2714.5999998115003,"totalRelativeTime":"8.9%","numOfCalls":11200203,"avgTimePerCall":0.0002423706070159175},{"label":"NOT_MEASURED","totalTime":12721.599999757484,"totalRelativeTime":"41.71%","numOfCalls":0,"avgTimePerCall":12721.599999757484}],"visitedNodes":1861701,"iterations":[{"visitedNodes":7,"bound":2},{"visitedNodes":42,"bound":3.25},{"visitedNodes":615,"bound":4.5},{"visitedNodes":4242,"bound":5.75},{"visitedNodes":21118,"bound":7},{"visitedNodes":148405,"bound":8.25},{"visitedNodes":1687272,"bound":9.5}]}}},{"label":"2x2","key":"SA","solution":{"rotations":[{"side":0,"counterClockwiseDirection":false,"layer":0},{"side":2,"counterClockwiseDirection":true,"layer":0},{"side":2,"counterClockwiseDirection":true,"layer":0},{"side":3,"counterClockwiseDirection":false,"layer":0},{"side":3,"counterClockwiseDirection":false,"layer":0},{"side":2,"counterClockwiseDirection":true,"layer":0},{"side":3,"counterClockwiseDirection":true,"layer":0},{"side":3,"counterClockwiseDirection":true,"layer":0},{"side":2,"counterClockwiseDirection":false,"layer":0},{"side":2,"counterClockwiseDirection":false,"layer":0},{"side":0,"counterClockwiseDirection":true,"layer":0},{"side":3,"counterClockwiseDirection":true,"layer":0},{"side":2,"counterClockwiseDirection":true,"layer":0},{"side":0,"counterClockwiseDirection":true,"layer":0},{"side":3,"counterClockwiseDirection":true,"layer":0},{"side":2,"counterClockwiseDirection":false,"layer":0},{"side":3,"counterClockwiseDirection":false,"layer":0},{"side":2,"counterClockwiseDirection":true,"layer":0},{"side":3,"counterClockwiseDirection":false,"layer":0}],"totalTime":202175.59999999963,"data":{"restartCounter":4,"iterations":21626,"metrics":[{"label":"CHECK_SOLUTION","totalTime":10442.399999577552,"totalRelativeTime":"5.16%","numOfCalls":64877340,"avgTimePerCall":0.00016095604412230143},{"label":"APPLYING_ROTATIONS","totalTime":64348.200000014156,"totalRelativeTime":"31.82%","numOfCalls":64877339,"avgTimePerCall":0.0009918440088921366},{"label":"COMPUTE_ROTATION","totalTime":10796.499999860302,"totalRelativeTime":"5.34%","numOfCalls":64877339,"avgTimePerCall":0.00016641403865007938},{"label":"CALCULATE_CITIZEN_SCORE","totalTime":22327.399998655543,"totalRelativeTime":"11.04%","numOfCalls":64877339,"avgTimePerCall":0.00034414790037328043},{"label":"AGGREGATE_CURRENT_GENERATION","totalTime":378.0000001061708,"totalRelativeTime":"0.18%","numOfCalls":2162577,"avgTimePerCall":0.0001747914641218189},{"label":"CREATE_NEXT_GENERATION","totalTime":1310.5999999660999,"totalRelativeTime":"0.64%","numOfCalls":21625,"avgTimePerCall":0.06060578034525317},{"label":"MEASUREMENT_OVERHEAD","totalTime":47164.19999791123,"totalRelativeTime":"23.32%","numOfCalls":0,"avgTimePerCall":47164.19999791123},{"label":"NOT_MEASURED","totalTime":45408.300003908575,"totalRelativeTime":"22.45%","numOfCalls":0,"avgTimePerCall":45408.300003908575}]}}},{"label":"2x2","key":"GA","solution":{"rotations":[{"side":0,"counterClockwiseDirection":false,"layer":0},{"side":3,"counterClockwiseDirection":false,"layer":0},{"side":2,"counterClockwiseDirection":true,"layer":0},{"side":2,"counterClockwiseDirection":true,"layer":0},{"side":3,"counterClockwiseDirection":false,"layer":0},{"side":0,"counterClockwiseDirection":true,"layer":0},{"side":2,"counterClockwiseDirection":true,"layer":0},{"side":3,"counterClockwiseDirection":true,"layer":0},{"side":0,"counterClockwiseDirection":false,"layer":0},{"side":3,"counterClockwiseDirection":true,"layer":0},{"side":2,"counterClockwiseDirection":true,"layer":0},{"side":0,"counterClockwiseDirection":true,"layer":0},{"side":2,"counterClockwiseDirection":false,"layer":0},{"side":3,"counterClockwiseDirection":true,"layer":0},{"side":0,"counterClockwiseDirection":true,"layer":0},{"side":3,"counterClockwiseDirection":true,"layer":0},{"side":0,"counterClockwiseDirection":true,"layer":0},{"side":3,"counterClockwiseDirection":false,"layer":0},{"side":0,"counterClockwiseDirection":false,"layer":0}],"totalTime":34595.09999999963,"data":{"armageddonCounter":0,"generations":2654,"metrics":[{"label":"CHECK_SOLUTION","totalTime":1796.3000000230968,"totalRelativeTime":"5.19%","numOfCalls":7959930,"avgTimePerCall":0.00022566781366457957},{"label":"APPLYING_ROTATIONS","totalTime":11013.29999990575,"totalRelativeTime":"31.83%","numOfCalls":7959929,"avgTimePerCall":0.00138359274308926},{"label":"COMPUTE_GENE","totalTime":1864.8000001963228,"totalRelativeTime":"5.39%","numOfCalls":7959929,"avgTimePerCall":0.00023427344643354517},{"label":"CALCULATE_CITIZEN_SCORE","totalTime":3856.500000078231,"totalRelativeTime":"11.14%","numOfCalls":7959929,"avgTimePerCall":0.0004844892460822491},{"label":"AGGREGATE_CURRENT_GENERATION","totalTime":64.8999999910593,"totalRelativeTime":"0.18%","numOfCalls":265330,"avgTimePerCall":0.00024460106279372595},{"label":"CREATE_NEXT_GENERATION","totalTime":218.7999999858439,"totalRelativeTime":"0.63%","numOfCalls":2653,"avgTimePerCall":0.08247267244095134},{"label":"MEASUREMENT_OVERHEAD","totalTime":7871.799999764189,"totalRelativeTime":"22.75%","numOfCalls":0,"avgTimePerCall":7871.799999764189},{"label":"NOT_MEASURED","totalTime":7908.700000055134,"totalRelativeTime":"22.86%","numOfCalls":0,"avgTimePerCall":7908.700000055134}]}}},{"label":"2x2","key":"WA*","solution":{"rotations":[{"side":3,"counterClockwiseDirection":false,"layer":0},{"side":2,"counterClockwiseDirection":true,"layer":0},{"side":0,"counterClockwiseDirection":true,"layer":0},{"side":3,"counterClockwiseDirection":false,"layer":0},{"side":3,"counterClockwiseDirection":false,"layer":0},{"side":0,"counterClockwiseDirection":false,"layer":0},{"side":0,"counterClockwiseDirection":false,"layer":0},{"side":3,"counterClockwiseDirection":true,"layer":0},{"side":0,"counterClockwiseDirection":true,"layer":0},{"side":2,"counterClockwiseDirection":true,"layer":0},{"side":0,"counterClockwiseDirection":true,"layer":0},{"side":2,"counterClockwiseDirection":false,"layer":0},{"side":3,"counterClockwiseDirection":false,"layer":0},{"side":2,"counterClockwiseDirection":false,"layer":0},{"side":3,"counterClockwiseDirection":false,"layer":0},{"side":3,"counterClockwiseDirection":false,"layer":0},{"side":2,"counterClockwiseDirection":true,"layer":0}],"totalTime":1154.5,"data":{"metrics":[{"label":"ITERATIONS_COUNTER_INCREMENT","totalTime":18.900000005960464,"totalRelativeTime":"1.63%","numOfCalls":101310,"avgTimePerCall":0.00018655611495371104},{"label":"ABORTED_VERIFICATION","totalTime":10.499999994412065,"totalRelativeTime":"0.9%","numOfCalls":50655,"avgTimePerCall":0.0002072845719951054},{"label":"POP_CANDIDATE","totalTime":25.50000001117587,"totalRelativeTime":"2.2%","numOfCalls":50655,"avgTimePerCall":0.000503405389619502},{"label":"VISISTED_LIST_CHECK","totalTime":98.90000000596046,"totalRelativeTime":"8.56%","numOfCalls":273402,"avgTimePerCall":0.00036173839257196534},{"label":"CHECK_SOLUTION","totalTime":9.200000016018748,"totalRelativeTime":"0.79%","numOfCalls":46703,"avgTimePerCall":0.00019698948709973124},{"label":"ADD_TO_VISISTED_LIST_CHECK","totalTime":11.09999999590218,"totalRelativeTime":"0.96%","numOfCalls":46702,"avgTimePerCall":0.0002376771871847497},{"label":"PERFORM_ROTATION","totalTime":289.0999999381602,"totalRelativeTime":"25.04%","numOfCalls":222747,"avgTimePerCall":0.0012978850441898665},{"label":"HEURISTIC_CALCULATION","totalTime":106.90000000596046,"totalRelativeTime":"9.25%","numOfCalls":222747,"avgTimePerCall":0.0004799166767945717},{"label":"ADD_CANDIDATE","totalTime":60.000000013038516,"totalRelativeTime":"5.19%","numOfCalls":216106,"avgTimePerCall":0.00027764152782911404},{"label":"BUILD_SOLUTION","totalTime":0.09999999962747097,"totalRelativeTime":"0%","numOfCalls":1,"avgTimePerCall":0.09999999962747097},{"label":"MEASUREMENT_OVERHEAD","totalTime":246.30000003241003,"totalRelativeTime":"21.33%","numOfCalls":0,"avgTimePerCall":246.30000003241003},{"label":"NOT_MEASURED","totalTime":277.99999998137355,"totalRelativeTime":"24.07%","numOfCalls":0,"avgTimePerCall":277.99999998137355}],"visitedNodes":50655,"differentNodes":46703}}},{"label":"2x2","key":"BiBFS","solution":{"rotations":[{"side":0,"counterClockwiseDirection":false,"layer":0},{"side":2,"counterClockwiseDirection":false,"layer":0},{"side":0,"counterClockwiseDirection":true,"layer":0},{"side":3,"counterClockwiseDirection":false,"layer":0},{"side":2,"counterClockwiseDirection":true,"layer":0},{"side":0,"counterClockwiseDirection":false,"layer":0},{"side":3,"counterClockwiseDirection":true,"layer":0},{"side":0,"counterClockwiseDirection":false,"layer":0},{"side":0,"counterClockwiseDirection":false,"layer":0},{"side":3,"counterClockwiseDirection":false,"layer":0},{"side":3,"counterClockwiseDirection":false,"layer":0}],"totalTime":133.5,"data":{"metrics":[{"label":"POP_CANDIDATE","totalTime":1.900000000372529,"totalRelativeTime":"1.42%","numOfCalls":6848,"avgTimePerCall":0.0002774532710824371},{"label":"VISISTED_LIST_CHECK","totalTime":12.399999992921948,"totalRelativeTime":"9.28%","numOfCalls":42091,"avgTimePerCall":0.0002945997955126262},{"label":"ADD_TO_VISISTED_LIST_CHECK","totalTime":1.5,"totalRelativeTime":"1.12%","numOfCalls":5978,"avgTimePerCall":0.00025092004014720643},{"label":"PERFORM_ROTATION","totalTime":45.59999999590218,"totalRelativeTime":"34.15%","numOfCalls":29264,"avgTimePerCall":0.0015582285400458646},{"label":"ADD_CANDIDATE","totalTime":10.300000004470348,"totalRelativeTime":"7.71%","numOfCalls":28992,"avgTimePerCall":0.000355270419580241},{"label":"MEASUREMENT_OVERHEAD","totalTime":28.50000001117587,"totalRelativeTime":"21.34%","numOfCalls":0,"avgTimePerCall":28.50000001117587},{"label":"NOT_MEASURED","totalTime":33.29999999515712,"totalRelativeTime":"24.94%","numOfCalls":0,"avgTimePerCall":33.29999999515712}],"iterations":2990,"visitedNodes":2990}}}]}