{"timestamp":1680884434340,"shuffle":"39:  U'  2F   2R    U    R'   L'   D    U'   D    B'   D    B    U'   D    R    F'  2D    F    B'  2D    F    U'   R    F    R'   F    L    B    L   2U    B    D'   F'   L'  ","solutions":[{"label":"2x2","key":"IDDFS","solution":{"rotations":[{"side":2,"counterClockwiseDirection":false,"layer":0},{"side":0,"counterClockwiseDirection":false,"layer":0},{"side":3,"counterClockwiseDirection":true,"layer":0},{"side":0,"counterClockwiseDirection":false,"layer":0},{"side":3,"counterClockwiseDirection":true,"layer":0},{"side":0,"counterClockwiseDirection":true,"layer":0},{"side":2,"counterClockwiseDirection":true,"layer":0},{"side":0,"counterClockwiseDirection":false,"layer":0},{"side":2,"counterClockwiseDirection":true,"layer":0}],"totalTime":3093,"data":{"metrics":[{"label":"PERFORM_ROTATION","totalTime":1440.4000009298325,"totalRelativeTime":"46.56%","numOfCalls":1190014,"avgTimePerCall":0.0012104059287788484},{"label":"ADD_CANDIDATE","totalTime":264.3000006079674,"totalRelativeTime":"8.54%","numOfCalls":1190014,"avgTimePerCall":0.00022209822792670285},{"label":"NOT_MEASURED","totalTime":1388.2999984622002,"totalRelativeTime":"44.88%","numOfCalls":0,"avgTimePerCall":1388.2999984622002}],"visitedNodes":601627,"iterations":[{"visitedNodes":37,"bound":2},{"visitedNodes":181,"bound":3},{"visitedNodes":877,"bound":4},{"visitedNodes":4237,"bound":5},{"visitedNodes":20461,"bound":6},{"visitedNodes":98797,"bound":7},{"visitedNodes":477037,"bound":8}]}}},{"label":"2x2","key":"IDA*","solution":{"rotations":[{"side":2,"counterClockwiseDirection":false,"layer":0},{"side":0,"counterClockwiseDirection":false,"layer":0},{"side":3,"counterClockwiseDirection":true,"layer":0},{"side":0,"counterClockwiseDirection":false,"layer":0},{"side":3,"counterClockwiseDirection":true,"layer":0},{"side":0,"counterClockwiseDirection":true,"layer":0},{"side":2,"counterClockwiseDirection":true,"layer":0},{"side":0,"counterClockwiseDirection":false,"layer":0},{"side":2,"counterClockwiseDirection":true,"layer":0}],"totalTime":6690,"data":{"metrics":[{"label":"PERFORM_ROTATION","totalTime":3165.1999995708466,"totalRelativeTime":"47.31%","numOfCalls":2941158,"avgTimePerCall":0.0010761747582315696},{"label":"ADD_CANDIDATE","totalTime":564.2999995052814,"totalRelativeTime":"8.43%","numOfCalls":2941158,"avgTimePerCall":0.0001918632047327214},{"label":"CYCLE_AVOIDANCE_CHECK","totalTime":133.49999997019768,"totalRelativeTime":"1.99%","numOfCalls":609129,"avgTimePerCall":0.00021916539841346854},{"label":"NOT_MEASURED","totalTime":2827.0000009536743,"totalRelativeTime":"42.25%","numOfCalls":0,"avgTimePerCall":2827.0000009536743}],"visitedNodes":171621,"iterations":[{"visitedNodes":7,"bound":2},{"visitedNodes":42,"bound":3.25},{"visitedNodes":599,"bound":4.5},{"visitedNodes":4237,"bound":5.75},{"visitedNodes":21140,"bound":7},{"visitedNodes":145596,"bound":8.25}]}}},{"label":"2x2","key":"GA","solution":{"rotations":[{"side":3,"counterClockwiseDirection":true,"layer":0},{"side":2,"counterClockwiseDirection":false,"layer":0},{"side":2,"counterClockwiseDirection":false,"layer":0},{"side":3,"counterClockwiseDirection":true,"layer":0},{"side":0,"counterClockwiseDirection":true,"layer":0},{"side":2,"counterClockwiseDirection":true,"layer":0},{"side":3,"counterClockwiseDirection":false,"layer":0},{"side":3,"counterClockwiseDirection":false,"layer":0},{"side":0,"counterClockwiseDirection":false,"layer":0},{"side":2,"counterClockwiseDirection":false,"layer":0},{"side":2,"counterClockwiseDirection":false,"layer":0},{"side":0,"counterClockwiseDirection":true,"layer":0},{"side":3,"counterClockwiseDirection":false,"layer":0},{"layer":0,"side":2,"counterClockwiseDirection":false},{"side":3,"counterClockwiseDirection":true,"layer":0},{"side":0,"counterClockwiseDirection":true,"layer":0},{"side":3,"counterClockwiseDirection":true,"layer":0},{"side":3,"counterClockwiseDirection":true,"layer":0},{"side":2,"counterClockwiseDirection":false,"layer":0}],"totalTime":31121.5,"data":{"armageddonCounter":0,"generations":3365,"metrics":[{"label":"CHECK_SOLUTION","totalTime":1671.2000002264977,"totalRelativeTime":"5.36%","numOfCalls":10094190,"avgTimePerCall":0.00016556058487372417},{"label":"APPLYING_ROTATIONS","totalTime":9910.600000858307,"totalRelativeTime":"31.84%","numOfCalls":10094185,"avgTimePerCall":0.0009818127962642161},{"label":"COMPUTE_GENE","totalTime":1701.2999985218048,"totalRelativeTime":"5.46%","numOfCalls":10094185,"avgTimePerCall":0.00016854258154787186},{"label":"CALCULATE_CITIZEN_SCORE","totalTime":3422.3999978899956,"totalRelativeTime":"10.99%","numOfCalls":10094185,"avgTimePerCall":0.00033904668855286443},{"label":"AGGREGATE_CURRENT_GENERATION","totalTime":55.20000010728836,"totalRelativeTime":"0.17%","numOfCalls":336472,"avgTimePerCall":0.00016405525603107647},{"label":"CREATE_NEXT_GENERATION","totalTime":186.6000002026558,"totalRelativeTime":"0.59%","numOfCalls":3364,"avgTimePerCall":0.05546967901386914},{"label":"MEASUREMENT_OVERHEAD","totalTime":7065.300001442432,"totalRelativeTime":"22.7%","numOfCalls":0,"avgTimePerCall":7065.300001442432},{"label":"NOT_MEASURED","totalTime":7108.9000007510185,"totalRelativeTime":"22.84%","numOfCalls":0,"avgTimePerCall":7108.9000007510185}]}}},{"label":"2x2","key":"SA","solution":{"rotations":[{"side":2,"counterClockwiseDirection":false,"layer":0},{"side":3,"counterClockwiseDirection":true,"layer":0},{"side":0,"counterClockwiseDirection":true,"layer":0},{"side":2,"counterClockwiseDirection":true,"layer":0},{"side":3,"counterClockwiseDirection":true,"layer":0},{"side":0,"counterClockwiseDirection":true,"layer":0},{"side":2,"counterClockwiseDirection":false,"layer":0},{"side":0,"counterClockwiseDirection":false,"layer":0},{"side":3,"counterClockwiseDirection":false,"layer":0},{"side":0,"counterClockwiseDirection":false,"layer":0},{"side":3,"counterClockwiseDirection":false,"layer":0},{"side":0,"counterClockwiseDirection":false,"layer":0},{"side":3,"counterClockwiseDirection":true,"layer":0},{"side":3,"counterClockwiseDirection":true,"layer":0},{"side":2,"counterClockwiseDirection":true,"layer":0},{"side":0,"counterClockwiseDirection":false,"layer":0},{"side":3,"counterClockwiseDirection":true,"layer":0},{"side":2,"counterClockwiseDirection":true,"layer":0},{"side":3,"counterClockwiseDirection":false,"layer":0}],"totalTime":113631.70000001788,"data":{"restartCounter":2,"iterations":12963,"metrics":[{"label":"CHECK_SOLUTION","totalTime":6165.899999290705,"totalRelativeTime":"5.42%","numOfCalls":38888310,"avgTimePerCall":0.00015855407445812647},{"label":"APPLYING_ROTATIONS","totalTime":36290.40000137687,"totalRelativeTime":"31.93%","numOfCalls":38888305,"avgTimePerCall":0.0009331957255883708},{"label":"COMPUTE_ROTATION","totalTime":6249.099993944168,"totalRelativeTime":"5.49%","numOfCalls":38888305,"avgTimePerCall":0.0001606935554003747},{"label":"CALCULATE_CITIZEN_SCORE","totalTime":12446.600007891655,"totalRelativeTime":"10.95%","numOfCalls":38888305,"avgTimePerCall":0.00032006023425015963},{"label":"AGGREGATE_CURRENT_GENERATION","totalTime":208.19999942183495,"totalRelativeTime":"0.18%","numOfCalls":1296276,"avgTimePerCall":0.00016061394288086406},{"label":"CREATE_NEXT_GENERATION","totalTime":840.6000001132488,"totalRelativeTime":"0.73%","numOfCalls":12962,"avgTimePerCall":0.06485110323354798},{"label":"MEASUREMENT_OVERHEAD","totalTime":25520.900014311075,"totalRelativeTime":"22.45%","numOfCalls":0,"avgTimePerCall":25520.900014311075},{"label":"NOT_MEASURED","totalTime":25909.999983668327,"totalRelativeTime":"22.8%","numOfCalls":0,"avgTimePerCall":25909.999983668327}]}}},{"label":"2x2","key":"WA*","solution":{"rotations":[{"side":2,"counterClockwiseDirection":true,"layer":0},{"side":0,"counterClockwiseDirection":false,"layer":0},{"side":3,"counterClockwiseDirection":false,"layer":0},{"side":3,"counterClockwiseDirection":false,"layer":0},{"side":0,"counterClockwiseDirection":false,"layer":0},{"side":3,"counterClockwiseDirection":true,"layer":0},{"side":2,"counterClockwiseDirection":true,"layer":0},{"side":2,"counterClockwiseDirection":true,"layer":0},{"side":3,"counterClockwiseDirection":false,"layer":0},{"side":0,"counterClockwiseDirection":false,"layer":0},{"side":2,"counterClockwiseDirection":false,"layer":0},{"side":0,"counterClockwiseDirection":false,"layer":0},{"side":2,"counterClockwiseDirection":true,"layer":0},{"side":0,"counterClockwiseDirection":false,"layer":0},{"side":0,"counterClockwiseDirection":false,"layer":0},{"side":2,"counterClockwiseDirection":true,"layer":0},{"side":0,"counterClockwiseDirection":true,"layer":0},{"side":0,"counterClockwiseDirection":true,"layer":0},{"side":2,"counterClockwiseDirection":false,"layer":0}],"totalTime":2225.800000011921,"data":{"metrics":[{"label":"ITERATIONS_COUNTER_INCREMENT","totalTime":36.30000004172325,"totalRelativeTime":"1.63%","numOfCalls":183652,"avgTimePerCall":0.0001976564374018429},{"label":"ABORTED_VERIFICATION","totalTime":18.599999964237213,"totalRelativeTime":"0.83%","numOfCalls":91826,"avgTimePerCall":0.00020255700960770603},{"label":"POP_CANDIDATE","totalTime":49.00000008940697,"totalRelativeTime":"2.2%","numOfCalls":91826,"avgTimePerCall":0.0005336179305360896},{"label":"VISISTED_LIST_CHECK","totalTime":185.6000000834465,"totalRelativeTime":"8.33%","numOfCalls":491251,"avgTimePerCall":0.0003778109359236857},{"label":"CHECK_SOLUTION","totalTime":14.899999856948853,"totalRelativeTime":"0.66%","numOfCalls":83664,"avgTimePerCall":0.00017809332397385796},{"label":"ADD_TO_VISISTED_LIST_CHECK","totalTime":22.599999874830246,"totalRelativeTime":"1.01%","numOfCalls":83663,"avgTimePerCall":0.00027013135884238246},{"label":"PERFORM_ROTATION","totalTime":576.5000003576279,"totalRelativeTime":"25.9%","numOfCalls":399425,"avgTimePerCall":0.0014433247802657016},{"label":"HEURISTIC_CALCULATION","totalTime":251.50000068545341,"totalRelativeTime":"11.29%","numOfCalls":399425,"avgTimePerCall":0.0006296551309643948},{"label":"ADD_CANDIDATE","totalTime":99.90000000596046,"totalRelativeTime":"4.48%","numOfCalls":383780,"avgTimePerCall":0.00026030538330804227},{"label":"BUILD_SOLUTION","totalTime":0,"totalRelativeTime":"0%","numOfCalls":1,"avgTimePerCall":0},{"label":"MEASUREMENT_OVERHEAD","totalTime":476.79999881982803,"totalRelativeTime":"21.42%","numOfCalls":0,"avgTimePerCall":476.79999881982803},{"label":"NOT_MEASURED","totalTime":494.1000002324581,"totalRelativeTime":"22.19%","numOfCalls":0,"avgTimePerCall":494.1000002324581}],"visitedNodes":91826,"differentNodes":83664}}},{"label":"2x2","key":"BiBFS","solution":{"rotations":[{"side":2,"counterClockwiseDirection":false,"layer":0},{"side":0,"counterClockwiseDirection":false,"layer":0},{"side":3,"counterClockwiseDirection":true,"layer":0},{"side":0,"counterClockwiseDirection":false,"layer":0},{"side":3,"counterClockwiseDirection":true,"layer":0},{"side":0,"counterClockwiseDirection":true,"layer":0},{"side":2,"counterClockwiseDirection":true,"layer":0},{"side":0,"counterClockwiseDirection":false,"layer":0},{"side":2,"counterClockwiseDirection":true,"layer":0}],"totalTime":151.19999998807907,"data":{"metrics":[{"label":"POP_CANDIDATE","totalTime":1.3000000715255737,"totalRelativeTime":"0.85%","numOfCalls":6564,"avgTimePerCall":0.0001980499804274183},{"label":"VISISTED_LIST_CHECK","totalTime":14.099999904632568,"totalRelativeTime":"9.32%","numOfCalls":40489,"avgTimePerCall":0.00034824273023864675},{"label":"ADD_TO_VISISTED_LIST_CHECK","totalTime":2,"totalRelativeTime":"1.32%","numOfCalls":5754,"avgTimePerCall":0.0003475842891901286},{"label":"PERFORM_ROTATION","totalTime":64.7000000178814,"totalRelativeTime":"42.79%","numOfCalls":28170,"avgTimePerCall":0.00229676961369831},{"label":"ADD_CANDIDATE","totalTime":8.300000041723251,"totalRelativeTime":"5.48%","numOfCalls":27930,"avgTimePerCall":0.00029717150167286974},{"label":"MEASUREMENT_OVERHEAD","totalTime":28.80000001192093,"totalRelativeTime":"19.04%","numOfCalls":0,"avgTimePerCall":28.80000001192093},{"label":"NOT_MEASURED","totalTime":31.999999940395355,"totalRelativeTime":"21.16%","numOfCalls":0,"avgTimePerCall":31.999999940395355}],"iterations":2878,"visitedNodes":2878}}}]}