{"timestamp":1680889913522,"shuffle":"31: 2F    R    B'   F'   D    B'   F    D    U    D   2L    F'   B    F'   D'   U'   L   2R    U'   R    F'   R    U'   D    L'   D    F'   B   ","solutions":[{"label":"2x2","key":"IDDFS","solution":{"rotations":[{"side":2,"counterClockwiseDirection":true,"layer":0},{"side":0,"counterClockwiseDirection":false,"layer":0},{"side":2,"counterClockwiseDirection":false,"layer":0},{"side":3,"counterClockwiseDirection":true,"layer":0},{"side":0,"counterClockwiseDirection":false,"layer":0},{"side":2,"counterClockwiseDirection":true,"layer":0},{"side":0,"counterClockwiseDirection":true,"layer":0},{"side":0,"counterClockwiseDirection":true,"layer":0},{"side":3,"counterClockwiseDirection":false,"layer":0}],"totalTime":2384.5999999940395,"data":{"metrics":[{"label":"PERFORM_ROTATION","totalTime":1009.0999992489815,"totalRelativeTime":"42.31%","numOfCalls":775290,"avgTimePerCall":0.0013015774732667536},{"label":"ADD_CANDIDATE","totalTime":169.10000064969063,"totalRelativeTime":"7.09%","numOfCalls":775290,"avgTimePerCall":0.00021811193314719734},{"label":"NOT_MEASURED","totalTime":1206.4000000953674,"totalRelativeTime":"50.59%","numOfCalls":0,"avgTimePerCall":1206.4000000953674}],"visitedNodes":601627,"iterations":[{"visitedNodes":37,"bound":2},{"visitedNodes":181,"bound":3},{"visitedNodes":877,"bound":4},{"visitedNodes":4237,"bound":5},{"visitedNodes":20461,"bound":6},{"visitedNodes":98797,"bound":7},{"visitedNodes":477037,"bound":8}]}}},{"label":"2x2","key":"IDA*","solution":{"rotations":[{"side":2,"counterClockwiseDirection":true,"layer":0},{"side":0,"counterClockwiseDirection":false,"layer":0},{"side":2,"counterClockwiseDirection":false,"layer":0},{"side":3,"counterClockwiseDirection":true,"layer":0},{"side":0,"counterClockwiseDirection":false,"layer":0},{"side":2,"counterClockwiseDirection":true,"layer":0},{"side":0,"counterClockwiseDirection":true,"layer":0},{"side":0,"counterClockwiseDirection":true,"layer":0},{"side":3,"counterClockwiseDirection":false,"layer":0}],"totalTime":3745,"data":{"metrics":[{"label":"PERFORM_ROTATION","totalTime":1812.5000016391277,"totalRelativeTime":"48.39%","numOfCalls":1456277,"avgTimePerCall":0.0012446121181884544},{"label":"ADD_CANDIDATE","totalTime":321.9000001847744,"totalRelativeTime":"8.59%","numOfCalls":1456277,"avgTimePerCall":0.0002210431121172513},{"label":"NOT_MEASURED","totalTime":1610.5999981760979,"totalRelativeTime":"43%","numOfCalls":0,"avgTimePerCall":1610.5999981760979}],"visitedNodes":171949,"iterations":[{"visitedNodes":7,"bound":2},{"visitedNodes":47,"bound":3.25},{"visitedNodes":606,"bound":4.5},{"visitedNodes":4237,"bound":5.75},{"visitedNodes":20994,"bound":7},{"visitedNodes":146058,"bound":8.25}]}}},{"label":"2x2","key":"GA","solution":{"rotations":[{"side":2,"counterClockwiseDirection":true,"layer":0},{"side":0,"counterClockwiseDirection":false,"layer":0},{"side":2,"counterClockwiseDirection":false,"layer":0},{"side":3,"counterClockwiseDirection":true,"layer":0},{"side":0,"counterClockwiseDirection":false,"layer":0},{"side":2,"counterClockwiseDirection":true,"layer":0},{"side":0,"counterClockwiseDirection":false,"layer":0},{"side":0,"counterClockwiseDirection":false,"layer":0},{"side":3,"counterClockwiseDirection":false,"layer":0}],"totalTime":44787.59999999404,"data":{"armageddonCounter":0,"generations":4357,"metrics":[{"label":"CHECK_SOLUTION","totalTime":2453.300000190735,"totalRelativeTime":"5.47%","numOfCalls":13071000,"avgTimePerCall":0.00018769030680060707},{"label":"APPLYING_ROTATIONS","totalTime":14111.200002789497,"totalRelativeTime":"31.5%","numOfCalls":13070993,"avgTimePerCall":0.0010795813296502795},{"label":"COMPUTE_GENE","totalTime":2452.800000309944,"totalRelativeTime":"5.47%","numOfCalls":13070993,"avgTimePerCall":0.00018765215468403542},{"label":"CALCULATE_CITIZEN_SCORE","totalTime":4985.599999517202,"totalRelativeTime":"11.13%","numOfCalls":13070993,"avgTimePerCall":0.00038142473181013885},{"label":"AGGREGATE_CURRENT_GENERATION","totalTime":89.50000011920929,"totalRelativeTime":"0.19%","numOfCalls":435699,"avgTimePerCall":0.00020541704277312844},{"label":"CREATE_NEXT_GENERATION","totalTime":266.9999998807907,"totalRelativeTime":"0.59%","numOfCalls":4356,"avgTimePerCall":0.061294765812853695},{"label":"MEASUREMENT_OVERHEAD","totalTime":10179.800004661083,"totalRelativeTime":"22.72%","numOfCalls":0,"avgTimePerCall":10179.800004661083},{"label":"NOT_MEASURED","totalTime":10248.399992525578,"totalRelativeTime":"22.88%","numOfCalls":0,"avgTimePerCall":10248.399992525578}]}}},{"label":"2x2","key":"SA","solution":{"rotations":[{"side":3,"counterClockwiseDirection":true,"layer":0},{"side":2,"counterClockwiseDirection":true,"layer":0},{"side":2,"counterClockwiseDirection":true,"layer":0},{"side":3,"counterClockwiseDirection":true,"layer":0},{"side":2,"counterClockwiseDirection":false,"layer":0},{"side":0,"counterClockwiseDirection":false,"layer":0},{"side":3,"counterClockwiseDirection":false,"layer":0},{"side":0,"counterClockwiseDirection":true,"layer":0},{"side":3,"counterClockwiseDirection":false,"layer":0},{"layer":0,"side":2,"counterClockwiseDirection":true},{"side":0,"counterClockwiseDirection":true,"layer":0},{"side":3,"counterClockwiseDirection":true,"layer":0},{"side":0,"counterClockwiseDirection":false,"layer":0},{"side":3,"counterClockwiseDirection":true,"layer":0},{"side":0,"counterClockwiseDirection":true,"layer":0},{"side":2,"counterClockwiseDirection":false,"layer":0},{"side":2,"counterClockwiseDirection":false,"layer":0},{"side":0,"counterClockwiseDirection":true,"layer":0},{"side":3,"counterClockwiseDirection":true,"layer":0},{"side":3,"counterClockwiseDirection":true,"layer":0},{"side":0,"counterClockwiseDirection":true,"layer":0}],"totalTime":37011.09999999404,"data":{"restartCounter":0,"iterations":3509,"metrics":[{"label":"CHECK_SOLUTION","totalTime":2013.5,"totalRelativeTime":"5.44%","numOfCalls":10526790,"avgTimePerCall":0.00019127388311156583},{"label":"APPLYING_ROTATIONS","totalTime":11655.299996703863,"totalRelativeTime":"31.49%","numOfCalls":10526789,"avgTimePerCall":0.0011072037253433943},{"label":"COMPUTE_ROTATION","totalTime":2037.5000024735928,"totalRelativeTime":"5.5%","numOfCalls":10526789,"avgTimePerCall":0.0001935537990239562},{"label":"CALCULATE_CITIZEN_SCORE","totalTime":4139.300002157688,"totalRelativeTime":"11.18%","numOfCalls":10526789,"avgTimePerCall":0.000393215823187649},{"label":"AGGREGATE_CURRENT_GENERATION","totalTime":70.19999980926514,"totalRelativeTime":"0.18%","numOfCalls":350892,"avgTimePerCall":0.0002000615568587062},{"label":"CREATE_NEXT_GENERATION","totalTime":241.00000020861626,"totalRelativeTime":"0.65%","numOfCalls":3508,"avgTimePerCall":0.06870011408455423},{"label":"MEASUREMENT_OVERHEAD","totalTime":8351.199998497963,"totalRelativeTime":"22.56%","numOfCalls":0,"avgTimePerCall":8351.199998497963},{"label":"NOT_MEASURED","totalTime":8503.100000143051,"totalRelativeTime":"22.97%","numOfCalls":0,"avgTimePerCall":8503.100000143051}]}}},{"label":"2x2","key":"WA*","solution":{"rotations":[{"side":2,"counterClockwiseDirection":true,"layer":0},{"side":3,"counterClockwiseDirection":false,"layer":0},{"side":2,"counterClockwiseDirection":true,"layer":0},{"side":3,"counterClockwiseDirection":true,"layer":0},{"side":2,"counterClockwiseDirection":false,"layer":0},{"side":3,"counterClockwiseDirection":false,"layer":0},{"side":2,"counterClockwiseDirection":true,"layer":0},{"side":3,"counterClockwiseDirection":true,"layer":0},{"side":0,"counterClockwiseDirection":false,"layer":0},{"side":2,"counterClockwiseDirection":false,"layer":0},{"side":3,"counterClockwiseDirection":true,"layer":0},{"side":2,"counterClockwiseDirection":true,"layer":0},{"side":3,"counterClockwiseDirection":false,"layer":0},{"side":2,"counterClockwiseDirection":false,"layer":0},{"side":0,"counterClockwiseDirection":false,"layer":0},{"side":2,"counterClockwiseDirection":true,"layer":0},{"side":0,"counterClockwiseDirection":true,"layer":0}],"totalTime":997.9000000059605,"data":{"metrics":[{"label":"ITERATIONS_COUNTER_INCREMENT","totalTime":18.099999964237213,"totalRelativeTime":"1.81%","numOfCalls":77848,"avgTimePerCall":0.00023250436702596357},{"label":"ABORTED_VERIFICATION","totalTime":9.599999874830246,"totalRelativeTime":"0.96%","numOfCalls":38924,"avgTimePerCall":0.0002466344639510391},{"label":"POP_CANDIDATE","totalTime":17.900000274181366,"totalRelativeTime":"1.79%","numOfCalls":38924,"avgTimePerCall":0.00045987052394875567},{"label":"VISISTED_LIST_CHECK","totalTime":78.20000037550926,"totalRelativeTime":"7.83%","numOfCalls":211221,"avgTimePerCall":0.0003702283408160612},{"label":"CHECK_SOLUTION","totalTime":9.900000005960464,"totalRelativeTime":"0.99%","numOfCalls":36121,"avgTimePerCall":0.00027407879089616743},{"label":"ADD_TO_VISISTED_LIST_CHECK","totalTime":9.400000005960464,"totalRelativeTime":"0.94%","numOfCalls":36120,"avgTimePerCall":0.000260243632501674},{"label":"PERFORM_ROTATION","totalTime":254.10000026226044,"totalRelativeTime":"25.46%","numOfCalls":172297,"avgTimePerCall":0.0014747790168271092},{"label":"HEURISTIC_CALCULATION","totalTime":85.19999945163727,"totalRelativeTime":"8.53%","numOfCalls":172297,"avgTimePerCall":0.0004944949677106234},{"label":"ADD_CANDIDATE","totalTime":52.699999928474426,"totalRelativeTime":"5.28%","numOfCalls":167720,"avgTimePerCall":0.0003142141660414645},{"label":"BUILD_SOLUTION","totalTime":0,"totalRelativeTime":"0%","numOfCalls":1,"avgTimePerCall":0},{"label":"MEASUREMENT_OVERHEAD","totalTime":207.60000014305115,"totalRelativeTime":"20.8%","numOfCalls":0,"avgTimePerCall":207.60000014305115},{"label":"NOT_MEASURED","totalTime":255.19999971985817,"totalRelativeTime":"25.57%","numOfCalls":0,"avgTimePerCall":255.19999971985817}],"visitedNodes":38924,"differentNodes":36121}}},{"label":"2x2","key":"BiBFS","solution":{"rotations":[{"side":2,"counterClockwiseDirection":true,"layer":0},{"side":0,"counterClockwiseDirection":false,"layer":0},{"side":2,"counterClockwiseDirection":false,"layer":0},{"side":3,"counterClockwiseDirection":true,"layer":0},{"side":0,"counterClockwiseDirection":false,"layer":0},{"side":2,"counterClockwiseDirection":true,"layer":0},{"side":0,"counterClockwiseDirection":false,"layer":0},{"side":0,"counterClockwiseDirection":false,"layer":0},{"side":3,"counterClockwiseDirection":false,"layer":0}],"totalTime":64,"data":{"metrics":[{"label":"POP_CANDIDATE","totalTime":1.1999999582767487,"totalRelativeTime":"1.87%","numOfCalls":1814,"avgTimePerCall":0.0006615214764480422},{"label":"VISISTED_LIST_CHECK","totalTime":5.799999982118607,"totalRelativeTime":"9.06%","numOfCalls":11539,"avgTimePerCall":0.0005026432084338857},{"label":"ADD_TO_VISISTED_LIST_CHECK","totalTime":1.1000000536441803,"totalRelativeTime":"1.71%","numOfCalls":1648,"avgTimePerCall":0.0006674757607064201},{"label":"PERFORM_ROTATION","totalTime":27.399999916553497,"totalRelativeTime":"42.81%","numOfCalls":8076,"avgTimePerCall":0.0033927686870422855},{"label":"ADD_CANDIDATE","totalTime":3.5999999940395355,"totalRelativeTime":"5.62%","numOfCalls":8060,"avgTimePerCall":0.0004466501233299672},{"label":"MEASUREMENT_OVERHEAD","totalTime":11.000000059604645,"totalRelativeTime":"17.18%","numOfCalls":0,"avgTimePerCall":11.000000059604645},{"label":"NOT_MEASURED","totalTime":13.900000035762787,"totalRelativeTime":"21.71%","numOfCalls":0,"avgTimePerCall":13.900000035762787}],"iterations":825,"visitedNodes":825}}}]}