{"timestamp":1680887074185,"shuffle":"36:  L    D   2L   2B    F    U'   L    D    U    F   2B    L'   U'   L'   D    F   2U    D'   B'   F'   L'  2B   2U    R   2B    L'   D'   R'   U'  ","solutions":[{"label":"2x2","key":"IDDFS","solution":{"rotations":[{"side":3,"counterClockwiseDirection":true,"layer":0},{"side":0,"counterClockwiseDirection":true,"layer":0},{"side":0,"counterClockwiseDirection":true,"layer":0},{"side":3,"counterClockwiseDirection":true,"layer":0},{"side":2,"counterClockwiseDirection":false,"layer":0},{"side":0,"counterClockwiseDirection":false,"layer":0},{"side":2,"counterClockwiseDirection":true,"layer":0},{"side":0,"counterClockwiseDirection":false,"layer":0},{"side":2,"counterClockwiseDirection":false,"layer":0},{"side":3,"counterClockwiseDirection":false,"layer":0}],"totalTime":38626.39999997616,"data":{"metrics":[{"label":"PERFORM_ROTATION","totalTime":17173.599992364645,"totalRelativeTime":"44.46%","numOfCalls":11283824,"avgTimePerCall":0.001521966311452983},{"label":"ADD_CANDIDATE","totalTime":2949.6999992728233,"totalRelativeTime":"7.63%","numOfCalls":11283824,"avgTimePerCall":0.0002614096071750874},{"label":"NOT_MEASURED","totalTime":18503.10000833869,"totalRelativeTime":"47.9%","numOfCalls":0,"avgTimePerCall":18503.10000833869}],"visitedNodes":2904968,"iterations":[{"visitedNodes":37,"bound":2},{"visitedNodes":181,"bound":3},{"visitedNodes":877,"bound":4},{"visitedNodes":4237,"bound":5},{"visitedNodes":20461,"bound":6},{"visitedNodes":98797,"bound":7},{"visitedNodes":477037,"bound":8},{"visitedNodes":2303341,"bound":9}]}}},{"label":"2x2","key":"IDA*","solution":{"rotations":[{"side":3,"counterClockwiseDirection":true,"layer":0},{"side":0,"counterClockwiseDirection":true,"layer":0},{"side":0,"counterClockwiseDirection":true,"layer":0},{"side":3,"counterClockwiseDirection":true,"layer":0},{"side":2,"counterClockwiseDirection":false,"layer":0},{"side":0,"counterClockwiseDirection":false,"layer":0},{"side":2,"counterClockwiseDirection":true,"layer":0},{"side":0,"counterClockwiseDirection":false,"layer":0},{"side":2,"counterClockwiseDirection":false,"layer":0},{"side":3,"counterClockwiseDirection":false,"layer":0}],"totalTime":119447.5,"data":{"metrics":[{"label":"PERFORM_ROTATION","totalTime":59276.60000169277,"totalRelativeTime":"49.62%","numOfCalls":49647019,"avgTimePerCall":0.0011939609103558215},{"label":"ADD_CANDIDATE","totalTime":10057.200000315905,"totalRelativeTime":"8.41%","numOfCalls":49647019,"avgTimePerCall":0.0002025740961469591},{"label":"NOT_MEASURED","totalTime":50113.69999799132,"totalRelativeTime":"41.95%","numOfCalls":0,"avgTimePerCall":50113.69999799132}],"visitedNodes":1880843,"iterations":[{"visitedNodes":7,"bound":2},{"visitedNodes":47,"bound":3.25},{"visitedNodes":613,"bound":4.5},{"visitedNodes":4237,"bound":5.75},{"visitedNodes":21342,"bound":7},{"visitedNodes":151487,"bound":8.25},{"visitedNodes":1703110,"bound":9.5}]}}},{"label":"2x2","key":"GA","solution":{"rotations":[{"side":2,"counterClockwiseDirection":false,"layer":0},{"side":0,"counterClockwiseDirection":false,"layer":0},{"side":3,"counterClockwiseDirection":false,"layer":0},{"side":2,"counterClockwiseDirection":false,"layer":0},{"side":0,"counterClockwiseDirection":true,"layer":0},{"side":0,"counterClockwiseDirection":true,"layer":0},{"side":3,"counterClockwiseDirection":false,"layer":0},{"side":0,"counterClockwiseDirection":true,"layer":0},{"side":3,"counterClockwiseDirection":true,"layer":0},{"side":2,"counterClockwiseDirection":false,"layer":0},{"side":0,"counterClockwiseDirection":false,"layer":0},{"side":3,"counterClockwiseDirection":true,"layer":0},{"side":0,"counterClockwiseDirection":true,"layer":0},{"side":3,"counterClockwiseDirection":false,"layer":0},{"side":2,"counterClockwiseDirection":true,"layer":0},{"side":0,"counterClockwiseDirection":false,"layer":0},{"side":3,"counterClockwiseDirection":true,"layer":0},{"side":2,"counterClockwiseDirection":true,"layer":0},{"side":3,"counterClockwiseDirection":false,"layer":0},{"side":2,"counterClockwiseDirection":true,"layer":0}],"totalTime":43145.40000000596,"data":{"armageddonCounter":0,"generations":3052,"metrics":[{"label":"CHECK_SOLUTION","totalTime":2266.0000000298023,"totalRelativeTime":"5.25%","numOfCalls":9155160,"avgTimePerCall":0.0002475106934264177},{"label":"APPLYING_ROTATIONS","totalTime":14039.599999547005,"totalRelativeTime":"32.54%","numOfCalls":9155158,"avgTimePerCall":0.00153351804518797},{"label":"COMPUTE_GENE","totalTime":2317.399999499321,"totalRelativeTime":"5.37%","numOfCalls":9155158,"avgTimePerCall":0.00025312506889551455},{"label":"CALCULATE_CITIZEN_SCORE","totalTime":4733.900002896786,"totalRelativeTime":"10.97%","numOfCalls":9155158,"avgTimePerCall":0.0005170746373680046},{"label":"AGGREGATE_CURRENT_GENERATION","totalTime":85.09999978542328,"totalRelativeTime":"0.19%","numOfCalls":305171,"avgTimePerCall":0.00027886004825302297},{"label":"CREATE_NEXT_GENERATION","totalTime":273.49999967217445,"totalRelativeTime":"0.63%","numOfCalls":3051,"avgTimePerCall":0.0896427399777694},{"label":"MEASUREMENT_OVERHEAD","totalTime":9647.900000154972,"totalRelativeTime":"22.36%","numOfCalls":0,"avgTimePerCall":9647.900000154972},{"label":"NOT_MEASURED","totalTime":9781.999998420477,"totalRelativeTime":"22.67%","numOfCalls":0,"avgTimePerCall":9781.999998420477}]}}},{"label":"2x2","key":"SA","solution":{"rotations":[{"side":0,"counterClockwiseDirection":false,"layer":0},{"side":2,"counterClockwiseDirection":true,"layer":0},{"side":0,"counterClockwiseDirection":false,"layer":0},{"side":2,"counterClockwiseDirection":false,"layer":0},{"layer":0,"side":3,"counterClockwiseDirection":true},{"side":2,"counterClockwiseDirection":true,"layer":0},{"side":0,"counterClockwiseDirection":false,"layer":0},{"side":3,"counterClockwiseDirection":true,"layer":0},{"side":2,"counterClockwiseDirection":false,"layer":0},{"side":0,"counterClockwiseDirection":false,"layer":0},{"side":3,"counterClockwiseDirection":false,"layer":0},{"side":0,"counterClockwiseDirection":false,"layer":0},{"side":3,"counterClockwiseDirection":true,"layer":0},{"side":2,"counterClockwiseDirection":false,"layer":0}],"totalTime":66472.5,"data":{"restartCounter":1,"iterations":5015,"metrics":[{"label":"CHECK_SOLUTION","totalTime":3524.1000022888184,"totalRelativeTime":"5.3%","numOfCalls":15043260,"avgTimePerCall":0.0002342643816758348},{"label":"APPLYING_ROTATIONS","totalTime":21130.400001704693,"totalRelativeTime":"31.78%","numOfCalls":15043252,"avgTimePerCall":0.0014046430919128852},{"label":"COMPUTE_ROTATION","totalTime":3608.900000721216,"totalRelativeTime":"5.42%","numOfCalls":15043252,"avgTimePerCall":0.00023990158515733274},{"label":"CALCULATE_CITIZEN_SCORE","totalTime":7341.499998062849,"totalRelativeTime":"11.04%","numOfCalls":15043252,"avgTimePerCall":0.0004880261261370114},{"label":"AGGREGATE_CURRENT_GENERATION","totalTime":126.79999992251396,"totalRelativeTime":"0.19%","numOfCalls":501441,"avgTimePerCall":0.000252871224974651},{"label":"CREATE_NEXT_GENERATION","totalTime":474.3999986946583,"totalRelativeTime":"0.71%","numOfCalls":5014,"avgTimePerCall":0.09461507752187041},{"label":"MEASUREMENT_OVERHEAD","totalTime":14798.000003516674,"totalRelativeTime":"22.26%","numOfCalls":0,"avgTimePerCall":14798.000003516674},{"label":"NOT_MEASURED","totalTime":15468.399995088577,"totalRelativeTime":"23.27%","numOfCalls":0,"avgTimePerCall":15468.399995088577}]}}},{"label":"2x2","key":"WA*","solution":{"rotations":[{"side":3,"counterClockwiseDirection":true,"layer":0},{"side":2,"counterClockwiseDirection":false,"layer":0},{"side":0,"counterClockwiseDirection":true,"layer":0},{"side":0,"counterClockwiseDirection":true,"layer":0},{"side":3,"counterClockwiseDirection":false,"layer":0},{"side":0,"counterClockwiseDirection":true,"layer":0},{"side":2,"counterClockwiseDirection":true,"layer":0},{"side":0,"counterClockwiseDirection":false,"layer":0},{"side":2,"counterClockwiseDirection":false,"layer":0},{"side":0,"counterClockwiseDirection":true,"layer":0},{"side":0,"counterClockwiseDirection":true,"layer":0},{"side":2,"counterClockwiseDirection":true,"layer":0}],"totalTime":226.59999999403954,"data":{"metrics":[{"label":"ITERATIONS_COUNTER_INCREMENT","totalTime":5,"totalRelativeTime":"2.2%","numOfCalls":19090,"avgTimePerCall":0.00026191723415400735},{"label":"ABORTED_VERIFICATION","totalTime":1.300000011920929,"totalRelativeTime":"0.57%","numOfCalls":9545,"avgTimePerCall":0.0001361969630090025},{"label":"POP_CANDIDATE","totalTime":4.700000077486038,"totalRelativeTime":"2.07%","numOfCalls":9545,"avgTimePerCall":0.0004924044083275053},{"label":"VISISTED_LIST_CHECK","totalTime":13.699999839067459,"totalRelativeTime":"6.04%","numOfCalls":51998,"avgTimePerCall":0.0002634716688924085},{"label":"CHECK_SOLUTION","totalTime":2.2000000178813934,"totalRelativeTime":"0.97%","numOfCalls":8894,"avgTimePerCall":0.0002473577712931632},{"label":"ADD_TO_VISISTED_LIST_CHECK","totalTime":2.8000000715255737,"totalRelativeTime":"1.23%","numOfCalls":8893,"avgTimePerCall":0.0003148543878922269},{"label":"PERFORM_ROTATION","totalTime":60.59999993443489,"totalRelativeTime":"26.74%","numOfCalls":42453,"avgTimePerCall":0.001427460955278423},{"label":"HEURISTIC_CALCULATION","totalTime":16.299999684095383,"totalRelativeTime":"7.19%","numOfCalls":42453,"avgTimePerCall":0.0003839540122981976},{"label":"ADD_CANDIDATE","totalTime":9.800000131130219,"totalRelativeTime":"4.32%","numOfCalls":41718,"avgTimePerCall":0.00023491059329618436},{"label":"BUILD_SOLUTION","totalTime":0,"totalRelativeTime":"0%","numOfCalls":1,"avgTimePerCall":0},{"label":"MEASUREMENT_OVERHEAD","totalTime":58.40000036358833,"totalRelativeTime":"25.77%","numOfCalls":0,"avgTimePerCall":58.40000036358833},{"label":"NOT_MEASURED","totalTime":51.79999986290932,"totalRelativeTime":"22.85%","numOfCalls":0,"avgTimePerCall":51.79999986290932}],"visitedNodes":9545,"differentNodes":8894}}},{"label":"2x2","key":"BiBFS","solution":{"rotations":[{"side":3,"counterClockwiseDirection":true,"layer":0},{"side":0,"counterClockwiseDirection":true,"layer":0},{"side":0,"counterClockwiseDirection":true,"layer":0},{"side":3,"counterClockwiseDirection":true,"layer":0},{"side":2,"counterClockwiseDirection":false,"layer":0},{"side":0,"counterClockwiseDirection":false,"layer":0},{"side":2,"counterClockwiseDirection":true,"layer":0},{"side":0,"counterClockwiseDirection":false,"layer":0},{"side":2,"counterClockwiseDirection":false,"layer":0},{"side":3,"counterClockwiseDirection":false,"layer":0}],"totalTime":48.400000005960464,"data":{"metrics":[{"label":"POP_CANDIDATE","totalTime":0.5999999940395355,"totalRelativeTime":"1.23%","numOfCalls":2214,"avgTimePerCall":0.0002710027073349302},{"label":"VISISTED_LIST_CHECK","totalTime":4.599999964237213,"totalRelativeTime":"9.5%","numOfCalls":14087,"avgTimePerCall":0.00032654219949153216},{"label":"ADD_TO_VISISTED_LIST_CHECK","totalTime":0.8999999463558197,"totalRelativeTime":"1.85%","numOfCalls":2012,"avgTimePerCall":0.00044731607671760423},{"label":"PERFORM_ROTATION","totalTime":17.900000035762787,"totalRelativeTime":"36.98%","numOfCalls":9860,"avgTimePerCall":0.0018154158251280717},{"label":"ADD_CANDIDATE","totalTime":6.700000017881393,"totalRelativeTime":"13.84%","numOfCalls":9792,"avgTimePerCall":0.0006842320279699135},{"label":"MEASUREMENT_OVERHEAD","totalTime":8.999999940395355,"totalRelativeTime":"18.59%","numOfCalls":0,"avgTimePerCall":8.999999940395355},{"label":"NOT_MEASURED","totalTime":8.70000010728836,"totalRelativeTime":"17.97%","numOfCalls":0,"avgTimePerCall":8.70000010728836}],"iterations":1007,"visitedNodes":1007}}}]}