{"timestamp":1680884838637,"shuffle":"34:  B'   U    D'   R'   F    U'   L    B    D'   U'   F    U    D'  2L    F'   L    R    B    F    R    F    R    F'   L    U'  2B    D'   B'  2F    R'   L   ","solutions":[{"label":"2x2","key":"IDDFS","solution":{"rotations":[{"side":2,"counterClockwiseDirection":true,"layer":0},{"side":3,"counterClockwiseDirection":false,"layer":0},{"side":0,"counterClockwiseDirection":false,"layer":0},{"side":3,"counterClockwiseDirection":true,"layer":0},{"side":2,"counterClockwiseDirection":false,"layer":0},{"side":3,"counterClockwiseDirection":false,"layer":0},{"side":2,"counterClockwiseDirection":true,"layer":0},{"side":3,"counterClockwiseDirection":true,"layer":0},{"side":0,"counterClockwiseDirection":false,"layer":0},{"side":2,"counterClockwiseDirection":true,"layer":0},{"side":0,"counterClockwiseDirection":false,"layer":0},{"side":3,"counterClockwiseDirection":true,"layer":0}],"totalTime":311827.3000000119,"data":{"metrics":[{"label":"PERFORM_ROTATION","totalTime":146264.40000617504,"totalRelativeTime":"46.9%","numOfCalls":108781567,"avgTimePerCall":0.0013445697101069985},{"label":"ADD_CANDIDATE","totalTime":26308.999994516373,"totalRelativeTime":"8.43%","numOfCalls":108781567,"avgTimePerCall":0.0002418516364497339},{"label":"NOT_MEASURED","totalTime":139253.8999993205,"totalRelativeTime":"44.65%","numOfCalls":0,"avgTimePerCall":139253.8999993205}],"visitedNodes":67725922,"iterations":[{"visitedNodes":37,"bound":2},{"visitedNodes":181,"bound":3},{"visitedNodes":877,"bound":4},{"visitedNodes":4237,"bound":5},{"visitedNodes":20461,"bound":6},{"visitedNodes":98797,"bound":7},{"visitedNodes":477037,"bound":8},{"visitedNodes":2303341,"bound":9},{"visitedNodes":11121517,"bound":10},{"visitedNodes":53699437,"bound":11}]}}},{"label":"2x2","key":"IDA*","solution":{"rotations":[{"side":2,"counterClockwiseDirection":true,"layer":0},{"side":3,"counterClockwiseDirection":false,"layer":0},{"side":0,"counterClockwiseDirection":false,"layer":0},{"side":3,"counterClockwiseDirection":true,"layer":0},{"side":2,"counterClockwiseDirection":false,"layer":0},{"side":3,"counterClockwiseDirection":false,"layer":0},{"side":2,"counterClockwiseDirection":true,"layer":0},{"side":3,"counterClockwiseDirection":true,"layer":0},{"side":0,"counterClockwiseDirection":false,"layer":0},{"side":2,"counterClockwiseDirection":true,"layer":0},{"side":0,"counterClockwiseDirection":false,"layer":0},{"side":3,"counterClockwiseDirection":true,"layer":0}],"totalTime":300271.2000000179,"data":{"metrics":[{"label":"PERFORM_ROTATION","totalTime":142672.8000175357,"totalRelativeTime":"47.51%","numOfCalls":107459464,"avgTimePerCall":0.0013276894812869688},{"label":"ADD_CANDIDATE","totalTime":25078.800007879734,"totalRelativeTime":"8.35%","numOfCalls":107459464,"avgTimePerCall":0.00023337916526253782},{"label":"CYCLE_AVOIDANCE_CHECK","totalTime":6127.800002247095,"totalRelativeTime":"2.04%","numOfCalls":22255973,"avgTimePerCall":0.0002753328287308353},{"label":"NOT_MEASURED","totalTime":126391.79997235537,"totalRelativeTime":"42.09%","numOfCalls":0,"avgTimePerCall":126391.79997235537}],"visitedNodes":13166214,"iterations":[{"visitedNodes":7,"bound":2},{"visitedNodes":98,"bound":3.25},{"visitedNodes":763,"bound":4.5},{"visitedNodes":4293,"bound":5.75},{"visitedNodes":22907,"bound":7},{"visitedNodes":174632,"bound":8.25},{"visitedNodes":1794362,"bound":9.5},{"visitedNodes":11169152,"bound":10.75}]}}},{"label":"2x2","key":"GA","solution":{"rotations":[{"side":3,"counterClockwiseDirection":true,"layer":0},{"side":3,"counterClockwiseDirection":true,"layer":0},{"side":0,"counterClockwiseDirection":false,"layer":0},{"side":0,"counterClockwiseDirection":false,"layer":0},{"layer":0,"side":3,"counterClockwiseDirection":false},{"side":2,"counterClockwiseDirection":true,"layer":0},{"side":3,"counterClockwiseDirection":false,"layer":0},{"layer":0,"side":2,"counterClockwiseDirection":true},{"side":0,"counterClockwiseDirection":true,"layer":0},{"side":3,"counterClockwiseDirection":true,"layer":0},{"side":0,"counterClockwiseDirection":true,"layer":0},{"side":3,"counterClockwiseDirection":false,"layer":0},{"side":2,"counterClockwiseDirection":false,"layer":0},{"side":2,"counterClockwiseDirection":false,"layer":0},{"side":0,"counterClockwiseDirection":true,"layer":0},{"side":0,"counterClockwiseDirection":true,"layer":0}],"totalTime":111300.59999999404,"data":{"armageddonCounter":1,"generations":7723,"metrics":[{"label":"CHECK_SOLUTION","totalTime":5876.500000834465,"totalRelativeTime":"5.27%","numOfCalls":23165040,"avgTimePerCall":0.00025367968286842867},{"label":"APPLYING_ROTATIONS","totalTime":36263.50000354648,"totalRelativeTime":"32.58%","numOfCalls":23165034,"avgTimePerCall":0.0015654412595960997},{"label":"COMPUTE_GENE","totalTime":5976.599999308586,"totalRelativeTime":"5.36%","numOfCalls":23165034,"avgTimePerCall":0.00025800091635128124},{"label":"CALCULATE_CITIZEN_SCORE","totalTime":12455.70000052452,"totalRelativeTime":"11.19%","numOfCalls":23165034,"avgTimePerCall":0.0005376940090191329},{"label":"AGGREGATE_CURRENT_GENERATION","totalTime":207.5000001192093,"totalRelativeTime":"0.18%","numOfCalls":772167,"avgTimePerCall":0.00026872425280957267},{"label":"CREATE_NEXT_GENERATION","totalTime":649.7999989688396,"totalRelativeTime":"0.58%","numOfCalls":7721,"avgTimePerCall":0.08416008275726455},{"label":"MEASUREMENT_OVERHEAD","totalTime":24651.100004434586,"totalRelativeTime":"22.14%","numOfCalls":0,"avgTimePerCall":24651.100004434586},{"label":"NOT_MEASURED","totalTime":25219.899992257357,"totalRelativeTime":"22.65%","numOfCalls":0,"avgTimePerCall":25219.899992257357}]}}},{"label":"2x2","key":"SA","solution":{"rotations":[{"side":3,"counterClockwiseDirection":false,"layer":0},{"side":3,"counterClockwiseDirection":false,"layer":0},{"side":2,"counterClockwiseDirection":false,"layer":0},{"side":0,"counterClockwiseDirection":true,"layer":0},{"side":2,"counterClockwiseDirection":true,"layer":0},{"side":0,"counterClockwiseDirection":false,"layer":0},{"side":2,"counterClockwiseDirection":true,"layer":0},{"side":0,"counterClockwiseDirection":false,"layer":0},{"side":3,"counterClockwiseDirection":false,"layer":0},{"side":2,"counterClockwiseDirection":true,"layer":0},{"side":3,"counterClockwiseDirection":true,"layer":0},{"side":0,"counterClockwiseDirection":true,"layer":0},{"side":3,"counterClockwiseDirection":true,"layer":0},{"side":0,"counterClockwiseDirection":false,"layer":0},{"side":2,"counterClockwiseDirection":true,"layer":0},{"side":3,"counterClockwiseDirection":true,"layer":0},{"side":2,"counterClockwiseDirection":true,"layer":0},{"side":3,"counterClockwiseDirection":false,"layer":0},{"side":2,"counterClockwiseDirection":true,"layer":0},{"side":0,"counterClockwiseDirection":false,"layer":0},{"side":3,"counterClockwiseDirection":false,"layer":0},{"side":0,"counterClockwiseDirection":false,"layer":0}],"totalTime":35305.90000000596,"data":{"restartCounter":0,"iterations":2821,"metrics":[{"label":"CHECK_SOLUTION","totalTime":1886.0999995172024,"totalRelativeTime":"5.34%","numOfCalls":8462640,"avgTimePerCall":0.00022287371311047172},{"label":"APPLYING_ROTATIONS","totalTime":11302.199999213219,"totalRelativeTime":"32.01%","numOfCalls":8462640,"avgTimePerCall":0.0013355406822472915},{"label":"COMPUTE_ROTATION","totalTime":1915.4000010192394,"totalRelativeTime":"5.42%","numOfCalls":8462640,"avgTimePerCall":0.00022633598983523337},{"label":"CALCULATE_CITIZEN_SCORE","totalTime":3888.899995148182,"totalRelativeTime":"11.01%","numOfCalls":8462640,"avgTimePerCall":0.0004595374487332773},{"label":"AGGREGATE_CURRENT_GENERATION","totalTime":70.69999977946281,"totalRelativeTime":"0.2%","numOfCalls":282087,"avgTimePerCall":0.0002506318964697516},{"label":"CREATE_NEXT_GENERATION","totalTime":358.2000009715557,"totalRelativeTime":"1.01%","numOfCalls":2820,"avgTimePerCall":0.127021276940268},{"label":"MEASUREMENT_OVERHEAD","totalTime":7893.399998098612,"totalRelativeTime":"22.35%","numOfCalls":0,"avgTimePerCall":7893.399998098612},{"label":"NOT_MEASURED","totalTime":7991.000006258488,"totalRelativeTime":"22.63%","numOfCalls":0,"avgTimePerCall":7991.000006258488}]}}},{"label":"2x2","key":"WA*","solution":{"rotations":[{"side":3,"counterClockwiseDirection":true,"layer":0},{"side":0,"counterClockwiseDirection":true,"layer":0},{"side":2,"counterClockwiseDirection":true,"layer":0},{"side":3,"counterClockwiseDirection":true,"layer":0},{"side":0,"counterClockwiseDirection":true,"layer":0},{"side":3,"counterClockwiseDirection":false,"layer":0},{"side":2,"counterClockwiseDirection":false,"layer":0},{"side":3,"counterClockwiseDirection":false,"layer":0},{"side":2,"counterClockwiseDirection":true,"layer":0},{"side":0,"counterClockwiseDirection":true,"layer":0},{"side":0,"counterClockwiseDirection":true,"layer":0},{"side":2,"counterClockwiseDirection":false,"layer":0},{"side":0,"counterClockwiseDirection":false,"layer":0},{"side":2,"counterClockwiseDirection":true,"layer":0},{"side":0,"counterClockwiseDirection":true,"layer":0},{"side":2,"counterClockwiseDirection":false,"layer":0}],"totalTime":2008.5,"data":{"metrics":[{"label":"ITERATIONS_COUNTER_INCREMENT","totalTime":36.599999755620956,"totalRelativeTime":"1.82%","numOfCalls":155176,"avgTimePerCall":0.00023586121407705415},{"label":"ABORTED_VERIFICATION","totalTime":14.799999922513962,"totalRelativeTime":"0.73%","numOfCalls":77588,"avgTimePerCall":0.00019075114608591487},{"label":"POP_CANDIDATE","totalTime":67.59999975562096,"totalRelativeTime":"3.36%","numOfCalls":77588,"avgTimePerCall":0.0008712687497502314},{"label":"VISISTED_LIST_CHECK","totalTime":168.89999988675117,"totalRelativeTime":"8.4%","numOfCalls":414133,"avgTimePerCall":0.00040783999315860165},{"label":"CHECK_SOLUTION","totalTime":15.600000023841858,"totalRelativeTime":"0.77%","numOfCalls":70559,"avgTimePerCall":0.00022109156909596022},{"label":"ADD_TO_VISISTED_LIST_CHECK","totalTime":23.100000083446503,"totalRelativeTime":"1.15%","numOfCalls":70558,"avgTimePerCall":0.0003273902333321027},{"label":"PERFORM_ROTATION","totalTime":486.8999992907047,"totalRelativeTime":"24.24%","numOfCalls":336545,"avgTimePerCall":0.0014467604608319978},{"label":"HEURISTIC_CALCULATION","totalTime":190.30000054836273,"totalRelativeTime":"9.47%","numOfCalls":336545,"avgTimePerCall":0.0005654518728501767},{"label":"ADD_CANDIDATE","totalTime":83.50000005960464,"totalRelativeTime":"4.15%","numOfCalls":324475,"avgTimePerCall":0.0002573387782097377},{"label":"BUILD_SOLUTION","totalTime":0,"totalRelativeTime":"0%","numOfCalls":1,"avgTimePerCall":0},{"label":"MEASUREMENT_OVERHEAD","totalTime":432.5000014603138,"totalRelativeTime":"21.53%","numOfCalls":0,"avgTimePerCall":432.5000014603138},{"label":"NOT_MEASURED","totalTime":488.6999992132187,"totalRelativeTime":"24.33%","numOfCalls":0,"avgTimePerCall":488.6999992132187}],"visitedNodes":77588,"differentNodes":70559}}},{"label":"2x2","key":"BiBFS","solution":{"rotations":[{"side":0,"counterClockwiseDirection":true,"layer":0},{"side":3,"counterClockwiseDirection":false,"layer":0},{"side":2,"counterClockwiseDirection":false,"layer":0},{"side":0,"counterClockwiseDirection":false,"layer":0},{"side":3,"counterClockwiseDirection":false,"layer":0},{"side":2,"counterClockwiseDirection":true,"layer":0},{"side":0,"counterClockwiseDirection":false,"layer":0},{"side":3,"counterClockwiseDirection":false,"layer":0},{"side":3,"counterClockwiseDirection":false,"layer":0},{"side":0,"counterClockwiseDirection":true,"layer":0},{"side":2,"counterClockwiseDirection":false,"layer":0},{"side":0,"counterClockwiseDirection":true,"layer":0}],"totalTime":403.89999997615814,"data":{"metrics":[{"label":"POP_CANDIDATE","totalTime":5.099999964237213,"totalRelativeTime":"1.26%","numOfCalls":20588,"avgTimePerCall":0.00024771711502997925},{"label":"VISISTED_LIST_CHECK","totalTime":42,"totalRelativeTime":"10.39%","numOfCalls":123899,"avgTimePerCall":0.00033898578681022443},{"label":"ADD_TO_VISISTED_LIST_CHECK","totalTime":6.399999976158142,"totalRelativeTime":"1.58%","numOfCalls":17530,"avgTimePerCall":0.0003650884184916225},{"label":"PERFORM_ROTATION","totalTime":147.7999999821186,"totalRelativeTime":"36.59%","numOfCalls":85780,"avgTimePerCall":0.0017230123569843623},{"label":"ADD_CANDIDATE","totalTime":24.499999910593033,"totalRelativeTime":"6.06%","numOfCalls":83892,"avgTimePerCall":0.0002920421483644809},{"label":"MEASUREMENT_OVERHEAD","totalTime":86.6999998986721,"totalRelativeTime":"21.46%","numOfCalls":0,"avgTimePerCall":86.6999998986721},{"label":"NOT_MEASURED","totalTime":91.40000024437904,"totalRelativeTime":"22.62%","numOfCalls":0,"avgTimePerCall":91.40000024437904}],"iterations":8766,"visitedNodes":8766}}}]}