{"timestamp":1680909032670,"shuffle":"31:  U    F'  2R    D'   U    L'   D'   R'   L   2D    F    D    L   2D    L    U    D    U    R    L    U'   B   2F    U'   R'   D'   F   ","solutions":[{"label":"2x2","key":"IDDFS","solution":{"rotations":[{"side":2,"counterClockwiseDirection":false,"layer":0},{"side":3,"counterClockwiseDirection":false,"layer":0},{"side":2,"counterClockwiseDirection":true,"layer":0},{"side":0,"counterClockwiseDirection":true,"layer":0},{"side":3,"counterClockwiseDirection":true,"layer":0},{"side":0,"counterClockwiseDirection":true,"layer":0},{"side":3,"counterClockwiseDirection":true,"layer":0},{"side":3,"counterClockwiseDirection":true,"layer":0},{"side":2,"counterClockwiseDirection":false,"layer":0},{"side":0,"counterClockwiseDirection":false,"layer":0},{"side":3,"counterClockwiseDirection":true,"layer":0}],"totalTime":76935.5,"data":{"metrics":[{"label":"PERFORM_ROTATION","totalTime":36674.0000102222,"totalRelativeTime":"47.66%","numOfCalls":30194615,"avgTimePerCall":0.001214587435879616},{"label":"ADD_CANDIDATE","totalTime":6294.900001883507,"totalRelativeTime":"8.18%","numOfCalls":30194615,"avgTimePerCall":0.00020847757131142445},{"label":"NOT_MEASURED","totalTime":33966.5999878943,"totalRelativeTime":"44.14%","numOfCalls":0,"avgTimePerCall":33966.5999878943}],"visitedNodes":14026485,"iterations":[{"visitedNodes":37,"bound":2},{"visitedNodes":181,"bound":3},{"visitedNodes":877,"bound":4},{"visitedNodes":4237,"bound":5},{"visitedNodes":20461,"bound":6},{"visitedNodes":98797,"bound":7},{"visitedNodes":477037,"bound":8},{"visitedNodes":2303341,"bound":9},{"visitedNodes":11121517,"bound":10}]}}},{"label":"2x2","key":"IDA*","solution":{"rotations":[{"side":2,"counterClockwiseDirection":false,"layer":0},{"side":3,"counterClockwiseDirection":false,"layer":0},{"side":2,"counterClockwiseDirection":true,"layer":0},{"side":0,"counterClockwiseDirection":true,"layer":0},{"side":3,"counterClockwiseDirection":true,"layer":0},{"side":0,"counterClockwiseDirection":true,"layer":0},{"side":3,"counterClockwiseDirection":true,"layer":0},{"side":3,"counterClockwiseDirection":true,"layer":0},{"side":2,"counterClockwiseDirection":false,"layer":0},{"side":0,"counterClockwiseDirection":false,"layer":0},{"side":3,"counterClockwiseDirection":true,"layer":0}],"totalTime":63111.5,"data":{"metrics":[{"label":"PERFORM_ROTATION","totalTime":31371.20000344515,"totalRelativeTime":"49.7%","numOfCalls":25589941,"avgTimePerCall":0.0012259192001828042},{"label":"ADD_CANDIDATE","totalTime":5532.300001055002,"totalRelativeTime":"8.76%","numOfCalls":25589941,"avgTimePerCall":0.00021619041642397698},{"label":"NOT_MEASURED","totalTime":26207.99999549985,"totalRelativeTime":"41.52%","numOfCalls":0,"avgTimePerCall":26207.99999549985}],"visitedNodes":1932402,"iterations":[{"visitedNodes":7,"bound":2},{"visitedNodes":47,"bound":3.25},{"visitedNodes":637,"bound":4.5},{"visitedNodes":4272,"bound":5.75},{"visitedNodes":22247,"bound":7},{"visitedNodes":166875,"bound":8.25},{"visitedNodes":1738317,"bound":9.5}]}}},{"label":"2x2","key":"SA","solution":{"rotations":[{"side":3,"counterClockwiseDirection":true,"layer":0},{"side":3,"counterClockwiseDirection":true,"layer":0},{"side":0,"counterClockwiseDirection":false,"layer":0},{"side":0,"counterClockwiseDirection":false,"layer":0},{"side":2,"counterClockwiseDirection":true,"layer":0},{"side":0,"counterClockwiseDirection":true,"layer":0},{"side":2,"counterClockwiseDirection":false,"layer":0},{"side":0,"counterClockwiseDirection":false,"layer":0},{"side":3,"counterClockwiseDirection":false,"layer":0},{"side":3,"counterClockwiseDirection":false,"layer":0},{"side":0,"counterClockwiseDirection":false,"layer":0},{"side":3,"counterClockwiseDirection":true,"layer":0},{"side":0,"counterClockwiseDirection":true,"layer":0},{"layer":0,"side":3,"counterClockwiseDirection":true},{"side":2,"counterClockwiseDirection":true,"layer":0},{"side":0,"counterClockwiseDirection":true,"layer":0},{"side":3,"counterClockwiseDirection":false,"layer":0},{"side":3,"counterClockwiseDirection":false,"layer":0},{"side":0,"counterClockwiseDirection":true,"layer":0}],"totalTime":13263.90000000596,"data":{"restartCounter":0,"iterations":1028,"metrics":[{"label":"CHECK_SOLUTION","totalTime":704.3999998867512,"totalRelativeTime":"5.31%","numOfCalls":3081240,"avgTimePerCall":0.00022860926116977293},{"label":"APPLYING_ROTATIONS","totalTime":4177.900001734495,"totalRelativeTime":"31.49%","numOfCalls":3081235,"avgTimePerCall":0.0013559173518847135},{"label":"COMPUTE_ROTATION","totalTime":723.8999996483326,"totalRelativeTime":"5.45%","numOfCalls":3081235,"avgTimePerCall":0.0002349382632770083},{"label":"CALCULATE_CITIZEN_SCORE","totalTime":1443.5999981760979,"totalRelativeTime":"10.88%","numOfCalls":3081235,"avgTimePerCall":0.0004685134363903103},{"label":"AGGREGATE_CURRENT_GENERATION","totalTime":25.699999690055847,"totalRelativeTime":"0.19%","numOfCalls":102707,"avgTimePerCall":0.0002502263690893108},{"label":"CREATE_NEXT_GENERATION","totalTime":73.20000025629997,"totalRelativeTime":"0.55%","numOfCalls":1027,"avgTimePerCall":0.07127556013271662},{"label":"MEASUREMENT_OVERHEAD","totalTime":3055.8999991714954,"totalRelativeTime":"23.03%","numOfCalls":0,"avgTimePerCall":3055.8999991714954},{"label":"NOT_MEASURED","totalTime":3059.3000014424324,"totalRelativeTime":"23.06%","numOfCalls":0,"avgTimePerCall":3059.3000014424324}]}}},{"label":"2x2","key":"GA","solution":{"rotations":[{"side":2,"counterClockwiseDirection":false,"layer":0},{"side":3,"counterClockwiseDirection":false,"layer":0},{"side":0,"counterClockwiseDirection":false,"layer":0},{"side":2,"counterClockwiseDirection":false,"layer":0},{"side":3,"counterClockwiseDirection":false,"layer":0},{"side":2,"counterClockwiseDirection":false,"layer":0},{"side":3,"counterClockwiseDirection":true,"layer":0},{"side":2,"counterClockwiseDirection":true,"layer":0},{"side":3,"counterClockwiseDirection":true,"layer":0},{"side":2,"counterClockwiseDirection":false,"layer":0},{"side":3,"counterClockwiseDirection":true,"layer":0},{"side":2,"counterClockwiseDirection":true,"layer":0},{"side":3,"counterClockwiseDirection":true,"layer":0}],"totalTime":14711.899999976158,"data":{"armageddonCounter":0,"generations":1138,"metrics":[{"label":"CHECK_SOLUTION","totalTime":764.7000005245209,"totalRelativeTime":"5.19%","numOfCalls":3412350,"avgTimePerCall":0.0002240977626927252},{"label":"APPLYING_ROTATIONS","totalTime":4659.9000030756,"totalRelativeTime":"31.67%","numOfCalls":3412347,"avgTimePerCall":0.001365599689326906},{"label":"COMPUTE_GENE","totalTime":784.6999995708466,"totalRelativeTime":"5.33%","numOfCalls":3412347,"avgTimePerCall":0.00022995902807388774},{"label":"CALCULATE_CITIZEN_SCORE","totalTime":1642.6999983489513,"totalRelativeTime":"11.16%","numOfCalls":3412347,"avgTimePerCall":0.0004813988724912652},{"label":"AGGREGATE_CURRENT_GENERATION","totalTime":26.299999803304672,"totalRelativeTime":"0.17%","numOfCalls":113744,"avgTimePerCall":0.00023122098575137741},{"label":"CREATE_NEXT_GENERATION","totalTime":87.49999976158142,"totalRelativeTime":"0.59%","numOfCalls":1137,"avgTimePerCall":0.07695690392399421},{"label":"MEASUREMENT_OVERHEAD","totalTime":3373.9999992847443,"totalRelativeTime":"22.93%","numOfCalls":0,"avgTimePerCall":3373.9999992847443},{"label":"NOT_MEASURED","totalTime":3372.0999996066093,"totalRelativeTime":"22.92%","numOfCalls":0,"avgTimePerCall":3372.0999996066093}]}}},{"label":"2x2","key":"WA*","solution":{"rotations":[{"side":3,"counterClockwiseDirection":false,"layer":0},{"side":2,"counterClockwiseDirection":false,"layer":0},{"side":3,"counterClockwiseDirection":true,"layer":0},{"side":0,"counterClockwiseDirection":false,"layer":0},{"side":3,"counterClockwiseDirection":false,"layer":0},{"side":0,"counterClockwiseDirection":true,"layer":0},{"side":3,"counterClockwiseDirection":true,"layer":0},{"side":0,"counterClockwiseDirection":false,"layer":0},{"side":2,"counterClockwiseDirection":true,"layer":0},{"side":0,"counterClockwiseDirection":false,"layer":0},{"side":2,"counterClockwiseDirection":false,"layer":0},{"side":3,"counterClockwiseDirection":false,"layer":0},{"side":0,"counterClockwiseDirection":false,"layer":0},{"side":3,"counterClockwiseDirection":true,"layer":0},{"side":0,"counterClockwiseDirection":true,"layer":0}],"totalTime":1175.0999999940395,"data":{"metrics":[{"label":"ITERATIONS_COUNTER_INCREMENT","totalTime":21.90000033378601,"totalRelativeTime":"1.86%","numOfCalls":88940,"avgTimePerCall":0.00024623341953885775},{"label":"ABORTED_VERIFICATION","totalTime":12.700000137090683,"totalRelativeTime":"1.08%","numOfCalls":44470,"avgTimePerCall":0.000285585791254569},{"label":"POP_CANDIDATE","totalTime":24.40000021457672,"totalRelativeTime":"2.07%","numOfCalls":44470,"avgTimePerCall":0.0005486845112340166},{"label":"VISISTED_LIST_CHECK","totalTime":91.40000054240227,"totalRelativeTime":"7.77%","numOfCalls":240815,"avgTimePerCall":0.000379544465844745},{"label":"CHECK_SOLUTION","totalTime":10.09999993443489,"totalRelativeTime":"0.85%","numOfCalls":41158,"avgTimePerCall":0.00024539579023360927},{"label":"ADD_TO_VISISTED_LIST_CHECK","totalTime":10.999999940395355,"totalRelativeTime":"0.93%","numOfCalls":41157,"avgTimePerCall":0.00026726923586255935},{"label":"PERFORM_ROTATION","totalTime":299.9999995827675,"totalRelativeTime":"25.52%","numOfCalls":196345,"avgTimePerCall":0.0015279227868434007},{"label":"HEURISTIC_CALCULATION","totalTime":103.59999996423721,"totalRelativeTime":"8.81%","numOfCalls":196345,"avgTimePerCall":0.0005276426696082773},{"label":"ADD_CANDIDATE","totalTime":56.100000500679016,"totalRelativeTime":"4.77%","numOfCalls":190551,"avgTimePerCall":0.00029440937334718274},{"label":"BUILD_SOLUTION","totalTime":0,"totalRelativeTime":"0%","numOfCalls":1,"avgTimePerCall":0},{"label":"MEASUREMENT_OVERHEAD","totalTime":252.6999994814396,"totalRelativeTime":"21.5%","numOfCalls":0,"avgTimePerCall":252.6999994814396},{"label":"NOT_MEASURED","totalTime":291.1999993622303,"totalRelativeTime":"24.78%","numOfCalls":0,"avgTimePerCall":291.1999993622303}],"visitedNodes":44470,"differentNodes":41158}}},{"label":"2x2","key":"BiBFS","solution":{"rotations":[{"side":3,"counterClockwiseDirection":true,"layer":0},{"side":0,"counterClockwiseDirection":true,"layer":0},{"side":0,"counterClockwiseDirection":true,"layer":0},{"side":3,"counterClockwiseDirection":true,"layer":0},{"side":0,"counterClockwiseDirection":false,"layer":0},{"side":2,"counterClockwiseDirection":false,"layer":0},{"side":0,"counterClockwiseDirection":false,"layer":0},{"side":2,"counterClockwiseDirection":true,"layer":0},{"side":3,"counterClockwiseDirection":false,"layer":0},{"side":3,"counterClockwiseDirection":false,"layer":0},{"side":2,"counterClockwiseDirection":false,"layer":0}],"totalTime":193.90000000596046,"data":{"metrics":[{"label":"POP_CANDIDATE","totalTime":2.500000089406967,"totalRelativeTime":"1.28%","numOfCalls":7934,"avgTimePerCall":0.00031509958273342163},{"label":"VISISTED_LIST_CHECK","totalTime":16.499999970197678,"totalRelativeTime":"8.5%","numOfCalls":48970,"avgTimePerCall":0.00033694098366750415},{"label":"ADD_TO_VISISTED_LIST_CHECK","totalTime":1.800000011920929,"totalRelativeTime":"0.92%","numOfCalls":6960,"avgTimePerCall":0.0002586206913679496},{"label":"PERFORM_ROTATION","totalTime":65.49999979138374,"totalRelativeTime":"33.78%","numOfCalls":34074,"avgTimePerCall":0.0019222867814575261},{"label":"ADD_CANDIDATE","totalTime":10.600000083446503,"totalRelativeTime":"5.46%","numOfCalls":33526,"avgTimePerCall":0.00031617252530711994},{"label":"MEASUREMENT_OVERHEAD","totalTime":46.3999999165535,"totalRelativeTime":"23.92%","numOfCalls":0,"avgTimePerCall":46.3999999165535},{"label":"NOT_MEASURED","totalTime":50.60000014305115,"totalRelativeTime":"26.09%","numOfCalls":0,"avgTimePerCall":50.60000014305115}],"iterations":3481,"visitedNodes":3481}}}]}