{"timestamp":1680925566376,"shuffle":"38:  F'   B    L    U    R'   L    U    R'   D    B'   R    U'   D'   U'   B    L'   U'  2F    R    U'   R    U'  2D    U    D'   F'  2L    D'   B   2U    F'   D'   U'   L   ","solutions":[{"label":"2x2","key":"IDDFS","solution":{"rotations":[{"side":2,"counterClockwiseDirection":true,"layer":0},{"side":0,"counterClockwiseDirection":false,"layer":0},{"side":2,"counterClockwiseDirection":true,"layer":0},{"side":0,"counterClockwiseDirection":false,"layer":0},{"side":3,"counterClockwiseDirection":true,"layer":0},{"side":3,"counterClockwiseDirection":true,"layer":0},{"side":0,"counterClockwiseDirection":true,"layer":0},{"side":2,"counterClockwiseDirection":true,"layer":0},{"side":3,"counterClockwiseDirection":false,"layer":0},{"side":2,"counterClockwiseDirection":true,"layer":0},{"side":3,"counterClockwiseDirection":false,"layer":0},{"side":2,"counterClockwiseDirection":false,"layer":0}],"totalTime":185633.90000000596,"data":{"metrics":[{"label":"PERFORM_ROTATION","totalTime":84725.10000532866,"totalRelativeTime":"45.64%","numOfCalls":85090260,"avgTimePerCall":0.0009957085570702058},{"label":"ADD_CANDIDATE","totalTime":16109.900001883507,"totalRelativeTime":"8.67%","numOfCalls":85090260,"avgTimePerCall":0.00018932719211204086},{"label":"NOT_MEASURED","totalTime":84798.8999927938,"totalRelativeTime":"45.68%","numOfCalls":0,"avgTimePerCall":84798.8999927938}],"visitedNodes":67725922,"iterations":[{"visitedNodes":37,"bound":2},{"visitedNodes":181,"bound":3},{"visitedNodes":877,"bound":4},{"visitedNodes":4237,"bound":5},{"visitedNodes":20461,"bound":6},{"visitedNodes":98797,"bound":7},{"visitedNodes":477037,"bound":8},{"visitedNodes":2303341,"bound":9},{"visitedNodes":11121517,"bound":10},{"visitedNodes":53699437,"bound":11}]}}},{"label":"2x2","key":"IDA*","solution":{"rotations":[{"side":2,"counterClockwiseDirection":true,"layer":0},{"side":0,"counterClockwiseDirection":false,"layer":0},{"side":2,"counterClockwiseDirection":true,"layer":0},{"side":0,"counterClockwiseDirection":false,"layer":0},{"side":3,"counterClockwiseDirection":true,"layer":0},{"side":3,"counterClockwiseDirection":true,"layer":0},{"side":0,"counterClockwiseDirection":true,"layer":0},{"side":2,"counterClockwiseDirection":true,"layer":0},{"side":3,"counterClockwiseDirection":false,"layer":0},{"side":2,"counterClockwiseDirection":true,"layer":0},{"side":3,"counterClockwiseDirection":false,"layer":0},{"side":2,"counterClockwiseDirection":false,"layer":0}],"totalTime":169154.10000002384,"data":{"metrics":[{"label":"PERFORM_ROTATION","totalTime":81813.50000333786,"totalRelativeTime":"48.36%","numOfCalls":82422169,"avgTimePerCall":0.0009926152271403808},{"label":"ADD_CANDIDATE","totalTime":15517.999997854233,"totalRelativeTime":"9.17%","numOfCalls":82422169,"avgTimePerCall":0.00018827458905933708},{"label":"NOT_MEASURED","totalTime":71822.59999883175,"totalRelativeTime":"42.45%","numOfCalls":0,"avgTimePerCall":71822.59999883175}],"visitedNodes":13190093,"iterations":[{"visitedNodes":7,"bound":2},{"visitedNodes":80,"bound":3.25},{"visitedNodes":824,"bound":4.5},{"visitedNodes":4268,"bound":5.75},{"visitedNodes":23066,"bound":7},{"visitedNodes":173312,"bound":8.25},{"visitedNodes":1801547,"bound":9.5},{"visitedNodes":11186989,"bound":10.75}]}}},{"label":"2x2","key":"SA","solution":{"rotations":[{"side":2,"counterClockwiseDirection":true,"layer":0},{"side":0,"counterClockwiseDirection":false,"layer":0},{"side":3,"counterClockwiseDirection":false,"layer":0},{"side":2,"counterClockwiseDirection":true,"layer":0},{"side":3,"counterClockwiseDirection":false,"layer":0},{"side":2,"counterClockwiseDirection":true,"layer":0},{"side":3,"counterClockwiseDirection":false,"layer":0},{"side":0,"counterClockwiseDirection":true,"layer":0},{"side":3,"counterClockwiseDirection":false,"layer":0},{"side":2,"counterClockwiseDirection":false,"layer":0},{"side":3,"counterClockwiseDirection":true,"layer":0},{"side":3,"counterClockwiseDirection":true,"layer":0},{"side":2,"counterClockwiseDirection":true,"layer":0},{"side":0,"counterClockwiseDirection":true,"layer":0},{"side":2,"counterClockwiseDirection":true,"layer":0},{"side":0,"counterClockwiseDirection":false,"layer":0},{"side":2,"counterClockwiseDirection":false,"layer":0},{"side":3,"counterClockwiseDirection":true,"layer":0},{"side":2,"counterClockwiseDirection":true,"layer":0},{"side":2,"counterClockwiseDirection":true,"layer":0},{"side":3,"counterClockwiseDirection":false,"layer":0},{"side":2,"counterClockwiseDirection":true,"layer":0},{"side":0,"counterClockwiseDirection":false,"layer":0},{"side":0,"counterClockwiseDirection":false,"layer":0}],"totalTime":98056.20000001788,"data":{"restartCounter":1,"iterations":9534,"metrics":[{"label":"CHECK_SOLUTION","totalTime":5375.500001400709,"totalRelativeTime":"5.48%","numOfCalls":28600560,"avgTimePerCall":0.0001879508653467173},{"label":"APPLYING_ROTATIONS","totalTime":29699.99999848008,"totalRelativeTime":"30.28%","numOfCalls":28600560,"avgTimePerCall":0.0010384412052938852},{"label":"COMPUTE_ROTATION","totalTime":5472.900003761053,"totalRelativeTime":"5.58%","numOfCalls":28600560,"avgTimePerCall":0.00019135639315317788},{"label":"CALCULATE_CITIZEN_SCORE","totalTime":10917.800001591444,"totalRelativeTime":"11.13%","numOfCalls":28600560,"avgTimePerCall":0.0003817337842892392},{"label":"AGGREGATE_CURRENT_GENERATION","totalTime":199.0000001490116,"totalRelativeTime":"0.2%","numOfCalls":953351,"avgTimePerCall":0.00020873739068717778},{"label":"CREATE_NEXT_GENERATION","totalTime":565.0999999344349,"totalRelativeTime":"0.57%","numOfCalls":9533,"avgTimePerCall":0.05927829643705391},{"label":"MEASUREMENT_OVERHEAD","totalTime":22829.599999696016,"totalRelativeTime":"23.28%","numOfCalls":0,"avgTimePerCall":22829.599999696016},{"label":"NOT_MEASURED","totalTime":22996.29999500513,"totalRelativeTime":"23.45%","numOfCalls":0,"avgTimePerCall":22996.29999500513}]}}},{"label":"2x2","key":"GA","solution":{"rotations":[{"side":2,"counterClockwiseDirection":false,"layer":0},{"side":0,"counterClockwiseDirection":true,"layer":0},{"side":3,"counterClockwiseDirection":true,"layer":0},{"side":0,"counterClockwiseDirection":true,"layer":0},{"side":3,"counterClockwiseDirection":true,"layer":0},{"side":3,"counterClockwiseDirection":true,"layer":0},{"side":2,"counterClockwiseDirection":true,"layer":0},{"side":3,"counterClockwiseDirection":false,"layer":0},{"side":0,"counterClockwiseDirection":false,"layer":0},{"side":3,"counterClockwiseDirection":true,"layer":0},{"side":2,"counterClockwiseDirection":false,"layer":0},{"side":3,"counterClockwiseDirection":false,"layer":0},{"side":3,"counterClockwiseDirection":false,"layer":0},{"side":0,"counterClockwiseDirection":true,"layer":0},{"side":3,"counterClockwiseDirection":false,"layer":0},{"side":2,"counterClockwiseDirection":false,"layer":0},{"side":0,"counterClockwiseDirection":false,"layer":0},{"side":2,"counterClockwiseDirection":true,"layer":0},{"side":0,"counterClockwiseDirection":false,"layer":0},{"side":3,"counterClockwiseDirection":false,"layer":0},{"side":2,"counterClockwiseDirection":true,"layer":0},{"side":3,"counterClockwiseDirection":true,"layer":0},{"side":2,"counterClockwiseDirection":true,"layer":0},{"side":0,"counterClockwiseDirection":true,"layer":0},{"side":2,"counterClockwiseDirection":false,"layer":0},{"side":2,"counterClockwiseDirection":false,"layer":0}],"totalTime":31584.40000000596,"data":{"armageddonCounter":0,"generations":2937,"metrics":[{"label":"CHECK_SOLUTION","totalTime":1673.399998754263,"totalRelativeTime":"5.29%","numOfCalls":8810730,"avgTimePerCall":0.00018992750870294096},{"label":"APPLYING_ROTATIONS","totalTime":9701.000002712011,"totalRelativeTime":"30.71%","numOfCalls":8810730,"avgTimePerCall":0.0011010438411700291},{"label":"COMPUTE_GENE","totalTime":1771.3999961018562,"totalRelativeTime":"5.6%","numOfCalls":8810730,"avgTimePerCall":0.00020105030980427914},{"label":"CALCULATE_CITIZEN_SCORE","totalTime":3483.099997729063,"totalRelativeTime":"11.02%","numOfCalls":8810730,"avgTimePerCall":0.00039532479121810147},{"label":"AGGREGATE_CURRENT_GENERATION","totalTime":57.90000030398369,"totalRelativeTime":"0.18%","numOfCalls":293690,"avgTimePerCall":0.00019714665226593922},{"label":"CREATE_NEXT_GENERATION","totalTime":172.09999963641167,"totalRelativeTime":"0.54%","numOfCalls":2936,"avgTimePerCall":0.05861716608869607},{"label":"MEASUREMENT_OVERHEAD","totalTime":7311.8999966681,"totalRelativeTime":"23.15%","numOfCalls":0,"avgTimePerCall":7311.8999966681},{"label":"NOT_MEASURED","totalTime":7413.600008100271,"totalRelativeTime":"23.47%","numOfCalls":0,"avgTimePerCall":7413.600008100271}]}}},{"label":"2x2","key":"WA*","solution":{"rotations":[{"side":3,"counterClockwiseDirection":false,"layer":0},{"side":0,"counterClockwiseDirection":false,"layer":0},{"side":3,"counterClockwiseDirection":false,"layer":0},{"side":0,"counterClockwiseDirection":true,"layer":0},{"side":2,"counterClockwiseDirection":false,"layer":0},{"side":3,"counterClockwiseDirection":true,"layer":0},{"side":2,"counterClockwiseDirection":true,"layer":0},{"side":0,"counterClockwiseDirection":false,"layer":0},{"side":0,"counterClockwiseDirection":false,"layer":0},{"side":2,"counterClockwiseDirection":false,"layer":0},{"side":3,"counterClockwiseDirection":true,"layer":0},{"side":0,"counterClockwiseDirection":false,"layer":0},{"side":2,"counterClockwiseDirection":true,"layer":0},{"side":0,"counterClockwiseDirection":true,"layer":0}],"totalTime":978.1000000238419,"data":{"metrics":[{"label":"ITERATIONS_COUNTER_INCREMENT","totalTime":16.69999998807907,"totalRelativeTime":"1.7%","numOfCalls":92876,"avgTimePerCall":0.00017980963852964245},{"label":"ABORTED_VERIFICATION","totalTime":8.999999940395355,"totalRelativeTime":"0.92%","numOfCalls":46438,"avgTimePerCall":0.00019380679487478693},{"label":"POP_CANDIDATE","totalTime":19.80000028014183,"totalRelativeTime":"2.02%","numOfCalls":46438,"avgTimePerCall":0.0004263749575808999},{"label":"VISISTED_LIST_CHECK","totalTime":80.1000003516674,"totalRelativeTime":"8.18%","numOfCalls":250520,"avgTimePerCall":0.0003197349527050431},{"label":"CHECK_SOLUTION","totalTime":8.199999988079071,"totalRelativeTime":"0.83%","numOfCalls":42799,"avgTimePerCall":0.0001915932612462691},{"label":"ADD_TO_VISISTED_LIST_CHECK","totalTime":11.200000077486038,"totalRelativeTime":"1.14%","numOfCalls":42798,"avgTimePerCall":0.0002616944735147913},{"label":"PERFORM_ROTATION","totalTime":247.59999978542328,"totalRelativeTime":"25.31%","numOfCalls":204082,"avgTimePerCall":0.001213237815120507},{"label":"HEURISTIC_CALCULATION","totalTime":91.30000013113022,"totalRelativeTime":"9.33%","numOfCalls":204082,"avgTimePerCall":0.0004473691953779864},{"label":"ADD_CANDIDATE","totalTime":47.3000003695488,"totalRelativeTime":"4.83%","numOfCalls":198052,"avgTimePerCall":0.00023882616873118574},{"label":"BUILD_SOLUTION","totalTime":0,"totalRelativeTime":"0%","numOfCalls":1,"avgTimePerCall":0},{"label":"MEASUREMENT_OVERHEAD","totalTime":217.49999976158142,"totalRelativeTime":"22.23%","numOfCalls":0,"avgTimePerCall":217.49999976158142},{"label":"NOT_MEASURED","totalTime":229.39999935030937,"totalRelativeTime":"23.45%","numOfCalls":0,"avgTimePerCall":229.39999935030937}],"visitedNodes":46438,"differentNodes":42799}}},{"label":"2x2","key":"BiBFS","solution":{"rotations":[{"side":3,"counterClockwiseDirection":true,"layer":0},{"side":2,"counterClockwiseDirection":false,"layer":0},{"side":3,"counterClockwiseDirection":true,"layer":0},{"side":2,"counterClockwiseDirection":false,"layer":0},{"side":0,"counterClockwiseDirection":false,"layer":0},{"side":3,"counterClockwiseDirection":false,"layer":0},{"side":2,"counterClockwiseDirection":true,"layer":0},{"side":3,"counterClockwiseDirection":false,"layer":0},{"side":2,"counterClockwiseDirection":true,"layer":0},{"side":3,"counterClockwiseDirection":false,"layer":0},{"side":0,"counterClockwiseDirection":false,"layer":0},{"side":3,"counterClockwiseDirection":false,"layer":0}],"totalTime":244.30000001192093,"data":{"metrics":[{"label":"POP_CANDIDATE","totalTime":3.3000000715255737,"totalRelativeTime":"1.35%","numOfCalls":10372,"avgTimePerCall":0.0003181642953649801},{"label":"VISISTED_LIST_CHECK","totalTime":21.200000047683716,"totalRelativeTime":"8.67%","numOfCalls":63886,"avgTimePerCall":0.00033184109269141464},{"label":"ADD_TO_VISISTED_LIST_CHECK","totalTime":2.0999999046325684,"totalRelativeTime":"0.85%","numOfCalls":9078,"avgTimePerCall":0.00023132847594542502},{"label":"PERFORM_ROTATION","totalTime":114.10000023245811,"totalRelativeTime":"46.7%","numOfCalls":44434,"avgTimePerCall":0.0025678534507912435},{"label":"ADD_CANDIDATE","totalTime":11,"totalRelativeTime":"4.5%","numOfCalls":43562,"avgTimePerCall":0.0002525136586933566},{"label":"MEASUREMENT_OVERHEAD","totalTime":39.90000009536743,"totalRelativeTime":"16.33%","numOfCalls":0,"avgTimePerCall":39.90000009536743},{"label":"NOT_MEASURED","totalTime":52.699999660253525,"totalRelativeTime":"21.57%","numOfCalls":0,"avgTimePerCall":52.699999660253525}],"iterations":4540,"visitedNodes":4540}}}]}