{"timestamp":1680888964422,"shuffle":"32:  R   2D   2L    R'   U    R'   D    B   2D    B   2D   2U    L    B'   R'   F    R'   F'   R   2B    R   2U    B'   D    R'  ","solutions":[{"label":"2x2","key":"IDDFS","solution":{"rotations":[{"side":2,"counterClockwiseDirection":true,"layer":0},{"side":2,"counterClockwiseDirection":true,"layer":0},{"side":3,"counterClockwiseDirection":true,"layer":0},{"side":0,"counterClockwiseDirection":false,"layer":0},{"side":2,"counterClockwiseDirection":true,"layer":0},{"side":2,"counterClockwiseDirection":true,"layer":0},{"side":3,"counterClockwiseDirection":true,"layer":0},{"side":2,"counterClockwiseDirection":true,"layer":0},{"side":0,"counterClockwiseDirection":false,"layer":0},{"side":3,"counterClockwiseDirection":true,"layer":0}],"totalTime":10487.700000017881,"data":{"metrics":[{"label":"PERFORM_ROTATION","totalTime":4444.600001245737,"totalRelativeTime":"42.37%","numOfCalls":3113713,"avgTimePerCall":0.0014274276406482348},{"label":"ADD_CANDIDATE","totalTime":827.5000001490116,"totalRelativeTime":"7.89%","numOfCalls":3113713,"avgTimePerCall":0.0002657598822206837},{"label":"NOT_MEASURED","totalTime":5215.599998623133,"totalRelativeTime":"49.73%","numOfCalls":0,"avgTimePerCall":5215.599998623133}],"visitedNodes":2904968,"iterations":[{"visitedNodes":37,"bound":2},{"visitedNodes":181,"bound":3},{"visitedNodes":877,"bound":4},{"visitedNodes":4237,"bound":5},{"visitedNodes":20461,"bound":6},{"visitedNodes":98797,"bound":7},{"visitedNodes":477037,"bound":8},{"visitedNodes":2303341,"bound":9}]}}},{"label":"2x2","key":"IDA*","solution":{"rotations":[{"side":2,"counterClockwiseDirection":true,"layer":0},{"side":2,"counterClockwiseDirection":true,"layer":0},{"side":3,"counterClockwiseDirection":true,"layer":0},{"side":0,"counterClockwiseDirection":false,"layer":0},{"side":2,"counterClockwiseDirection":true,"layer":0},{"side":2,"counterClockwiseDirection":true,"layer":0},{"side":3,"counterClockwiseDirection":true,"layer":0},{"side":2,"counterClockwiseDirection":true,"layer":0},{"side":0,"counterClockwiseDirection":false,"layer":0},{"side":3,"counterClockwiseDirection":true,"layer":0}],"totalTime":26543.80000001192,"data":{"metrics":[{"label":"PERFORM_ROTATION","totalTime":12768.099999517202,"totalRelativeTime":"48.1%","numOfCalls":9934703,"avgTimePerCall":0.0012852019833423508},{"label":"ADD_CANDIDATE","totalTime":2305.5999993383884,"totalRelativeTime":"8.68%","numOfCalls":9934703,"avgTimePerCall":0.00023207538255933655},{"label":"NOT_MEASURED","totalTime":11470.10000115633,"totalRelativeTime":"43.21%","numOfCalls":0,"avgTimePerCall":11470.10000115633}],"visitedNodes":1848455,"iterations":[{"visitedNodes":7,"bound":2},{"visitedNodes":47,"bound":3.25},{"visitedNodes":565,"bound":4.5},{"visitedNodes":4237,"bound":5.75},{"visitedNodes":21131,"bound":7},{"visitedNodes":144951,"bound":8.25},{"visitedNodes":1677517,"bound":9.5}]}}},{"label":"2x2","key":"GA","solution":{"rotations":[{"side":2,"counterClockwiseDirection":true,"layer":0},{"side":2,"counterClockwiseDirection":true,"layer":0},{"side":3,"counterClockwiseDirection":true,"layer":0},{"side":0,"counterClockwiseDirection":false,"layer":0},{"side":2,"counterClockwiseDirection":false,"layer":0},{"side":2,"counterClockwiseDirection":false,"layer":0},{"side":3,"counterClockwiseDirection":true,"layer":0},{"side":2,"counterClockwiseDirection":true,"layer":0},{"side":0,"counterClockwiseDirection":false,"layer":0},{"side":3,"counterClockwiseDirection":true,"layer":0}],"totalTime":8304.700000017881,"data":{"armageddonCounter":0,"generations":599,"metrics":[{"label":"CHECK_SOLUTION","totalTime":444.7999992072582,"totalRelativeTime":"5.35%","numOfCalls":1794390,"avgTimePerCall":0.00024788368147797205},{"label":"APPLYING_ROTATIONS","totalTime":2619.5000018179417,"totalRelativeTime":"31.54%","numOfCalls":1794376,"avgTimePerCall":0.0014598389645302556},{"label":"COMPUTE_GENE","totalTime":451.79999977350235,"totalRelativeTime":"5.44%","numOfCalls":1794376,"avgTimePerCall":0.00025178669340957655},{"label":"CALCULATE_CITIZEN_SCORE","totalTime":899.7000015079975,"totalRelativeTime":"10.83%","numOfCalls":1794376,"avgTimePerCall":0.0005013999303980868},{"label":"AGGREGATE_CURRENT_GENERATION","totalTime":14.599999785423279,"totalRelativeTime":"0.17%","numOfCalls":59812,"avgTimePerCall":0.00024409817069188925},{"label":"CREATE_NEXT_GENERATION","totalTime":52.799999833106995,"totalRelativeTime":"0.63%","numOfCalls":598,"avgTimePerCall":0.0882943141021856},{"label":"MEASUREMENT_OVERHEAD","totalTime":1909.1999996900558,"totalRelativeTime":"22.98%","numOfCalls":0,"avgTimePerCall":1909.1999996900558},{"label":"NOT_MEASURED","totalTime":1912.2999984025955,"totalRelativeTime":"23.02%","numOfCalls":0,"avgTimePerCall":1912.2999984025955}]}}},{"label":"2x2","key":"SA","solution":{"rotations":[{"side":2,"counterClockwiseDirection":false,"layer":0},{"side":3,"counterClockwiseDirection":true,"layer":0},{"side":0,"counterClockwiseDirection":true,"layer":0},{"side":3,"counterClockwiseDirection":true,"layer":0},{"side":0,"counterClockwiseDirection":true,"layer":0},{"side":2,"counterClockwiseDirection":false,"layer":0},{"side":3,"counterClockwiseDirection":true,"layer":0},{"side":2,"counterClockwiseDirection":true,"layer":0},{"side":3,"counterClockwiseDirection":false,"layer":0},{"side":2,"counterClockwiseDirection":false,"layer":0},{"side":3,"counterClockwiseDirection":true,"layer":0},{"side":0,"counterClockwiseDirection":true,"layer":0},{"side":0,"counterClockwiseDirection":true,"layer":0},{"side":3,"counterClockwiseDirection":true,"layer":0},{"side":0,"counterClockwiseDirection":true,"layer":0},{"side":0,"counterClockwiseDirection":true,"layer":0},{"side":2,"counterClockwiseDirection":true,"layer":0},{"side":2,"counterClockwiseDirection":true,"layer":0},{"side":0,"counterClockwiseDirection":false,"layer":0},{"side":2,"counterClockwiseDirection":false,"layer":0},{"side":0,"counterClockwiseDirection":false,"layer":0},{"side":3,"counterClockwiseDirection":true,"layer":0},{"side":0,"counterClockwiseDirection":false,"layer":0},{"side":3,"counterClockwiseDirection":false,"layer":0}],"totalTime":107638.59999999404,"data":{"restartCounter":2,"iterations":10232,"metrics":[{"label":"CHECK_SOLUTION","totalTime":5800.000002294779,"totalRelativeTime":"5.38%","numOfCalls":30693330,"avgTimePerCall":0.00018896613701722097},{"label":"APPLYING_ROTATIONS","totalTime":33574.90000098944,"totalRelativeTime":"31.19%","numOfCalls":30693330,"avgTimePerCall":0.0010938826123131455},{"label":"COMPUTE_ROTATION","totalTime":5962.900001823902,"totalRelativeTime":"5.53%","numOfCalls":30693330,"avgTimePerCall":0.00019427347902048757},{"label":"CALCULATE_CITIZEN_SCORE","totalTime":12143.900001108646,"totalRelativeTime":"11.28%","numOfCalls":30693330,"avgTimePerCall":0.0003956527363146536},{"label":"AGGREGATE_CURRENT_GENERATION","totalTime":213.30000022053719,"totalRelativeTime":"0.19%","numOfCalls":1023110,"avgTimePerCall":0.00020848198162517928},{"label":"CREATE_NEXT_GENERATION","totalTime":697.6999999880791,"totalRelativeTime":"0.64%","numOfCalls":10231,"avgTimePerCall":0.06819470237396921},{"label":"MEASUREMENT_OVERHEAD","totalTime":24244.399996578693,"totalRelativeTime":"22.52%","numOfCalls":0,"avgTimePerCall":24244.399996578693},{"label":"NOT_MEASURED","totalTime":25001.499996989965,"totalRelativeTime":"23.22%","numOfCalls":0,"avgTimePerCall":25001.499996989965}]}}},{"label":"2x2","key":"WA*","solution":{"rotations":[{"side":2,"counterClockwiseDirection":true,"layer":0},{"side":3,"counterClockwiseDirection":false,"layer":0},{"side":0,"counterClockwiseDirection":false,"layer":0},{"side":2,"counterClockwiseDirection":true,"layer":0},{"side":3,"counterClockwiseDirection":false,"layer":0},{"side":3,"counterClockwiseDirection":false,"layer":0},{"side":0,"counterClockwiseDirection":true,"layer":0},{"side":3,"counterClockwiseDirection":false,"layer":0},{"side":0,"counterClockwiseDirection":false,"layer":0},{"side":3,"counterClockwiseDirection":true,"layer":0},{"side":0,"counterClockwiseDirection":true,"layer":0},{"side":2,"counterClockwiseDirection":true,"layer":0},{"side":0,"counterClockwiseDirection":false,"layer":0},{"side":2,"counterClockwiseDirection":false,"layer":0}],"totalTime":452.59999999403954,"data":{"metrics":[{"label":"ITERATIONS_COUNTER_INCREMENT","totalTime":6.599999964237213,"totalRelativeTime":"1.45%","numOfCalls":16044,"avgTimePerCall":0.00041136873374702154},{"label":"ABORTED_VERIFICATION","totalTime":1.300000011920929,"totalRelativeTime":"0.28%","numOfCalls":8022,"avgTimePerCall":0.00016205435202205546},{"label":"POP_CANDIDATE","totalTime":23.5,"totalRelativeTime":"5.19%","numOfCalls":8022,"avgTimePerCall":0.0029294440289204687},{"label":"VISISTED_LIST_CHECK","totalTime":25.800000220537186,"totalRelativeTime":"5.7%","numOfCalls":43588,"avgTimePerCall":0.0005919060342419286},{"label":"CHECK_SOLUTION","totalTime":3.8000000715255737,"totalRelativeTime":"0.83%","numOfCalls":7461,"avgTimePerCall":0.0005093151148003718},{"label":"ADD_TO_VISISTED_LIST_CHECK","totalTime":2.699999988079071,"totalRelativeTime":"0.59%","numOfCalls":7460,"avgTimePerCall":0.00036193029330818644},{"label":"PERFORM_ROTATION","totalTime":130.20000025629997,"totalRelativeTime":"28.76%","numOfCalls":35566,"avgTimePerCall":0.0036607996473120388},{"label":"HEURISTIC_CALCULATION","totalTime":34.599999874830246,"totalRelativeTime":"7.64%","numOfCalls":35566,"avgTimePerCall":0.0009728392249572695},{"label":"ADD_CANDIDATE","totalTime":15.199999779462814,"totalRelativeTime":"3.35%","numOfCalls":34914,"avgTimePerCall":0.0004353554384906575},{"label":"BUILD_SOLUTION","totalTime":0,"totalRelativeTime":"0%","numOfCalls":1,"avgTimePerCall":0},{"label":"MEASUREMENT_OVERHEAD","totalTime":97.69999974966049,"totalRelativeTime":"21.58%","numOfCalls":0,"avgTimePerCall":97.69999974966049},{"label":"NOT_MEASURED","totalTime":111.20000007748604,"totalRelativeTime":"24.56%","numOfCalls":0,"avgTimePerCall":111.20000007748604}],"visitedNodes":8022,"differentNodes":7461}}},{"label":"2x2","key":"BiBFS","solution":{"rotations":[{"side":2,"counterClockwiseDirection":true,"layer":0},{"side":2,"counterClockwiseDirection":true,"layer":0},{"side":3,"counterClockwiseDirection":true,"layer":0},{"side":0,"counterClockwiseDirection":false,"layer":0},{"side":2,"counterClockwiseDirection":true,"layer":0},{"side":2,"counterClockwiseDirection":true,"layer":0},{"side":3,"counterClockwiseDirection":true,"layer":0},{"side":2,"counterClockwiseDirection":true,"layer":0},{"side":0,"counterClockwiseDirection":false,"layer":0},{"side":3,"counterClockwiseDirection":true,"layer":0}],"totalTime":273.5,"data":{"metrics":[{"label":"POP_CANDIDATE","totalTime":1.9999999403953552,"totalRelativeTime":"0.73%","numOfCalls":5812,"avgTimePerCall":0.00034411561259383263},{"label":"VISISTED_LIST_CHECK","totalTime":50.60000020265579,"totalRelativeTime":"18.5%","numOfCalls":35992,"avgTimePerCall":0.0014058679762907254},{"label":"ADD_TO_VISISTED_LIST_CHECK","totalTime":3.0999999940395355,"totalRelativeTime":"1.13%","numOfCalls":5118,"avgTimePerCall":0.0006057053524891629},{"label":"PERFORM_ROTATION","totalTime":83.69999966025352,"totalRelativeTime":"30.6%","numOfCalls":25060,"avgTimePerCall":0.003339984024750739},{"label":"ADD_CANDIDATE","totalTime":11.800000041723251,"totalRelativeTime":"4.31%","numOfCalls":24820,"avgTimePerCall":0.00047542304761173453},{"label":"MEASUREMENT_OVERHEAD","totalTime":49.900000125169754,"totalRelativeTime":"18.24%","numOfCalls":0,"avgTimePerCall":49.900000125169754},{"label":"NOT_MEASURED","totalTime":72.40000003576279,"totalRelativeTime":"26.47%","numOfCalls":0,"avgTimePerCall":72.40000003576279}],"iterations":2560,"visitedNodes":2560}}}]}