{"timestamp":1680909563912,"shuffle":"36: 2U    L    F   2U   2B   2L   2D   2U    B'   F    B   2D    F    U   2F    U    F'   B'   F'   B'   U'   R    F    U'  2F    D'   F   ","solutions":[{"label":"2x2","key":"IDDFS","solution":{"rotations":[{"side":2,"counterClockwiseDirection":true,"layer":0},{"side":0,"counterClockwiseDirection":true,"layer":0},{"side":3,"counterClockwiseDirection":false,"layer":0},{"side":2,"counterClockwiseDirection":true,"layer":0},{"side":2,"counterClockwiseDirection":true,"layer":0},{"side":0,"counterClockwiseDirection":true,"layer":0},{"side":2,"counterClockwiseDirection":true,"layer":0},{"side":0,"counterClockwiseDirection":true,"layer":0},{"side":0,"counterClockwiseDirection":true,"layer":0},{"side":2,"counterClockwiseDirection":false,"layer":0},{"side":0,"counterClockwiseDirection":true,"layer":0},{"side":2,"counterClockwiseDirection":false,"layer":0}],"totalTime":228985.5,"data":{"metrics":[{"label":"PERFORM_ROTATION","totalTime":108273.40000402927,"totalRelativeTime":"47.28%","numOfCalls":82237537,"avgTimePerCall":0.0013165934189399333},{"label":"ADD_CANDIDATE","totalTime":19048.10000476241,"totalRelativeTime":"8.31%","numOfCalls":82237537,"avgTimePerCall":0.00023162293886260735},{"label":"NOT_MEASURED","totalTime":101663.99999120831,"totalRelativeTime":"44.39%","numOfCalls":0,"avgTimePerCall":101663.99999120831}],"visitedNodes":67725922,"iterations":[{"visitedNodes":37,"bound":2},{"visitedNodes":181,"bound":3},{"visitedNodes":877,"bound":4},{"visitedNodes":4237,"bound":5},{"visitedNodes":20461,"bound":6},{"visitedNodes":98797,"bound":7},{"visitedNodes":477037,"bound":8},{"visitedNodes":2303341,"bound":9},{"visitedNodes":11121517,"bound":10},{"visitedNodes":53699437,"bound":11}]}}},{"label":"2x2","key":"IDA*","solution":{"rotations":[{"side":2,"counterClockwiseDirection":true,"layer":0},{"side":0,"counterClockwiseDirection":true,"layer":0},{"side":3,"counterClockwiseDirection":false,"layer":0},{"side":2,"counterClockwiseDirection":true,"layer":0},{"side":2,"counterClockwiseDirection":true,"layer":0},{"side":0,"counterClockwiseDirection":true,"layer":0},{"side":2,"counterClockwiseDirection":true,"layer":0},{"side":0,"counterClockwiseDirection":true,"layer":0},{"side":0,"counterClockwiseDirection":true,"layer":0},{"side":2,"counterClockwiseDirection":false,"layer":0},{"side":0,"counterClockwiseDirection":true,"layer":0},{"side":2,"counterClockwiseDirection":false,"layer":0}],"totalTime":209270.30000001192,"data":{"metrics":[{"label":"PERFORM_ROTATION","totalTime":104459.70001140237,"totalRelativeTime":"49.91%","numOfCalls":78135926,"avgTimePerCall":0.0013368971913304305},{"label":"ADD_CANDIDATE","totalTime":18539.600005179644,"totalRelativeTime":"8.85%","numOfCalls":78135926,"avgTimePerCall":0.00023727369667545303},{"label":"NOT_MEASURED","totalTime":86270.99998342991,"totalRelativeTime":"41.22%","numOfCalls":0,"avgTimePerCall":86270.99998342991}],"visitedNodes":12985983,"iterations":[{"visitedNodes":7,"bound":2},{"visitedNodes":42,"bound":3.25},{"visitedNodes":564,"bound":4.5},{"visitedNodes":4242,"bound":5.75},{"visitedNodes":21480,"bound":7},{"visitedNodes":147521,"bound":8.25},{"visitedNodes":1658011,"bound":9.5},{"visitedNodes":11154116,"bound":10.75}]}}},{"label":"2x2","key":"SA","solution":{"rotations":[{"side":3,"counterClockwiseDirection":true,"layer":0},{"side":3,"counterClockwiseDirection":true,"layer":0},{"side":2,"counterClockwiseDirection":true,"layer":0},{"side":2,"counterClockwiseDirection":true,"layer":0},{"side":0,"counterClockwiseDirection":false,"layer":0},{"side":3,"counterClockwiseDirection":false,"layer":0},{"side":0,"counterClockwiseDirection":false,"layer":0},{"side":2,"counterClockwiseDirection":true,"layer":0},{"side":0,"counterClockwiseDirection":false,"layer":0},{"side":2,"counterClockwiseDirection":true,"layer":0},{"side":0,"counterClockwiseDirection":true,"layer":0},{"side":0,"counterClockwiseDirection":true,"layer":0},{"side":3,"counterClockwiseDirection":true,"layer":0},{"side":3,"counterClockwiseDirection":true,"layer":0}],"totalTime":80407.69999998808,"data":{"restartCounter":1,"iterations":5072,"metrics":[{"label":"CHECK_SOLUTION","totalTime":4308.299997806549,"totalRelativeTime":"5.35%","numOfCalls":15214800,"avgTimePerCall":0.0002831650759659377},{"label":"APPLYING_ROTATIONS","totalTime":25109.199995428324,"totalRelativeTime":"31.22%","numOfCalls":15214800,"avgTimePerCall":0.0016503141674835242},{"label":"COMPUTE_ROTATION","totalTime":4482.400001376867,"totalRelativeTime":"5.57%","numOfCalls":15214800,"avgTimePerCall":0.00029460788188979595},{"label":"CALCULATE_CITIZEN_SCORE","totalTime":8696.79999357462,"totalRelativeTime":"10.81%","numOfCalls":15214800,"avgTimePerCall":0.0005716013351193982},{"label":"AGGREGATE_CURRENT_GENERATION","totalTime":158.69999957084656,"totalRelativeTime":"0.19%","numOfCalls":507159,"avgTimePerCall":0.00031291961607867857},{"label":"CREATE_NEXT_GENERATION","totalTime":447.10000056028366,"totalRelativeTime":"0.55%","numOfCalls":5071,"avgTimePerCall":0.08816801430887077},{"label":"MEASUREMENT_OVERHEAD","totalTime":18342.699991613626,"totalRelativeTime":"22.81%","numOfCalls":0,"avgTimePerCall":18342.699991613626},{"label":"NOT_MEASURED","totalTime":18862.500020056963,"totalRelativeTime":"23.45%","numOfCalls":0,"avgTimePerCall":18862.500020056963}]}}},{"label":"2x2","key":"GA","solution":{"rotations":[{"side":3,"counterClockwiseDirection":false,"layer":0},{"side":2,"counterClockwiseDirection":false,"layer":0},{"side":3,"counterClockwiseDirection":false,"layer":0},{"side":2,"counterClockwiseDirection":true,"layer":0},{"side":3,"counterClockwiseDirection":false,"layer":0},{"side":2,"counterClockwiseDirection":false,"layer":0},{"side":3,"counterClockwiseDirection":false,"layer":0},{"side":0,"counterClockwiseDirection":true,"layer":0},{"side":2,"counterClockwiseDirection":true,"layer":0},{"side":2,"counterClockwiseDirection":true,"layer":0},{"side":0,"counterClockwiseDirection":false,"layer":0},{"side":2,"counterClockwiseDirection":true,"layer":0},{"side":3,"counterClockwiseDirection":false,"layer":0},{"side":0,"counterClockwiseDirection":false,"layer":0}],"totalTime":81087.5,"data":{"armageddonCounter":1,"generations":5196,"metrics":[{"label":"CHECK_SOLUTION","totalTime":4336.599999308586,"totalRelativeTime":"5.34%","numOfCalls":15583980,"avgTimePerCall":0.00027827294435109557},{"label":"APPLYING_ROTATIONS","totalTime":25911.600006997585,"totalRelativeTime":"31.95%","numOfCalls":15583968,"avgTimePerCall":0.0016627087534444107},{"label":"COMPUTE_GENE","totalTime":4401.400000214577,"totalRelativeTime":"5.42%","numOfCalls":15583968,"avgTimePerCall":0.0002824312781067426},{"label":"CALCULATE_CITIZEN_SCORE","totalTime":8822.000000059605,"totalRelativeTime":"10.87%","numOfCalls":15583968,"avgTimePerCall":0.000566094591573828},{"label":"AGGREGATE_CURRENT_GENERATION","totalTime":151.29999899864197,"totalRelativeTime":"0.18%","numOfCalls":519465,"avgTimePerCall":0.00029126119950072086},{"label":"CREATE_NEXT_GENERATION","totalTime":442.3000006377697,"totalRelativeTime":"0.54%","numOfCalls":5194,"avgTimePerCall":0.08515594929491138},{"label":"MEASUREMENT_OVERHEAD","totalTime":18646.800001740456,"totalRelativeTime":"22.99%","numOfCalls":0,"avgTimePerCall":18646.800001740456},{"label":"NOT_MEASURED","totalTime":18375.49999204278,"totalRelativeTime":"22.66%","numOfCalls":0,"avgTimePerCall":18375.49999204278}]}}},{"label":"2x2","key":"WA*","solution":{"rotations":[{"side":0,"counterClockwiseDirection":false,"layer":0},{"side":2,"counterClockwiseDirection":false,"layer":0},{"side":3,"counterClockwiseDirection":true,"layer":0},{"side":2,"counterClockwiseDirection":false,"layer":0},{"side":0,"counterClockwiseDirection":false,"layer":0},{"side":2,"counterClockwiseDirection":true,"layer":0},{"side":0,"counterClockwiseDirection":true,"layer":0},{"side":2,"counterClockwiseDirection":false,"layer":0},{"side":0,"counterClockwiseDirection":false,"layer":0},{"side":0,"counterClockwiseDirection":false,"layer":0},{"side":3,"counterClockwiseDirection":false,"layer":0},{"side":0,"counterClockwiseDirection":true,"layer":0},{"side":3,"counterClockwiseDirection":true,"layer":0},{"side":0,"counterClockwiseDirection":true,"layer":0},{"side":0,"counterClockwiseDirection":true,"layer":0},{"side":3,"counterClockwiseDirection":false,"layer":0}],"totalTime":644.3000000119209,"data":{"metrics":[{"label":"ITERATIONS_COUNTER_INCREMENT","totalTime":9.500000059604645,"totalRelativeTime":"1.47%","numOfCalls":42930,"avgTimePerCall":0.00022129047425121465},{"label":"ABORTED_VERIFICATION","totalTime":5.299999982118607,"totalRelativeTime":"0.82%","numOfCalls":21465,"avgTimePerCall":0.00024691357941386473},{"label":"POP_CANDIDATE","totalTime":22.499999910593033,"totalRelativeTime":"3.49%","numOfCalls":21465,"avgTimePerCall":0.0010482180251848606},{"label":"VISISTED_LIST_CHECK","totalTime":38.09999996423721,"totalRelativeTime":"5.91%","numOfCalls":116904,"avgTimePerCall":0.00032590843738654975},{"label":"CHECK_SOLUTION","totalTime":6.099999904632568,"totalRelativeTime":"0.94%","numOfCalls":20010,"avgTimePerCall":0.0003048475714459055},{"label":"ADD_TO_VISISTED_LIST_CHECK","totalTime":6.699999928474426,"totalRelativeTime":"1.03%","numOfCalls":20009,"avgTimePerCall":0.0003348493142323168},{"label":"PERFORM_ROTATION","totalTime":169.40000027418137,"totalRelativeTime":"26.29%","numOfCalls":95439,"avgTimePerCall":0.0017749557337585406},{"label":"HEURISTIC_CALCULATION","totalTime":52.900000154972076,"totalRelativeTime":"8.21%","numOfCalls":95439,"avgTimePerCall":0.0005542807463926915},{"label":"ADD_CANDIDATE","totalTime":26.499999940395355,"totalRelativeTime":"4.11%","numOfCalls":93413,"avgTimePerCall":0.0002836864241636106},{"label":"BUILD_SOLUTION","totalTime":0,"totalRelativeTime":"0%","numOfCalls":1,"avgTimePerCall":0},{"label":"MEASUREMENT_OVERHEAD","totalTime":162.2000000178814,"totalRelativeTime":"25.17%","numOfCalls":0,"avgTimePerCall":162.2000000178814},{"label":"NOT_MEASURED","totalTime":145.09999987483025,"totalRelativeTime":"22.52%","numOfCalls":0,"avgTimePerCall":145.09999987483025}],"visitedNodes":21465,"differentNodes":20010}}},{"label":"2x2","key":"BiBFS","solution":{"rotations":[{"side":3,"counterClockwiseDirection":true,"layer":0},{"side":3,"counterClockwiseDirection":true,"layer":0},{"side":2,"counterClockwiseDirection":false,"layer":0},{"side":3,"counterClockwiseDirection":true,"layer":0},{"side":3,"counterClockwiseDirection":true,"layer":0},{"side":2,"counterClockwiseDirection":true,"layer":0},{"side":0,"counterClockwiseDirection":false,"layer":0},{"side":2,"counterClockwiseDirection":true,"layer":0},{"side":0,"counterClockwiseDirection":true,"layer":0},{"side":2,"counterClockwiseDirection":true,"layer":0},{"side":0,"counterClockwiseDirection":false,"layer":0},{"side":3,"counterClockwiseDirection":true,"layer":0}],"totalTime":226.09999999403954,"data":{"metrics":[{"label":"POP_CANDIDATE","totalTime":3.700000077486038,"totalRelativeTime":"1.63%","numOfCalls":11886,"avgTimePerCall":0.00031129060049520763},{"label":"VISISTED_LIST_CHECK","totalTime":27.0999998152256,"totalRelativeTime":"11.98%","numOfCalls":72807,"avgTimePerCall":0.00037221695462284673},{"label":"ADD_TO_VISISTED_LIST_CHECK","totalTime":3.399999976158142,"totalRelativeTime":"1.5%","numOfCalls":10336,"avgTimePerCall":0.00032894736611437136},{"label":"PERFORM_ROTATION","totalTime":87.29999980330467,"totalRelativeTime":"38.61%","numOfCalls":50584,"avgTimePerCall":0.001725842159641481},{"label":"ADD_CANDIDATE","totalTime":10.899999916553497,"totalRelativeTime":"4.82%","numOfCalls":49570,"avgTimePerCall":0.0002198910614596227},{"label":"MEASUREMENT_OVERHEAD","totalTime":41.400000244379044,"totalRelativeTime":"18.31%","numOfCalls":0,"avgTimePerCall":41.400000244379044},{"label":"NOT_MEASURED","totalTime":52.30000016093254,"totalRelativeTime":"23.13%","numOfCalls":0,"avgTimePerCall":52.30000016093254}],"iterations":5169,"visitedNodes":5169}}}]}