{"timestamp":1680908400149,"shuffle":"39: 2U    D    R    U    F'  2D    F    U'   D'   F'   R    B'   D    U'   B   2L    R'   L'   F    R'   B'   D    U'   R'   U'   L    D    L'   R'   F'   B'   R'   B'   D    F    B   ","solutions":[{"label":"2x2","key":"IDDFS","solution":{"rotations":[{"side":2,"counterClockwiseDirection":true,"layer":0},{"side":0,"counterClockwiseDirection":true,"layer":0},{"side":3,"counterClockwiseDirection":true,"layer":0},{"side":0,"counterClockwiseDirection":false,"layer":0},{"side":3,"counterClockwiseDirection":true,"layer":0},{"side":3,"counterClockwiseDirection":true,"layer":0},{"side":2,"counterClockwiseDirection":false,"layer":0},{"side":0,"counterClockwiseDirection":true,"layer":0},{"side":2,"counterClockwiseDirection":true,"layer":0},{"side":3,"counterClockwiseDirection":false,"layer":0},{"side":0,"counterClockwiseDirection":false,"layer":0}],"totalTime":53937.59999999404,"data":{"metrics":[{"label":"PERFORM_ROTATION","totalTime":25255.900004535913,"totalRelativeTime":"46.82%","numOfCalls":16947458,"avgTimePerCall":0.001490247092191402},{"label":"ADD_CANDIDATE","totalTime":4556.8999972343445,"totalRelativeTime":"8.44%","numOfCalls":16947458,"avgTimePerCall":0.00026888398231961067},{"label":"NOT_MEASURED","totalTime":24124.79999822378,"totalRelativeTime":"44.72%","numOfCalls":0,"avgTimePerCall":24124.79999822378}],"visitedNodes":14026485,"iterations":[{"visitedNodes":37,"bound":2},{"visitedNodes":181,"bound":3},{"visitedNodes":877,"bound":4},{"visitedNodes":4237,"bound":5},{"visitedNodes":20461,"bound":6},{"visitedNodes":98797,"bound":7},{"visitedNodes":477037,"bound":8},{"visitedNodes":2303341,"bound":9},{"visitedNodes":11121517,"bound":10}]}}},{"label":"2x2","key":"IDA*","solution":{"rotations":[{"side":2,"counterClockwiseDirection":true,"layer":0},{"side":0,"counterClockwiseDirection":true,"layer":0},{"side":3,"counterClockwiseDirection":true,"layer":0},{"side":0,"counterClockwiseDirection":false,"layer":0},{"side":3,"counterClockwiseDirection":true,"layer":0},{"side":3,"counterClockwiseDirection":true,"layer":0},{"side":2,"counterClockwiseDirection":false,"layer":0},{"side":0,"counterClockwiseDirection":true,"layer":0},{"side":2,"counterClockwiseDirection":true,"layer":0},{"side":3,"counterClockwiseDirection":false,"layer":0},{"side":0,"counterClockwiseDirection":false,"layer":0}],"totalTime":36674,"data":{"metrics":[{"label":"PERFORM_ROTATION","totalTime":18457.89999228716,"totalRelativeTime":"50.32%","numOfCalls":11954953,"avgTimePerCall":0.0015439542081250473},{"label":"ADD_CANDIDATE","totalTime":3210.4999981820583,"totalRelativeTime":"8.75%","numOfCalls":11954953,"avgTimePerCall":0.0002685497800101814},{"label":"NOT_MEASURED","totalTime":15005.600009530783,"totalRelativeTime":"40.91%","numOfCalls":0,"avgTimePerCall":15005.600009530783}],"visitedNodes":1869314,"iterations":[{"visitedNodes":7,"bound":2},{"visitedNodes":42,"bound":3.25},{"visitedNodes":515,"bound":4.5},{"visitedNodes":4242,"bound":5.75},{"visitedNodes":21661,"bound":7},{"visitedNodes":155734,"bound":8.25},{"visitedNodes":1687113,"bound":9.5}]}}},{"label":"2x2","key":"SA","solution":{"rotations":[{"side":3,"counterClockwiseDirection":true,"layer":0},{"side":2,"counterClockwiseDirection":false,"layer":0},{"side":0,"counterClockwiseDirection":false,"layer":0},{"side":2,"counterClockwiseDirection":false,"layer":0},{"side":0,"counterClockwiseDirection":false,"layer":0},{"side":3,"counterClockwiseDirection":true,"layer":0},{"side":0,"counterClockwiseDirection":false,"layer":0},{"side":0,"counterClockwiseDirection":false,"layer":0},{"side":3,"counterClockwiseDirection":true,"layer":0},{"side":2,"counterClockwiseDirection":true,"layer":0},{"side":0,"counterClockwiseDirection":true,"layer":0},{"side":2,"counterClockwiseDirection":false,"layer":0},{"side":3,"counterClockwiseDirection":true,"layer":0},{"side":0,"counterClockwiseDirection":true,"layer":0},{"side":3,"counterClockwiseDirection":false,"layer":0},{"side":0,"counterClockwiseDirection":true,"layer":0},{"side":2,"counterClockwiseDirection":false,"layer":0},{"side":3,"counterClockwiseDirection":true,"layer":0},{"side":2,"counterClockwiseDirection":false,"layer":0},{"side":0,"counterClockwiseDirection":false,"layer":0},{"side":3,"counterClockwiseDirection":false,"layer":0}],"totalTime":63705.10000002384,"data":{"restartCounter":0,"iterations":4491,"metrics":[{"label":"CHECK_SOLUTION","totalTime":3471.699998229742,"totalRelativeTime":"5.44%","numOfCalls":13472070,"avgTimePerCall":0.0002576961074452361},{"label":"APPLYING_ROTATIONS","totalTime":19505.30000013113,"totalRelativeTime":"30.61%","numOfCalls":13472069,"avgTimePerCall":0.0014478325489671357},{"label":"COMPUTE_ROTATION","totalTime":3582.4000019431114,"totalRelativeTime":"5.62%","numOfCalls":13472069,"avgTimePerCall":0.0002659131275190998},{"label":"CALCULATE_CITIZEN_SCORE","totalTime":6924.89999961853,"totalRelativeTime":"10.87%","numOfCalls":13472069,"avgTimePerCall":0.0005140190418872209},{"label":"AGGREGATE_CURRENT_GENERATION","totalTime":119.49999979138374,"totalRelativeTime":"0.18%","numOfCalls":449068,"avgTimePerCall":0.00026610669161771433},{"label":"CREATE_NEXT_GENERATION","totalTime":343.9000001847744,"totalRelativeTime":"0.53%","numOfCalls":4490,"avgTimePerCall":0.07659242765807893},{"label":"MEASUREMENT_OVERHEAD","totalTime":14679.200000345707,"totalRelativeTime":"23.04%","numOfCalls":0,"avgTimePerCall":14679.200000345707},{"label":"NOT_MEASURED","totalTime":15078.199999779463,"totalRelativeTime":"23.66%","numOfCalls":0,"avgTimePerCall":15078.199999779463}]}}},{"label":"2x2","key":"GA","solution":{"rotations":[{"side":3,"counterClockwiseDirection":true,"layer":0},{"side":2,"counterClockwiseDirection":true,"layer":0},{"side":3,"counterClockwiseDirection":false,"layer":0},{"side":3,"counterClockwiseDirection":false,"layer":0},{"side":0,"counterClockwiseDirection":false,"layer":0},{"side":0,"counterClockwiseDirection":false,"layer":0},{"side":2,"counterClockwiseDirection":true,"layer":0},{"side":3,"counterClockwiseDirection":false,"layer":0},{"side":0,"counterClockwiseDirection":true,"layer":0},{"side":2,"counterClockwiseDirection":false,"layer":0},{"side":3,"counterClockwiseDirection":true,"layer":0},{"side":3,"counterClockwiseDirection":true,"layer":0},{"side":2,"counterClockwiseDirection":false,"layer":0},{"layer":0,"side":0,"counterClockwiseDirection":false},{"side":2,"counterClockwiseDirection":false,"layer":0},{"side":0,"counterClockwiseDirection":false,"layer":0},{"side":2,"counterClockwiseDirection":false,"layer":0}],"totalTime":91330.10000002384,"data":{"armageddonCounter":1,"generations":7432,"metrics":[{"label":"CHECK_SOLUTION","totalTime":4874.8000038564205,"totalRelativeTime":"5.33%","numOfCalls":22290480,"avgTimePerCall":0.00021869425888793872},{"label":"APPLYING_ROTATIONS","totalTime":28784.39999142289,"totalRelativeTime":"31.51%","numOfCalls":22290471,"avgTimePerCall":0.001291332067026439},{"label":"COMPUTE_GENE","totalTime":4920.100003302097,"totalRelativeTime":"5.38%","numOfCalls":22290471,"avgTimePerCall":0.00022072660570079911},{"label":"CALCULATE_CITIZEN_SCORE","totalTime":10308.099998891354,"totalRelativeTime":"11.28%","numOfCalls":22290471,"avgTimePerCall":0.00046244424350168974},{"label":"AGGREGATE_CURRENT_GENERATION","totalTime":164.00000023841858,"totalRelativeTime":"0.17%","numOfCalls":743015,"avgTimePerCall":0.0002207223275955648},{"label":"CREATE_NEXT_GENERATION","totalTime":523.2999999523163,"totalRelativeTime":"0.57%","numOfCalls":7430,"avgTimePerCall":0.07043068640004257},{"label":"MEASUREMENT_OVERHEAD","totalTime":21024.00000205636,"totalRelativeTime":"23.01%","numOfCalls":0,"avgTimePerCall":21024.00000205636},{"label":"NOT_MEASURED","totalTime":20731.400000303984,"totalRelativeTime":"22.69%","numOfCalls":0,"avgTimePerCall":20731.400000303984}]}}},{"label":"2x2","key":"WA*","solution":{"rotations":[{"side":0,"counterClockwiseDirection":true,"layer":0},{"side":2,"counterClockwiseDirection":true,"layer":0},{"side":3,"counterClockwiseDirection":false,"layer":0},{"side":3,"counterClockwiseDirection":false,"layer":0},{"side":0,"counterClockwiseDirection":false,"layer":0},{"side":3,"counterClockwiseDirection":true,"layer":0},{"side":2,"counterClockwiseDirection":false,"layer":0},{"side":3,"counterClockwiseDirection":false,"layer":0},{"side":2,"counterClockwiseDirection":true,"layer":0},{"side":3,"counterClockwiseDirection":false,"layer":0},{"side":2,"counterClockwiseDirection":true,"layer":0},{"side":3,"counterClockwiseDirection":false,"layer":0},{"side":2,"counterClockwiseDirection":false,"layer":0},{"side":3,"counterClockwiseDirection":false,"layer":0},{"side":0,"counterClockwiseDirection":false,"layer":0},{"side":2,"counterClockwiseDirection":true,"layer":0},{"side":0,"counterClockwiseDirection":true,"layer":0}],"totalTime":1526.5,"data":{"metrics":[{"label":"ITERATIONS_COUNTER_INCREMENT","totalTime":26.10000005364418,"totalRelativeTime":"1.7%","numOfCalls":120560,"avgTimePerCall":0.00021648971510985552},{"label":"ABORTED_VERIFICATION","totalTime":13.999999940395355,"totalRelativeTime":"0.91%","numOfCalls":60280,"avgTimePerCall":0.00023224950133369867},{"label":"POP_CANDIDATE","totalTime":45.89999997615814,"totalRelativeTime":"3%","numOfCalls":60280,"avgTimePerCall":0.0007614465822189472},{"label":"VISISTED_LIST_CHECK","totalTime":123.19999912381172,"totalRelativeTime":"8.07%","numOfCalls":323025,"avgTimePerCall":0.0003813946261862448},{"label":"CHECK_SOLUTION","totalTime":15.799999952316284,"totalRelativeTime":"1.03%","numOfCalls":55079,"avgTimePerCall":0.00028686069014172887},{"label":"ADD_TO_VISISTED_LIST_CHECK","totalTime":14.400000125169754,"totalRelativeTime":"0.94%","numOfCalls":55078,"avgTimePerCall":0.00026144740413903473},{"label":"PERFORM_ROTATION","totalTime":370.20000022649765,"totalRelativeTime":"24.25%","numOfCalls":262745,"avgTimePerCall":0.0014089706758511015},{"label":"HEURISTIC_CALCULATION","totalTime":147.49999991059303,"totalRelativeTime":"9.66%","numOfCalls":262745,"avgTimePerCall":0.0005613808061450952},{"label":"ADD_CANDIDATE","totalTime":76.59999999403954,"totalRelativeTime":"5.01%","numOfCalls":254184,"avgTimePerCall":0.00030135649763179246},{"label":"BUILD_SOLUTION","totalTime":0,"totalRelativeTime":"0%","numOfCalls":1,"avgTimePerCall":0},{"label":"MEASUREMENT_OVERHEAD","totalTime":335.70000034570694,"totalRelativeTime":"21.99%","numOfCalls":0,"avgTimePerCall":335.70000034570694},{"label":"NOT_MEASURED","totalTime":357.1000003516674,"totalRelativeTime":"23.39%","numOfCalls":0,"avgTimePerCall":357.1000003516674}],"visitedNodes":60280,"differentNodes":55079}}},{"label":"2x2","key":"BiBFS","solution":{"rotations":[{"side":3,"counterClockwiseDirection":true,"layer":0},{"side":2,"counterClockwiseDirection":true,"layer":0},{"side":0,"counterClockwiseDirection":true,"layer":0},{"side":3,"counterClockwiseDirection":false,"layer":0},{"side":2,"counterClockwiseDirection":true,"layer":0},{"side":0,"counterClockwiseDirection":true,"layer":0},{"side":3,"counterClockwiseDirection":false,"layer":0},{"side":0,"counterClockwiseDirection":true,"layer":0},{"side":2,"counterClockwiseDirection":true,"layer":0},{"side":0,"counterClockwiseDirection":true,"layer":0},{"side":2,"counterClockwiseDirection":false,"layer":0}],"totalTime":206.59999999403954,"data":{"metrics":[{"label":"POP_CANDIDATE","totalTime":2.5,"totalRelativeTime":"1.21%","numOfCalls":9680,"avgTimePerCall":0.00025826446280991736},{"label":"VISISTED_LIST_CHECK","totalTime":21.60000017285347,"totalRelativeTime":"10.45%","numOfCalls":59624,"avgTimePerCall":0.0003622702296533857},{"label":"ADD_TO_VISISTED_LIST_CHECK","totalTime":2.8999999463558197,"totalRelativeTime":"1.4%","numOfCalls":8472,"avgTimePerCall":0.0003423040541024339},{"label":"PERFORM_ROTATION","totalTime":76.700000166893,"totalRelativeTime":"37.12%","numOfCalls":41470,"avgTimePerCall":0.0018495297845886908},{"label":"ADD_CANDIDATE","totalTime":11.700000017881393,"totalRelativeTime":"5.66%","numOfCalls":40668,"avgTimePerCall":0.0002876954858336135},{"label":"MEASUREMENT_OVERHEAD","totalTime":45.99999979138374,"totalRelativeTime":"22.26%","numOfCalls":0,"avgTimePerCall":45.99999979138374},{"label":"NOT_MEASURED","totalTime":45.199999898672104,"totalRelativeTime":"21.87%","numOfCalls":0,"avgTimePerCall":45.199999898672104}],"iterations":4237,"visitedNodes":4237}}}]}