{"timestamp":1680890351639,"shuffle":"31:  L'   B    L'   R   2L    U    R'   F'   R'   F'   U'   L    R'  2F   2U    R   2F    R    F'   B'   R   2U   2L    D'   F'  ","solutions":[{"label":"2x2","key":"IDDFS","solution":{"rotations":[{"side":0,"counterClockwiseDirection":false,"layer":0},{"side":3,"counterClockwiseDirection":true,"layer":0},{"side":2,"counterClockwiseDirection":true,"layer":0},{"side":3,"counterClockwiseDirection":false,"layer":0},{"side":2,"counterClockwiseDirection":true,"layer":0},{"side":0,"counterClockwiseDirection":false,"layer":0},{"side":3,"counterClockwiseDirection":true,"layer":0},{"side":0,"counterClockwiseDirection":true,"layer":0},{"side":0,"counterClockwiseDirection":true,"layer":0},{"side":2,"counterClockwiseDirection":true,"layer":0},{"side":2,"counterClockwiseDirection":true,"layer":0}],"totalTime":147449.20000001788,"data":{"metrics":[{"label":"PERFORM_ROTATION","totalTime":62738.90000000596,"totalRelativeTime":"42.54%","numOfCalls":46431930,"avgTimePerCall":0.0013512016407675916},{"label":"ADD_CANDIDATE","totalTime":11612.899999856949,"totalRelativeTime":"7.87%","numOfCalls":46431930,"avgTimePerCall":0.00025010590772033274},{"label":"NOT_MEASURED","totalTime":73097.40000015497,"totalRelativeTime":"49.57%","numOfCalls":0,"avgTimePerCall":73097.40000015497}],"visitedNodes":14026485,"iterations":[{"visitedNodes":37,"bound":2},{"visitedNodes":181,"bound":3},{"visitedNodes":877,"bound":4},{"visitedNodes":4237,"bound":5},{"visitedNodes":20461,"bound":6},{"visitedNodes":98797,"bound":7},{"visitedNodes":477037,"bound":8},{"visitedNodes":2303341,"bound":9},{"visitedNodes":11121517,"bound":10}]}}},{"label":"2x2","key":"IDA*","solution":{"rotations":[{"side":0,"counterClockwiseDirection":false,"layer":0},{"side":3,"counterClockwiseDirection":true,"layer":0},{"side":2,"counterClockwiseDirection":true,"layer":0},{"side":3,"counterClockwiseDirection":false,"layer":0},{"side":2,"counterClockwiseDirection":true,"layer":0},{"side":0,"counterClockwiseDirection":false,"layer":0},{"side":3,"counterClockwiseDirection":true,"layer":0},{"side":0,"counterClockwiseDirection":true,"layer":0},{"side":0,"counterClockwiseDirection":true,"layer":0},{"side":2,"counterClockwiseDirection":true,"layer":0},{"side":2,"counterClockwiseDirection":true,"layer":0}],"totalTime":128303.09999999404,"data":{"metrics":[{"label":"PERFORM_ROTATION","totalTime":61920.1000110507,"totalRelativeTime":"48.26%","numOfCalls":41847242,"avgTimePerCall":0.0014796697954682582},{"label":"ADD_CANDIDATE","totalTime":11021.900002539158,"totalRelativeTime":"8.59%","numOfCalls":41847242,"avgTimePerCall":0.0002633841437516756},{"label":"NOT_MEASURED","totalTime":55361.09998640418,"totalRelativeTime":"43.14%","numOfCalls":0,"avgTimePerCall":55361.09998640418}],"visitedNodes":1925472,"iterations":[{"visitedNodes":7,"bound":2},{"visitedNodes":82,"bound":3.25},{"visitedNodes":763,"bound":4.5},{"visitedNodes":4267,"bound":5.75},{"visitedNodes":22144,"bound":7},{"visitedNodes":164220,"bound":8.25},{"visitedNodes":1733989,"bound":9.5}]}}},{"label":"2x2","key":"GA","solution":{"rotations":[{"side":0,"counterClockwiseDirection":false,"layer":0},{"side":3,"counterClockwiseDirection":true,"layer":0},{"layer":0,"side":0,"counterClockwiseDirection":true},{"side":3,"counterClockwiseDirection":true,"layer":0},{"side":2,"counterClockwiseDirection":true,"layer":0},{"side":2,"counterClockwiseDirection":true,"layer":0},{"side":3,"counterClockwiseDirection":true,"layer":0},{"side":2,"counterClockwiseDirection":true,"layer":0},{"layer":0,"side":0,"counterClockwiseDirection":false},{"side":2,"counterClockwiseDirection":true,"layer":0},{"side":3,"counterClockwiseDirection":false,"layer":0},{"side":0,"counterClockwiseDirection":true,"layer":0},{"side":3,"counterClockwiseDirection":false,"layer":0},{"side":0,"counterClockwiseDirection":true,"layer":0},{"side":0,"counterClockwiseDirection":true,"layer":0}],"totalTime":79922.5,"data":{"armageddonCounter":1,"generations":5510,"metrics":[{"label":"CHECK_SOLUTION","totalTime":4340.899991959333,"totalRelativeTime":"5.43%","numOfCalls":16524330,"avgTimePerCall":0.0002626974886097853},{"label":"APPLYING_ROTATIONS","totalTime":25274.500007867813,"totalRelativeTime":"31.62%","numOfCalls":16524325,"avgTimePerCall":0.0015295329768609497},{"label":"COMPUTE_GENE","totalTime":4390.299998641014,"totalRelativeTime":"5.49%","numOfCalls":16524325,"avgTimePerCall":0.00026568710060114495},{"label":"CALCULATE_CITIZEN_SCORE","totalTime":9003.000002771616,"totalRelativeTime":"11.26%","numOfCalls":16524325,"avgTimePerCall":0.0005448331476639207},{"label":"AGGREGATE_CURRENT_GENERATION","totalTime":148.2000000178814,"totalRelativeTime":"0.18%","numOfCalls":550810,"avgTimePerCall":0.00026905829599658935},{"label":"CREATE_NEXT_GENERATION","totalTime":474.1999990940094,"totalRelativeTime":"0.59%","numOfCalls":5508,"avgTimePerCall":0.08609295553631252},{"label":"MEASUREMENT_OVERHEAD","totalTime":18109.600011736155,"totalRelativeTime":"22.65%","numOfCalls":0,"avgTimePerCall":18109.600011736155},{"label":"NOT_MEASURED","totalTime":18181.799987912178,"totalRelativeTime":"22.74%","numOfCalls":0,"avgTimePerCall":18181.799987912178}]}}},{"label":"2x2","key":"SA","solution":{"rotations":[{"side":3,"counterClockwiseDirection":false,"layer":0},{"side":0,"counterClockwiseDirection":false,"layer":0},{"side":0,"counterClockwiseDirection":false,"layer":0},{"side":2,"counterClockwiseDirection":false,"layer":0},{"side":3,"counterClockwiseDirection":false,"layer":0},{"side":3,"counterClockwiseDirection":false,"layer":0},{"side":2,"counterClockwiseDirection":true,"layer":0},{"side":3,"counterClockwiseDirection":false,"layer":0},{"side":0,"counterClockwiseDirection":true,"layer":0},{"side":3,"counterClockwiseDirection":true,"layer":0},{"layer":0,"side":2,"counterClockwiseDirection":false},{"side":0,"counterClockwiseDirection":false,"layer":0},{"side":2,"counterClockwiseDirection":false,"layer":0},{"side":0,"counterClockwiseDirection":true,"layer":0},{"side":2,"counterClockwiseDirection":true,"layer":0}],"totalTime":130123.59999999404,"data":{"restartCounter":1,"iterations":9374,"metrics":[{"label":"CHECK_SOLUTION","totalTime":7064.599998742342,"totalRelativeTime":"5.42%","numOfCalls":28119030,"avgTimePerCall":0.00025123910742092957},{"label":"APPLYING_ROTATIONS","totalTime":40635.19999989867,"totalRelativeTime":"31.22%","numOfCalls":28119029,"avgTimePerCall":0.0014451139120023907},{"label":"COMPUTE_ROTATION","totalTime":7187.200003564358,"totalRelativeTime":"5.52%","numOfCalls":28119029,"avgTimePerCall":0.0002555991532838619},{"label":"CALCULATE_CITIZEN_SCORE","totalTime":14724.199999600649,"totalRelativeTime":"11.31%","numOfCalls":28119029,"avgTimePerCall":0.0005236382806675384},{"label":"AGGREGATE_CURRENT_GENERATION","totalTime":252.39999967813492,"totalRelativeTime":"0.19%","numOfCalls":937300,"avgTimePerCall":0.0002692841136009121},{"label":"CREATE_NEXT_GENERATION","totalTime":776.6000003516674,"totalRelativeTime":"0.59%","numOfCalls":9373,"avgTimePerCall":0.0828550091061205},{"label":"MEASUREMENT_OVERHEAD","totalTime":29239.79999959469,"totalRelativeTime":"22.47%","numOfCalls":0,"avgTimePerCall":29239.79999959469},{"label":"NOT_MEASURED","totalTime":30243.599998563528,"totalRelativeTime":"23.24%","numOfCalls":0,"avgTimePerCall":30243.599998563528}]}}},{"label":"2x2","key":"WA*","solution":{"rotations":[{"side":0,"counterClockwiseDirection":true,"layer":0},{"side":2,"counterClockwiseDirection":true,"layer":0},{"side":0,"counterClockwiseDirection":false,"layer":0},{"side":3,"counterClockwiseDirection":true,"layer":0},{"side":2,"counterClockwiseDirection":false,"layer":0},{"side":2,"counterClockwiseDirection":false,"layer":0},{"side":3,"counterClockwiseDirection":true,"layer":0},{"side":2,"counterClockwiseDirection":false,"layer":0},{"side":3,"counterClockwiseDirection":true,"layer":0},{"side":3,"counterClockwiseDirection":true,"layer":0},{"side":0,"counterClockwiseDirection":false,"layer":0},{"side":2,"counterClockwiseDirection":false,"layer":0},{"side":0,"counterClockwiseDirection":true,"layer":0}],"totalTime":604.3000000119209,"data":{"metrics":[{"label":"ITERATIONS_COUNTER_INCREMENT","totalTime":8.099999904632568,"totalRelativeTime":"1.34%","numOfCalls":44558,"avgTimePerCall":0.00018178553581023763},{"label":"ABORTED_VERIFICATION","totalTime":4.700000017881393,"totalRelativeTime":"0.77%","numOfCalls":22279,"avgTimePerCall":0.00021096099546125919},{"label":"POP_CANDIDATE","totalTime":10.299999952316284,"totalRelativeTime":"1.7%","numOfCalls":22279,"avgTimePerCall":0.0004623187733882259},{"label":"VISISTED_LIST_CHECK","totalTime":42.19999995827675,"totalRelativeTime":"6.98%","numOfCalls":121102,"avgTimePerCall":0.00034846658154511693},{"label":"CHECK_SOLUTION","totalTime":4.60000005364418,"totalRelativeTime":"0.76%","numOfCalls":20725,"avgTimePerCall":0.000221954164228911},{"label":"ADD_TO_VISISTED_LIST_CHECK","totalTime":5.799999952316284,"totalRelativeTime":"0.95%","numOfCalls":20724,"avgTimePerCall":0.00027986874890543735},{"label":"PERFORM_ROTATION","totalTime":174.39999943971634,"totalRelativeTime":"28.85%","numOfCalls":98823,"avgTimePerCall":0.0017647713532246171},{"label":"HEURISTIC_CALCULATION","totalTime":52.99999985098839,"totalRelativeTime":"8.77%","numOfCalls":98823,"avgTimePerCall":0.0005363123954037865},{"label":"ADD_CANDIDATE","totalTime":29.900000154972076,"totalRelativeTime":"4.94%","numOfCalls":96659,"avgTimePerCall":0.00030933487988673664},{"label":"BUILD_SOLUTION","totalTime":0,"totalRelativeTime":"0%","numOfCalls":1,"avgTimePerCall":0},{"label":"MEASUREMENT_OVERHEAD","totalTime":119.8000003695488,"totalRelativeTime":"19.82%","numOfCalls":0,"avgTimePerCall":119.8000003695488},{"label":"NOT_MEASURED","totalTime":151.50000035762787,"totalRelativeTime":"25.07%","numOfCalls":0,"avgTimePerCall":151.50000035762787}],"visitedNodes":22279,"differentNodes":20725}}},{"label":"2x2","key":"BiBFS","solution":{"rotations":[{"side":0,"counterClockwiseDirection":false,"layer":0},{"side":3,"counterClockwiseDirection":true,"layer":0},{"side":2,"counterClockwiseDirection":true,"layer":0},{"side":3,"counterClockwiseDirection":false,"layer":0},{"side":2,"counterClockwiseDirection":true,"layer":0},{"side":0,"counterClockwiseDirection":false,"layer":0},{"side":3,"counterClockwiseDirection":true,"layer":0},{"side":0,"counterClockwiseDirection":false,"layer":0},{"side":0,"counterClockwiseDirection":false,"layer":0},{"side":2,"counterClockwiseDirection":false,"layer":0},{"side":2,"counterClockwiseDirection":false,"layer":0}],"totalTime":364.40000000596046,"data":{"metrics":[{"label":"POP_CANDIDATE","totalTime":4.5,"totalRelativeTime":"1.23%","numOfCalls":19000,"avgTimePerCall":0.00023684210526315788},{"label":"VISISTED_LIST_CHECK","totalTime":43.000000298023224,"totalRelativeTime":"11.8%","numOfCalls":114818,"avgTimePerCall":0.00037450574211380814},{"label":"ADD_TO_VISISTED_LIST_CHECK","totalTime":5.699999898672104,"totalRelativeTime":"1.56%","numOfCalls":16258,"avgTimePerCall":0.00035059662311920923},{"label":"PERFORM_ROTATION","totalTime":129.09999987483025,"totalRelativeTime":"35.42%","numOfCalls":79558,"avgTimePerCall":0.0016227155015816166},{"label":"ADD_CANDIDATE","totalTime":25.100000083446503,"totalRelativeTime":"6.88%","numOfCalls":77780,"avgTimePerCall":0.0003227050666424081},{"label":"MEASUREMENT_OVERHEAD","totalTime":72.60000005364418,"totalRelativeTime":"19.92%","numOfCalls":0,"avgTimePerCall":72.60000005364418},{"label":"NOT_MEASURED","totalTime":84.39999979734421,"totalRelativeTime":"23.16%","numOfCalls":0,"avgTimePerCall":84.39999979734421}],"iterations":8130,"visitedNodes":8130}}}]}