{"timestamp":1680983476019,"shuffle":"35:  B'   D    R'   D    B   2R    D'   R    F'   D    R    D'   U'   D'   U'   R'   F    D    U    L'   F'   D    B    R    U    R    L   2U    F    B'  2D    R'  ","solutions":[{"label":"2x2","key":"IDDFS","solution":{"rotations":[{"side":2,"counterClockwiseDirection":true,"layer":0},{"side":2,"counterClockwiseDirection":true,"layer":0},{"side":3,"counterClockwiseDirection":true,"layer":0},{"side":0,"counterClockwiseDirection":true,"layer":0},{"side":2,"counterClockwiseDirection":false,"layer":0},{"side":0,"counterClockwiseDirection":true,"layer":0},{"side":2,"counterClockwiseDirection":true,"layer":0},{"side":0,"counterClockwiseDirection":false,"layer":0},{"side":2,"counterClockwiseDirection":true,"layer":0},{"side":3,"counterClockwiseDirection":false,"layer":0},{"side":2,"counterClockwiseDirection":true,"layer":0}],"totalTime":32386.900000000373,"data":{"metrics":[{"label":"PERFORM_ROTATION","totalTime":14858.50000041537,"totalRelativeTime":"45.87%","numOfCalls":14972892,"avgTimePerCall":0.0009923600597944184},{"label":"ADD_CANDIDATE","totalTime":2729.4000000096858,"totalRelativeTime":"8.42%","numOfCalls":14972892,"avgTimePerCall":0.0001822894334648033},{"label":"NOT_MEASURED","totalTime":14798.999999575317,"totalRelativeTime":"45.69%","numOfCalls":0,"avgTimePerCall":14798.999999575317}],"visitedNodes":14026485,"iterations":[{"visitedNodes":37,"bound":2},{"visitedNodes":181,"bound":3},{"visitedNodes":877,"bound":4},{"visitedNodes":4237,"bound":5},{"visitedNodes":20461,"bound":6},{"visitedNodes":98797,"bound":7},{"visitedNodes":477037,"bound":8},{"visitedNodes":2303341,"bound":9},{"visitedNodes":11121517,"bound":10}]}}},{"label":"2x2","key":"IDA*","solution":{"rotations":[{"side":2,"counterClockwiseDirection":true,"layer":0},{"side":2,"counterClockwiseDirection":true,"layer":0},{"side":3,"counterClockwiseDirection":true,"layer":0},{"side":0,"counterClockwiseDirection":true,"layer":0},{"side":2,"counterClockwiseDirection":false,"layer":0},{"side":0,"counterClockwiseDirection":true,"layer":0},{"side":2,"counterClockwiseDirection":true,"layer":0},{"side":0,"counterClockwiseDirection":false,"layer":0},{"side":2,"counterClockwiseDirection":true,"layer":0},{"side":3,"counterClockwiseDirection":false,"layer":0},{"side":2,"counterClockwiseDirection":true,"layer":0}],"totalTime":21012.5,"data":{"metrics":[{"label":"PERFORM_ROTATION","totalTime":10325.600000094622,"totalRelativeTime":"49.14%","numOfCalls":10110116,"avgTimePerCall":0.0010213137020479905},{"label":"ADD_CANDIDATE","totalTime":1883.2000000402331,"totalRelativeTime":"8.96%","numOfCalls":10110116,"avgTimePerCall":0.00018626888158753403},{"label":"NOT_MEASURED","totalTime":8803.699999865144,"totalRelativeTime":"41.89%","numOfCalls":0,"avgTimePerCall":8803.699999865144}],"visitedNodes":1896836,"iterations":[{"visitedNodes":7,"bound":2},{"visitedNodes":37,"bound":3.25},{"visitedNodes":582,"bound":4.5},{"visitedNodes":4272,"bound":5.75},{"visitedNodes":21927,"bound":7},{"visitedNodes":157809,"bound":8.25},{"visitedNodes":1712202,"bound":9.5}]}}},{"label":"2x2","key":"SA","solution":{"rotations":[{"side":2,"counterClockwiseDirection":false,"layer":0},{"side":3,"counterClockwiseDirection":false,"layer":0},{"side":2,"counterClockwiseDirection":true,"layer":0},{"side":3,"counterClockwiseDirection":false,"layer":0},{"side":0,"counterClockwiseDirection":false,"layer":0},{"side":3,"counterClockwiseDirection":true,"layer":0},{"side":2,"counterClockwiseDirection":false,"layer":0},{"side":0,"counterClockwiseDirection":true,"layer":0},{"side":3,"counterClockwiseDirection":false,"layer":0},{"side":2,"counterClockwiseDirection":false,"layer":0},{"side":3,"counterClockwiseDirection":false,"layer":0},{"side":2,"counterClockwiseDirection":true,"layer":0},{"side":2,"counterClockwiseDirection":true,"layer":0},{"side":3,"counterClockwiseDirection":true,"layer":0},{"side":2,"counterClockwiseDirection":false,"layer":0},{"side":3,"counterClockwiseDirection":false,"layer":0},{"side":2,"counterClockwiseDirection":true,"layer":0},{"side":0,"counterClockwiseDirection":false,"layer":0},{"side":3,"counterClockwiseDirection":true,"layer":0}],"totalTime":29805.400000000373,"data":{"restartCounter":0,"iterations":3041,"metrics":[{"label":"CHECK_SOLUTION","totalTime":1582.6999998744577,"totalRelativeTime":"5.31%","numOfCalls":9120240,"avgTimePerCall":0.00017353709988711456},{"label":"APPLYING_ROTATIONS","totalTime":9300.40000029467,"totalRelativeTime":"31.2%","numOfCalls":9120237,"avgTimePerCall":0.0010197542015952733},{"label":"COMPUTE_ROTATION","totalTime":1621.6999999191612,"totalRelativeTime":"5.44%","numOfCalls":9120237,"avgTimePerCall":0.0001778133616395233},{"label":"CALCULATE_CITIZEN_SCORE","totalTime":3357.600000044331,"totalRelativeTime":"11.26%","numOfCalls":9120237,"avgTimePerCall":0.00036814832772923893},{"label":"AGGREGATE_CURRENT_GENERATION","totalTime":52.70000000111759,"totalRelativeTime":"0.17%","numOfCalls":304007,"avgTimePerCall":0.00017335127152045047},{"label":"CREATE_NEXT_GENERATION","totalTime":180.99999997206032,"totalRelativeTime":"0.6%","numOfCalls":3040,"avgTimePerCall":0.05953947367501984},{"label":"MEASUREMENT_OVERHEAD","totalTime":6909.399999789894,"totalRelativeTime":"23.18%","numOfCalls":0,"avgTimePerCall":6909.399999789894},{"label":"NOT_MEASURED","totalTime":6799.900000104681,"totalRelativeTime":"22.81%","numOfCalls":0,"avgTimePerCall":6799.900000104681}]}}},{"label":"2x2","key":"GA","solution":{"rotations":[{"side":3,"counterClockwiseDirection":false,"layer":0},{"side":0,"counterClockwiseDirection":false,"layer":0},{"side":3,"counterClockwiseDirection":true,"layer":0},{"side":2,"counterClockwiseDirection":false,"layer":0},{"side":0,"counterClockwiseDirection":false,"layer":0},{"layer":0,"side":2,"counterClockwiseDirection":true},{"side":3,"counterClockwiseDirection":false,"layer":0},{"side":0,"counterClockwiseDirection":true,"layer":0},{"side":0,"counterClockwiseDirection":true,"layer":0},{"side":3,"counterClockwiseDirection":false,"layer":0},{"side":2,"counterClockwiseDirection":true,"layer":0}],"totalTime":1037.9000000003725,"data":{"armageddonCounter":0,"generations":90,"metrics":[{"label":"CHECK_SOLUTION","totalTime":46.50000000372529,"totalRelativeTime":"4.48%","numOfCalls":268500,"avgTimePerCall":0.0001731843575557739},{"label":"APPLYING_ROTATIONS","totalTime":322.20000001601875,"totalRelativeTime":"31.04%","numOfCalls":268489,"avgTimePerCall":0.0012000491640850044},{"label":"COMPUTE_GENE","totalTime":52.59999999962747,"totalRelativeTime":"5.06%","numOfCalls":268489,"avgTimePerCall":0.00019591119189101778},{"label":"CALCULATE_CITIZEN_SCORE","totalTime":112.99999998882413,"totalRelativeTime":"10.88%","numOfCalls":268489,"avgTimePerCall":0.00042087385326335206},{"label":"AGGREGATE_CURRENT_GENERATION","totalTime":2.200000001117587,"totalRelativeTime":"0.21%","numOfCalls":8949,"avgTimePerCall":0.0002458375238705539},{"label":"CREATE_NEXT_GENERATION","totalTime":9.100000003352761,"totalRelativeTime":"0.87%","numOfCalls":89,"avgTimePerCall":0.10224719104890743},{"label":"MEASUREMENT_OVERHEAD","totalTime":261.7999999895692,"totalRelativeTime":"25.22%","numOfCalls":0,"avgTimePerCall":261.7999999895692},{"label":"NOT_MEASURED","totalTime":230.49999999813735,"totalRelativeTime":"22.2%","numOfCalls":0,"avgTimePerCall":230.49999999813735}]}}},{"label":"2x2","key":"WA*","solution":{"rotations":[{"side":0,"counterClockwiseDirection":true,"layer":0},{"side":2,"counterClockwiseDirection":true,"layer":0},{"side":3,"counterClockwiseDirection":true,"layer":0},{"side":0,"counterClockwiseDirection":false,"layer":0},{"side":3,"counterClockwiseDirection":true,"layer":0},{"side":0,"counterClockwiseDirection":false,"layer":0},{"side":3,"counterClockwiseDirection":true,"layer":0},{"side":0,"counterClockwiseDirection":false,"layer":0},{"side":0,"counterClockwiseDirection":false,"layer":0},{"side":3,"counterClockwiseDirection":true,"layer":0},{"side":2,"counterClockwiseDirection":true,"layer":0},{"side":0,"counterClockwiseDirection":true,"layer":0},{"side":2,"counterClockwiseDirection":false,"layer":0},{"side":0,"counterClockwiseDirection":true,"layer":0},{"side":3,"counterClockwiseDirection":true,"layer":0}],"totalTime":1624.5999999996275,"data":{"metrics":[{"label":"ITERATIONS_COUNTER_INCREMENT","totalTime":27.00000000372529,"totalRelativeTime":"1.66%","numOfCalls":145098,"avgTimePerCall":0.00018608113139895305},{"label":"ABORTED_VERIFICATION","totalTime":11.000000005587935,"totalRelativeTime":"0.67%","numOfCalls":72549,"avgTimePerCall":0.00015162166267747225},{"label":"POP_CANDIDATE","totalTime":36.000000009313226,"totalRelativeTime":"2.21%","numOfCalls":72549,"avgTimePerCall":0.0004962163504571149},{"label":"VISISTED_LIST_CHECK","totalTime":139.79999998025596,"totalRelativeTime":"8.6%","numOfCalls":392295,"avgTimePerCall":0.0003563644705648962},{"label":"CHECK_SOLUTION","totalTime":12.399999998509884,"totalRelativeTime":"0.76%","numOfCalls":66954,"avgTimePerCall":0.0001852017803045357},{"label":"ADD_TO_VISISTED_LIST_CHECK","totalTime":16.000000001862645,"totalRelativeTime":"0.98%","numOfCalls":66953,"avgTimePerCall":0.0002389736083799478},{"label":"PERFORM_ROTATION","totalTime":384.99999998882413,"totalRelativeTime":"23.69%","numOfCalls":319746,"avgTimePerCall":0.0012040807390516976},{"label":"HEURISTIC_CALCULATION","totalTime":160.9999999962747,"totalRelativeTime":"9.91%","numOfCalls":319746,"avgTimePerCall":0.000503524672697312},{"label":"ADD_CANDIDATE","totalTime":101.39999998174608,"totalRelativeTime":"6.24%","numOfCalls":308382,"avgTimePerCall":0.0003288129656781073},{"label":"BUILD_SOLUTION","totalTime":0,"totalRelativeTime":"0%","numOfCalls":1,"avgTimePerCall":0},{"label":"MEASUREMENT_OVERHEAD","totalTime":354.89999998547137,"totalRelativeTime":"21.84%","numOfCalls":0,"avgTimePerCall":354.89999998547137},{"label":"NOT_MEASURED","totalTime":380.10000004805624,"totalRelativeTime":"23.39%","numOfCalls":0,"avgTimePerCall":380.10000004805624}],"visitedNodes":72549,"differentNodes":66954}}},{"label":"2x2","key":"BiBFS","solution":{"rotations":[{"side":0,"counterClockwiseDirection":false,"layer":0},{"side":2,"counterClockwiseDirection":false,"layer":0},{"side":0,"counterClockwiseDirection":false,"layer":0},{"side":2,"counterClockwiseDirection":true,"layer":0},{"side":0,"counterClockwiseDirection":true,"layer":0},{"side":3,"counterClockwiseDirection":true,"layer":0},{"side":0,"counterClockwiseDirection":false,"layer":0},{"side":0,"counterClockwiseDirection":false,"layer":0},{"side":2,"counterClockwiseDirection":false,"layer":0},{"side":0,"counterClockwiseDirection":false,"layer":0},{"side":3,"counterClockwiseDirection":false,"layer":0}],"totalTime":190,"data":{"metrics":[{"label":"POP_CANDIDATE","totalTime":2.5,"totalRelativeTime":"1.31%","numOfCalls":8184,"avgTimePerCall":0.00030547409579667644},{"label":"VISISTED_LIST_CHECK","totalTime":20.799999989569187,"totalRelativeTime":"10.94%","numOfCalls":50527,"avgTimePerCall":0.0004116610918829376},{"label":"ADD_TO_VISISTED_LIST_CHECK","totalTime":4,"totalRelativeTime":"2.1%","numOfCalls":7182,"avgTimePerCall":0.000556947925368978},{"label":"PERFORM_ROTATION","totalTime":68.00000002421439,"totalRelativeTime":"35.78%","numOfCalls":35160,"avgTimePerCall":0.00193401592787868},{"label":"ADD_CANDIDATE","totalTime":16.09999999217689,"totalRelativeTime":"8.47%","numOfCalls":34572,"avgTimePerCall":0.0004656947816781468},{"label":"MEASUREMENT_OVERHEAD","totalTime":37.899999998509884,"totalRelativeTime":"19.94%","numOfCalls":0,"avgTimePerCall":37.899999998509884},{"label":"NOT_MEASURED","totalTime":40.69999999552965,"totalRelativeTime":"21.42%","numOfCalls":0,"avgTimePerCall":40.69999999552965}],"iterations":3592,"visitedNodes":3592}}}]}