{"timestamp":1680909130235,"shuffle":"31:  B    D    F    U    L    D'   R'   F   2R    L'   F    U'  2L    D'  2F    B'   D   2B    F'   U    R'   F'   D'   L'   D    R    U   ","solutions":[{"label":"2x2","key":"IDDFS","solution":{"rotations":[{"side":2,"counterClockwiseDirection":true,"layer":0},{"side":0,"counterClockwiseDirection":true,"layer":0},{"side":2,"counterClockwiseDirection":false,"layer":0},{"side":3,"counterClockwiseDirection":true,"layer":0},{"side":2,"counterClockwiseDirection":false,"layer":0},{"side":0,"counterClockwiseDirection":true,"layer":0},{"side":2,"counterClockwiseDirection":true,"layer":0},{"side":3,"counterClockwiseDirection":true,"layer":0},{"side":2,"counterClockwiseDirection":true,"layer":0},{"side":0,"counterClockwiseDirection":false,"layer":0},{"side":3,"counterClockwiseDirection":true,"layer":0}],"totalTime":48226,"data":{"metrics":[{"label":"PERFORM_ROTATION","totalTime":22762.700000673532,"totalRelativeTime":"47.2%","numOfCalls":16190563,"avgTimePerCall":0.001405923932396516},{"label":"ADD_CANDIDATE","totalTime":4004.2999994158745,"totalRelativeTime":"8.3%","numOfCalls":16190563,"avgTimePerCall":0.000247323085640436},{"label":"NOT_MEASURED","totalTime":21458.999999910593,"totalRelativeTime":"44.49%","numOfCalls":0,"avgTimePerCall":21458.999999910593}],"visitedNodes":14026485,"iterations":[{"visitedNodes":37,"bound":2},{"visitedNodes":181,"bound":3},{"visitedNodes":877,"bound":4},{"visitedNodes":4237,"bound":5},{"visitedNodes":20461,"bound":6},{"visitedNodes":98797,"bound":7},{"visitedNodes":477037,"bound":8},{"visitedNodes":2303341,"bound":9},{"visitedNodes":11121517,"bound":10}]}}},{"label":"2x2","key":"IDA*","solution":{"rotations":[{"side":2,"counterClockwiseDirection":true,"layer":0},{"side":0,"counterClockwiseDirection":true,"layer":0},{"side":2,"counterClockwiseDirection":false,"layer":0},{"side":3,"counterClockwiseDirection":true,"layer":0},{"side":2,"counterClockwiseDirection":false,"layer":0},{"side":0,"counterClockwiseDirection":true,"layer":0},{"side":2,"counterClockwiseDirection":true,"layer":0},{"side":3,"counterClockwiseDirection":true,"layer":0},{"side":2,"counterClockwiseDirection":true,"layer":0},{"side":0,"counterClockwiseDirection":false,"layer":0},{"side":3,"counterClockwiseDirection":true,"layer":0}],"totalTime":32673.100000023842,"data":{"metrics":[{"label":"PERFORM_ROTATION","totalTime":16470.29999989271,"totalRelativeTime":"50.4%","numOfCalls":11149481,"avgTimePerCall":0.0014772257112140657},{"label":"ADD_CANDIDATE","totalTime":2803.800002902746,"totalRelativeTime":"8.58%","numOfCalls":11149481,"avgTimePerCall":0.00025147358903098235},{"label":"NOT_MEASURED","totalTime":13398.999997228384,"totalRelativeTime":"41%","numOfCalls":0,"avgTimePerCall":13398.999997228384}],"visitedNodes":1858689,"iterations":[{"visitedNodes":7,"bound":2},{"visitedNodes":70,"bound":3.25},{"visitedNodes":693,"bound":4.5},{"visitedNodes":4237,"bound":5.75},{"visitedNodes":21518,"bound":7},{"visitedNodes":153816,"bound":8.25},{"visitedNodes":1678348,"bound":9.5}]}}},{"label":"2x2","key":"SA","solution":{"rotations":[{"side":3,"counterClockwiseDirection":false,"layer":0},{"side":0,"counterClockwiseDirection":false,"layer":0},{"side":2,"counterClockwiseDirection":false,"layer":0},{"layer":0,"side":0,"counterClockwiseDirection":false},{"side":2,"counterClockwiseDirection":false,"layer":0},{"side":3,"counterClockwiseDirection":true,"layer":0},{"side":0,"counterClockwiseDirection":false,"layer":0},{"side":0,"counterClockwiseDirection":false,"layer":0},{"side":2,"counterClockwiseDirection":true,"layer":0},{"side":2,"counterClockwiseDirection":true,"layer":0},{"side":3,"counterClockwiseDirection":true,"layer":0}],"totalTime":35262.30000001192,"data":{"restartCounter":0,"iterations":2540,"metrics":[{"label":"CHECK_SOLUTION","totalTime":1847.7000002563,"totalRelativeTime":"5.23%","numOfCalls":7618800,"avgTimePerCall":0.00024251850688511315},{"label":"APPLYING_ROTATIONS","totalTime":11082.600001245737,"totalRelativeTime":"31.42%","numOfCalls":7618793,"avgTimePerCall":0.001454639862409405},{"label":"COMPUTE_ROTATION","totalTime":1914.300001770258,"totalRelativeTime":"5.42%","numOfCalls":7618793,"avgTimePerCall":0.0002512602720365625},{"label":"CALCULATE_CITIZEN_SCORE","totalTime":3935.7000005841255,"totalRelativeTime":"11.16%","numOfCalls":7618793,"avgTimePerCall":0.0005165778884639766},{"label":"AGGREGATE_CURRENT_GENERATION","totalTime":64.09999948740005,"totalRelativeTime":"0.18%","numOfCalls":253959,"avgTimePerCall":0.00025240294491394303},{"label":"CREATE_NEXT_GENERATION","totalTime":197.5999998152256,"totalRelativeTime":"0.56%","numOfCalls":2539,"avgTimePerCall":0.07782591564207389},{"label":"MEASUREMENT_OVERHEAD","totalTime":8090.200000226498,"totalRelativeTime":"22.94%","numOfCalls":0,"avgTimePerCall":8090.200000226498},{"label":"NOT_MEASURED","totalTime":8130.099996626377,"totalRelativeTime":"23.05%","numOfCalls":0,"avgTimePerCall":8130.099996626377}]}}},{"label":"2x2","key":"GA","solution":{"rotations":[{"side":3,"counterClockwiseDirection":false,"layer":0},{"side":0,"counterClockwiseDirection":false,"layer":0},{"side":3,"counterClockwiseDirection":true,"layer":0},{"side":0,"counterClockwiseDirection":false,"layer":0},{"side":2,"counterClockwiseDirection":true,"layer":0},{"side":0,"counterClockwiseDirection":false,"layer":0},{"side":2,"counterClockwiseDirection":true,"layer":0},{"side":3,"counterClockwiseDirection":true,"layer":0},{"side":2,"counterClockwiseDirection":true,"layer":0},{"side":0,"counterClockwiseDirection":true,"layer":0},{"side":2,"counterClockwiseDirection":false,"layer":0},{"side":0,"counterClockwiseDirection":false,"layer":0},{"side":2,"counterClockwiseDirection":false,"layer":0},{"side":2,"counterClockwiseDirection":false,"layer":0},{"side":3,"counterClockwiseDirection":true,"layer":0}],"totalTime":65587.59999999404,"data":{"armageddonCounter":1,"generations":5413,"metrics":[{"label":"CHECK_SOLUTION","totalTime":3441.3000034093857,"totalRelativeTime":"5.24%","numOfCalls":16234110,"avgTimePerCall":0.00021197959133019214},{"label":"APPLYING_ROTATIONS","totalTime":20777.900003045797,"totalRelativeTime":"31.67%","numOfCalls":16234105,"avgTimePerCall":0.0012798919314027967},{"label":"COMPUTE_GENE","totalTime":3517.3000000417233,"totalRelativeTime":"5.36%","numOfCalls":16234105,"avgTimePerCall":0.00021666115871751005},{"label":"CALCULATE_CITIZEN_SCORE","totalTime":7813.599997997284,"totalRelativeTime":"11.91%","numOfCalls":16234105,"avgTimePerCall":0.0004813077159472163},{"label":"AGGREGATE_CURRENT_GENERATION","totalTime":123.10000041127205,"totalRelativeTime":"0.18%","numOfCalls":541136,"avgTimePerCall":0.00022748440394147136},{"label":"CREATE_NEXT_GENERATION","totalTime":360.9999984204769,"totalRelativeTime":"0.55%","numOfCalls":5411,"avgTimePerCall":0.06671594870088282},{"label":"MEASUREMENT_OVERHEAD","totalTime":14854.900007128716,"totalRelativeTime":"22.64%","numOfCalls":0,"avgTimePerCall":14854.900007128716},{"label":"NOT_MEASURED","totalTime":14698.499989539385,"totalRelativeTime":"22.41%","numOfCalls":0,"avgTimePerCall":14698.499989539385}]}}},{"label":"2x2","key":"WA*","solution":{"rotations":[{"side":2,"counterClockwiseDirection":false,"layer":0},{"side":3,"counterClockwiseDirection":false,"layer":0},{"side":2,"counterClockwiseDirection":true,"layer":0},{"side":0,"counterClockwiseDirection":true,"layer":0},{"side":2,"counterClockwiseDirection":true,"layer":0},{"side":3,"counterClockwiseDirection":true,"layer":0},{"side":2,"counterClockwiseDirection":true,"layer":0},{"side":3,"counterClockwiseDirection":false,"layer":0},{"side":0,"counterClockwiseDirection":true,"layer":0},{"side":3,"counterClockwiseDirection":false,"layer":0},{"side":0,"counterClockwiseDirection":false,"layer":0},{"side":3,"counterClockwiseDirection":true,"layer":0},{"side":2,"counterClockwiseDirection":true,"layer":0}],"totalTime":2090.2000000178814,"data":{"metrics":[{"label":"ITERATIONS_COUNTER_INCREMENT","totalTime":38.10000017285347,"totalRelativeTime":"1.82%","numOfCalls":159836,"avgTimePerCall":0.00023836932964321848},{"label":"ABORTED_VERIFICATION","totalTime":15.399999767541885,"totalRelativeTime":"0.73%","numOfCalls":79918,"avgTimePerCall":0.00019269751204411878},{"label":"POP_CANDIDATE","totalTime":42.09999966621399,"totalRelativeTime":"2.01%","numOfCalls":79918,"avgTimePerCall":0.0005267899555320952},{"label":"VISISTED_LIST_CHECK","totalTime":167.6000007390976,"totalRelativeTime":"8.01%","numOfCalls":429962,"avgTimePerCall":0.00038980189118828544},{"label":"CHECK_SOLUTION","totalTime":18.30000013113022,"totalRelativeTime":"0.87%","numOfCalls":73300,"avgTimePerCall":0.0002496589376688979},{"label":"ADD_TO_VISISTED_LIST_CHECK","totalTime":20.299999952316284,"totalRelativeTime":"0.97%","numOfCalls":73299,"avgTimePerCall":0.0002769478431126794},{"label":"PERFORM_ROTATION","totalTime":545.1999995708466,"totalRelativeTime":"26.08%","numOfCalls":350044,"avgTimePerCall":0.001557518482164661},{"label":"HEURISTIC_CALCULATION","totalTime":226.20000004768372,"totalRelativeTime":"10.82%","numOfCalls":350044,"avgTimePerCall":0.0006462044772876659},{"label":"ADD_CANDIDATE","totalTime":87.99999985098839,"totalRelativeTime":"4.21%","numOfCalls":337189,"avgTimePerCall":0.00026098122966937946},{"label":"BUILD_SOLUTION","totalTime":0,"totalRelativeTime":"0%","numOfCalls":1,"avgTimePerCall":0},{"label":"MEASUREMENT_OVERHEAD","totalTime":453.5000003874302,"totalRelativeTime":"21.69%","numOfCalls":0,"avgTimePerCall":453.5000003874302},{"label":"NOT_MEASURED","totalTime":475.4999997317791,"totalRelativeTime":"22.74%","numOfCalls":0,"avgTimePerCall":475.4999997317791}],"visitedNodes":79918,"differentNodes":73300}}},{"label":"2x2","key":"BiBFS","solution":{"rotations":[{"side":3,"counterClockwiseDirection":false,"layer":0},{"side":2,"counterClockwiseDirection":false,"layer":0},{"side":0,"counterClockwiseDirection":true,"layer":0},{"side":2,"counterClockwiseDirection":false,"layer":0},{"side":0,"counterClockwiseDirection":false,"layer":0},{"side":2,"counterClockwiseDirection":false,"layer":0},{"side":0,"counterClockwiseDirection":true,"layer":0},{"side":3,"counterClockwiseDirection":false,"layer":0},{"side":0,"counterClockwiseDirection":false,"layer":0},{"side":0,"counterClockwiseDirection":false,"layer":0},{"side":3,"counterClockwiseDirection":true,"layer":0}],"totalTime":195.39999997615814,"data":{"metrics":[{"label":"POP_CANDIDATE","totalTime":2.9000000059604645,"totalRelativeTime":"1.48%","numOfCalls":11352,"avgTimePerCall":0.0002554615931959535},{"label":"VISISTED_LIST_CHECK","totalTime":20.90000009536743,"totalRelativeTime":"10.69%","numOfCalls":69551,"avgTimePerCall":0.00030049891583683097},{"label":"ADD_TO_VISISTED_LIST_CHECK","totalTime":2.4000000059604645,"totalRelativeTime":"1.22%","numOfCalls":9874,"avgTimePerCall":0.00024306258922022122},{"label":"PERFORM_ROTATION","totalTime":69.89999994635582,"totalRelativeTime":"35.77%","numOfCalls":48324,"avgTimePerCall":0.001446486216918215},{"label":"ADD_CANDIDATE","totalTime":10.29999989271164,"totalRelativeTime":"5.27%","numOfCalls":47356,"avgTimePerCall":0.00021750147589981502},{"label":"MEASUREMENT_OVERHEAD","totalTime":42.30000013113022,"totalRelativeTime":"21.64%","numOfCalls":0,"avgTimePerCall":42.30000013113022},{"label":"NOT_MEASURED","totalTime":46.699999898672104,"totalRelativeTime":"23.89%","numOfCalls":0,"avgTimePerCall":46.699999898672104}],"iterations":4938,"visitedNodes":4938}}}]}