{"timestamp":1680925046458,"shuffle":"38:  R'   B'   L'   U'   L'  2D   2B    L'   B'   F'   R'   F    B    F'   L    U    R    L'   R'   U'   F    B    F    R'   U'   F    R    D    R    F'   R'   U'   R'  2L    D   ","solutions":[{"label":"2x2","key":"IDDFS","solution":{"rotations":[{"side":2,"counterClockwiseDirection":true,"layer":0},{"side":2,"counterClockwiseDirection":true,"layer":0},{"side":0,"counterClockwiseDirection":true,"layer":0},{"side":2,"counterClockwiseDirection":true,"layer":0},{"side":3,"counterClockwiseDirection":false,"layer":0},{"side":0,"counterClockwiseDirection":true,"layer":0},{"side":2,"counterClockwiseDirection":true,"layer":0},{"side":0,"counterClockwiseDirection":true,"layer":0},{"side":0,"counterClockwiseDirection":true,"layer":0},{"side":2,"counterClockwiseDirection":false,"layer":0}],"totalTime":6034.399999976158,"data":{"metrics":[{"label":"PERFORM_ROTATION","totalTime":2806.3000033795834,"totalRelativeTime":"46.5%","numOfCalls":2919504,"avgTimePerCall":0.0009612249215550255},{"label":"ADD_CANDIDATE","totalTime":504.29999828338623,"totalRelativeTime":"8.35%","numOfCalls":2919504,"avgTimePerCall":0.00017273482012128985},{"label":"NOT_MEASURED","totalTime":2723.7999983131886,"totalRelativeTime":"45.13%","numOfCalls":0,"avgTimePerCall":2723.7999983131886}],"visitedNodes":2904968,"iterations":[{"visitedNodes":37,"bound":2},{"visitedNodes":181,"bound":3},{"visitedNodes":877,"bound":4},{"visitedNodes":4237,"bound":5},{"visitedNodes":20461,"bound":6},{"visitedNodes":98797,"bound":7},{"visitedNodes":477037,"bound":8},{"visitedNodes":2303341,"bound":9}]}}},{"label":"2x2","key":"IDA*","solution":{"rotations":[{"side":2,"counterClockwiseDirection":true,"layer":0},{"side":2,"counterClockwiseDirection":true,"layer":0},{"side":0,"counterClockwiseDirection":true,"layer":0},{"side":2,"counterClockwiseDirection":true,"layer":0},{"side":3,"counterClockwiseDirection":false,"layer":0},{"side":0,"counterClockwiseDirection":true,"layer":0},{"side":2,"counterClockwiseDirection":true,"layer":0},{"side":0,"counterClockwiseDirection":true,"layer":0},{"side":0,"counterClockwiseDirection":true,"layer":0},{"side":2,"counterClockwiseDirection":false,"layer":0}],"totalTime":17115,"data":{"metrics":[{"label":"PERFORM_ROTATION","totalTime":8503.90000140667,"totalRelativeTime":"49.68%","numOfCalls":9198497,"avgTimePerCall":0.0009244879898755927},{"label":"ADD_CANDIDATE","totalTime":1530.5000009834766,"totalRelativeTime":"8.94%","numOfCalls":9198497,"avgTimePerCall":0.00016638587814764484},{"label":"NOT_MEASURED","totalTime":7080.599997609854,"totalRelativeTime":"41.37%","numOfCalls":0,"avgTimePerCall":7080.599997609854}],"visitedNodes":1890468,"iterations":[{"visitedNodes":7,"bound":2},{"visitedNodes":57,"bound":3.25},{"visitedNodes":580,"bound":4.5},{"visitedNodes":4301,"bound":5.75},{"visitedNodes":22090,"bound":7},{"visitedNodes":157390,"bound":8.25},{"visitedNodes":1706043,"bound":9.5}]}}},{"label":"2x2","key":"SA","solution":{"rotations":[{"side":0,"counterClockwiseDirection":true,"layer":0},{"side":2,"counterClockwiseDirection":true,"layer":0},{"side":3,"counterClockwiseDirection":true,"layer":0},{"side":3,"counterClockwiseDirection":true,"layer":0},{"side":0,"counterClockwiseDirection":false,"layer":0},{"side":2,"counterClockwiseDirection":false,"layer":0},{"side":0,"counterClockwiseDirection":false,"layer":0},{"side":3,"counterClockwiseDirection":true,"layer":0},{"side":2,"counterClockwiseDirection":true,"layer":0},{"side":0,"counterClockwiseDirection":true,"layer":0},{"side":3,"counterClockwiseDirection":true,"layer":0},{"side":2,"counterClockwiseDirection":true,"layer":0},{"side":2,"counterClockwiseDirection":true,"layer":0},{"side":0,"counterClockwiseDirection":false,"layer":0},{"side":0,"counterClockwiseDirection":false,"layer":0},{"side":2,"counterClockwiseDirection":false,"layer":0},{"side":3,"counterClockwiseDirection":true,"layer":0},{"side":3,"counterClockwiseDirection":true,"layer":0}],"totalTime":1455.6000000238419,"data":{"restartCounter":0,"iterations":139,"metrics":[{"label":"CHECK_SOLUTION","totalTime":71.19999960064888,"totalRelativeTime":"4.89%","numOfCalls":414930,"avgTimePerCall":0.00017159520786795093},{"label":"APPLYING_ROTATIONS","totalTime":458.1999996006489,"totalRelativeTime":"31.47%","numOfCalls":414920,"avgTimePerCall":0.0011043092634740405},{"label":"COMPUTE_ROTATION","totalTime":81.60000017285347,"totalRelativeTime":"5.6%","numOfCalls":414920,"avgTimePerCall":0.00019666441765365243},{"label":"CALCULATE_CITIZEN_SCORE","totalTime":151.19999998807907,"totalRelativeTime":"10.38%","numOfCalls":414920,"avgTimePerCall":0.00036440759661640577},{"label":"AGGREGATE_CURRENT_GENERATION","totalTime":2.8999999165534973,"totalRelativeTime":"0.19%","numOfCalls":13830,"avgTimePerCall":0.00020968907567270407},{"label":"CREATE_NEXT_GENERATION","totalTime":6.899999976158142,"totalRelativeTime":"0.47%","numOfCalls":138,"avgTimePerCall":0.04999999982723291},{"label":"MEASUREMENT_OVERHEAD","totalTime":315.7000001966953,"totalRelativeTime":"21.68%","numOfCalls":0,"avgTimePerCall":315.7000001966953},{"label":"NOT_MEASURED","totalTime":367.9000005722046,"totalRelativeTime":"25.27%","numOfCalls":0,"avgTimePerCall":367.9000005722046}]}}},{"label":"2x2","key":"GA","solution":{"rotations":[{"side":2,"counterClockwiseDirection":false,"layer":0},{"side":3,"counterClockwiseDirection":false,"layer":0},{"side":2,"counterClockwiseDirection":false,"layer":0},{"side":2,"counterClockwiseDirection":false,"layer":0},{"side":3,"counterClockwiseDirection":true,"layer":0},{"side":0,"counterClockwiseDirection":true,"layer":0},{"side":3,"counterClockwiseDirection":false,"layer":0},{"side":2,"counterClockwiseDirection":true,"layer":0},{"side":0,"counterClockwiseDirection":true,"layer":0},{"side":3,"counterClockwiseDirection":false,"layer":0}],"totalTime":1680.699999988079,"data":{"armageddonCounter":0,"generations":169,"metrics":[{"label":"CHECK_SOLUTION","totalTime":101.69999948143959,"totalRelativeTime":"6.05%","numOfCalls":504030,"avgTimePerCall":0.00020177370291736522},{"label":"APPLYING_ROTATIONS","totalTime":546.0000006556511,"totalRelativeTime":"32.48%","numOfCalls":504018,"avgTimePerCall":0.0010832946455397448},{"label":"COMPUTE_GENE","totalTime":89.50000008940697,"totalRelativeTime":"5.32%","numOfCalls":504018,"avgTimePerCall":0.0001775730233630683},{"label":"CALCULATE_CITIZEN_SCORE","totalTime":178.00000035762787,"totalRelativeTime":"10.59%","numOfCalls":504018,"avgTimePerCall":0.00035316199095593385},{"label":"AGGREGATE_CURRENT_GENERATION","totalTime":3.4000000953674316,"totalRelativeTime":"0.2%","numOfCalls":16800,"avgTimePerCall":0.00020238095805758522},{"label":"CREATE_NEXT_GENERATION","totalTime":12.10000017285347,"totalRelativeTime":"0.71%","numOfCalls":168,"avgTimePerCall":0.07202381055269923},{"label":"MEASUREMENT_OVERHEAD","totalTime":370.20000022649765,"totalRelativeTime":"22.02%","numOfCalls":0,"avgTimePerCall":370.20000022649765},{"label":"NOT_MEASURED","totalTime":379.799998909235,"totalRelativeTime":"22.59%","numOfCalls":0,"avgTimePerCall":379.799998909235}]}}},{"label":"2x2","key":"WA*","solution":{"rotations":[{"side":2,"counterClockwiseDirection":true,"layer":0},{"side":0,"counterClockwiseDirection":true,"layer":0},{"side":2,"counterClockwiseDirection":true,"layer":0},{"side":3,"counterClockwiseDirection":false,"layer":0},{"side":2,"counterClockwiseDirection":false,"layer":0},{"side":3,"counterClockwiseDirection":true,"layer":0},{"side":2,"counterClockwiseDirection":true,"layer":0},{"side":0,"counterClockwiseDirection":true,"layer":0},{"side":3,"counterClockwiseDirection":false,"layer":0},{"side":3,"counterClockwiseDirection":false,"layer":0},{"side":0,"counterClockwiseDirection":false,"layer":0},{"side":3,"counterClockwiseDirection":false,"layer":0},{"side":0,"counterClockwiseDirection":true,"layer":0},{"side":3,"counterClockwiseDirection":true,"layer":0}],"totalTime":455.5,"data":{"metrics":[{"label":"ITERATIONS_COUNTER_INCREMENT","totalTime":7.000000059604645,"totalRelativeTime":"1.53%","numOfCalls":37070,"avgTimePerCall":0.00018883194118167373},{"label":"ABORTED_VERIFICATION","totalTime":3.4999999701976776,"totalRelativeTime":"0.76%","numOfCalls":18535,"avgTimePerCall":0.00018883193796588496},{"label":"POP_CANDIDATE","totalTime":10.999999761581421,"totalRelativeTime":"2.41%","numOfCalls":18535,"avgTimePerCall":0.0005934717972258657},{"label":"VISISTED_LIST_CHECK","totalTime":29.899999916553497,"totalRelativeTime":"6.56%","numOfCalls":100836,"avgTimePerCall":0.0002965210829123874},{"label":"CHECK_SOLUTION","totalTime":3,"totalRelativeTime":"0.65%","numOfCalls":17261,"avgTimePerCall":0.00017380221308151324},{"label":"ADD_TO_VISISTED_LIST_CHECK","totalTime":4.500000059604645,"totalRelativeTime":"0.98%","numOfCalls":17260,"avgTimePerCall":0.0002607184275553097},{"label":"PERFORM_ROTATION","totalTime":113.70000022649765,"totalRelativeTime":"24.96%","numOfCalls":82301,"avgTimePerCall":0.0013815142006354437},{"label":"HEURISTIC_CALCULATION","totalTime":41.99999991059303,"totalRelativeTime":"9.22%","numOfCalls":82301,"avgTimePerCall":0.0005103218662056723},{"label":"ADD_CANDIDATE","totalTime":21.099999874830246,"totalRelativeTime":"4.63%","numOfCalls":80585,"avgTimePerCall":0.00026183532760228637},{"label":"BUILD_SOLUTION","totalTime":0,"totalRelativeTime":"0%","numOfCalls":1,"avgTimePerCall":0},{"label":"MEASUREMENT_OVERHEAD","totalTime":94.10000020265579,"totalRelativeTime":"20.65%","numOfCalls":0,"avgTimePerCall":94.10000020265579},{"label":"NOT_MEASURED","totalTime":125.7000000178814,"totalRelativeTime":"27.59%","numOfCalls":0,"avgTimePerCall":125.7000000178814}],"visitedNodes":18535,"differentNodes":17261}}},{"label":"2x2","key":"BiBFS","solution":{"rotations":[{"side":3,"counterClockwiseDirection":false,"layer":0},{"side":2,"counterClockwiseDirection":true,"layer":0},{"side":2,"counterClockwiseDirection":true,"layer":0},{"side":3,"counterClockwiseDirection":true,"layer":0},{"side":0,"counterClockwiseDirection":true,"layer":0},{"side":3,"counterClockwiseDirection":false,"layer":0},{"side":2,"counterClockwiseDirection":true,"layer":0},{"side":0,"counterClockwiseDirection":true,"layer":0},{"side":3,"counterClockwiseDirection":false,"layer":0},{"side":3,"counterClockwiseDirection":false,"layer":0}],"totalTime":121.60000002384186,"data":{"metrics":[{"label":"POP_CANDIDATE","totalTime":0.9999999403953552,"totalRelativeTime":"0.82%","numOfCalls":3046,"avgTimePerCall":0.00032829938949289404},{"label":"VISISTED_LIST_CHECK","totalTime":19.90000009536743,"totalRelativeTime":"16.36%","numOfCalls":19366,"avgTimePerCall":0.0010275741038607575},{"label":"ADD_TO_VISISTED_LIST_CHECK","totalTime":0.9000000059604645,"totalRelativeTime":"0.74%","numOfCalls":2766,"avgTimePerCall":0.00032537961169937257},{"label":"PERFORM_ROTATION","totalTime":41.1000000834465,"totalRelativeTime":"33.79%","numOfCalls":13552,"avgTimePerCall":0.0030327626980111056},{"label":"ADD_CANDIDATE","totalTime":17.200000047683716,"totalRelativeTime":"14.14%","numOfCalls":13424,"avgTimePerCall":0.0012812872502744126},{"label":"MEASUREMENT_OVERHEAD","totalTime":19.999999850988388,"totalRelativeTime":"16.44%","numOfCalls":0,"avgTimePerCall":19.999999850988388},{"label":"NOT_MEASURED","totalTime":21.5,"totalRelativeTime":"17.68%","numOfCalls":0,"avgTimePerCall":21.5}],"iterations":1384,"visitedNodes":1384}}}]}