{"timestamp":1680889269702,"shuffle":"32: 2D    L'   R'  2U    B    L    D    F    B'   R'   U   2B    F   2L    B'  2U    F    U    D    B'   U'   B'  2F    D   2R   ","solutions":[{"label":"2x2","key":"IDDFS","solution":{"rotations":[{"side":2,"counterClockwiseDirection":true,"layer":0},{"side":0,"counterClockwiseDirection":true,"layer":0},{"side":3,"counterClockwiseDirection":true,"layer":0},{"side":2,"counterClockwiseDirection":true,"layer":0},{"side":2,"counterClockwiseDirection":true,"layer":0},{"side":0,"counterClockwiseDirection":false,"layer":0},{"side":3,"counterClockwiseDirection":false,"layer":0},{"side":2,"counterClockwiseDirection":true,"layer":0},{"side":3,"counterClockwiseDirection":true,"layer":0},{"side":0,"counterClockwiseDirection":false,"layer":0},{"side":3,"counterClockwiseDirection":true,"layer":0},{"side":0,"counterClockwiseDirection":true,"layer":0}],"totalTime":221999.80000001192,"data":{"metrics":[{"label":"PERFORM_ROTATION","totalTime":95590.80001276731,"totalRelativeTime":"43.05%","numOfCalls":80413073,"avgTimePerCall":0.001188747008994014},{"label":"ADD_CANDIDATE","totalTime":17219.2000117898,"totalRelativeTime":"7.75%","numOfCalls":80413073,"avgTimePerCall":0.00021413433623895705},{"label":"NOT_MEASURED","totalTime":109189.79997545481,"totalRelativeTime":"49.18%","numOfCalls":0,"avgTimePerCall":109189.79997545481}],"visitedNodes":67725922,"iterations":[{"visitedNodes":37,"bound":2},{"visitedNodes":181,"bound":3},{"visitedNodes":877,"bound":4},{"visitedNodes":4237,"bound":5},{"visitedNodes":20461,"bound":6},{"visitedNodes":98797,"bound":7},{"visitedNodes":477037,"bound":8},{"visitedNodes":2303341,"bound":9},{"visitedNodes":11121517,"bound":10},{"visitedNodes":53699437,"bound":11}]}}},{"label":"2x2","key":"IDA*","solution":{"rotations":[{"side":2,"counterClockwiseDirection":true,"layer":0},{"side":0,"counterClockwiseDirection":true,"layer":0},{"side":3,"counterClockwiseDirection":true,"layer":0},{"side":2,"counterClockwiseDirection":true,"layer":0},{"side":2,"counterClockwiseDirection":true,"layer":0},{"side":0,"counterClockwiseDirection":false,"layer":0},{"side":3,"counterClockwiseDirection":false,"layer":0},{"side":2,"counterClockwiseDirection":true,"layer":0},{"side":3,"counterClockwiseDirection":true,"layer":0},{"side":0,"counterClockwiseDirection":false,"layer":0},{"side":3,"counterClockwiseDirection":true,"layer":0},{"side":0,"counterClockwiseDirection":true,"layer":0}],"totalTime":192840.20000001788,"data":{"metrics":[{"label":"PERFORM_ROTATION","totalTime":93239.60002475977,"totalRelativeTime":"48.35%","numOfCalls":76128579,"avgTimePerCall":0.0012247647499733284},{"label":"ADD_CANDIDATE","totalTime":16722.399995982647,"totalRelativeTime":"8.67%","numOfCalls":76128579,"avgTimePerCall":0.00021965995182942594},{"label":"NOT_MEASURED","totalTime":82878.19997927547,"totalRelativeTime":"42.97%","numOfCalls":0,"avgTimePerCall":82878.19997927547}],"visitedNodes":12990846,"iterations":[{"visitedNodes":7,"bound":2},{"visitedNodes":47,"bound":3.25},{"visitedNodes":552,"bound":4.5},{"visitedNodes":4237,"bound":5.75},{"visitedNodes":21113,"bound":7},{"visitedNodes":148502,"bound":8.25},{"visitedNodes":1668158,"bound":9.5},{"visitedNodes":11148230,"bound":10.75}]}}},{"label":"2x2","key":"GA","solution":{"rotations":[{"side":2,"counterClockwiseDirection":true,"layer":0},{"side":0,"counterClockwiseDirection":false,"layer":0},{"side":2,"counterClockwiseDirection":true,"layer":0},{"side":3,"counterClockwiseDirection":false,"layer":0},{"side":2,"counterClockwiseDirection":false,"layer":0},{"side":2,"counterClockwiseDirection":false,"layer":0},{"side":3,"counterClockwiseDirection":true,"layer":0},{"side":3,"counterClockwiseDirection":true,"layer":0},{"side":0,"counterClockwiseDirection":true,"layer":0},{"side":3,"counterClockwiseDirection":true,"layer":0},{"side":0,"counterClockwiseDirection":false,"layer":0},{"side":2,"counterClockwiseDirection":true,"layer":0},{"side":0,"counterClockwiseDirection":false,"layer":0},{"side":2,"counterClockwiseDirection":false,"layer":0}],"totalTime":2470.4000000059605,"data":{"armageddonCounter":0,"generations":188,"metrics":[{"label":"CHECK_SOLUTION","totalTime":137.69999986886978,"totalRelativeTime":"5.57%","numOfCalls":563550,"avgTimePerCall":0.0002443438911700289},{"label":"APPLYING_ROTATIONS","totalTime":768.0999997258186,"totalRelativeTime":"31.09%","numOfCalls":563538,"avgTimePerCall":0.0013629959288030597},{"label":"COMPUTE_GENE","totalTime":136.10000085830688,"totalRelativeTime":"5.5%","numOfCalls":563538,"avgTimePerCall":0.00024150989082955698},{"label":"CALCULATE_CITIZEN_SCORE","totalTime":290.1000007390976,"totalRelativeTime":"11.74%","numOfCalls":563538,"avgTimePerCall":0.0005147833877025109},{"label":"AGGREGATE_CURRENT_GENERATION","totalTime":4.700000047683716,"totalRelativeTime":"0.19%","numOfCalls":18784,"avgTimePerCall":0.0002502129497276254},{"label":"CREATE_NEXT_GENERATION","totalTime":18.899999797344208,"totalRelativeTime":"0.76%","numOfCalls":187,"avgTimePerCall":0.10106951763285672},{"label":"MEASUREMENT_OVERHEAD","totalTime":549.2999991178513,"totalRelativeTime":"22.23%","numOfCalls":0,"avgTimePerCall":549.2999991178513},{"label":"NOT_MEASURED","totalTime":565.4999998509884,"totalRelativeTime":"22.89%","numOfCalls":0,"avgTimePerCall":565.4999998509884}]}}},{"label":"2x2","key":"SA","solution":{"rotations":[{"side":0,"counterClockwiseDirection":true,"layer":0},{"side":2,"counterClockwiseDirection":false,"layer":0},{"side":0,"counterClockwiseDirection":false,"layer":0},{"side":2,"counterClockwiseDirection":true,"layer":0},{"side":0,"counterClockwiseDirection":false,"layer":0},{"side":3,"counterClockwiseDirection":false,"layer":0},{"side":3,"counterClockwiseDirection":false,"layer":0},{"side":0,"counterClockwiseDirection":false,"layer":0},{"side":2,"counterClockwiseDirection":true,"layer":0},{"side":2,"counterClockwiseDirection":true,"layer":0},{"side":3,"counterClockwiseDirection":false,"layer":0},{"side":0,"counterClockwiseDirection":true,"layer":0},{"side":0,"counterClockwiseDirection":true,"layer":0},{"side":3,"counterClockwiseDirection":true,"layer":0},{"side":0,"counterClockwiseDirection":true,"layer":0},{"side":2,"counterClockwiseDirection":false,"layer":0},{"side":3,"counterClockwiseDirection":false,"layer":0},{"side":0,"counterClockwiseDirection":false,"layer":0}],"totalTime":30468.40000000596,"data":{"restartCounter":0,"iterations":2369,"metrics":[{"label":"CHECK_SOLUTION","totalTime":1648.3000005185604,"totalRelativeTime":"5.4%","numOfCalls":7104270,"avgTimePerCall":0.00023201539363207766},{"label":"APPLYING_ROTATIONS","totalTime":9531.900002628565,"totalRelativeTime":"31.28%","numOfCalls":7104266,"avgTimePerCall":0.0013417149643085667},{"label":"COMPUTE_ROTATION","totalTime":1671.700001180172,"totalRelativeTime":"5.48%","numOfCalls":7104266,"avgTimePerCall":0.0002353093199466591},{"label":"CALCULATE_CITIZEN_SCORE","totalTime":3323.200002670288,"totalRelativeTime":"10.9%","numOfCalls":7104266,"avgTimePerCall":0.0004677752779344535},{"label":"AGGREGATE_CURRENT_GENERATION","totalTime":56.50000047683716,"totalRelativeTime":"0.18%","numOfCalls":236808,"avgTimePerCall":0.0002385899145165584},{"label":"CREATE_NEXT_GENERATION","totalTime":178.4999988079071,"totalRelativeTime":"0.58%","numOfCalls":2368,"avgTimePerCall":0.07538006706414996},{"label":"MEASUREMENT_OVERHEAD","totalTime":6930.099998414516,"totalRelativeTime":"22.74%","numOfCalls":0,"avgTimePerCall":6930.099998414516},{"label":"NOT_MEASURED","totalTime":7128.1999953091145,"totalRelativeTime":"23.39%","numOfCalls":0,"avgTimePerCall":7128.1999953091145}]}}},{"label":"2x2","key":"WA*","solution":{"rotations":[{"side":3,"counterClockwiseDirection":true,"layer":0},{"side":2,"counterClockwiseDirection":false,"layer":0},{"side":0,"counterClockwiseDirection":true,"layer":0},{"side":2,"counterClockwiseDirection":false,"layer":0},{"side":0,"counterClockwiseDirection":false,"layer":0},{"side":3,"counterClockwiseDirection":true,"layer":0},{"side":0,"counterClockwiseDirection":false,"layer":0},{"side":2,"counterClockwiseDirection":true,"layer":0},{"side":0,"counterClockwiseDirection":false,"layer":0},{"side":3,"counterClockwiseDirection":false,"layer":0},{"side":2,"counterClockwiseDirection":false,"layer":0},{"side":2,"counterClockwiseDirection":false,"layer":0},{"side":3,"counterClockwiseDirection":false,"layer":0},{"side":2,"counterClockwiseDirection":false,"layer":0},{"side":2,"counterClockwiseDirection":false,"layer":0},{"side":3,"counterClockwiseDirection":true,"layer":0}],"totalTime":562.6999999880791,"data":{"metrics":[{"label":"ITERATIONS_COUNTER_INCREMENT","totalTime":11.700000047683716,"totalRelativeTime":"2.07%","numOfCalls":37540,"avgTimePerCall":0.00031166755587862856},{"label":"ABORTED_VERIFICATION","totalTime":5.399999976158142,"totalRelativeTime":"0.95%","numOfCalls":18770,"avgTimePerCall":0.0002876931260606362},{"label":"POP_CANDIDATE","totalTime":10.500000059604645,"totalRelativeTime":"1.86%","numOfCalls":18770,"avgTimePerCall":0.0005594033063188409},{"label":"VISISTED_LIST_CHECK","totalTime":37.70000019669533,"totalRelativeTime":"6.69%","numOfCalls":102107,"avgTimePerCall":0.0003692205254947783},{"label":"CHECK_SOLUTION","totalTime":4.399999976158142,"totalRelativeTime":"0.78%","numOfCalls":17480,"avgTimePerCall":0.00025171624577563745},{"label":"ADD_TO_VISISTED_LIST_CHECK","totalTime":8.499999910593033,"totalRelativeTime":"1.51%","numOfCalls":17479,"avgTimePerCall":0.00048629783801092927},{"label":"PERFORM_ROTATION","totalTime":149.99999937415123,"totalRelativeTime":"26.65%","numOfCalls":83337,"avgTimePerCall":0.001799920795974792},{"label":"HEURISTIC_CALCULATION","totalTime":55.80000013113022,"totalRelativeTime":"9.91%","numOfCalls":83337,"avgTimePerCall":0.000669570540469782},{"label":"ADD_CANDIDATE","totalTime":25.900000005960464,"totalRelativeTime":"4.6%","numOfCalls":81655,"avgTimePerCall":0.0003171881698115298},{"label":"BUILD_SOLUTION","totalTime":0.09999999403953552,"totalRelativeTime":"0.01%","numOfCalls":1,"avgTimePerCall":0.09999999403953552},{"label":"MEASUREMENT_OVERHEAD","totalTime":120.5999998152256,"totalRelativeTime":"21.43%","numOfCalls":0,"avgTimePerCall":120.5999998152256},{"label":"NOT_MEASURED","totalTime":132.10000050067902,"totalRelativeTime":"23.47%","numOfCalls":0,"avgTimePerCall":132.10000050067902}],"visitedNodes":18770,"differentNodes":17480}}},{"label":"2x2","key":"BiBFS","solution":{"rotations":[{"side":3,"counterClockwiseDirection":true,"layer":0},{"side":3,"counterClockwiseDirection":true,"layer":0},{"side":2,"counterClockwiseDirection":false,"layer":0},{"side":3,"counterClockwiseDirection":true,"layer":0},{"side":0,"counterClockwiseDirection":false,"layer":0},{"side":2,"counterClockwiseDirection":true,"layer":0},{"side":3,"counterClockwiseDirection":true,"layer":0},{"side":0,"counterClockwiseDirection":true,"layer":0},{"side":2,"counterClockwiseDirection":false,"layer":0},{"side":3,"counterClockwiseDirection":true,"layer":0},{"side":0,"counterClockwiseDirection":false,"layer":0},{"side":3,"counterClockwiseDirection":true,"layer":0}],"totalTime":238.69999998807907,"data":{"metrics":[{"label":"POP_CANDIDATE","totalTime":2.799999952316284,"totalRelativeTime":"1.17%","numOfCalls":11272,"avgTimePerCall":0.00024840311855183503},{"label":"VISISTED_LIST_CHECK","totalTime":22.200000017881393,"totalRelativeTime":"9.3%","numOfCalls":69081,"avgTimePerCall":0.00032136187979156923},{"label":"ADD_TO_VISISTED_LIST_CHECK","totalTime":4.200000047683716,"totalRelativeTime":"1.75%","numOfCalls":9808,"avgTimePerCall":0.0004282218645680787},{"label":"PERFORM_ROTATION","totalTime":99.50000011920929,"totalRelativeTime":"41.68%","numOfCalls":48000,"avgTimePerCall":0.0020729166691501933},{"label":"ADD_CANDIDATE","totalTime":12.49999988079071,"totalRelativeTime":"5.23%","numOfCalls":47040,"avgTimePerCall":0.0002657312899827957},{"label":"MEASUREMENT_OVERHEAD","totalTime":44.09999993443489,"totalRelativeTime":"18.47%","numOfCalls":0,"avgTimePerCall":44.09999993443489},{"label":"NOT_MEASURED","totalTime":53.40000003576279,"totalRelativeTime":"22.37%","numOfCalls":0,"avgTimePerCall":53.40000003576279}],"iterations":4905,"visitedNodes":4905}}}]}