{"timestamp":1680987007852,"shuffle":"36:  D    F'   R   2L    U'   L'   R    D    R'   L'   R    U   2B   2F   2R    U'   D    R    D    B    L'   F'   B'   D    B'   U'  2F   2L    U    R'  ","solutions":[{"label":"2x2","key":"IDDFS","solution":{"rotations":[{"side":0,"counterClockwiseDirection":false,"layer":0},{"side":2,"counterClockwiseDirection":true,"layer":0},{"side":3,"counterClockwiseDirection":true,"layer":0},{"side":0,"counterClockwiseDirection":true,"layer":0},{"side":2,"counterClockwiseDirection":true,"layer":0},{"side":3,"counterClockwiseDirection":false,"layer":0},{"side":2,"counterClockwiseDirection":true,"layer":0},{"side":0,"counterClockwiseDirection":false,"layer":0},{"side":3,"counterClockwiseDirection":true,"layer":0},{"side":2,"counterClockwiseDirection":false,"layer":0}],"totalTime":25777.800000000745,"data":{"metrics":[{"label":"PERFORM_ROTATION","totalTime":10958.299999890849,"totalRelativeTime":"42.51%","numOfCalls":8726336,"avgTimePerCall":0.0012557733279913643},{"label":"ADD_CANDIDATE","totalTime":2018.2999998722225,"totalRelativeTime":"7.82%","numOfCalls":8726336,"avgTimePerCall":0.00023128836660337427},{"label":"NOT_MEASURED","totalTime":12801.200000237674,"totalRelativeTime":"49.65%","numOfCalls":0,"avgTimePerCall":12801.200000237674}],"visitedNodes":2904968,"iterations":[{"visitedNodes":37,"bound":2},{"visitedNodes":181,"bound":3},{"visitedNodes":877,"bound":4},{"visitedNodes":4237,"bound":5},{"visitedNodes":20461,"bound":6},{"visitedNodes":98797,"bound":7},{"visitedNodes":477037,"bound":8},{"visitedNodes":2303341,"bound":9}]}}},{"label":"2x2","key":"IDA*","solution":{"rotations":[{"side":0,"counterClockwiseDirection":false,"layer":0},{"side":2,"counterClockwiseDirection":true,"layer":0},{"side":3,"counterClockwiseDirection":true,"layer":0},{"side":0,"counterClockwiseDirection":true,"layer":0},{"side":2,"counterClockwiseDirection":true,"layer":0},{"side":3,"counterClockwiseDirection":false,"layer":0},{"side":2,"counterClockwiseDirection":true,"layer":0},{"side":0,"counterClockwiseDirection":false,"layer":0},{"side":3,"counterClockwiseDirection":true,"layer":0},{"side":2,"counterClockwiseDirection":false,"layer":0}],"totalTime":92115.20000000112,"data":{"metrics":[{"label":"PERFORM_ROTATION","totalTime":44680.10000092909,"totalRelativeTime":"48.5%","numOfCalls":37104377,"avgTimePerCall":0.0012041732974233494},{"label":"ADD_CANDIDATE","totalTime":7995.099999915808,"totalRelativeTime":"8.67%","numOfCalls":37104377,"avgTimePerCall":0.00021547592619371587},{"label":"NOT_MEASURED","totalTime":39439.99999915622,"totalRelativeTime":"42.81%","numOfCalls":0,"avgTimePerCall":39439.99999915622}],"visitedNodes":1849012,"iterations":[{"visitedNodes":7,"bound":2},{"visitedNodes":37,"bound":3.25},{"visitedNodes":560,"bound":4.5},{"visitedNodes":4247,"bound":5.75},{"visitedNodes":21481,"bound":7},{"visitedNodes":152265,"bound":8.25},{"visitedNodes":1670415,"bound":9.5}]}}},{"label":"2x2","key":"SA","solution":{"rotations":[{"side":2,"counterClockwiseDirection":true,"layer":0},{"side":3,"counterClockwiseDirection":false,"layer":0},{"side":2,"counterClockwiseDirection":true,"layer":0},{"side":0,"counterClockwiseDirection":false,"layer":0},{"side":2,"counterClockwiseDirection":true,"layer":0},{"side":2,"counterClockwiseDirection":true,"layer":0},{"side":0,"counterClockwiseDirection":false,"layer":0},{"side":2,"counterClockwiseDirection":false,"layer":0},{"side":0,"counterClockwiseDirection":false,"layer":0},{"side":3,"counterClockwiseDirection":true,"layer":0},{"side":2,"counterClockwiseDirection":true,"layer":0},{"layer":0,"side":0,"counterClockwiseDirection":true},{"side":2,"counterClockwiseDirection":false,"layer":0},{"side":0,"counterClockwiseDirection":false,"layer":0},{"side":3,"counterClockwiseDirection":true,"layer":0},{"side":2,"counterClockwiseDirection":true,"layer":0}],"totalTime":436755.9000000004,"data":{"restartCounter":9,"iterations":48342,"metrics":[{"label":"CHECK_SOLUTION","totalTime":22969.099999088794,"totalRelativeTime":"5.25%","numOfCalls":145023330,"avgTimePerCall":0.00015838210306637416},{"label":"APPLYING_ROTATIONS","totalTime":135280.59999868833,"totalRelativeTime":"30.97%","numOfCalls":145023324,"avgTimePerCall":0.0009328196063047646},{"label":"COMPUTE_ROTATION","totalTime":23713.899999128655,"totalRelativeTime":"5.42%","numOfCalls":145023324,"avgTimePerCall":0.00016351783523544568},{"label":"CALCULATE_CITIZEN_SCORE","totalTime":48209.399999586865,"totalRelativeTime":"11.03%","numOfCalls":145023324,"avgTimePerCall":0.00033242514838224824},{"label":"AGGREGATE_CURRENT_GENERATION","totalTime":834.0000002942979,"totalRelativeTime":"0.19%","numOfCalls":4834110,"avgTimePerCall":0.0001725240013765301},{"label":"CREATE_NEXT_GENERATION","totalTime":2547.1000000573695,"totalRelativeTime":"0.58%","numOfCalls":48341,"avgTimePerCall":0.05269026292499885},{"label":"MEASUREMENT_OVERHEAD","totalTime":103244.19999806024,"totalRelativeTime":"23.63%","numOfCalls":0,"avgTimePerCall":103244.19999806024},{"label":"NOT_MEASURED","totalTime":99957.60000509582,"totalRelativeTime":"22.88%","numOfCalls":0,"avgTimePerCall":99957.60000509582}]}}},{"label":"2x2","key":"GA","solution":{"rotations":[{"side":3,"counterClockwiseDirection":true,"layer":0},{"side":2,"counterClockwiseDirection":true,"layer":0},{"side":3,"counterClockwiseDirection":false,"layer":0},{"side":0,"counterClockwiseDirection":false,"layer":0},{"side":2,"counterClockwiseDirection":true,"layer":0},{"side":2,"counterClockwiseDirection":true,"layer":0},{"side":3,"counterClockwiseDirection":true,"layer":0},{"side":2,"counterClockwiseDirection":false,"layer":0},{"side":2,"counterClockwiseDirection":false,"layer":0},{"side":3,"counterClockwiseDirection":false,"layer":0},{"side":2,"counterClockwiseDirection":false,"layer":0},{"side":0,"counterClockwiseDirection":true,"layer":0},{"side":2,"counterClockwiseDirection":true,"layer":0},{"side":0,"counterClockwiseDirection":true,"layer":0},{"side":3,"counterClockwiseDirection":false,"layer":0},{"layer":0,"side":0,"counterClockwiseDirection":false},{"side":3,"counterClockwiseDirection":false,"layer":0},{"side":2,"counterClockwiseDirection":false,"layer":0}],"totalTime":28227.700000001118,"data":{"armageddonCounter":0,"generations":2268,"metrics":[{"label":"CHECK_SOLUTION","totalTime":1478.9000000432134,"totalRelativeTime":"5.23%","numOfCalls":6802290,"avgTimePerCall":0.00021741207740969782},{"label":"APPLYING_ROTATIONS","totalTime":9034.79999984987,"totalRelativeTime":"32%","numOfCalls":6802288,"avgTimePerCall":0.0013282001585128225},{"label":"COMPUTE_GENE","totalTime":1553.3999999687076,"totalRelativeTime":"5.5%","numOfCalls":6802288,"avgTimePerCall":0.00022836433858265155},{"label":"CALCULATE_CITIZEN_SCORE","totalTime":3107.4999999701977,"totalRelativeTime":"11%","numOfCalls":6802288,"avgTimePerCall":0.0004568315837215651},{"label":"AGGREGATE_CURRENT_GENERATION","totalTime":55.499999998137355,"totalRelativeTime":"0.19%","numOfCalls":226742,"avgTimePerCall":0.00024477159061019727},{"label":"CREATE_NEXT_GENERATION","totalTime":172.39999996684492,"totalRelativeTime":"0.61%","numOfCalls":2267,"avgTimePerCall":0.0760476400383083},{"label":"MEASUREMENT_OVERHEAD","totalTime":6455.399999644607,"totalRelativeTime":"22.86%","numOfCalls":0,"avgTimePerCall":6455.399999644607},{"label":"NOT_MEASURED","totalTime":6369.800000559539,"totalRelativeTime":"22.56%","numOfCalls":0,"avgTimePerCall":6369.800000559539}]}}},{"label":"2x2","key":"WA*","solution":{"rotations":[{"side":2,"counterClockwiseDirection":true,"layer":0},{"side":3,"counterClockwiseDirection":true,"layer":0},{"side":2,"counterClockwiseDirection":true,"layer":0},{"side":3,"counterClockwiseDirection":true,"layer":0},{"side":2,"counterClockwiseDirection":false,"layer":0},{"side":2,"counterClockwiseDirection":false,"layer":0},{"side":3,"counterClockwiseDirection":false,"layer":0},{"side":0,"counterClockwiseDirection":true,"layer":0},{"side":3,"counterClockwiseDirection":true,"layer":0},{"side":2,"counterClockwiseDirection":false,"layer":0},{"side":3,"counterClockwiseDirection":false,"layer":0},{"side":2,"counterClockwiseDirection":false,"layer":0},{"side":3,"counterClockwiseDirection":false,"layer":0},{"side":3,"counterClockwiseDirection":false,"layer":0},{"side":2,"counterClockwiseDirection":true,"layer":0},{"side":3,"counterClockwiseDirection":true,"layer":0},{"side":0,"counterClockwiseDirection":false,"layer":0},{"side":2,"counterClockwiseDirection":true,"layer":0},{"side":0,"counterClockwiseDirection":true,"layer":0},{"side":2,"counterClockwiseDirection":false,"layer":0}],"totalTime":2811.60000000149,"data":{"metrics":[{"label":"ITERATIONS_COUNTER_INCREMENT","totalTime":52.49999996460974,"totalRelativeTime":"1.86%","numOfCalls":247972,"avgTimePerCall":0.00021171745182766498},{"label":"ABORTED_VERIFICATION","totalTime":22.49999999627471,"totalRelativeTime":"0.8%","numOfCalls":123986,"avgTimePerCall":0.0001814721016588543},{"label":"POP_CANDIDATE","totalTime":63.599999997764826,"totalRelativeTime":"2.26%","numOfCalls":123986,"avgTimePerCall":0.0005129611407559307},{"label":"VISISTED_LIST_CHECK","totalTime":251.60000001639128,"totalRelativeTime":"8.94%","numOfCalls":657967,"avgTimePerCall":0.00038238999830750065},{"label":"CHECK_SOLUTION","totalTime":21.999999998137355,"totalRelativeTime":"0.78%","numOfCalls":111780,"avgTimePerCall":0.0001968151726439198},{"label":"ADD_TO_VISISTED_LIST_CHECK","totalTime":28.29999997653067,"totalRelativeTime":"1%","numOfCalls":111779,"avgTimePerCall":0.00025317814595344985},{"label":"PERFORM_ROTATION","totalTime":697.1000001169741,"totalRelativeTime":"24.79%","numOfCalls":533981,"avgTimePerCall":0.0013054771613914618},{"label":"HEURISTIC_CALCULATION","totalTime":280.800000006333,"totalRelativeTime":"9.98%","numOfCalls":533981,"avgTimePerCall":0.000525861407065669},{"label":"ADD_CANDIDATE","totalTime":129.40000001899898,"totalRelativeTime":"4.6%","numOfCalls":510133,"avgTimePerCall":0.0002536593398564668},{"label":"BUILD_SOLUTION","totalTime":0.10000000149011612,"totalRelativeTime":"0%","numOfCalls":1,"avgTimePerCall":0.10000000149011612},{"label":"MEASUREMENT_OVERHEAD","totalTime":618.7999999504536,"totalRelativeTime":"22%","numOfCalls":0,"avgTimePerCall":618.7999999504536},{"label":"NOT_MEASURED","totalTime":644.8999999575317,"totalRelativeTime":"22.93%","numOfCalls":0,"avgTimePerCall":644.8999999575317}],"visitedNodes":123986,"differentNodes":111780}}},{"label":"2x2","key":"BiBFS","solution":{"rotations":[{"side":0,"counterClockwiseDirection":false,"layer":0},{"side":2,"counterClockwiseDirection":true,"layer":0},{"side":3,"counterClockwiseDirection":true,"layer":0},{"side":0,"counterClockwiseDirection":true,"layer":0},{"side":2,"counterClockwiseDirection":true,"layer":0},{"side":3,"counterClockwiseDirection":false,"layer":0},{"side":2,"counterClockwiseDirection":true,"layer":0},{"side":0,"counterClockwiseDirection":false,"layer":0},{"side":3,"counterClockwiseDirection":true,"layer":0},{"side":2,"counterClockwiseDirection":false,"layer":0}],"totalTime":143,"data":{"metrics":[{"label":"POP_CANDIDATE","totalTime":1.6000000014901161,"totalRelativeTime":"1.11%","numOfCalls":5258,"avgTimePerCall":0.00030429821253140284},{"label":"VISISTED_LIST_CHECK","totalTime":14.100000005215406,"totalRelativeTime":"9.86%","numOfCalls":32763,"avgTimePerCall":0.00043036351998337777},{"label":"ADD_TO_VISISTED_LIST_CHECK","totalTime":1.800000000745058,"totalRelativeTime":"1.25%","numOfCalls":4664,"avgTimePerCall":0.00038593482005683065},{"label":"PERFORM_ROTATION","totalTime":55.49999999627471,"totalRelativeTime":"38.81%","numOfCalls":22840,"avgTimePerCall":0.002429947460432343},{"label":"ADD_CANDIDATE","totalTime":7.300000011920929,"totalRelativeTime":"5.1%","numOfCalls":22600,"avgTimePerCall":0.00032300885008499687},{"label":"MEASUREMENT_OVERHEAD","totalTime":24.89999999292195,"totalRelativeTime":"17.41%","numOfCalls":0,"avgTimePerCall":24.89999999292195},{"label":"NOT_MEASURED","totalTime":37.79999999143183,"totalRelativeTime":"26.43%","numOfCalls":0,"avgTimePerCall":37.79999999143183}],"iterations":2333,"visitedNodes":2333}}}]}