{"timestamp":1680982950172,"shuffle":"32:  U    F'   U    L    D    B'   F'   L    D   2B    R'   U    B    U'   D   2U    D'   U   2L    D'   U'   F    U    R    U    F    L    R'   U'  ","solutions":[{"label":"2x2","key":"IDDFS","solution":{"rotations":[{"side":3,"counterClockwiseDirection":false,"layer":0},{"side":0,"counterClockwiseDirection":false,"layer":0},{"side":2,"counterClockwiseDirection":false,"layer":0},{"side":3,"counterClockwiseDirection":true,"layer":0},{"side":3,"counterClockwiseDirection":true,"layer":0},{"side":0,"counterClockwiseDirection":true,"layer":0},{"side":2,"counterClockwiseDirection":false,"layer":0},{"side":3,"counterClockwiseDirection":true,"layer":0}],"totalTime":1426.5999999996275,"data":{"metrics":[{"label":"PERFORM_ROTATION","totalTime":667.2000000551343,"totalRelativeTime":"46.76%","numOfCalls":577590,"avgTimePerCall":0.0011551446528768406},{"label":"ADD_CANDIDATE","totalTime":113.69999996758997,"totalRelativeTime":"7.96%","numOfCalls":577590,"avgTimePerCall":0.00019685243852488786},{"label":"NOT_MEASURED","totalTime":645.6999999769032,"totalRelativeTime":"45.26%","numOfCalls":0,"avgTimePerCall":645.6999999769032}],"visitedNodes":124590,"iterations":[{"visitedNodes":37,"bound":2},{"visitedNodes":181,"bound":3},{"visitedNodes":877,"bound":4},{"visitedNodes":4237,"bound":5},{"visitedNodes":20461,"bound":6},{"visitedNodes":98797,"bound":7}]}}},{"label":"2x2","key":"IDA*","solution":{"rotations":[{"side":3,"counterClockwiseDirection":false,"layer":0},{"side":0,"counterClockwiseDirection":false,"layer":0},{"side":2,"counterClockwiseDirection":false,"layer":0},{"side":3,"counterClockwiseDirection":true,"layer":0},{"side":3,"counterClockwiseDirection":true,"layer":0},{"side":0,"counterClockwiseDirection":true,"layer":0},{"side":2,"counterClockwiseDirection":false,"layer":0},{"side":3,"counterClockwiseDirection":true,"layer":0}],"totalTime":1929.5999999996275,"data":{"metrics":[{"label":"PERFORM_ROTATION","totalTime":954.0000000223517,"totalRelativeTime":"49.44%","numOfCalls":890544,"avgTimePerCall":0.0010712553226144377},{"label":"ADD_CANDIDATE","totalTime":171.39999998174608,"totalRelativeTime":"8.88%","numOfCalls":890544,"avgTimePerCall":0.00019246662711976733},{"label":"NOT_MEASURED","totalTime":804.1999999955297,"totalRelativeTime":"41.67%","numOfCalls":0,"avgTimePerCall":804.1999999955297}],"visitedNodes":26815,"iterations":[{"visitedNodes":7,"bound":2},{"visitedNodes":47,"bound":3.25},{"visitedNodes":645,"bound":4.5},{"visitedNodes":4237,"bound":5.75},{"visitedNodes":21879,"bound":7}]}}},{"label":"2x2","key":"SA","solution":{"rotations":[{"side":3,"counterClockwiseDirection":false,"layer":0},{"side":0,"counterClockwiseDirection":false,"layer":0},{"side":2,"counterClockwiseDirection":false,"layer":0},{"side":2,"counterClockwiseDirection":false,"layer":0},{"side":0,"counterClockwiseDirection":true,"layer":0},{"side":0,"counterClockwiseDirection":true,"layer":0},{"side":2,"counterClockwiseDirection":true,"layer":0},{"side":3,"counterClockwiseDirection":true,"layer":0},{"side":2,"counterClockwiseDirection":true,"layer":0},{"side":3,"counterClockwiseDirection":true,"layer":0},{"layer":0,"side":2,"counterClockwiseDirection":false},{"side":3,"counterClockwiseDirection":false,"layer":0},{"side":2,"counterClockwiseDirection":false,"layer":0},{"side":0,"counterClockwiseDirection":true,"layer":0},{"side":3,"counterClockwiseDirection":true,"layer":0},{"side":0,"counterClockwiseDirection":true,"layer":0},{"side":3,"counterClockwiseDirection":false,"layer":0},{"side":3,"counterClockwiseDirection":false,"layer":0}],"totalTime":32583.199999999255,"data":{"restartCounter":0,"iterations":3797,"metrics":[{"label":"CHECK_SOLUTION","totalTime":1752.000000115484,"totalRelativeTime":"5.37%","numOfCalls":11390700,"avgTimePerCall":0.00015380968685993696},{"label":"APPLYING_ROTATIONS","totalTime":10006.900000367314,"totalRelativeTime":"30.71%","numOfCalls":11390698,"avgTimePerCall":0.0008785150831289982},{"label":"COMPUTE_ROTATION","totalTime":1769.5999999716878,"totalRelativeTime":"5.43%","numOfCalls":11390698,"avgTimePerCall":0.00015535483426666984},{"label":"CALCULATE_CITIZEN_SCORE","totalTime":3621.1999999023974,"totalRelativeTime":"11.11%","numOfCalls":11390698,"avgTimePerCall":0.000317908525000171},{"label":"AGGREGATE_CURRENT_GENERATION","totalTime":62.80000002682209,"totalRelativeTime":"0.19%","numOfCalls":379689,"avgTimePerCall":0.00016539852359910898},{"label":"CREATE_NEXT_GENERATION","totalTime":186.09999995306134,"totalRelativeTime":"0.57%","numOfCalls":3796,"avgTimePerCall":0.049025289766349144},{"label":"MEASUREMENT_OVERHEAD","totalTime":7736.799999792129,"totalRelativeTime":"23.74%","numOfCalls":0,"avgTimePerCall":7736.799999792129},{"label":"NOT_MEASURED","totalTime":7447.79999987036,"totalRelativeTime":"22.85%","numOfCalls":0,"avgTimePerCall":7447.79999987036}]}}},{"label":"2x2","key":"GA","solution":{"rotations":[{"side":3,"counterClockwiseDirection":false,"layer":0},{"side":0,"counterClockwiseDirection":false,"layer":0},{"side":2,"counterClockwiseDirection":false,"layer":0},{"side":3,"counterClockwiseDirection":true,"layer":0},{"side":3,"counterClockwiseDirection":true,"layer":0},{"side":0,"counterClockwiseDirection":true,"layer":0},{"layer":0,"side":2,"counterClockwiseDirection":false},{"side":3,"counterClockwiseDirection":true,"layer":0}],"totalTime":7251.5999999996275,"data":{"armageddonCounter":0,"generations":804,"metrics":[{"label":"CHECK_SOLUTION","totalTime":380.79999994672835,"totalRelativeTime":"5.25%","numOfCalls":2410770,"avgTimePerCall":0.00015795783087840332},{"label":"APPLYING_ROTATIONS","totalTime":2250.3000000659376,"totalRelativeTime":"31.03%","numOfCalls":2410758,"avgTimePerCall":0.000933440851411024},{"label":"COMPUTE_GENE","totalTime":387.1999999601394,"totalRelativeTime":"5.33%","numOfCalls":2410758,"avgTimePerCall":0.00016061338382373486},{"label":"CALCULATE_CITIZEN_SCORE","totalTime":829.1000000834465,"totalRelativeTime":"11.43%","numOfCalls":2410758,"avgTimePerCall":0.0003439167266409347},{"label":"AGGREGATE_CURRENT_GENERATION","totalTime":12.00000000745058,"totalRelativeTime":"0.16%","numOfCalls":80358,"avgTimePerCall":0.00014933174055415242},{"label":"CREATE_NEXT_GENERATION","totalTime":63.00000001490116,"totalRelativeTime":"0.86%","numOfCalls":803,"avgTimePerCall":0.07845579080311477},{"label":"MEASUREMENT_OVERHEAD","totalTime":1682.3999998550862,"totalRelativeTime":"23.2%","numOfCalls":0,"avgTimePerCall":1682.3999998550862},{"label":"NOT_MEASURED","totalTime":1646.8000000659376,"totalRelativeTime":"22.7%","numOfCalls":0,"avgTimePerCall":1646.8000000659376}]}}},{"label":"2x2","key":"WA*","solution":{"rotations":[{"side":0,"counterClockwiseDirection":true,"layer":0},{"side":2,"counterClockwiseDirection":false,"layer":0},{"side":0,"counterClockwiseDirection":true,"layer":0},{"side":3,"counterClockwiseDirection":true,"layer":0},{"side":2,"counterClockwiseDirection":true,"layer":0},{"side":3,"counterClockwiseDirection":false,"layer":0},{"side":2,"counterClockwiseDirection":false,"layer":0},{"side":3,"counterClockwiseDirection":true,"layer":0},{"side":2,"counterClockwiseDirection":true,"layer":0},{"side":3,"counterClockwiseDirection":true,"layer":0},{"side":2,"counterClockwiseDirection":false,"layer":0},{"side":0,"counterClockwiseDirection":true,"layer":0},{"side":3,"counterClockwiseDirection":false,"layer":0},{"side":0,"counterClockwiseDirection":false,"layer":0}],"totalTime":584.3000000007451,"data":{"metrics":[{"label":"ITERATIONS_COUNTER_INCREMENT","totalTime":9.100000003352761,"totalRelativeTime":"1.55%","numOfCalls":52338,"avgTimePerCall":0.00017386984606505333},{"label":"ABORTED_VERIFICATION","totalTime":5.299999998882413,"totalRelativeTime":"0.9%","numOfCalls":26169,"avgTimePerCall":0.0002025297106837255},{"label":"POP_CANDIDATE","totalTime":12.300000011920929,"totalRelativeTime":"2.1%","numOfCalls":26169,"avgTimePerCall":0.0004700217819527276},{"label":"VISISTED_LIST_CHECK","totalTime":44.29999999888241,"totalRelativeTime":"7.58%","numOfCalls":142157,"avgTimePerCall":0.00031162728531751807},{"label":"CHECK_SOLUTION","totalTime":6.100000008940697,"totalRelativeTime":"1.04%","numOfCalls":24330,"avgTimePerCall":0.00025071927698071093},{"label":"ADD_TO_VISISTED_LIST_CHECK","totalTime":6.200000001117587,"totalRelativeTime":"1.06%","numOfCalls":24329,"avgTimePerCall":0.00025483990304236043},{"label":"PERFORM_ROTATION","totalTime":136.99999996088445,"totalRelativeTime":"23.44%","numOfCalls":115988,"avgTimePerCall":0.00118115667104256},{"label":"HEURISTIC_CALCULATION","totalTime":62.800000010058284,"totalRelativeTime":"10.74%","numOfCalls":115988,"avgTimePerCall":0.0005414353209819833},{"label":"ADD_CANDIDATE","totalTime":27.000000001862645,"totalRelativeTime":"4.62%","numOfCalls":113146,"avgTimePerCall":0.00023862973504907504},{"label":"BUILD_SOLUTION","totalTime":0,"totalRelativeTime":"0%","numOfCalls":1,"avgTimePerCall":0},{"label":"MEASUREMENT_OVERHEAD","totalTime":134.09999999590218,"totalRelativeTime":"22.95%","numOfCalls":0,"avgTimePerCall":134.09999999590218},{"label":"NOT_MEASURED","totalTime":140.1000000089407,"totalRelativeTime":"23.97%","numOfCalls":0,"avgTimePerCall":140.1000000089407}],"visitedNodes":26169,"differentNodes":24330}}},{"label":"2x2","key":"BiBFS","solution":{"rotations":[{"side":3,"counterClockwiseDirection":false,"layer":0},{"side":0,"counterClockwiseDirection":false,"layer":0},{"side":2,"counterClockwiseDirection":false,"layer":0},{"side":3,"counterClockwiseDirection":false,"layer":0},{"side":3,"counterClockwiseDirection":false,"layer":0},{"side":0,"counterClockwiseDirection":true,"layer":0},{"side":2,"counterClockwiseDirection":false,"layer":0},{"side":3,"counterClockwiseDirection":true,"layer":0}],"totalTime":11.700000001117587,"data":{"metrics":[{"label":"POP_CANDIDATE","totalTime":0.19999999925494194,"totalRelativeTime":"1.7%","numOfCalls":674,"avgTimePerCall":0.000296735903939083},{"label":"VISISTED_LIST_CHECK","totalTime":1.6000000014901161,"totalRelativeTime":"13.67%","numOfCalls":4287,"avgTimePerCall":0.00037322136727084587},{"label":"ADD_TO_VISISTED_LIST_CHECK","totalTime":0,"totalRelativeTime":"0%","numOfCalls":612,"avgTimePerCall":0},{"label":"PERFORM_ROTATION","totalTime":4.6999999936670065,"totalRelativeTime":"40.17%","numOfCalls":3000,"avgTimePerCall":0.001566666664555669},{"label":"ADD_CANDIDATE","totalTime":0.30000000074505806,"totalRelativeTime":"2.56%","numOfCalls":3000,"avgTimePerCall":0.00010000000024835268},{"label":"MEASUREMENT_OVERHEAD","totalTime":2.599999999627471,"totalRelativeTime":"22.22%","numOfCalls":0,"avgTimePerCall":2.599999999627471},{"label":"NOT_MEASURED","totalTime":2.3000000063329935,"totalRelativeTime":"19.65%","numOfCalls":0,"avgTimePerCall":2.3000000063329935}],"iterations":307,"visitedNodes":307}}}]}