{"timestamp":1680909827751,"shuffle":"32:  R'   D   2B    F    U'   B'   L'   F'   B    R    L'   U'   B'  2U   2L    U'   L'  2D    F'   R    U   2D    B'   U'   R    L    U'  ","solutions":[{"label":"2x2","key":"IDDFS","solution":{"rotations":[{"side":0,"counterClockwiseDirection":true,"layer":0},{"side":3,"counterClockwiseDirection":false,"layer":0},{"side":0,"counterClockwiseDirection":false,"layer":0},{"side":2,"counterClockwiseDirection":true,"layer":0},{"side":3,"counterClockwiseDirection":true,"layer":0},{"side":0,"counterClockwiseDirection":true,"layer":0},{"side":3,"counterClockwiseDirection":false,"layer":0},{"side":0,"counterClockwiseDirection":true,"layer":0}],"totalTime":942.3000000119209,"data":{"metrics":[{"label":"PERFORM_ROTATION","totalTime":468.0999994277954,"totalRelativeTime":"49.67%","numOfCalls":357384,"avgTimePerCall":0.0013097956243922374},{"label":"ADD_CANDIDATE","totalTime":80.69999957084656,"totalRelativeTime":"8.56%","numOfCalls":357384,"avgTimePerCall":0.00022580753355171625},{"label":"NOT_MEASURED","totalTime":393.50000101327896,"totalRelativeTime":"41.75%","numOfCalls":0,"avgTimePerCall":393.50000101327896}],"visitedNodes":124590,"iterations":[{"visitedNodes":37,"bound":2},{"visitedNodes":181,"bound":3},{"visitedNodes":877,"bound":4},{"visitedNodes":4237,"bound":5},{"visitedNodes":20461,"bound":6},{"visitedNodes":98797,"bound":7}]}}},{"label":"2x2","key":"IDA*","solution":{"rotations":[{"side":0,"counterClockwiseDirection":true,"layer":0},{"side":3,"counterClockwiseDirection":false,"layer":0},{"side":0,"counterClockwiseDirection":false,"layer":0},{"side":2,"counterClockwiseDirection":true,"layer":0},{"side":3,"counterClockwiseDirection":true,"layer":0},{"side":0,"counterClockwiseDirection":true,"layer":0},{"side":3,"counterClockwiseDirection":false,"layer":0},{"side":0,"counterClockwiseDirection":true,"layer":0}],"totalTime":1170.7000000178814,"data":{"metrics":[{"label":"PERFORM_ROTATION","totalTime":601.9999992251396,"totalRelativeTime":"51.42%","numOfCalls":493378,"avgTimePerCall":0.0012201597947722428},{"label":"ADD_CANDIDATE","totalTime":93.49999967217445,"totalRelativeTime":"7.98%","numOfCalls":493378,"avgTimePerCall":0.00018950986803662598},{"label":"NOT_MEASURED","totalTime":475.2000011205673,"totalRelativeTime":"40.59%","numOfCalls":0,"avgTimePerCall":475.2000011205673}],"visitedNodes":26797,"iterations":[{"visitedNodes":7,"bound":2},{"visitedNodes":70,"bound":3.25},{"visitedNodes":716,"bound":4.5},{"visitedNodes":4252,"bound":5.75},{"visitedNodes":21752,"bound":7}]}}},{"label":"2x2","key":"SA","solution":{"rotations":[{"side":2,"counterClockwiseDirection":false,"layer":0},{"side":0,"counterClockwiseDirection":false,"layer":0},{"side":3,"counterClockwiseDirection":false,"layer":0},{"side":0,"counterClockwiseDirection":true,"layer":0},{"side":2,"counterClockwiseDirection":true,"layer":0},{"side":0,"counterClockwiseDirection":false,"layer":0},{"side":3,"counterClockwiseDirection":true,"layer":0},{"side":2,"counterClockwiseDirection":true,"layer":0},{"side":0,"counterClockwiseDirection":false,"layer":0},{"side":2,"counterClockwiseDirection":false,"layer":0},{"side":3,"counterClockwiseDirection":false,"layer":0},{"side":3,"counterClockwiseDirection":false,"layer":0},{"side":0,"counterClockwiseDirection":false,"layer":0},{"side":3,"counterClockwiseDirection":false,"layer":0},{"side":2,"counterClockwiseDirection":true,"layer":0},{"side":0,"counterClockwiseDirection":false,"layer":0}],"totalTime":30422.20000001788,"data":{"restartCounter":0,"iterations":3526,"metrics":[{"label":"CHECK_SOLUTION","totalTime":1618.6999994516373,"totalRelativeTime":"5.32%","numOfCalls":10575210,"avgTimePerCall":0.00015306551826882277},{"label":"APPLYING_ROTATIONS","totalTime":9632.599998533726,"totalRelativeTime":"31.66%","numOfCalls":10575198,"avgTimePerCall":0.0009108671060847963},{"label":"COMPUTE_ROTATION","totalTime":1664.3000008761883,"totalRelativeTime":"5.47%","numOfCalls":10575198,"avgTimePerCall":0.0001573776680943646},{"label":"CALCULATE_CITIZEN_SCORE","totalTime":3440.800002992153,"totalRelativeTime":"11.31%","numOfCalls":10575198,"avgTimePerCall":0.0003253650667337059},{"label":"AGGREGATE_CURRENT_GENERATION","totalTime":56.99999985098839,"totalRelativeTime":"0.18%","numOfCalls":352506,"avgTimePerCall":0.00016169937490706084},{"label":"CREATE_NEXT_GENERATION","totalTime":174.40000069141388,"totalRelativeTime":"0.57%","numOfCalls":3525,"avgTimePerCall":0.04947517750111032},{"label":"MEASUREMENT_OVERHEAD","totalTime":6894.500002294779,"totalRelativeTime":"22.66%","numOfCalls":0,"avgTimePerCall":6894.500002294779},{"label":"NOT_MEASURED","totalTime":6939.899995326996,"totalRelativeTime":"22.81%","numOfCalls":0,"avgTimePerCall":6939.899995326996}]}}},{"label":"2x2","key":"GA","solution":{"rotations":[{"side":3,"counterClockwiseDirection":false,"layer":0},{"side":3,"counterClockwiseDirection":false,"layer":0},{"side":2,"counterClockwiseDirection":false,"layer":0},{"side":2,"counterClockwiseDirection":false,"layer":0},{"side":0,"counterClockwiseDirection":false,"layer":0},{"side":2,"counterClockwiseDirection":true,"layer":0},{"side":3,"counterClockwiseDirection":false,"layer":0},{"side":3,"counterClockwiseDirection":false,"layer":0},{"side":0,"counterClockwiseDirection":true,"layer":0},{"side":0,"counterClockwiseDirection":true,"layer":0},{"side":2,"counterClockwiseDirection":true,"layer":0},{"side":2,"counterClockwiseDirection":true,"layer":0},{"side":0,"counterClockwiseDirection":false,"layer":0},{"side":0,"counterClockwiseDirection":false,"layer":0},{"side":3,"counterClockwiseDirection":true,"layer":0},{"side":0,"counterClockwiseDirection":false,"layer":0},{"side":2,"counterClockwiseDirection":true,"layer":0},{"side":0,"counterClockwiseDirection":false,"layer":0},{"side":2,"counterClockwiseDirection":false,"layer":0},{"side":0,"counterClockwiseDirection":false,"layer":0},{"side":2,"counterClockwiseDirection":true,"layer":0},{"side":0,"counterClockwiseDirection":true,"layer":0},{"side":3,"counterClockwiseDirection":true,"layer":0},{"side":2,"counterClockwiseDirection":false,"layer":0}],"totalTime":837.9000000059605,"data":{"armageddonCounter":0,"generations":76,"metrics":[{"label":"CHECK_SOLUTION","totalTime":46.89999973773956,"totalRelativeTime":"5.59%","numOfCalls":225990,"avgTimePerCall":0.00020753130553449075},{"label":"APPLYING_ROTATIONS","totalTime":280.6000003218651,"totalRelativeTime":"33.48%","numOfCalls":225990,"avgTimePerCall":0.0012416478619490469},{"label":"COMPUTE_GENE","totalTime":45.199999898672104,"totalRelativeTime":"5.39%","numOfCalls":225990,"avgTimePerCall":0.00020000884950073942},{"label":"CALCULATE_CITIZEN_SCORE","totalTime":91.89999955892563,"totalRelativeTime":"10.96%","numOfCalls":225990,"avgTimePerCall":0.00040665515978107717},{"label":"AGGREGATE_CURRENT_GENERATION","totalTime":1.9999999701976776,"totalRelativeTime":"0.23%","numOfCalls":7532,"avgTimePerCall":0.0002655337188260326},{"label":"CREATE_NEXT_GENERATION","totalTime":6.700000107288361,"totalRelativeTime":"0.79%","numOfCalls":75,"avgTimePerCall":0.08933333476384481},{"label":"MEASUREMENT_OVERHEAD","totalTime":181.0000008046627,"totalRelativeTime":"21.6%","numOfCalls":0,"avgTimePerCall":181.0000008046627},{"label":"NOT_MEASURED","totalTime":183.59999960660934,"totalRelativeTime":"21.91%","numOfCalls":0,"avgTimePerCall":183.59999960660934}]}}},{"label":"2x2","key":"WA*","solution":{"rotations":[{"side":0,"counterClockwiseDirection":false,"layer":0},{"side":2,"counterClockwiseDirection":true,"layer":0},{"side":0,"counterClockwiseDirection":false,"layer":0},{"side":2,"counterClockwiseDirection":false,"layer":0},{"side":0,"counterClockwiseDirection":false,"layer":0},{"side":3,"counterClockwiseDirection":false,"layer":0},{"side":2,"counterClockwiseDirection":true,"layer":0},{"side":0,"counterClockwiseDirection":true,"layer":0}],"totalTime":30.80000001192093,"data":{"metrics":[{"label":"ITERATIONS_COUNTER_INCREMENT","totalTime":0.29999998211860657,"totalRelativeTime":"0.97%","numOfCalls":1376,"avgTimePerCall":0.00021802324281875476},{"label":"ABORTED_VERIFICATION","totalTime":0.20000001788139343,"totalRelativeTime":"0.64%","numOfCalls":688,"avgTimePerCall":0.0002906977004090021},{"label":"POP_CANDIDATE","totalTime":1.1000000536441803,"totalRelativeTime":"3.57%","numOfCalls":688,"avgTimePerCall":0.0015988372872735178},{"label":"VISISTED_LIST_CHECK","totalTime":1.7999999821186066,"totalRelativeTime":"5.84%","numOfCalls":3775,"avgTimePerCall":0.0004768211873161872},{"label":"CHECK_SOLUTION","totalTime":0.20000001788139343,"totalRelativeTime":"0.64%","numOfCalls":644,"avgTimePerCall":0.00031055903397731897},{"label":"ADD_TO_VISISTED_LIST_CHECK","totalTime":0.09999999403953552,"totalRelativeTime":"0.32%","numOfCalls":643,"avgTimePerCall":0.00015552098606459646},{"label":"PERFORM_ROTATION","totalTime":10.199999839067459,"totalRelativeTime":"33.11%","numOfCalls":3087,"avgTimePerCall":0.0033041787622505535},{"label":"HEURISTIC_CALCULATION","totalTime":4.0999999940395355,"totalRelativeTime":"13.31%","numOfCalls":3087,"avgTimePerCall":0.001328150305811317},{"label":"ADD_CANDIDATE","totalTime":1.5000000894069672,"totalRelativeTime":"4.87%","numOfCalls":3044,"avgTimePerCall":0.0004927726969142467},{"label":"BUILD_SOLUTION","totalTime":0,"totalRelativeTime":"0%","numOfCalls":1,"avgTimePerCall":0},{"label":"MEASUREMENT_OVERHEAD","totalTime":5.400000035762787,"totalRelativeTime":"17.53%","numOfCalls":0,"avgTimePerCall":5.400000035762787},{"label":"NOT_MEASURED","totalTime":5.9000000059604645,"totalRelativeTime":"19.15%","numOfCalls":0,"avgTimePerCall":5.9000000059604645}],"visitedNodes":688,"differentNodes":644}}},{"label":"2x2","key":"BiBFS","solution":{"rotations":[{"side":0,"counterClockwiseDirection":true,"layer":0},{"side":3,"counterClockwiseDirection":false,"layer":0},{"side":0,"counterClockwiseDirection":false,"layer":0},{"side":2,"counterClockwiseDirection":true,"layer":0},{"side":3,"counterClockwiseDirection":true,"layer":0},{"side":0,"counterClockwiseDirection":true,"layer":0},{"side":3,"counterClockwiseDirection":false,"layer":0},{"side":0,"counterClockwiseDirection":true,"layer":0}],"totalTime":45.900000005960464,"data":{"metrics":[{"label":"POP_CANDIDATE","totalTime":0.9999999701976776,"totalRelativeTime":"2.17%","numOfCalls":968,"avgTimePerCall":0.0010330578204521463},{"label":"VISISTED_LIST_CHECK","totalTime":13.099999994039536,"totalRelativeTime":"28.54%","numOfCalls":6163,"avgTimePerCall":0.002125588186603851},{"label":"ADD_TO_VISISTED_LIST_CHECK","totalTime":0.6000000536441803,"totalRelativeTime":"1.3%","numOfCalls":880,"avgTimePerCall":0.0006818182427774776},{"label":"PERFORM_ROTATION","totalTime":11.399999976158142,"totalRelativeTime":"24.83%","numOfCalls":4314,"avgTimePerCall":0.0026425591043482016},{"label":"ADD_CANDIDATE","totalTime":2.300000011920929,"totalRelativeTime":"5.01%","numOfCalls":4314,"avgTimePerCall":0.0005331478933520929},{"label":"MEASUREMENT_OVERHEAD","totalTime":5.899999976158142,"totalRelativeTime":"12.85%","numOfCalls":0,"avgTimePerCall":5.899999976158142},{"label":"NOT_MEASURED","totalTime":11.600000023841858,"totalRelativeTime":"25.27%","numOfCalls":0,"avgTimePerCall":11.600000023841858}],"iterations":441,"visitedNodes":441}}}]}