{"timestamp":1680987334395,"shuffle":"38:  U   2D    L'   D'   B    L    U'   D'   L'   B    U    B    U'   B'   F   2L    B    U'   R'  2F    L'   F'   D'   F'   L    U    D'   B'   D    R'   D'   F    B'   D'   B   ","solutions":[{"label":"2x2","key":"IDDFS","solution":{"rotations":[{"side":3,"counterClockwiseDirection":true,"layer":0},{"side":0,"counterClockwiseDirection":true,"layer":0},{"side":2,"counterClockwiseDirection":false,"layer":0},{"side":3,"counterClockwiseDirection":true,"layer":0},{"side":0,"counterClockwiseDirection":false,"layer":0},{"side":2,"counterClockwiseDirection":true,"layer":0},{"side":0,"counterClockwiseDirection":false,"layer":0},{"side":3,"counterClockwiseDirection":false,"layer":0},{"side":2,"counterClockwiseDirection":true,"layer":0},{"side":3,"counterClockwiseDirection":false,"layer":0}],"totalTime":34476.800000000745,"data":{"metrics":[{"label":"PERFORM_ROTATION","totalTime":14976.80000007525,"totalRelativeTime":"43.44%","numOfCalls":11223807,"avgTimePerCall":0.0013343778987000802},{"label":"ADD_CANDIDATE","totalTime":2632.4000004455447,"totalRelativeTime":"7.63%","numOfCalls":11223807,"avgTimePerCall":0.00023453717624024939},{"label":"NOT_MEASURED","totalTime":16867.59999947995,"totalRelativeTime":"48.92%","numOfCalls":0,"avgTimePerCall":16867.59999947995}],"visitedNodes":2904968,"iterations":[{"visitedNodes":37,"bound":2},{"visitedNodes":181,"bound":3},{"visitedNodes":877,"bound":4},{"visitedNodes":4237,"bound":5},{"visitedNodes":20461,"bound":6},{"visitedNodes":98797,"bound":7},{"visitedNodes":477037,"bound":8},{"visitedNodes":2303341,"bound":9}]}}},{"label":"2x2","key":"IDA*","solution":{"rotations":[{"side":3,"counterClockwiseDirection":true,"layer":0},{"side":0,"counterClockwiseDirection":true,"layer":0},{"side":2,"counterClockwiseDirection":false,"layer":0},{"side":3,"counterClockwiseDirection":true,"layer":0},{"side":0,"counterClockwiseDirection":false,"layer":0},{"side":2,"counterClockwiseDirection":true,"layer":0},{"side":0,"counterClockwiseDirection":false,"layer":0},{"side":3,"counterClockwiseDirection":false,"layer":0},{"side":2,"counterClockwiseDirection":true,"layer":0},{"side":3,"counterClockwiseDirection":false,"layer":0}],"totalTime":111108.89999999851,"data":{"metrics":[{"label":"PERFORM_ROTATION","totalTime":54645.39999809489,"totalRelativeTime":"49.18%","numOfCalls":49621738,"avgTimePerCall":0.0011012391383408394},{"label":"ADD_CANDIDATE","totalTime":9465.19999967143,"totalRelativeTime":"8.51%","numOfCalls":49621738,"avgTimePerCall":0.00019074704718467195},{"label":"NOT_MEASURED","totalTime":46998.300002232194,"totalRelativeTime":"42.29%","numOfCalls":0,"avgTimePerCall":46998.300002232194}],"visitedNodes":1924516,"iterations":[{"visitedNodes":7,"bound":2},{"visitedNodes":77,"bound":3.25},{"visitedNodes":705,"bound":4.5},{"visitedNodes":4242,"bound":5.75},{"visitedNodes":22082,"bound":7},{"visitedNodes":165304,"bound":8.25},{"visitedNodes":1732099,"bound":9.5}]}}},{"label":"2x2","key":"SA","solution":{"rotations":[{"layer":0,"side":0,"counterClockwiseDirection":true},{"side":2,"counterClockwiseDirection":false,"layer":0},{"side":2,"counterClockwiseDirection":false,"layer":0},{"side":3,"counterClockwiseDirection":false,"layer":0},{"side":2,"counterClockwiseDirection":true,"layer":0},{"side":0,"counterClockwiseDirection":true,"layer":0},{"side":2,"counterClockwiseDirection":true,"layer":0},{"side":2,"counterClockwiseDirection":true,"layer":0},{"side":3,"counterClockwiseDirection":false,"layer":0},{"side":3,"counterClockwiseDirection":false,"layer":0},{"side":0,"counterClockwiseDirection":true,"layer":0},{"side":0,"counterClockwiseDirection":true,"layer":0},{"side":3,"counterClockwiseDirection":true,"layer":0},{"side":0,"counterClockwiseDirection":true,"layer":0}],"totalTime":68624.39999999851,"data":{"restartCounter":1,"iterations":5874,"metrics":[{"label":"CHECK_SOLUTION","totalTime":3622.200000092387,"totalRelativeTime":"5.27%","numOfCalls":17621310,"avgTimePerCall":0.00020555792958028586},{"label":"APPLYING_ROTATIONS","totalTime":21366.30000020191,"totalRelativeTime":"31.13%","numOfCalls":17621306,"avgTimePerCall":0.0012125264722264008},{"label":"COMPUTE_ROTATION","totalTime":3720.100000258535,"totalRelativeTime":"5.42%","numOfCalls":17621306,"avgTimePerCall":0.0002111137506072782},{"label":"CALCULATE_CITIZEN_SCORE","totalTime":7568.70000083372,"totalRelativeTime":"11.02%","numOfCalls":17621306,"avgTimePerCall":0.00042951980975948777},{"label":"AGGREGATE_CURRENT_GENERATION","totalTime":133.00000002235174,"totalRelativeTime":"0.19%","numOfCalls":587376,"avgTimePerCall":0.00022643077010697023},{"label":"CREATE_NEXT_GENERATION","totalTime":414.0999999381602,"totalRelativeTime":"0.6%","numOfCalls":5873,"avgTimePerCall":0.07050910947355017},{"label":"MEASUREMENT_OVERHEAD","totalTime":16135.20000037551,"totalRelativeTime":"23.51%","numOfCalls":0,"avgTimePerCall":16135.20000037551},{"label":"NOT_MEASURED","totalTime":15664.799998275936,"totalRelativeTime":"22.82%","numOfCalls":0,"avgTimePerCall":15664.799998275936}]}}},{"label":"2x2","key":"GA","solution":{"rotations":[{"side":3,"counterClockwiseDirection":true,"layer":0},{"layer":0,"side":0,"counterClockwiseDirection":true},{"side":2,"counterClockwiseDirection":false,"layer":0},{"side":3,"counterClockwiseDirection":true,"layer":0},{"side":0,"counterClockwiseDirection":false,"layer":0},{"side":2,"counterClockwiseDirection":true,"layer":0},{"side":0,"counterClockwiseDirection":false,"layer":0},{"side":3,"counterClockwiseDirection":false,"layer":0},{"side":2,"counterClockwiseDirection":true,"layer":0},{"side":3,"counterClockwiseDirection":false,"layer":0}],"totalTime":16910.10000000149,"data":{"armageddonCounter":0,"generations":1301,"metrics":[{"label":"CHECK_SOLUTION","totalTime":855.1999999433756,"totalRelativeTime":"5.05%","numOfCalls":3900570,"avgTimePerCall":0.00021925000703573467},{"label":"APPLYING_ROTATIONS","totalTime":5345.499999981374,"totalRelativeTime":"31.61%","numOfCalls":3900562,"avgTimePerCall":0.0013704435412080038},{"label":"COMPUTE_GENE","totalTime":920.7999999187887,"totalRelativeTime":"5.44%","numOfCalls":3900562,"avgTimePerCall":0.00023606854599895826},{"label":"CALCULATE_CITIZEN_SCORE","totalTime":1864.6000001356006,"totalRelativeTime":"11.02%","numOfCalls":3900562,"avgTimePerCall":0.00047803367825856904},{"label":"AGGREGATE_CURRENT_GENERATION","totalTime":35.200000047683716,"totalRelativeTime":"0.2%","numOfCalls":130018,"avgTimePerCall":0.00027073174520207753},{"label":"CREATE_NEXT_GENERATION","totalTime":98.29999995231628,"totalRelativeTime":"0.58%","numOfCalls":1300,"avgTimePerCall":0.07561538457870483},{"label":"MEASUREMENT_OVERHEAD","totalTime":3898.0999997518957,"totalRelativeTime":"23.05%","numOfCalls":0,"avgTimePerCall":3898.0999997518957},{"label":"NOT_MEASURED","totalTime":3892.400000270456,"totalRelativeTime":"23.01%","numOfCalls":0,"avgTimePerCall":3892.400000270456}]}}},{"label":"2x2","key":"WA*","solution":{"rotations":[{"side":0,"counterClockwiseDirection":true,"layer":0},{"side":2,"counterClockwiseDirection":true,"layer":0},{"side":0,"counterClockwiseDirection":true,"layer":0},{"side":3,"counterClockwiseDirection":false,"layer":0},{"side":0,"counterClockwiseDirection":false,"layer":0},{"side":3,"counterClockwiseDirection":true,"layer":0},{"side":0,"counterClockwiseDirection":false,"layer":0},{"side":0,"counterClockwiseDirection":false,"layer":0},{"side":3,"counterClockwiseDirection":true,"layer":0},{"side":0,"counterClockwiseDirection":true,"layer":0},{"side":3,"counterClockwiseDirection":false,"layer":0},{"side":0,"counterClockwiseDirection":true,"layer":0},{"side":3,"counterClockwiseDirection":true,"layer":0},{"side":3,"counterClockwiseDirection":true,"layer":0},{"side":0,"counterClockwiseDirection":true,"layer":0},{"side":3,"counterClockwiseDirection":true,"layer":0},{"side":3,"counterClockwiseDirection":true,"layer":0},{"side":0,"counterClockwiseDirection":false,"layer":0}],"totalTime":2801.5,"data":{"metrics":[{"label":"ITERATIONS_COUNTER_INCREMENT","totalTime":46.40000004693866,"totalRelativeTime":"1.65%","numOfCalls":218974,"avgTimePerCall":0.00021189730309049778},{"label":"ABORTED_VERIFICATION","totalTime":25.299999974668026,"totalRelativeTime":"0.9%","numOfCalls":109487,"avgTimePerCall":0.0002310776619568353},{"label":"POP_CANDIDATE","totalTime":61.10000003129244,"totalRelativeTime":"2.18%","numOfCalls":109487,"avgTimePerCall":0.0005580571212225418},{"label":"VISISTED_LIST_CHECK","totalTime":232.89999992772937,"totalRelativeTime":"8.31%","numOfCalls":585502,"avgTimePerCall":0.00039777831660306776},{"label":"CHECK_SOLUTION","totalTime":21.099999971687794,"totalRelativeTime":"0.75%","numOfCalls":99648,"avgTimePerCall":0.00021174534332538329},{"label":"ADD_TO_VISISTED_LIST_CHECK","totalTime":32.20000001788139,"totalRelativeTime":"1.14%","numOfCalls":99647,"avgTimePerCall":0.00032314068680322933},{"label":"PERFORM_ROTATION","totalTime":703.9000000171363,"totalRelativeTime":"25.12%","numOfCalls":476015,"avgTimePerCall":0.0014787349138517406},{"label":"HEURISTIC_CALCULATION","totalTime":253.1000000797212,"totalRelativeTime":"9.03%","numOfCalls":476015,"avgTimePerCall":0.0005317059338040214},{"label":"ADD_CANDIDATE","totalTime":127.3999999538064,"totalRelativeTime":"4.54%","numOfCalls":455800,"avgTimePerCall":0.0002795085562830329},{"label":"BUILD_SOLUTION","totalTime":0,"totalRelativeTime":"0%","numOfCalls":1,"avgTimePerCall":0},{"label":"MEASUREMENT_OVERHEAD","totalTime":608.300000090152,"totalRelativeTime":"21.71%","numOfCalls":0,"avgTimePerCall":608.300000090152},{"label":"NOT_MEASURED","totalTime":689.7999998889863,"totalRelativeTime":"24.62%","numOfCalls":0,"avgTimePerCall":689.7999998889863}],"visitedNodes":109487,"differentNodes":99648}}},{"label":"2x2","key":"BiBFS","solution":{"rotations":[{"side":3,"counterClockwiseDirection":true,"layer":0},{"side":0,"counterClockwiseDirection":true,"layer":0},{"side":2,"counterClockwiseDirection":false,"layer":0},{"side":3,"counterClockwiseDirection":true,"layer":0},{"side":0,"counterClockwiseDirection":false,"layer":0},{"side":2,"counterClockwiseDirection":true,"layer":0},{"side":0,"counterClockwiseDirection":false,"layer":0},{"side":3,"counterClockwiseDirection":false,"layer":0},{"side":2,"counterClockwiseDirection":true,"layer":0},{"side":3,"counterClockwiseDirection":false,"layer":0}],"totalTime":72.09999999776483,"data":{"metrics":[{"label":"POP_CANDIDATE","totalTime":1.0999999940395355,"totalRelativeTime":"1.52%","numOfCalls":2316,"avgTimePerCall":0.0004749568195334782},{"label":"VISISTED_LIST_CHECK","totalTime":12.799999997019768,"totalRelativeTime":"17.75%","numOfCalls":14731,"avgTimePerCall":0.0008689158914547395},{"label":"ADD_TO_VISISTED_LIST_CHECK","totalTime":0.6000000052154064,"totalRelativeTime":"0.83%","numOfCalls":2104,"avgTimePerCall":0.00028517110514040227},{"label":"PERFORM_ROTATION","totalTime":22.799999997019768,"totalRelativeTime":"31.62%","numOfCalls":10310,"avgTimePerCall":0.0022114451985470194},{"label":"ADD_CANDIDATE","totalTime":4.100000016391277,"totalRelativeTime":"5.68%","numOfCalls":10238,"avgTimePerCall":0.00040046884317164266},{"label":"MEASUREMENT_OVERHEAD","totalTime":10.599999979138374,"totalRelativeTime":"14.7%","numOfCalls":0,"avgTimePerCall":10.599999979138374},{"label":"NOT_MEASURED","totalTime":20.100000008940697,"totalRelativeTime":"27.87%","numOfCalls":0,"avgTimePerCall":20.100000008940697}],"iterations":1053,"visitedNodes":1053}}}]}