{"timestamp":1680890676284,"shuffle":"37:  R    L'   F    B'   U    R    F'   L    U'   L'   F'   L'   R'   L'   D'   B    U    R    U'  2R    F    B'   D    F'  2U    D'   F'   R    F'   R'   F'   U'   F'   B    L   ","solutions":[{"label":"2x2","key":"IDDFS","solution":{"rotations":[{"side":2,"counterClockwiseDirection":true,"layer":0},{"side":0,"counterClockwiseDirection":false,"layer":0},{"side":3,"counterClockwiseDirection":true,"layer":0},{"side":2,"counterClockwiseDirection":false,"layer":0},{"side":0,"counterClockwiseDirection":false,"layer":0},{"side":2,"counterClockwiseDirection":true,"layer":0},{"side":3,"counterClockwiseDirection":true,"layer":0},{"side":2,"counterClockwiseDirection":false,"layer":0},{"side":0,"counterClockwiseDirection":true,"layer":0},{"side":3,"counterClockwiseDirection":true,"layer":0},{"side":0,"counterClockwiseDirection":true,"layer":0}],"totalTime":55104.39999997616,"data":{"metrics":[{"label":"PERFORM_ROTATION","totalTime":24380.999998390675,"totalRelativeTime":"44.24%","numOfCalls":18613266,"avgTimePerCall":0.001309872216858163},{"label":"ADD_CANDIDATE","totalTime":4225.799994647503,"totalRelativeTime":"7.66%","numOfCalls":18613266,"avgTimePerCall":0.00022703162328671943},{"label":"NOT_MEASURED","totalTime":26497.60000693798,"totalRelativeTime":"48.08%","numOfCalls":0,"avgTimePerCall":26497.60000693798}],"visitedNodes":14026485,"iterations":[{"visitedNodes":37,"bound":2},{"visitedNodes":181,"bound":3},{"visitedNodes":877,"bound":4},{"visitedNodes":4237,"bound":5},{"visitedNodes":20461,"bound":6},{"visitedNodes":98797,"bound":7},{"visitedNodes":477037,"bound":8},{"visitedNodes":2303341,"bound":9},{"visitedNodes":11121517,"bound":10}]}}},{"label":"2x2","key":"IDA*","solution":{"rotations":[{"side":2,"counterClockwiseDirection":true,"layer":0},{"side":0,"counterClockwiseDirection":false,"layer":0},{"side":3,"counterClockwiseDirection":true,"layer":0},{"side":2,"counterClockwiseDirection":false,"layer":0},{"side":0,"counterClockwiseDirection":false,"layer":0},{"side":2,"counterClockwiseDirection":true,"layer":0},{"side":3,"counterClockwiseDirection":true,"layer":0},{"side":2,"counterClockwiseDirection":false,"layer":0},{"side":0,"counterClockwiseDirection":true,"layer":0},{"side":3,"counterClockwiseDirection":true,"layer":0},{"side":0,"counterClockwiseDirection":true,"layer":0}],"totalTime":40463.59999999404,"data":{"metrics":[{"label":"PERFORM_ROTATION","totalTime":19857.600001096725,"totalRelativeTime":"49.07%","numOfCalls":14117396,"avgTimePerCall":0.0014066050142035207},{"label":"ADD_CANDIDATE","totalTime":3427.699998855591,"totalRelativeTime":"8.47%","numOfCalls":14117396,"avgTimePerCall":0.00024279973437421398},{"label":"NOT_MEASURED","totalTime":17178.300000041723,"totalRelativeTime":"42.45%","numOfCalls":0,"avgTimePerCall":17178.300000041723}],"visitedNodes":1971418,"iterations":[{"visitedNodes":12,"bound":2},{"visitedNodes":57,"bound":3.25},{"visitedNodes":687,"bound":4.5},{"visitedNodes":4237,"bound":5.75},{"visitedNodes":21676,"bound":7},{"visitedNodes":166211,"bound":8.25},{"visitedNodes":1778538,"bound":9.5}]}}},{"label":"2x2","key":"GA","solution":{"rotations":[{"side":3,"counterClockwiseDirection":false,"layer":0},{"side":2,"counterClockwiseDirection":true,"layer":0},{"side":3,"counterClockwiseDirection":false,"layer":0},{"side":2,"counterClockwiseDirection":false,"layer":0},{"side":3,"counterClockwiseDirection":true,"layer":0},{"side":2,"counterClockwiseDirection":true,"layer":0},{"side":3,"counterClockwiseDirection":false,"layer":0},{"side":2,"counterClockwiseDirection":false,"layer":0},{"side":3,"counterClockwiseDirection":false,"layer":0},{"side":2,"counterClockwiseDirection":false,"layer":0},{"side":3,"counterClockwiseDirection":true,"layer":0},{"side":3,"counterClockwiseDirection":true,"layer":0},{"side":2,"counterClockwiseDirection":true,"layer":0},{"side":0,"counterClockwiseDirection":true,"layer":0},{"side":2,"counterClockwiseDirection":false,"layer":0},{"side":3,"counterClockwiseDirection":true,"layer":0},{"side":0,"counterClockwiseDirection":false,"layer":0},{"side":2,"counterClockwiseDirection":true,"layer":0},{"side":0,"counterClockwiseDirection":false,"layer":0},{"side":2,"counterClockwiseDirection":true,"layer":0},{"side":3,"counterClockwiseDirection":true,"layer":0},{"side":0,"counterClockwiseDirection":false,"layer":0},{"side":3,"counterClockwiseDirection":true,"layer":0}],"totalTime":35322.40000000596,"data":{"armageddonCounter":0,"generations":2653,"metrics":[{"label":"CHECK_SOLUTION","totalTime":1855.5000009834766,"totalRelativeTime":"5.25%","numOfCalls":7959000,"avgTimePerCall":0.00023313230317671525},{"label":"APPLYING_ROTATIONS","totalTime":11471.000004529953,"totalRelativeTime":"32.47%","numOfCalls":7958999,"avgTimePerCall":0.0014412616466630984},{"label":"COMPUTE_GENE","totalTime":1859.0999982655048,"totalRelativeTime":"5.26%","numOfCalls":7958999,"avgTimePerCall":0.0002335846503141293},{"label":"CALCULATE_CITIZEN_SCORE","totalTime":3899.600000679493,"totalRelativeTime":"11.04%","numOfCalls":7958999,"avgTimePerCall":0.0004899611120292254},{"label":"AGGREGATE_CURRENT_GENERATION","totalTime":66.99999976158142,"totalRelativeTime":"0.18%","numOfCalls":265299,"avgTimePerCall":0.0002525452405081867},{"label":"CREATE_NEXT_GENERATION","totalTime":213.40000024437904,"totalRelativeTime":"0.6%","numOfCalls":2652,"avgTimePerCall":0.08046757173619119},{"label":"MEASUREMENT_OVERHEAD","totalTime":7980.800002127886,"totalRelativeTime":"22.59%","numOfCalls":0,"avgTimePerCall":7980.800002127886},{"label":"NOT_MEASURED","totalTime":7975.999993413687,"totalRelativeTime":"22.58%","numOfCalls":0,"avgTimePerCall":7975.999993413687}]}}},{"label":"2x2","key":"SA","solution":{"rotations":[{"side":0,"counterClockwiseDirection":false,"layer":0},{"side":2,"counterClockwiseDirection":true,"layer":0},{"side":3,"counterClockwiseDirection":true,"layer":0},{"side":2,"counterClockwiseDirection":true,"layer":0},{"side":0,"counterClockwiseDirection":false,"layer":0},{"side":3,"counterClockwiseDirection":false,"layer":0},{"side":0,"counterClockwiseDirection":true,"layer":0},{"side":2,"counterClockwiseDirection":false,"layer":0},{"side":2,"counterClockwiseDirection":false,"layer":0},{"side":0,"counterClockwiseDirection":false,"layer":0},{"side":2,"counterClockwiseDirection":true,"layer":0},{"side":2,"counterClockwiseDirection":true,"layer":0},{"side":0,"counterClockwiseDirection":true,"layer":0},{"side":2,"counterClockwiseDirection":true,"layer":0},{"side":0,"counterClockwiseDirection":false,"layer":0},{"side":0,"counterClockwiseDirection":false,"layer":0},{"side":3,"counterClockwiseDirection":false,"layer":0},{"side":0,"counterClockwiseDirection":true,"layer":0},{"side":3,"counterClockwiseDirection":false,"layer":0},{"side":0,"counterClockwiseDirection":false,"layer":0},{"layer":0,"side":2,"counterClockwiseDirection":false}],"totalTime":34906.20000001788,"data":{"restartCounter":0,"iterations":2540,"metrics":[{"label":"CHECK_SOLUTION","totalTime":1835.0999983251095,"totalRelativeTime":"5.25%","numOfCalls":7619310,"avgTimePerCall":0.00024084858055717769},{"label":"APPLYING_ROTATIONS","totalTime":11175.500001758337,"totalRelativeTime":"32.01%","numOfCalls":7619307,"avgTimePerCall":0.0014667344420901188},{"label":"COMPUTE_ROTATION","totalTime":1907.8999998867512,"totalRelativeTime":"5.46%","numOfCalls":7619307,"avgTimePerCall":0.0002504033503160788},{"label":"CALCULATE_CITIZEN_SCORE","totalTime":3806.4999999701977,"totalRelativeTime":"10.9%","numOfCalls":7619307,"avgTimePerCall":0.0004995861172112107},{"label":"AGGREGATE_CURRENT_GENERATION","totalTime":66.0999995470047,"totalRelativeTime":"0.18%","numOfCalls":253976,"avgTimePerCall":0.000260260810261618},{"label":"CREATE_NEXT_GENERATION","totalTime":271.4999997019768,"totalRelativeTime":"0.77%","numOfCalls":2539,"avgTimePerCall":0.10693186282078644},{"label":"MEASUREMENT_OVERHEAD","totalTime":7777.0000030994415,"totalRelativeTime":"22.27%","numOfCalls":0,"avgTimePerCall":7777.0000030994415},{"label":"NOT_MEASURED","totalTime":8066.599997729063,"totalRelativeTime":"23.1%","numOfCalls":0,"avgTimePerCall":8066.599997729063}]}}},{"label":"2x2","key":"WA*","solution":{"rotations":[{"side":0,"counterClockwiseDirection":true,"layer":0},{"side":3,"counterClockwiseDirection":false,"layer":0},{"side":2,"counterClockwiseDirection":true,"layer":0},{"side":3,"counterClockwiseDirection":false,"layer":0},{"side":3,"counterClockwiseDirection":false,"layer":0},{"side":0,"counterClockwiseDirection":false,"layer":0},{"side":0,"counterClockwiseDirection":false,"layer":0},{"side":3,"counterClockwiseDirection":false,"layer":0},{"side":0,"counterClockwiseDirection":true,"layer":0},{"side":3,"counterClockwiseDirection":true,"layer":0},{"side":3,"counterClockwiseDirection":true,"layer":0},{"side":0,"counterClockwiseDirection":true,"layer":0},{"side":3,"counterClockwiseDirection":false,"layer":0},{"side":3,"counterClockwiseDirection":false,"layer":0},{"side":0,"counterClockwiseDirection":false,"layer":0}],"totalTime":1243.4000000059605,"data":{"metrics":[{"label":"ITERATIONS_COUNTER_INCREMENT","totalTime":22.29999989271164,"totalRelativeTime":"1.79%","numOfCalls":99364,"avgTimePerCall":0.0002244273569171092},{"label":"ABORTED_VERIFICATION","totalTime":12.09999993443489,"totalRelativeTime":"0.97%","numOfCalls":49682,"avgTimePerCall":0.00024354897013878046},{"label":"POP_CANDIDATE","totalTime":26.699999779462814,"totalRelativeTime":"2.14%","numOfCalls":49682,"avgTimePerCall":0.0005374179739032811},{"label":"VISISTED_LIST_CHECK","totalTime":91.89999967813492,"totalRelativeTime":"7.39%","numOfCalls":268327,"avgTimePerCall":0.0003424925545253922},{"label":"CHECK_SOLUTION","totalTime":8.499999761581421,"totalRelativeTime":"0.68%","numOfCalls":45835,"avgTimePerCall":0.00018544779669644204},{"label":"ADD_TO_VISISTED_LIST_CHECK","totalTime":12.499999940395355,"totalRelativeTime":"1%","numOfCalls":45834,"avgTimePerCall":0.000272723304542378},{"label":"PERFORM_ROTATION","totalTime":337.09999987483025,"totalRelativeTime":"27.11%","numOfCalls":218645,"avgTimePerCall":0.001541768619793868},{"label":"HEURISTIC_CALCULATION","totalTime":109.19999995827675,"totalRelativeTime":"8.78%","numOfCalls":218645,"avgTimePerCall":0.0004994397308800875},{"label":"ADD_CANDIDATE","totalTime":61.79999998211861,"totalRelativeTime":"4.97%","numOfCalls":212167,"avgTimePerCall":0.0002912799821938313},{"label":"BUILD_SOLUTION","totalTime":0.10000002384185791,"totalRelativeTime":"0%","numOfCalls":1,"avgTimePerCall":0.10000002384185791},{"label":"MEASUREMENT_OVERHEAD","totalTime":275.09999999403954,"totalRelativeTime":"22.12%","numOfCalls":0,"avgTimePerCall":275.09999999403954},{"label":"NOT_MEASURED","totalTime":286.10000118613243,"totalRelativeTime":"23%","numOfCalls":0,"avgTimePerCall":286.10000118613243}],"visitedNodes":49682,"differentNodes":45835}}},{"label":"2x2","key":"BiBFS","solution":{"rotations":[{"side":3,"counterClockwiseDirection":true,"layer":0},{"side":0,"counterClockwiseDirection":false,"layer":0},{"side":2,"counterClockwiseDirection":true,"layer":0},{"side":3,"counterClockwiseDirection":false,"layer":0},{"side":0,"counterClockwiseDirection":true,"layer":0},{"side":2,"counterClockwiseDirection":true,"layer":0},{"side":0,"counterClockwiseDirection":false,"layer":0},{"side":3,"counterClockwiseDirection":false,"layer":0},{"side":0,"counterClockwiseDirection":true,"layer":0},{"side":2,"counterClockwiseDirection":false,"layer":0},{"side":0,"counterClockwiseDirection":true,"layer":0}],"totalTime":214.7999999821186,"data":{"metrics":[{"label":"POP_CANDIDATE","totalTime":2.3999999463558197,"totalRelativeTime":"1.11%","numOfCalls":8902,"avgTimePerCall":0.00026960233052750166},{"label":"VISISTED_LIST_CHECK","totalTime":31.29999977350235,"totalRelativeTime":"14.57%","numOfCalls":54982,"avgTimePerCall":0.0005692772138791304},{"label":"ADD_TO_VISISTED_LIST_CHECK","totalTime":1.7000000476837158,"totalRelativeTime":"0.79%","numOfCalls":7816,"avgTimePerCall":0.00021750256495441605},{"label":"PERFORM_ROTATION","totalTime":87.90000003576279,"totalRelativeTime":"40.92%","numOfCalls":38262,"avgTimePerCall":0.002297318489252072},{"label":"ADD_CANDIDATE","totalTime":10.500000178813934,"totalRelativeTime":"4.88%","numOfCalls":37570,"avgTimePerCall":0.00027947831191945527},{"label":"MEASUREMENT_OVERHEAD","totalTime":42.70000019669533,"totalRelativeTime":"19.87%","numOfCalls":0,"avgTimePerCall":42.70000019669533},{"label":"NOT_MEASURED","totalTime":38.29999980330467,"totalRelativeTime":"17.83%","numOfCalls":0,"avgTimePerCall":38.29999980330467}],"iterations":3909,"visitedNodes":3909}}}]}