{"timestamp":1680983573376,"shuffle":"33:  R    D'   F    R'   B    D    F'   B'  2R    U'   D    B'   F   2D    L    U    B    R'   B    D'  2L    D    F'   U   2R    D'   B'   L    B   ","solutions":[{"label":"2x2","key":"IDDFS","solution":{"rotations":[{"side":0,"counterClockwiseDirection":true,"layer":0},{"side":3,"counterClockwiseDirection":true,"layer":0},{"side":0,"counterClockwiseDirection":false,"layer":0},{"side":2,"counterClockwiseDirection":true,"layer":0},{"side":3,"counterClockwiseDirection":false,"layer":0},{"side":2,"counterClockwiseDirection":true,"layer":0},{"side":0,"counterClockwiseDirection":true,"layer":0},{"side":3,"counterClockwiseDirection":false,"layer":0},{"side":0,"counterClockwiseDirection":true,"layer":0},{"side":3,"counterClockwiseDirection":false,"layer":0},{"side":2,"counterClockwiseDirection":true,"layer":0}],"totalTime":91098.30000000075,"data":{"metrics":[{"label":"PERFORM_ROTATION","totalTime":42740.69999935664,"totalRelativeTime":"46.91%","numOfCalls":38384990,"avgTimePerCall":0.0011134743033502587},{"label":"ADD_CANDIDATE","totalTime":7593.899999540299,"totalRelativeTime":"8.33%","numOfCalls":38384990,"avgTimePerCall":0.00019783514336047238},{"label":"NOT_MEASURED","totalTime":40763.7000011038,"totalRelativeTime":"44.74%","numOfCalls":0,"avgTimePerCall":40763.7000011038}],"visitedNodes":14026485,"iterations":[{"visitedNodes":37,"bound":2},{"visitedNodes":181,"bound":3},{"visitedNodes":877,"bound":4},{"visitedNodes":4237,"bound":5},{"visitedNodes":20461,"bound":6},{"visitedNodes":98797,"bound":7},{"visitedNodes":477037,"bound":8},{"visitedNodes":2303341,"bound":9},{"visitedNodes":11121517,"bound":10}]}}},{"label":"2x2","key":"IDA*","solution":{"rotations":[{"side":0,"counterClockwiseDirection":true,"layer":0},{"side":3,"counterClockwiseDirection":true,"layer":0},{"side":0,"counterClockwiseDirection":false,"layer":0},{"side":2,"counterClockwiseDirection":true,"layer":0},{"side":3,"counterClockwiseDirection":false,"layer":0},{"side":2,"counterClockwiseDirection":true,"layer":0},{"side":0,"counterClockwiseDirection":true,"layer":0},{"side":3,"counterClockwiseDirection":false,"layer":0},{"side":0,"counterClockwiseDirection":true,"layer":0},{"side":3,"counterClockwiseDirection":false,"layer":0},{"side":2,"counterClockwiseDirection":true,"layer":0}],"totalTime":76668,"data":{"metrics":[{"label":"PERFORM_ROTATION","totalTime":37456.70000022091,"totalRelativeTime":"48.85%","numOfCalls":33387550,"avgTimePerCall":0.0011218762682563084},{"label":"ADD_CANDIDATE","totalTime":6936.699999997392,"totalRelativeTime":"9.04%","numOfCalls":33387550,"avgTimePerCall":0.00020776307336109993},{"label":"NOT_MEASURED","totalTime":32274.599999781698,"totalRelativeTime":"42.09%","numOfCalls":0,"avgTimePerCall":32274.599999781698}],"visitedNodes":1858617,"iterations":[{"visitedNodes":7,"bound":2},{"visitedNodes":47,"bound":3.25},{"visitedNodes":673,"bound":4.5},{"visitedNodes":4237,"bound":5.75},{"visitedNodes":21400,"bound":7},{"visitedNodes":148838,"bound":8.25},{"visitedNodes":1683415,"bound":9.5}]}}},{"label":"2x2","key":"SA","solution":{"rotations":[{"side":2,"counterClockwiseDirection":true,"layer":0},{"side":0,"counterClockwiseDirection":true,"layer":0},{"side":0,"counterClockwiseDirection":true,"layer":0},{"side":2,"counterClockwiseDirection":true,"layer":0},{"side":3,"counterClockwiseDirection":false,"layer":0},{"side":0,"counterClockwiseDirection":true,"layer":0},{"side":3,"counterClockwiseDirection":true,"layer":0},{"side":0,"counterClockwiseDirection":false,"layer":0},{"side":0,"counterClockwiseDirection":false,"layer":0},{"side":3,"counterClockwiseDirection":false,"layer":0},{"side":2,"counterClockwiseDirection":false,"layer":0},{"side":3,"counterClockwiseDirection":true,"layer":0},{"side":0,"counterClockwiseDirection":true,"layer":0},{"side":2,"counterClockwiseDirection":false,"layer":0},{"side":0,"counterClockwiseDirection":true,"layer":0},{"side":2,"counterClockwiseDirection":true,"layer":0},{"side":3,"counterClockwiseDirection":true,"layer":0},{"side":2,"counterClockwiseDirection":false,"layer":0},{"side":2,"counterClockwiseDirection":false,"layer":0}],"totalTime":20926.5,"data":{"restartCounter":0,"iterations":1852,"metrics":[{"label":"CHECK_SOLUTION","totalTime":1091.3000000100583,"totalRelativeTime":"5.21%","numOfCalls":5554080,"avgTimePerCall":0.00019648618673300677},{"label":"APPLYING_ROTATIONS","totalTime":6489.199999867007,"totalRelativeTime":"31%","numOfCalls":5554073,"avgTimePerCall":0.001168367790604662},{"label":"COMPUTE_ROTATION","totalTime":1128.4999999906868,"totalRelativeTime":"5.39%","numOfCalls":5554073,"avgTimePerCall":0.00020318422173973708},{"label":"CALCULATE_CITIZEN_SCORE","totalTime":2316.599999882281,"totalRelativeTime":"11.07%","numOfCalls":5554073,"avgTimePerCall":0.0004170993070999032},{"label":"AGGREGATE_CURRENT_GENERATION","totalTime":38.20000001974404,"totalRelativeTime":"0.18%","numOfCalls":185135,"avgTimePerCall":0.0002063359171401628},{"label":"CREATE_NEXT_GENERATION","totalTime":201.00000000745058,"totalRelativeTime":"0.96%","numOfCalls":1851,"avgTimePerCall":0.10858995138165888},{"label":"MEASUREMENT_OVERHEAD","totalTime":4914.60000035353,"totalRelativeTime":"23.48%","numOfCalls":0,"avgTimePerCall":4914.60000035353},{"label":"NOT_MEASURED","totalTime":4747.099999869242,"totalRelativeTime":"22.68%","numOfCalls":0,"avgTimePerCall":4747.099999869242}]}}},{"label":"2x2","key":"GA","solution":{"rotations":[{"layer":0,"side":0,"counterClockwiseDirection":false},{"side":3,"counterClockwiseDirection":false,"layer":0},{"side":2,"counterClockwiseDirection":false,"layer":0},{"side":0,"counterClockwiseDirection":false,"layer":0},{"side":3,"counterClockwiseDirection":false,"layer":0},{"side":2,"counterClockwiseDirection":true,"layer":0},{"side":0,"counterClockwiseDirection":false,"layer":0},{"side":3,"counterClockwiseDirection":true,"layer":0},{"side":0,"counterClockwiseDirection":true,"layer":0},{"side":0,"counterClockwiseDirection":true,"layer":0},{"side":3,"counterClockwiseDirection":false,"layer":0},{"side":2,"counterClockwiseDirection":true,"layer":0},{"layer":0,"side":3,"counterClockwiseDirection":true}],"totalTime":6494,"data":{"armageddonCounter":0,"generations":593,"metrics":[{"label":"CHECK_SOLUTION","totalTime":342.80000001192093,"totalRelativeTime":"5.27%","numOfCalls":1776930,"avgTimePerCall":0.00019291699729979286},{"label":"APPLYING_ROTATIONS","totalTime":2059.199999878183,"totalRelativeTime":"31.7%","numOfCalls":1776925,"avgTimePerCall":0.0011588558886155482},{"label":"COMPUTE_GENE","totalTime":353.9999999720603,"totalRelativeTime":"5.45%","numOfCalls":1776925,"avgTimePerCall":0.00019922056359838504},{"label":"CALCULATE_CITIZEN_SCORE","totalTime":733.4999999590218,"totalRelativeTime":"11.29%","numOfCalls":1776925,"avgTimePerCall":0.0004127917610248164},{"label":"AGGREGATE_CURRENT_GENERATION","totalTime":12.999999994412065,"totalRelativeTime":"0.2%","numOfCalls":59230,"avgTimePerCall":0.000219483369819552},{"label":"CREATE_NEXT_GENERATION","totalTime":42.899999998509884,"totalRelativeTime":"0.66%","numOfCalls":592,"avgTimePerCall":0.07246621621369913},{"label":"MEASUREMENT_OVERHEAD","totalTime":1486.3000001255423,"totalRelativeTime":"22.88%","numOfCalls":0,"avgTimePerCall":1486.3000001255423},{"label":"NOT_MEASURED","totalTime":1462.3000000603497,"totalRelativeTime":"22.51%","numOfCalls":0,"avgTimePerCall":1462.3000000603497}]}}},{"label":"2x2","key":"WA*","solution":{"rotations":[{"side":3,"counterClockwiseDirection":false,"layer":0},{"side":2,"counterClockwiseDirection":true,"layer":0},{"side":3,"counterClockwiseDirection":false,"layer":0},{"side":0,"counterClockwiseDirection":false,"layer":0},{"side":3,"counterClockwiseDirection":false,"layer":0},{"side":0,"counterClockwiseDirection":false,"layer":0},{"side":3,"counterClockwiseDirection":true,"layer":0},{"side":2,"counterClockwiseDirection":true,"layer":0},{"side":0,"counterClockwiseDirection":false,"layer":0},{"side":2,"counterClockwiseDirection":false,"layer":0},{"side":0,"counterClockwiseDirection":true,"layer":0},{"side":2,"counterClockwiseDirection":true,"layer":0},{"side":0,"counterClockwiseDirection":false,"layer":0},{"side":2,"counterClockwiseDirection":false,"layer":0},{"side":0,"counterClockwiseDirection":true,"layer":0}],"totalTime":734.9000000003725,"data":{"metrics":[{"label":"ITERATIONS_COUNTER_INCREMENT","totalTime":12.400000002235174,"totalRelativeTime":"1.68%","numOfCalls":62504,"avgTimePerCall":0.0001983873032483549},{"label":"ABORTED_VERIFICATION","totalTime":5.999999992549419,"totalRelativeTime":"0.81%","numOfCalls":31252,"avgTimePerCall":0.00019198771254797835},{"label":"POP_CANDIDATE","totalTime":14.199999991804361,"totalRelativeTime":"1.93%","numOfCalls":31252,"avgTimePerCall":0.00045437091999885965},{"label":"VISISTED_LIST_CHECK","totalTime":54.500000001862645,"totalRelativeTime":"7.41%","numOfCalls":169395,"avgTimePerCall":0.0003217332270838138},{"label":"CHECK_SOLUTION","totalTime":4.799999998882413,"totalRelativeTime":"0.65%","numOfCalls":28947,"avgTimePerCall":0.00016582029221965706},{"label":"ADD_TO_VISISTED_LIST_CHECK","totalTime":8.299999998882413,"totalRelativeTime":"1.12%","numOfCalls":28946,"avgTimePerCall":0.00028674082770961147},{"label":"PERFORM_ROTATION","totalTime":187.0999999884516,"totalRelativeTime":"25.45%","numOfCalls":138143,"avgTimePerCall":0.0013543936354969241},{"label":"HEURISTIC_CALCULATION","totalTime":78.59999999217689,"totalRelativeTime":"10.69%","numOfCalls":138143,"avgTimePerCall":0.0005689756266490295},{"label":"ADD_CANDIDATE","totalTime":30.999999979510903,"totalRelativeTime":"4.21%","numOfCalls":134662,"avgTimePerCall":0.000230205997085376},{"label":"BUILD_SOLUTION","totalTime":0,"totalRelativeTime":"0%","numOfCalls":1,"avgTimePerCall":0},{"label":"MEASUREMENT_OVERHEAD","totalTime":156.70000003278255,"totalRelativeTime":"21.32%","numOfCalls":0,"avgTimePerCall":156.70000003278255},{"label":"NOT_MEASURED","totalTime":181.30000002123415,"totalRelativeTime":"24.67%","numOfCalls":0,"avgTimePerCall":181.30000002123415}],"visitedNodes":31252,"differentNodes":28947}}},{"label":"2x2","key":"BiBFS","solution":{"rotations":[{"side":0,"counterClockwiseDirection":true,"layer":0},{"side":3,"counterClockwiseDirection":true,"layer":0},{"side":3,"counterClockwiseDirection":true,"layer":0},{"side":0,"counterClockwiseDirection":false,"layer":0},{"side":3,"counterClockwiseDirection":false,"layer":0},{"side":2,"counterClockwiseDirection":true,"layer":0},{"side":3,"counterClockwiseDirection":false,"layer":0},{"side":0,"counterClockwiseDirection":false,"layer":0},{"side":0,"counterClockwiseDirection":false,"layer":0},{"side":3,"counterClockwiseDirection":false,"layer":0},{"side":2,"counterClockwiseDirection":true,"layer":0}],"totalTime":262.19999999925494,"data":{"metrics":[{"label":"POP_CANDIDATE","totalTime":4.100000003352761,"totalRelativeTime":"1.56%","numOfCalls":14412,"avgTimePerCall":0.0002844851514954733},{"label":"VISISTED_LIST_CHECK","totalTime":26.399999985471368,"totalRelativeTime":"10.06%","numOfCalls":87720,"avgTimePerCall":0.0003009575921736362},{"label":"ADD_TO_VISISTED_LIST_CHECK","totalTime":4.800000000745058,"totalRelativeTime":"1.83%","numOfCalls":12440,"avgTimePerCall":0.00038585209009204646},{"label":"PERFORM_ROTATION","totalTime":96.29999999888241,"totalRelativeTime":"36.72%","numOfCalls":60866,"avgTimePerCall":0.0015821640981645321},{"label":"ADD_CANDIDATE","totalTime":16.69999999552965,"totalRelativeTime":"6.36%","numOfCalls":59582,"avgTimePerCall":0.00028028599233878777},{"label":"MEASUREMENT_OVERHEAD","totalTime":53.099999990314245,"totalRelativeTime":"20.25%","numOfCalls":0,"avgTimePerCall":53.099999990314245},{"label":"NOT_MEASURED","totalTime":60.800000024959445,"totalRelativeTime":"23.18%","numOfCalls":0,"avgTimePerCall":60.800000024959445}],"iterations":6221,"visitedNodes":6221}}}]}