{"timestamp":1680910224208,"shuffle":"32:  B'   R'   B'   F'   B'  2U    R'   B   2F    D    L   2D   2L    B'   R'   B   2L    U    L'  2D    L    D    R'   D    U    F   ","solutions":[{"label":"2x2","key":"IDDFS","solution":{"rotations":[{"side":0,"counterClockwiseDirection":true,"layer":0},{"side":2,"counterClockwiseDirection":true,"layer":0},{"side":2,"counterClockwiseDirection":true,"layer":0},{"side":0,"counterClockwiseDirection":true,"layer":0},{"side":0,"counterClockwiseDirection":true,"layer":0},{"side":3,"counterClockwiseDirection":true,"layer":0},{"side":0,"counterClockwiseDirection":true,"layer":0},{"side":3,"counterClockwiseDirection":true,"layer":0},{"side":0,"counterClockwiseDirection":false,"layer":0},{"side":2,"counterClockwiseDirection":true,"layer":0}],"totalTime":20401.5,"data":{"metrics":[{"label":"PERFORM_ROTATION","totalTime":9633.300002604723,"totalRelativeTime":"47.21%","numOfCalls":6620794,"avgTimePerCall":0.0014550067563806883},{"label":"ADD_CANDIDATE","totalTime":1692.299996227026,"totalRelativeTime":"8.29%","numOfCalls":6620794,"avgTimePerCall":0.0002556037835079941},{"label":"NOT_MEASURED","totalTime":9075.900001168251,"totalRelativeTime":"44.48%","numOfCalls":0,"avgTimePerCall":9075.900001168251}],"visitedNodes":2904968,"iterations":[{"visitedNodes":37,"bound":2},{"visitedNodes":181,"bound":3},{"visitedNodes":877,"bound":4},{"visitedNodes":4237,"bound":5},{"visitedNodes":20461,"bound":6},{"visitedNodes":98797,"bound":7},{"visitedNodes":477037,"bound":8},{"visitedNodes":2303341,"bound":9}]}}},{"label":"2x2","key":"IDA*","solution":{"rotations":[{"side":0,"counterClockwiseDirection":true,"layer":0},{"side":2,"counterClockwiseDirection":true,"layer":0},{"side":2,"counterClockwiseDirection":true,"layer":0},{"side":0,"counterClockwiseDirection":true,"layer":0},{"side":0,"counterClockwiseDirection":true,"layer":0},{"side":3,"counterClockwiseDirection":true,"layer":0},{"side":0,"counterClockwiseDirection":true,"layer":0},{"side":3,"counterClockwiseDirection":true,"layer":0},{"side":0,"counterClockwiseDirection":false,"layer":0},{"side":2,"counterClockwiseDirection":true,"layer":0}],"totalTime":66436,"data":{"metrics":[{"label":"PERFORM_ROTATION","totalTime":33158.70000013709,"totalRelativeTime":"49.91%","numOfCalls":27099478,"avgTimePerCall":0.0012235918345046015},{"label":"ADD_CANDIDATE","totalTime":5861.200002104044,"totalRelativeTime":"8.82%","numOfCalls":27099478,"avgTimePerCall":0.00021628460895460952},{"label":"NOT_MEASURED","totalTime":27416.099997758865,"totalRelativeTime":"41.26%","numOfCalls":0,"avgTimePerCall":27416.099997758865}],"visitedNodes":1882835,"iterations":[{"visitedNodes":7,"bound":2},{"visitedNodes":72,"bound":3.25},{"visitedNodes":657,"bound":4.5},{"visitedNodes":4237,"bound":5.75},{"visitedNodes":21731,"bound":7},{"visitedNodes":155156,"bound":8.25},{"visitedNodes":1700975,"bound":9.5}]}}},{"label":"2x2","key":"SA","solution":{"rotations":[{"side":0,"counterClockwiseDirection":false,"layer":0},{"side":3,"counterClockwiseDirection":false,"layer":0},{"side":0,"counterClockwiseDirection":true,"layer":0},{"side":0,"counterClockwiseDirection":true,"layer":0},{"side":2,"counterClockwiseDirection":true,"layer":0},{"side":2,"counterClockwiseDirection":true,"layer":0},{"side":0,"counterClockwiseDirection":false,"layer":0},{"side":3,"counterClockwiseDirection":true,"layer":0},{"side":0,"counterClockwiseDirection":false,"layer":0},{"side":2,"counterClockwiseDirection":true,"layer":0}],"totalTime":32333.09999999404,"data":{"restartCounter":0,"iterations":2381,"metrics":[{"label":"CHECK_SOLUTION","totalTime":1780.099999845028,"totalRelativeTime":"5.5%","numOfCalls":7142580,"avgTimePerCall":0.00024922366985669433},{"label":"APPLYING_ROTATIONS","totalTime":9728.999996364117,"totalRelativeTime":"30.08%","numOfCalls":7142570,"avgTimePerCall":0.0013621147565041878},{"label":"COMPUTE_ROTATION","totalTime":1840.3999965786934,"totalRelativeTime":"5.69%","numOfCalls":7142570,"avgTimePerCall":0.00025766635770859694},{"label":"CALCULATE_CITIZEN_SCORE","totalTime":3549.999998778105,"totalRelativeTime":"10.97%","numOfCalls":7142570,"avgTimePerCall":0.000497019980032132},{"label":"AGGREGATE_CURRENT_GENERATION","totalTime":56.89999997615814,"totalRelativeTime":"0.17%","numOfCalls":238085,"avgTimePerCall":0.00023899027648175293},{"label":"CREATE_NEXT_GENERATION","totalTime":330.2999999523163,"totalRelativeTime":"1.02%","numOfCalls":2380,"avgTimePerCall":0.13878151258500684},{"label":"MEASUREMENT_OVERHEAD","totalTime":7468.699999332428,"totalRelativeTime":"23.09%","numOfCalls":0,"avgTimePerCall":7468.699999332428},{"label":"NOT_MEASURED","totalTime":7577.700009167194,"totalRelativeTime":"23.43%","numOfCalls":0,"avgTimePerCall":7577.700009167194}]}}},{"label":"2x2","key":"GA","solution":{"rotations":[{"side":0,"counterClockwiseDirection":true,"layer":0},{"side":2,"counterClockwiseDirection":true,"layer":0},{"side":0,"counterClockwiseDirection":false,"layer":0},{"side":3,"counterClockwiseDirection":false,"layer":0},{"side":0,"counterClockwiseDirection":false,"layer":0},{"side":3,"counterClockwiseDirection":false,"layer":0},{"side":2,"counterClockwiseDirection":true,"layer":0},{"side":0,"counterClockwiseDirection":true,"layer":0},{"side":2,"counterClockwiseDirection":true,"layer":0},{"side":3,"counterClockwiseDirection":false,"layer":0},{"side":0,"counterClockwiseDirection":false,"layer":0},{"side":0,"counterClockwiseDirection":false,"layer":0}],"totalTime":53231.90000000596,"data":{"armageddonCounter":0,"generations":4236,"metrics":[{"label":"CHECK_SOLUTION","totalTime":2828.7000018656254,"totalRelativeTime":"5.31%","numOfCalls":12706530,"avgTimePerCall":0.0002226178194885327},{"label":"APPLYING_ROTATIONS","totalTime":17041.900000095367,"totalRelativeTime":"32.01%","numOfCalls":12706520,"avgTimePerCall":0.001341193340119511},{"label":"COMPUTE_GENE","totalTime":2924.000001937151,"totalRelativeTime":"5.49%","numOfCalls":12706520,"avgTimePerCall":0.00023011808126356792},{"label":"CALCULATE_CITIZEN_SCORE","totalTime":5859.100000798702,"totalRelativeTime":"11%","numOfCalls":12706520,"avgTimePerCall":0.0004611097295560627},{"label":"AGGREGATE_CURRENT_GENERATION","totalTime":105.89999967813492,"totalRelativeTime":"0.19%","numOfCalls":423550,"avgTimePerCall":0.0002500295116943334},{"label":"CREATE_NEXT_GENERATION","totalTime":309.39999982714653,"totalRelativeTime":"0.58%","numOfCalls":4235,"avgTimePerCall":0.07305785119885397},{"label":"MEASUREMENT_OVERHEAD","totalTime":12039.200001299381,"totalRelativeTime":"22.61%","numOfCalls":0,"avgTimePerCall":12039.200001299381},{"label":"NOT_MEASURED","totalTime":12123.699994504452,"totalRelativeTime":"22.77%","numOfCalls":0,"avgTimePerCall":12123.699994504452}]}}},{"label":"2x2","key":"WA*","solution":{"rotations":[{"side":0,"counterClockwiseDirection":true,"layer":0},{"side":3,"counterClockwiseDirection":false,"layer":0},{"side":0,"counterClockwiseDirection":false,"layer":0},{"side":3,"counterClockwiseDirection":true,"layer":0},{"side":0,"counterClockwiseDirection":true,"layer":0},{"side":2,"counterClockwiseDirection":true,"layer":0},{"side":2,"counterClockwiseDirection":true,"layer":0},{"side":0,"counterClockwiseDirection":false,"layer":0},{"side":3,"counterClockwiseDirection":false,"layer":0},{"side":0,"counterClockwiseDirection":false,"layer":0},{"side":3,"counterClockwiseDirection":true,"layer":0},{"side":3,"counterClockwiseDirection":true,"layer":0}],"totalTime":2113.699999988079,"data":{"metrics":[{"label":"ITERATIONS_COUNTER_INCREMENT","totalTime":36.20000013709068,"totalRelativeTime":"1.71%","numOfCalls":151964,"avgTimePerCall":0.00023821431481857994},{"label":"ABORTED_VERIFICATION","totalTime":20.999999791383743,"totalRelativeTime":"0.99%","numOfCalls":75982,"avgTimePerCall":0.00027638124544475986},{"label":"POP_CANDIDATE","totalTime":53.30000013113022,"totalRelativeTime":"2.52%","numOfCalls":75982,"avgTimePerCall":0.0007014819316565795},{"label":"VISISTED_LIST_CHECK","totalTime":163.79999965429306,"totalRelativeTime":"7.74%","numOfCalls":411815,"avgTimePerCall":0.0003977514166659618},{"label":"CHECK_SOLUTION","totalTime":15.799999833106995,"totalRelativeTime":"0.74%","numOfCalls":70326,"avgTimePerCall":0.00022466797248680423},{"label":"ADD_TO_VISISTED_LIST_CHECK","totalTime":22.5,"totalRelativeTime":"1.06%","numOfCalls":70325,"avgTimePerCall":0.0003199431212228937},{"label":"PERFORM_ROTATION","totalTime":544.1000010967255,"totalRelativeTime":"25.74%","numOfCalls":335833,"avgTimePerCall":0.0016201504947301946},{"label":"HEURISTIC_CALCULATION","totalTime":196.00000128149986,"totalRelativeTime":"9.27%","numOfCalls":335833,"avgTimePerCall":0.0005836234118788203},{"label":"ADD_CANDIDATE","totalTime":94.5999995470047,"totalRelativeTime":"4.47%","numOfCalls":323781,"avgTimePerCall":0.0002921727944104339},{"label":"BUILD_SOLUTION","totalTime":0.09999999403953552,"totalRelativeTime":"0%","numOfCalls":1,"avgTimePerCall":0.09999999403953552},{"label":"MEASUREMENT_OVERHEAD","totalTime":442.20000034570694,"totalRelativeTime":"20.92%","numOfCalls":0,"avgTimePerCall":442.20000034570694},{"label":"NOT_MEASURED","totalTime":524.0999981760979,"totalRelativeTime":"24.79%","numOfCalls":0,"avgTimePerCall":524.0999981760979}],"visitedNodes":75982,"differentNodes":70326}}},{"label":"2x2","key":"BiBFS","solution":{"rotations":[{"side":0,"counterClockwiseDirection":true,"layer":0},{"side":2,"counterClockwiseDirection":true,"layer":0},{"side":2,"counterClockwiseDirection":true,"layer":0},{"side":3,"counterClockwiseDirection":false,"layer":0},{"side":2,"counterClockwiseDirection":false,"layer":0},{"side":0,"counterClockwiseDirection":false,"layer":0},{"side":2,"counterClockwiseDirection":true,"layer":0},{"side":0,"counterClockwiseDirection":false,"layer":0},{"side":3,"counterClockwiseDirection":false,"layer":0},{"side":3,"counterClockwiseDirection":false,"layer":0}],"totalTime":128.19999998807907,"data":{"metrics":[{"label":"POP_CANDIDATE","totalTime":1.399999976158142,"totalRelativeTime":"1.09%","numOfCalls":4022,"avgTimePerCall":0.0003480855236594088},{"label":"VISISTED_LIST_CHECK","totalTime":21.100000113248825,"totalRelativeTime":"16.45%","numOfCalls":25354,"avgTimePerCall":0.0008322158283998117},{"label":"ADD_TO_VISISTED_LIST_CHECK","totalTime":1.2000000178813934,"totalRelativeTime":"0.93%","numOfCalls":3616,"avgTimePerCall":0.0003318584120247216},{"label":"PERFORM_ROTATION","totalTime":46.09999990463257,"totalRelativeTime":"35.95%","numOfCalls":17714,"avgTimePerCall":0.00260246132463772},{"label":"ADD_CANDIDATE","totalTime":6.800000101327896,"totalRelativeTime":"5.3%","numOfCalls":17518,"avgTimePerCall":0.00038817217155656447},{"label":"MEASUREMENT_OVERHEAD","totalTime":25.39999994635582,"totalRelativeTime":"19.81%","numOfCalls":0,"avgTimePerCall":25.39999994635582},{"label":"NOT_MEASURED","totalTime":26.199999928474426,"totalRelativeTime":"20.43%","numOfCalls":0,"avgTimePerCall":26.199999928474426}],"iterations":1809,"visitedNodes":1809}}}]}