{"timestamp":1680907258904,"shuffle":"39: 2R    U'  2B    R'   B'   L   2F    U   2R    U    B    L   2F   2B    L    R'   F'   L'   F   2R    F    L   2B    D'   U'   B   2D    U'   B    F'  ","solutions":[{"label":"2x2","key":"IDDFS","solution":{"rotations":[{"side":2,"counterClockwiseDirection":true,"layer":0},{"side":2,"counterClockwiseDirection":true,"layer":0},{"side":3,"counterClockwiseDirection":true,"layer":0},{"side":3,"counterClockwiseDirection":true,"layer":0},{"side":2,"counterClockwiseDirection":true,"layer":0},{"side":0,"counterClockwiseDirection":false,"layer":0},{"side":3,"counterClockwiseDirection":true,"layer":0},{"side":2,"counterClockwiseDirection":false,"layer":0},{"side":3,"counterClockwiseDirection":false,"layer":0},{"side":2,"counterClockwiseDirection":true,"layer":0},{"side":3,"counterClockwiseDirection":false,"layer":0},{"side":2,"counterClockwiseDirection":false,"layer":0},{"side":3,"counterClockwiseDirection":true,"layer":0}],"totalTime":919897.1999999881,"data":{"metrics":[{"label":"PERFORM_ROTATION","totalTime":438595.00000840425,"totalRelativeTime":"47.67%","numOfCalls":352522109,"avgTimePerCall":0.0012441631001600647},{"label":"ADD_CANDIDATE","totalTime":74638.99999797344,"totalRelativeTime":"8.11%","numOfCalls":352522109,"avgTimePerCall":0.0002117285642302039},{"label":"NOT_MEASURED","totalTime":406663.1999936104,"totalRelativeTime":"44.2%","numOfCalls":0,"avgTimePerCall":406663.1999936104}],"visitedNodes":327009743,"iterations":[{"visitedNodes":37,"bound":2},{"visitedNodes":181,"bound":3},{"visitedNodes":877,"bound":4},{"visitedNodes":4237,"bound":5},{"visitedNodes":20461,"bound":6},{"visitedNodes":98797,"bound":7},{"visitedNodes":477037,"bound":8},{"visitedNodes":2303341,"bound":9},{"visitedNodes":11121517,"bound":10},{"visitedNodes":53699437,"bound":11},{"visitedNodes":259283821,"bound":12}]}}},{"label":"2x2","key":"IDA*","solution":{"rotations":[{"side":2,"counterClockwiseDirection":true,"layer":0},{"side":2,"counterClockwiseDirection":true,"layer":0},{"side":3,"counterClockwiseDirection":true,"layer":0},{"side":3,"counterClockwiseDirection":true,"layer":0},{"side":2,"counterClockwiseDirection":true,"layer":0},{"side":0,"counterClockwiseDirection":false,"layer":0},{"side":3,"counterClockwiseDirection":true,"layer":0},{"side":2,"counterClockwiseDirection":false,"layer":0},{"side":3,"counterClockwiseDirection":false,"layer":0},{"side":2,"counterClockwiseDirection":true,"layer":0},{"side":3,"counterClockwiseDirection":false,"layer":0},{"side":2,"counterClockwiseDirection":false,"layer":0},{"side":3,"counterClockwiseDirection":true,"layer":0}],"totalTime":940076.2000000179,"data":{"metrics":[{"label":"PERFORM_ROTATION","totalTime":469518.49995973706,"totalRelativeTime":"49.94%","numOfCalls":378138887,"avgTimePerCall":0.0012416562170706792},{"label":"ADD_CANDIDATE","totalTime":84025.59995013475,"totalRelativeTime":"8.93%","numOfCalls":378138887,"avgTimePerCall":0.00022220830186696656},{"label":"NOT_MEASURED","totalTime":386532.10009014606,"totalRelativeTime":"41.11%","numOfCalls":0,"avgTimePerCall":386532.10009014606}],"visitedNodes":69979814,"iterations":[{"visitedNodes":7,"bound":2},{"visitedNodes":45,"bound":3.25},{"visitedNodes":698,"bound":4.5},{"visitedNodes":4247,"bound":5.75},{"visitedNodes":21402,"bound":7},{"visitedNodes":155822,"bound":8.25},{"visitedNodes":1726664,"bound":9.5},{"visitedNodes":11156292,"bound":10.75},{"visitedNodes":56914637,"bound":12}]}}},{"label":"2x2","key":"SA","solution":{"rotations":[{"side":3,"counterClockwiseDirection":true,"layer":0},{"side":2,"counterClockwiseDirection":true,"layer":0},{"side":0,"counterClockwiseDirection":false,"layer":0},{"side":2,"counterClockwiseDirection":true,"layer":0},{"side":0,"counterClockwiseDirection":true,"layer":0},{"side":2,"counterClockwiseDirection":true,"layer":0},{"side":3,"counterClockwiseDirection":true,"layer":0},{"side":2,"counterClockwiseDirection":true,"layer":0},{"side":2,"counterClockwiseDirection":true,"layer":0},{"side":0,"counterClockwiseDirection":false,"layer":0},{"side":0,"counterClockwiseDirection":false,"layer":0},{"side":2,"counterClockwiseDirection":false,"layer":0},{"side":2,"counterClockwiseDirection":false,"layer":0},{"side":0,"counterClockwiseDirection":false,"layer":0},{"side":3,"counterClockwiseDirection":true,"layer":0},{"side":3,"counterClockwiseDirection":true,"layer":0},{"side":0,"counterClockwiseDirection":true,"layer":0},{"side":2,"counterClockwiseDirection":false,"layer":0},{"side":2,"counterClockwiseDirection":false,"layer":0},{"side":3,"counterClockwiseDirection":true,"layer":0},{"side":3,"counterClockwiseDirection":true,"layer":0},{"side":0,"counterClockwiseDirection":true,"layer":0},{"side":3,"counterClockwiseDirection":false,"layer":0}],"totalTime":96845.89999997616,"data":{"restartCounter":1,"iterations":6919,"metrics":[{"label":"CHECK_SOLUTION","totalTime":5206.90000012517,"totalRelativeTime":"5.37%","numOfCalls":20755920,"avgTimePerCall":0.00025086336814389193},{"label":"APPLYING_ROTATIONS","totalTime":30384.700014919043,"totalRelativeTime":"31.37%","numOfCalls":20755919,"avgTimePerCall":0.001463905308886542},{"label":"COMPUTE_ROTATION","totalTime":5301.2999971807,"totalRelativeTime":"5.47%","numOfCalls":20755919,"avgTimePerCall":0.00025541148031945493},{"label":"CALCULATE_CITIZEN_SCORE","totalTime":10896.399997621775,"totalRelativeTime":"11.25%","numOfCalls":20755919,"avgTimePerCall":0.0005249779591846439},{"label":"AGGREGATE_CURRENT_GENERATION","totalTime":173.7000009715557,"totalRelativeTime":"0.17%","numOfCalls":691863,"avgTimePerCall":0.0002510612664234909},{"label":"CREATE_NEXT_GENERATION","totalTime":771.2000010311604,"totalRelativeTime":"0.79%","numOfCalls":6918,"avgTimePerCall":0.11147730572870199},{"label":"MEASUREMENT_OVERHEAD","totalTime":22037.59999600053,"totalRelativeTime":"22.75%","numOfCalls":0,"avgTimePerCall":22037.59999600053},{"label":"NOT_MEASURED","totalTime":22074.099992126226,"totalRelativeTime":"22.79%","numOfCalls":0,"avgTimePerCall":22074.099992126226}]}}},{"label":"2x2","key":"GA","solution":{"rotations":[{"side":3,"counterClockwiseDirection":true,"layer":0},{"side":0,"counterClockwiseDirection":true,"layer":0},{"side":3,"counterClockwiseDirection":false,"layer":0},{"side":0,"counterClockwiseDirection":false,"layer":0},{"side":3,"counterClockwiseDirection":false,"layer":0},{"side":2,"counterClockwiseDirection":true,"layer":0},{"side":0,"counterClockwiseDirection":true,"layer":0},{"side":3,"counterClockwiseDirection":false,"layer":0},{"side":2,"counterClockwiseDirection":false,"layer":0},{"side":0,"counterClockwiseDirection":false,"layer":0},{"side":3,"counterClockwiseDirection":false,"layer":0},{"side":2,"counterClockwiseDirection":false,"layer":0},{"side":2,"counterClockwiseDirection":false,"layer":0},{"side":0,"counterClockwiseDirection":true,"layer":0},{"side":0,"counterClockwiseDirection":true,"layer":0}],"totalTime":15469.90000000596,"data":{"armageddonCounter":0,"generations":1111,"metrics":[{"label":"CHECK_SOLUTION","totalTime":828.2000009417534,"totalRelativeTime":"5.35%","numOfCalls":3331320,"avgTimePerCall":0.0002486101608196611},{"label":"APPLYING_ROTATIONS","totalTime":4929.200000911951,"totalRelativeTime":"31.86%","numOfCalls":3331311,"avgTimePerCall":0.0014796577086053963},{"label":"COMPUTE_GENE","totalTime":851.800000667572,"totalRelativeTime":"5.5%","numOfCalls":3331311,"avgTimePerCall":0.0002556951304359071},{"label":"CALCULATE_CITIZEN_SCORE","totalTime":1715.2000008523464,"totalRelativeTime":"11.08%","numOfCalls":3331311,"avgTimePerCall":0.0005148723733246},{"label":"AGGREGATE_CURRENT_GENERATION","totalTime":31.30000013113022,"totalRelativeTime":"0.2%","numOfCalls":111043,"avgTimePerCall":0.00028187278919995155},{"label":"CREATE_NEXT_GENERATION","totalTime":90.40000000596046,"totalRelativeTime":"0.58%","numOfCalls":1110,"avgTimePerCall":0.08144144144681123},{"label":"MEASUREMENT_OVERHEAD","totalTime":3497.8999987244606,"totalRelativeTime":"22.61%","numOfCalls":0,"avgTimePerCall":3497.8999987244606},{"label":"NOT_MEASURED","totalTime":3525.8999977707863,"totalRelativeTime":"22.79%","numOfCalls":0,"avgTimePerCall":3525.8999977707863}]}}},{"label":"2x2","key":"WA*","solution":{"rotations":[{"side":2,"counterClockwiseDirection":false,"layer":0},{"side":0,"counterClockwiseDirection":true,"layer":0},{"side":0,"counterClockwiseDirection":true,"layer":0},{"side":3,"counterClockwiseDirection":true,"layer":0},{"side":2,"counterClockwiseDirection":false,"layer":0},{"side":3,"counterClockwiseDirection":false,"layer":0},{"side":3,"counterClockwiseDirection":false,"layer":0},{"side":2,"counterClockwiseDirection":true,"layer":0},{"side":0,"counterClockwiseDirection":true,"layer":0},{"side":0,"counterClockwiseDirection":true,"layer":0},{"side":3,"counterClockwiseDirection":false,"layer":0},{"side":2,"counterClockwiseDirection":false,"layer":0},{"side":3,"counterClockwiseDirection":false,"layer":0},{"side":0,"counterClockwiseDirection":false,"layer":0},{"side":2,"counterClockwiseDirection":false,"layer":0},{"side":2,"counterClockwiseDirection":false,"layer":0},{"side":0,"counterClockwiseDirection":true,"layer":0}],"totalTime":1434.4000000059605,"data":{"metrics":[{"label":"ITERATIONS_COUNTER_INCREMENT","totalTime":24.000000089406967,"totalRelativeTime":"1.67%","numOfCalls":106228,"avgTimePerCall":0.0002259291344034244},{"label":"ABORTED_VERIFICATION","totalTime":11.099999785423279,"totalRelativeTime":"0.77%","numOfCalls":53114,"avgTimePerCall":0.0002089844445047121},{"label":"POP_CANDIDATE","totalTime":25.999999821186066,"totalRelativeTime":"1.81%","numOfCalls":53114,"avgTimePerCall":0.000489513119350568},{"label":"VISISTED_LIST_CHECK","totalTime":107.09999984502792,"totalRelativeTime":"7.46%","numOfCalls":287997,"avgTimePerCall":0.000371878873200165},{"label":"CHECK_SOLUTION","totalTime":10.799999922513962,"totalRelativeTime":"0.75%","numOfCalls":49212,"avgTimePerCall":0.00021945866704287494},{"label":"ADD_TO_VISISTED_LIST_CHECK","totalTime":15.799999982118607,"totalRelativeTime":"1.1%","numOfCalls":49211,"avgTimePerCall":0.00032106642787422743},{"label":"PERFORM_ROTATION","totalTime":391.90000036358833,"totalRelativeTime":"27.32%","numOfCalls":234883,"avgTimePerCall":0.001668490271171555},{"label":"HEURISTIC_CALCULATION","totalTime":148.60000038146973,"totalRelativeTime":"10.35%","numOfCalls":234883,"avgTimePerCall":0.0006326554087842446},{"label":"ADD_CANDIDATE","totalTime":66.80000030994415,"totalRelativeTime":"4.65%","numOfCalls":227799,"avgTimePerCall":0.00029324097256767657},{"label":"BUILD_SOLUTION","totalTime":0,"totalRelativeTime":"0%","numOfCalls":1,"avgTimePerCall":0},{"label":"MEASUREMENT_OVERHEAD","totalTime":311.10000017285347,"totalRelativeTime":"21.68%","numOfCalls":0,"avgTimePerCall":311.10000017285347},{"label":"NOT_MEASURED","totalTime":321.199999332428,"totalRelativeTime":"22.39%","numOfCalls":0,"avgTimePerCall":321.199999332428}],"visitedNodes":53114,"differentNodes":49212}}},{"label":"2x2","key":"BiBFS","solution":{"rotations":[{"side":3,"counterClockwiseDirection":true,"layer":0},{"side":3,"counterClockwiseDirection":true,"layer":0},{"side":2,"counterClockwiseDirection":true,"layer":0},{"side":0,"counterClockwiseDirection":false,"layer":0},{"side":3,"counterClockwiseDirection":false,"layer":0},{"side":0,"counterClockwiseDirection":true,"layer":0},{"side":2,"counterClockwiseDirection":true,"layer":0},{"side":3,"counterClockwiseDirection":false,"layer":0},{"side":3,"counterClockwiseDirection":false,"layer":0},{"side":0,"counterClockwiseDirection":false,"layer":0},{"side":2,"counterClockwiseDirection":false,"layer":0},{"side":3,"counterClockwiseDirection":true,"layer":0},{"side":0,"counterClockwiseDirection":false,"layer":0}],"totalTime":552.2999999821186,"data":{"metrics":[{"label":"POP_CANDIDATE","totalTime":21.10000005364418,"totalRelativeTime":"3.82%","numOfCalls":30826,"avgTimePerCall":0.0006844871230014981},{"label":"VISISTED_LIST_CHECK","totalTime":62.09999993443489,"totalRelativeTime":"11.24%","numOfCalls":182948,"avgTimePerCall":0.0003394407150361572},{"label":"ADD_TO_VISISTED_LIST_CHECK","totalTime":5.699999988079071,"totalRelativeTime":"1.03%","numOfCalls":25808,"avgTimePerCall":0.000220861747833194},{"label":"PERFORM_ROTATION","totalTime":199.60000038146973,"totalRelativeTime":"36.13%","numOfCalls":126312,"avgTimePerCall":0.0015802140761089186},{"label":"ADD_CANDIDATE","totalTime":29.599999725818634,"totalRelativeTime":"5.35%","numOfCalls":123268,"avgTimePerCall":0.00024012720029382024},{"label":"MEASUREMENT_OVERHEAD","totalTime":101.90000006556511,"totalRelativeTime":"18.45%","numOfCalls":0,"avgTimePerCall":101.90000006556511},{"label":"NOT_MEASURED","totalTime":132.299999833107,"totalRelativeTime":"23.95%","numOfCalls":0,"avgTimePerCall":132.299999833107}],"iterations":12905,"visitedNodes":12905}}}]}