{"timestamp":1680889785959,"shuffle":"30:  F    B'   R'   D'   F    L'   F    B'   D    B    F'  2D    B    F   2L    R'   U'   R    B    L    R'  2F    L    F   2D    B   ","solutions":[{"label":"2x2","key":"IDDFS","solution":{"rotations":[{"side":2,"counterClockwiseDirection":true,"layer":0},{"side":2,"counterClockwiseDirection":true,"layer":0},{"side":0,"counterClockwiseDirection":false,"layer":0},{"side":3,"counterClockwiseDirection":false,"layer":0},{"side":0,"counterClockwiseDirection":false,"layer":0},{"side":2,"counterClockwiseDirection":true,"layer":0},{"side":3,"counterClockwiseDirection":true,"layer":0},{"side":2,"counterClockwiseDirection":false,"layer":0},{"side":3,"counterClockwiseDirection":true,"layer":0},{"side":0,"counterClockwiseDirection":true,"layer":0},{"side":2,"counterClockwiseDirection":false,"layer":0},{"side":0,"counterClockwiseDirection":false,"layer":0}],"totalTime":197328.10000002384,"data":{"metrics":[{"label":"PERFORM_ROTATION","totalTime":87165.70000296831,"totalRelativeTime":"44.17%","numOfCalls":71298583,"avgTimePerCall":0.0012225446332217893},{"label":"ADD_CANDIDATE","totalTime":15080.999996721745,"totalRelativeTime":"7.64%","numOfCalls":71298583,"avgTimePerCall":0.00021151893014089416},{"label":"NOT_MEASURED","totalTime":95081.40000033379,"totalRelativeTime":"48.18%","numOfCalls":0,"avgTimePerCall":95081.40000033379}],"visitedNodes":67725922,"iterations":[{"visitedNodes":37,"bound":2},{"visitedNodes":181,"bound":3},{"visitedNodes":877,"bound":4},{"visitedNodes":4237,"bound":5},{"visitedNodes":20461,"bound":6},{"visitedNodes":98797,"bound":7},{"visitedNodes":477037,"bound":8},{"visitedNodes":2303341,"bound":9},{"visitedNodes":11121517,"bound":10},{"visitedNodes":53699437,"bound":11}]}}},{"label":"2x2","key":"IDA*","solution":{"rotations":[{"side":2,"counterClockwiseDirection":true,"layer":0},{"side":2,"counterClockwiseDirection":true,"layer":0},{"side":0,"counterClockwiseDirection":false,"layer":0},{"side":3,"counterClockwiseDirection":false,"layer":0},{"side":0,"counterClockwiseDirection":false,"layer":0},{"side":2,"counterClockwiseDirection":true,"layer":0},{"side":3,"counterClockwiseDirection":true,"layer":0},{"side":2,"counterClockwiseDirection":false,"layer":0},{"side":3,"counterClockwiseDirection":true,"layer":0},{"side":0,"counterClockwiseDirection":true,"layer":0},{"side":2,"counterClockwiseDirection":false,"layer":0},{"side":0,"counterClockwiseDirection":false,"layer":0}],"totalTime":169394.09999999404,"data":{"metrics":[{"label":"PERFORM_ROTATION","totalTime":83139.00000804663,"totalRelativeTime":"49.08%","numOfCalls":66509496,"avgTimePerCall":0.0012500320256230272},{"label":"ADD_CANDIDATE","totalTime":14247.800001055002,"totalRelativeTime":"8.41%","numOfCalls":66509496,"avgTimePerCall":0.00021422204133158672},{"label":"NOT_MEASURED","totalTime":72007.29999089241,"totalRelativeTime":"42.5%","numOfCalls":0,"avgTimePerCall":72007.29999089241}],"visitedNodes":12988832,"iterations":[{"visitedNodes":7,"bound":2},{"visitedNodes":42,"bound":3.25},{"visitedNodes":582,"bound":4.5},{"visitedNodes":4242,"bound":5.75},{"visitedNodes":21209,"bound":7},{"visitedNodes":147166,"bound":8.25},{"visitedNodes":1666394,"bound":9.5},{"visitedNodes":11149190,"bound":10.75}]}}},{"label":"2x2","key":"GA","solution":{"rotations":[{"side":3,"counterClockwiseDirection":true,"layer":0},{"side":3,"counterClockwiseDirection":true,"layer":0},{"side":0,"counterClockwiseDirection":false,"layer":0},{"side":3,"counterClockwiseDirection":true,"layer":0},{"side":3,"counterClockwiseDirection":true,"layer":0},{"side":2,"counterClockwiseDirection":false,"layer":0},{"side":0,"counterClockwiseDirection":true,"layer":0},{"side":2,"counterClockwiseDirection":true,"layer":0},{"side":2,"counterClockwiseDirection":true,"layer":0},{"side":0,"counterClockwiseDirection":false,"layer":0},{"side":2,"counterClockwiseDirection":true,"layer":0},{"side":0,"counterClockwiseDirection":false,"layer":0},{"side":2,"counterClockwiseDirection":false,"layer":0},{"side":2,"counterClockwiseDirection":false,"layer":0}],"totalTime":22657.90000000596,"data":{"armageddonCounter":0,"generations":1700,"metrics":[{"label":"CHECK_SOLUTION","totalTime":1190.800001859665,"totalRelativeTime":"5.25%","numOfCalls":5099250,"avgTimePerCall":0.00023352453828693728},{"label":"APPLYING_ROTATIONS","totalTime":7357.6999997496605,"totalRelativeTime":"32.47%","numOfCalls":5099236,"avgTimePerCall":0.0014429024269027087},{"label":"COMPUTE_GENE","totalTime":1221.5999977886677,"totalRelativeTime":"5.39%","numOfCalls":5099236,"avgTimePerCall":0.0002395652991523961},{"label":"CALCULATE_CITIZEN_SCORE","totalTime":2494.2000014185905,"totalRelativeTime":"11%","numOfCalls":5099236,"avgTimePerCall":0.0004891320977139694},{"label":"AGGREGATE_CURRENT_GENERATION","totalTime":41.80000013113022,"totalRelativeTime":"0.18%","numOfCalls":169974,"avgTimePerCall":0.0002459199650012956},{"label":"CREATE_NEXT_GENERATION","totalTime":133.20000022649765,"totalRelativeTime":"0.58%","numOfCalls":1699,"avgTimePerCall":0.07839905840288267},{"label":"MEASUREMENT_OVERHEAD","totalTime":5055.599998772144,"totalRelativeTime":"22.31%","numOfCalls":0,"avgTimePerCall":5055.599998772144},{"label":"NOT_MEASURED","totalTime":5163.000000059605,"totalRelativeTime":"22.78%","numOfCalls":0,"avgTimePerCall":5163.000000059605}]}}},{"label":"2x2","key":"SA","solution":{"rotations":[{"side":3,"counterClockwiseDirection":true,"layer":0},{"side":2,"counterClockwiseDirection":false,"layer":0},{"side":0,"counterClockwiseDirection":true,"layer":0},{"side":3,"counterClockwiseDirection":false,"layer":0},{"side":0,"counterClockwiseDirection":false,"layer":0},{"side":2,"counterClockwiseDirection":false,"layer":0},{"side":3,"counterClockwiseDirection":false,"layer":0},{"side":0,"counterClockwiseDirection":true,"layer":0},{"side":0,"counterClockwiseDirection":true,"layer":0},{"side":2,"counterClockwiseDirection":false,"layer":0},{"side":3,"counterClockwiseDirection":true,"layer":0},{"side":2,"counterClockwiseDirection":true,"layer":0},{"side":0,"counterClockwiseDirection":true,"layer":0},{"side":2,"counterClockwiseDirection":true,"layer":0},{"side":3,"counterClockwiseDirection":false,"layer":0},{"side":0,"counterClockwiseDirection":false,"layer":0},{"side":2,"counterClockwiseDirection":false,"layer":0},{"side":3,"counterClockwiseDirection":true,"layer":0},{"side":0,"counterClockwiseDirection":true,"layer":0},{"side":2,"counterClockwiseDirection":false,"layer":0},{"side":0,"counterClockwiseDirection":true,"layer":0},{"side":3,"counterClockwiseDirection":false,"layer":0},{"side":2,"counterClockwiseDirection":true,"layer":0},{"side":3,"counterClockwiseDirection":true,"layer":0}],"totalTime":37222.40000000596,"data":{"restartCounter":0,"iterations":2811,"metrics":[{"label":"CHECK_SOLUTION","totalTime":1973.5999983847141,"totalRelativeTime":"5.3%","numOfCalls":8431470,"avgTimePerCall":0.000234075433866777},{"label":"APPLYING_ROTATIONS","totalTime":11973.999996900558,"totalRelativeTime":"32.16%","numOfCalls":8431470,"avgTimePerCall":0.0014201556782981566},{"label":"COMPUTE_ROTATION","totalTime":1992.0999994575977,"totalRelativeTime":"5.35%","numOfCalls":8431470,"avgTimePerCall":0.00023626959468012076},{"label":"CALCULATE_CITIZEN_SCORE","totalTime":4040.8999952077866,"totalRelativeTime":"10.85%","numOfCalls":8431470,"avgTimePerCall":0.00047926399491521484},{"label":"AGGREGATE_CURRENT_GENERATION","totalTime":73.40000012516975,"totalRelativeTime":"0.19%","numOfCalls":281048,"avgTimePerCall":0.0002611653529830127},{"label":"CREATE_NEXT_GENERATION","totalTime":298.59999990463257,"totalRelativeTime":"0.8%","numOfCalls":2810,"avgTimePerCall":0.10626334516179095},{"label":"MEASUREMENT_OVERHEAD","totalTime":8318.800000667572,"totalRelativeTime":"22.34%","numOfCalls":0,"avgTimePerCall":8318.800000667572},{"label":"NOT_MEASURED","totalTime":8551.00000935793,"totalRelativeTime":"22.97%","numOfCalls":0,"avgTimePerCall":8551.00000935793}]}}},{"label":"2x2","key":"WA*","solution":{"rotations":[{"side":0,"counterClockwiseDirection":false,"layer":0},{"side":2,"counterClockwiseDirection":false,"layer":0},{"side":2,"counterClockwiseDirection":false,"layer":0},{"side":3,"counterClockwiseDirection":false,"layer":0},{"side":0,"counterClockwiseDirection":true,"layer":0},{"side":3,"counterClockwiseDirection":false,"layer":0},{"side":0,"counterClockwiseDirection":true,"layer":0},{"side":3,"counterClockwiseDirection":false,"layer":0},{"side":0,"counterClockwiseDirection":false,"layer":0},{"side":3,"counterClockwiseDirection":false,"layer":0},{"side":3,"counterClockwiseDirection":false,"layer":0},{"side":0,"counterClockwiseDirection":true,"layer":0},{"side":3,"counterClockwiseDirection":true,"layer":0},{"side":2,"counterClockwiseDirection":true,"layer":0},{"side":0,"counterClockwiseDirection":false,"layer":0},{"side":2,"counterClockwiseDirection":false,"layer":0}],"totalTime":555.5,"data":{"metrics":[{"label":"ITERATIONS_COUNTER_INCREMENT","totalTime":10.599999964237213,"totalRelativeTime":"1.9%","numOfCalls":39100,"avgTimePerCall":0.000271099743330875},{"label":"ABORTED_VERIFICATION","totalTime":3.5000000596046448,"totalRelativeTime":"0.63%","numOfCalls":19550,"avgTimePerCall":0.0001790281360411583},{"label":"POP_CANDIDATE","totalTime":10.900000095367432,"totalRelativeTime":"1.96%","numOfCalls":19550,"avgTimePerCall":0.0005575447619113776},{"label":"VISISTED_LIST_CHECK","totalTime":40.60000017285347,"totalRelativeTime":"7.3%","numOfCalls":105984,"avgTimePerCall":0.00038307669245219534},{"label":"CHECK_SOLUTION","totalTime":3.899999976158142,"totalRelativeTime":"0.7%","numOfCalls":18131,"avgTimePerCall":0.00021510120656103592},{"label":"ADD_TO_VISISTED_LIST_CHECK","totalTime":6.400000035762787,"totalRelativeTime":"1.15%","numOfCalls":18130,"avgTimePerCall":0.0003530060692643567},{"label":"PERFORM_ROTATION","totalTime":142.6999998986721,"totalRelativeTime":"25.68%","numOfCalls":86434,"avgTimePerCall":0.0016509706816608292},{"label":"HEURISTIC_CALCULATION","totalTime":47.19999960064888,"totalRelativeTime":"8.49%","numOfCalls":86434,"avgTimePerCall":0.0005460813985312364},{"label":"ADD_CANDIDATE","totalTime":28.30000001192093,"totalRelativeTime":"5.09%","numOfCalls":84572,"avgTimePerCall":0.0003346261175320547},{"label":"BUILD_SOLUTION","totalTime":0,"totalRelativeTime":"0%","numOfCalls":1,"avgTimePerCall":0},{"label":"MEASUREMENT_OVERHEAD","totalTime":113.10000020265579,"totalRelativeTime":"20.36%","numOfCalls":0,"avgTimePerCall":113.10000020265579},{"label":"NOT_MEASURED","totalTime":148.2999999821186,"totalRelativeTime":"26.69%","numOfCalls":0,"avgTimePerCall":148.2999999821186}],"visitedNodes":19550,"differentNodes":18131}}},{"label":"2x2","key":"BiBFS","solution":{"rotations":[{"side":3,"counterClockwiseDirection":false,"layer":0},{"side":0,"counterClockwiseDirection":true,"layer":0},{"side":2,"counterClockwiseDirection":true,"layer":0},{"side":3,"counterClockwiseDirection":true,"layer":0},{"side":3,"counterClockwiseDirection":true,"layer":0},{"side":0,"counterClockwiseDirection":false,"layer":0},{"side":2,"counterClockwiseDirection":true,"layer":0},{"side":0,"counterClockwiseDirection":false,"layer":0},{"side":3,"counterClockwiseDirection":true,"layer":0},{"side":0,"counterClockwiseDirection":true,"layer":0},{"side":3,"counterClockwiseDirection":false,"layer":0},{"side":3,"counterClockwiseDirection":false,"layer":0}],"totalTime":237.80000001192093,"data":{"metrics":[{"label":"POP_CANDIDATE","totalTime":3.700000077486038,"totalRelativeTime":"1.55%","numOfCalls":11506,"avgTimePerCall":0.000321571360810537},{"label":"VISISTED_LIST_CHECK","totalTime":20.899999737739563,"totalRelativeTime":"8.78%","numOfCalls":70532,"avgTimePerCall":0.0002963193974045761},{"label":"ADD_TO_VISISTED_LIST_CHECK","totalTime":3.8999999165534973,"totalRelativeTime":"1.64%","numOfCalls":10014,"avgTimePerCall":0.00038945475499835205},{"label":"PERFORM_ROTATION","totalTime":87.7999999821186,"totalRelativeTime":"36.92%","numOfCalls":49010,"avgTimePerCall":0.001791471127976303},{"label":"ADD_CANDIDATE","totalTime":14.900000154972076,"totalRelativeTime":"6.26%","numOfCalls":48028,"avgTimePerCall":0.0003102356990707936},{"label":"MEASUREMENT_OVERHEAD","totalTime":42.40000006556511,"totalRelativeTime":"17.83%","numOfCalls":0,"avgTimePerCall":42.40000006556511},{"label":"NOT_MEASURED","totalTime":64.20000007748604,"totalRelativeTime":"26.99%","numOfCalls":0,"avgTimePerCall":64.20000007748604}],"iterations":5008,"visitedNodes":5008}}}]}