{"timestamp":1680897418601,"shuffle":"32:  L'   U'   B    L'  2F    U'   R    U   2L    R'  2B    F    L'  2F    D'  2R   2L    F    B'   F'   D    U'   L    U'   R    L   ","solutions":[{"label":"2x2","key":"IDDFS","solution":{"rotations":[{"side":2,"counterClockwiseDirection":false,"layer":0},{"side":3,"counterClockwiseDirection":false,"layer":0},{"side":2,"counterClockwiseDirection":true,"layer":0},{"side":0,"counterClockwiseDirection":false,"layer":0},{"side":3,"counterClockwiseDirection":true,"layer":0},{"side":0,"counterClockwiseDirection":false,"layer":0},{"side":3,"counterClockwiseDirection":true,"layer":0},{"side":2,"counterClockwiseDirection":true,"layer":0},{"side":3,"counterClockwiseDirection":false,"layer":0},{"side":0,"counterClockwiseDirection":true,"layer":0}],"totalTime":27692.40000000596,"data":{"metrics":[{"label":"PERFORM_ROTATION","totalTime":12676.699998140335,"totalRelativeTime":"45.77%","numOfCalls":6270578,"avgTimePerCall":0.0020216158698831807},{"label":"ADD_CANDIDATE","totalTime":2310.199999898672,"totalRelativeTime":"8.34%","numOfCalls":6270578,"avgTimePerCall":0.0003684189878347215},{"label":"NOT_MEASURED","totalTime":12705.500001966953,"totalRelativeTime":"45.88%","numOfCalls":0,"avgTimePerCall":12705.500001966953}],"visitedNodes":2904968,"iterations":[{"visitedNodes":37,"bound":2},{"visitedNodes":181,"bound":3},{"visitedNodes":877,"bound":4},{"visitedNodes":4237,"bound":5},{"visitedNodes":20461,"bound":6},{"visitedNodes":98797,"bound":7},{"visitedNodes":477037,"bound":8},{"visitedNodes":2303341,"bound":9}]}}},{"label":"2x2","key":"IDA*","solution":{"rotations":[{"side":2,"counterClockwiseDirection":false,"layer":0},{"side":3,"counterClockwiseDirection":false,"layer":0},{"side":2,"counterClockwiseDirection":true,"layer":0},{"side":0,"counterClockwiseDirection":false,"layer":0},{"side":3,"counterClockwiseDirection":true,"layer":0},{"side":0,"counterClockwiseDirection":false,"layer":0},{"side":3,"counterClockwiseDirection":true,"layer":0},{"side":2,"counterClockwiseDirection":true,"layer":0},{"side":3,"counterClockwiseDirection":false,"layer":0},{"side":0,"counterClockwiseDirection":true,"layer":0}],"totalTime":109575.80000001192,"data":{"metrics":[{"label":"PERFORM_ROTATION","totalTime":53141.099995434284,"totalRelativeTime":"48.49%","numOfCalls":25523900,"avgTimePerCall":0.0020820133285052163},{"label":"ADD_CANDIDATE","totalTime":9499.600002467632,"totalRelativeTime":"8.66%","numOfCalls":25523900,"avgTimePerCall":0.00037218450168146846},{"label":"NOT_MEASURED","totalTime":46935.100002110004,"totalRelativeTime":"42.83%","numOfCalls":0,"avgTimePerCall":46935.100002110004}],"visitedNodes":1910430,"iterations":[{"visitedNodes":7,"bound":2},{"visitedNodes":55,"bound":3.25},{"visitedNodes":657,"bound":4.5},{"visitedNodes":4242,"bound":5.75},{"visitedNodes":21762,"bound":7},{"visitedNodes":157968,"bound":8.25},{"visitedNodes":1725739,"bound":9.5}]}}},{"label":"2x2","key":"GA","solution":{"rotations":[{"side":3,"counterClockwiseDirection":true,"layer":0},{"side":0,"counterClockwiseDirection":true,"layer":0},{"side":0,"counterClockwiseDirection":true,"layer":0},{"side":2,"counterClockwiseDirection":false,"layer":0},{"side":0,"counterClockwiseDirection":false,"layer":0},{"side":0,"counterClockwiseDirection":false,"layer":0},{"side":3,"counterClockwiseDirection":true,"layer":0},{"side":2,"counterClockwiseDirection":true,"layer":0},{"side":2,"counterClockwiseDirection":true,"layer":0},{"side":3,"counterClockwiseDirection":false,"layer":0},{"side":0,"counterClockwiseDirection":false,"layer":0},{"side":0,"counterClockwiseDirection":false,"layer":0},{"side":2,"counterClockwiseDirection":false,"layer":0},{"side":0,"counterClockwiseDirection":true,"layer":0},{"side":3,"counterClockwiseDirection":false,"layer":0},{"side":0,"counterClockwiseDirection":true,"layer":0},{"side":3,"counterClockwiseDirection":true,"layer":0},{"side":0,"counterClockwiseDirection":false,"layer":0}],"totalTime":109259.20000001788,"data":{"armageddonCounter":0,"generations":4362,"metrics":[{"label":"CHECK_SOLUTION","totalTime":4447.199994266033,"totalRelativeTime":"4.07%","numOfCalls":13084980,"avgTimePerCall":0.00033987059928758265},{"label":"APPLYING_ROTATIONS","totalTime":28004.899993747473,"totalRelativeTime":"25.63%","numOfCalls":13084972,"avgTimePerCall":0.002140233849468495},{"label":"COMPUTE_GENE","totalTime":4705.099999427795,"totalRelativeTime":"4.3%","numOfCalls":13084972,"avgTimePerCall":0.0003595804407856429},{"label":"CALCULATE_CITIZEN_SCORE","totalTime":9765.59999525547,"totalRelativeTime":"8.93%","numOfCalls":13084972,"avgTimePerCall":0.0007463218106431921},{"label":"AGGREGATE_CURRENT_GENERATION","totalTime":179.60000014305115,"totalRelativeTime":"0.16%","numOfCalls":436165,"avgTimePerCall":0.00041177077514943005},{"label":"CREATE_NEXT_GENERATION","totalTime":518.0000001490116,"totalRelativeTime":"0.47%","numOfCalls":4361,"avgTimePerCall":0.11878009634235534},{"label":"MEASUREMENT_OVERHEAD","totalTime":41785.399996608496,"totalRelativeTime":"38.24%","numOfCalls":0,"avgTimePerCall":41785.399996608496},{"label":"NOT_MEASURED","totalTime":19853.40002042055,"totalRelativeTime":"18.17%","numOfCalls":0,"avgTimePerCall":19853.40002042055}]}}},{"label":"2x2","key":"SA","solution":{"rotations":[{"side":3,"counterClockwiseDirection":true,"layer":0},{"side":2,"counterClockwiseDirection":true,"layer":0},{"side":3,"counterClockwiseDirection":true,"layer":0},{"side":0,"counterClockwiseDirection":true,"layer":0},{"side":2,"counterClockwiseDirection":false,"layer":0},{"side":0,"counterClockwiseDirection":false,"layer":0},{"side":2,"counterClockwiseDirection":false,"layer":0},{"side":0,"counterClockwiseDirection":true,"layer":0},{"side":2,"counterClockwiseDirection":false,"layer":0},{"side":0,"counterClockwiseDirection":false,"layer":0},{"side":3,"counterClockwiseDirection":false,"layer":0},{"side":2,"counterClockwiseDirection":true,"layer":0},{"side":0,"counterClockwiseDirection":false,"layer":0},{"side":2,"counterClockwiseDirection":false,"layer":0},{"side":0,"counterClockwiseDirection":true,"layer":0},{"side":2,"counterClockwiseDirection":false,"layer":0}],"totalTime":56331.5,"data":{"restartCounter":0,"iterations":2295,"metrics":[{"label":"CHECK_SOLUTION","totalTime":2453.599999934435,"totalRelativeTime":"4.35%","numOfCalls":6884880,"avgTimePerCall":0.0003563751292592514},{"label":"APPLYING_ROTATIONS","totalTime":15288.300001591444,"totalRelativeTime":"27.13%","numOfCalls":6884878,"avgTimePerCall":0.002220562223701196},{"label":"COMPUTE_ROTATION","totalTime":2659.199998140335,"totalRelativeTime":"4.72%","numOfCalls":6884878,"avgTimePerCall":0.0003862377805591232},{"label":"CALCULATE_CITIZEN_SCORE","totalTime":13365.099999576807,"totalRelativeTime":"23.72%","numOfCalls":6884878,"avgTimePerCall":0.0019412253927486888},{"label":"AGGREGATE_CURRENT_GENERATION","totalTime":104.09999960660934,"totalRelativeTime":"0.18%","numOfCalls":229495,"avgTimePerCall":0.00045360465198200113},{"label":"CREATE_NEXT_GENERATION","totalTime":306.70000034570694,"totalRelativeTime":"0.54%","numOfCalls":2294,"avgTimePerCall":0.13369659997633257},{"label":"MEASUREMENT_OVERHEAD","totalTime":10958.500006258488,"totalRelativeTime":"19.45%","numOfCalls":0,"avgTimePerCall":10958.500006258488},{"label":"NOT_MEASURED","totalTime":11195.999994546175,"totalRelativeTime":"19.87%","numOfCalls":0,"avgTimePerCall":11195.999994546175}]}}},{"label":"2x2","key":"WA*","solution":{"rotations":[{"side":3,"counterClockwiseDirection":true,"layer":0},{"side":2,"counterClockwiseDirection":true,"layer":0},{"side":2,"counterClockwiseDirection":true,"layer":0},{"side":3,"counterClockwiseDirection":true,"layer":0},{"side":2,"counterClockwiseDirection":true,"layer":0},{"side":3,"counterClockwiseDirection":false,"layer":0},{"side":0,"counterClockwiseDirection":true,"layer":0},{"side":2,"counterClockwiseDirection":false,"layer":0},{"side":0,"counterClockwiseDirection":true,"layer":0},{"side":2,"counterClockwiseDirection":false,"layer":0},{"side":3,"counterClockwiseDirection":true,"layer":0},{"side":2,"counterClockwiseDirection":true,"layer":0},{"side":3,"counterClockwiseDirection":false,"layer":0},{"side":2,"counterClockwiseDirection":true,"layer":0}],"totalTime":3955.300000011921,"data":{"metrics":[{"label":"ITERATIONS_COUNTER_INCREMENT","totalTime":67.19999977946281,"totalRelativeTime":"1.69%","numOfCalls":183644,"avgTimePerCall":0.00036592537615965027},{"label":"ABORTED_VERIFICATION","totalTime":34.50000008940697,"totalRelativeTime":"0.87%","numOfCalls":91822,"avgTimePerCall":0.0003757269509421159},{"label":"POP_CANDIDATE","totalTime":84.40000021457672,"totalRelativeTime":"2.13%","numOfCalls":91822,"avgTimePerCall":0.000919169700230628},{"label":"VISISTED_LIST_CHECK","totalTime":314.19999995827675,"totalRelativeTime":"7.94%","numOfCalls":493876,"avgTimePerCall":0.0006361920805187471},{"label":"CHECK_SOLUTION","totalTime":33.900000154972076,"totalRelativeTime":"0.85%","numOfCalls":84153,"avgTimePerCall":0.0004028376903375052},{"label":"ADD_TO_VISISTED_LIST_CHECK","totalTime":40.9000001847744,"totalRelativeTime":"1.03%","numOfCalls":84152,"avgTimePerCall":0.00048602528977058655},{"label":"PERFORM_ROTATION","totalTime":934.0999990701675,"totalRelativeTime":"23.61%","numOfCalls":402054,"avgTimePerCall":0.0023233197507552903},{"label":"HEURISTIC_CALCULATION","totalTime":337.4000001847744,"totalRelativeTime":"8.53%","numOfCalls":402054,"avgTimePerCall":0.0008391907559302343},{"label":"ADD_CANDIDATE","totalTime":187.29999992251396,"totalRelativeTime":"4.73%","numOfCalls":386090,"avgTimePerCall":0.00048512004952864347},{"label":"BUILD_SOLUTION","totalTime":0,"totalRelativeTime":"0%","numOfCalls":1,"avgTimePerCall":0},{"label":"MEASUREMENT_OVERHEAD","totalTime":921.799999833107,"totalRelativeTime":"23.3%","numOfCalls":0,"avgTimePerCall":921.799999833107},{"label":"NOT_MEASURED","totalTime":999.6000006198883,"totalRelativeTime":"25.27%","numOfCalls":0,"avgTimePerCall":999.6000006198883}],"visitedNodes":91822,"differentNodes":84153}}},{"label":"2x2","key":"BiBFS","solution":{"rotations":[{"side":3,"counterClockwiseDirection":false,"layer":0},{"side":2,"counterClockwiseDirection":false,"layer":0},{"side":0,"counterClockwiseDirection":true,"layer":0},{"side":2,"counterClockwiseDirection":false,"layer":0},{"side":0,"counterClockwiseDirection":true,"layer":0},{"side":3,"counterClockwiseDirection":true,"layer":0},{"side":2,"counterClockwiseDirection":false,"layer":0},{"side":0,"counterClockwiseDirection":true,"layer":0},{"side":2,"counterClockwiseDirection":false,"layer":0},{"side":3,"counterClockwiseDirection":true,"layer":0}],"totalTime":101.5,"data":{"metrics":[{"label":"POP_CANDIDATE","totalTime":1.2999999821186066,"totalRelativeTime":"1.28%","numOfCalls":3214,"avgTimePerCall":0.0004044803926940282},{"label":"VISISTED_LIST_CHECK","totalTime":11.200000077486038,"totalRelativeTime":"11.03%","numOfCalls":20444,"avgTimePerCall":0.0005478380002683446},{"label":"ADD_TO_VISISTED_LIST_CHECK","totalTime":1.2000000178813934,"totalRelativeTime":"1.18%","numOfCalls":2920,"avgTimePerCall":0.0004109589102333539},{"label":"PERFORM_ROTATION","totalTime":37.69999995827675,"totalRelativeTime":"37.14%","numOfCalls":14308,"avgTimePerCall":0.0026348895693511848},{"label":"ADD_CANDIDATE","totalTime":6.000000149011612,"totalRelativeTime":"5.91%","numOfCalls":14160,"avgTimePerCall":0.00042372882408274096},{"label":"MEASUREMENT_OVERHEAD","totalTime":20.899999916553497,"totalRelativeTime":"20.59%","numOfCalls":0,"avgTimePerCall":20.899999916553497},{"label":"NOT_MEASURED","totalTime":23.199999898672104,"totalRelativeTime":"22.85%","numOfCalls":0,"avgTimePerCall":23.199999898672104}],"iterations":1461,"visitedNodes":1461}}}]}