{"timestamp":1680907274891,"shuffle":"36:  B    R    B    L   2F    U    D'   F   2R    B    U'   L'  2R    B'   F'  2D    L'   D'   L    B   2F    U'   L    R'  2U    F    U'   F    B    F   ","solutions":[{"label":"2x2","key":"IDDFS","solution":{"rotations":[{"side":3,"counterClockwiseDirection":true,"layer":0},{"side":2,"counterClockwiseDirection":false,"layer":0},{"side":3,"counterClockwiseDirection":true,"layer":0},{"side":0,"counterClockwiseDirection":false,"layer":0},{"side":2,"counterClockwiseDirection":true,"layer":0},{"side":3,"counterClockwiseDirection":true,"layer":0},{"side":0,"counterClockwiseDirection":true,"layer":0},{"side":0,"counterClockwiseDirection":true,"layer":0}],"totalTime":1281.8999999761581,"data":{"metrics":[{"label":"PERFORM_ROTATION","totalTime":603.0000003576279,"totalRelativeTime":"47.03%","numOfCalls":470959,"avgTimePerCall":0.001280366232214753},{"label":"ADD_CANDIDATE","totalTime":104.00000014901161,"totalRelativeTime":"8.11%","numOfCalls":470959,"avgTimePerCall":0.00022082601701849122},{"label":"NOT_MEASURED","totalTime":574.8999994695187,"totalRelativeTime":"44.84%","numOfCalls":0,"avgTimePerCall":574.8999994695187}],"visitedNodes":124590,"iterations":[{"visitedNodes":37,"bound":2},{"visitedNodes":181,"bound":3},{"visitedNodes":877,"bound":4},{"visitedNodes":4237,"bound":5},{"visitedNodes":20461,"bound":6},{"visitedNodes":98797,"bound":7}]}}},{"label":"2x2","key":"IDA*","solution":{"rotations":[{"side":3,"counterClockwiseDirection":true,"layer":0},{"side":2,"counterClockwiseDirection":false,"layer":0},{"side":3,"counterClockwiseDirection":true,"layer":0},{"side":0,"counterClockwiseDirection":false,"layer":0},{"side":2,"counterClockwiseDirection":true,"layer":0},{"side":3,"counterClockwiseDirection":true,"layer":0},{"side":0,"counterClockwiseDirection":true,"layer":0},{"side":0,"counterClockwiseDirection":true,"layer":0}],"totalTime":1529.0999999940395,"data":{"metrics":[{"label":"PERFORM_ROTATION","totalTime":759.9000000953674,"totalRelativeTime":"49.69%","numOfCalls":630013,"avgTimePerCall":0.0012061655872106884},{"label":"ADD_CANDIDATE","totalTime":118.79999968409538,"totalRelativeTime":"7.76%","numOfCalls":630013,"avgTimePerCall":0.00018856753699383248},{"label":"NOT_MEASURED","totalTime":650.4000002145767,"totalRelativeTime":"42.53%","numOfCalls":0,"avgTimePerCall":650.4000002145767}],"visitedNodes":26008,"iterations":[{"visitedNodes":7,"bound":2},{"visitedNodes":47,"bound":3.25},{"visitedNodes":605,"bound":4.5},{"visitedNodes":4237,"bound":5.75},{"visitedNodes":21112,"bound":7}]}}},{"label":"2x2","key":"SA","solution":{"rotations":[{"side":0,"counterClockwiseDirection":true,"layer":0},{"side":3,"counterClockwiseDirection":true,"layer":0},{"side":0,"counterClockwiseDirection":false,"layer":0},{"side":2,"counterClockwiseDirection":false,"layer":0},{"side":3,"counterClockwiseDirection":true,"layer":0},{"side":3,"counterClockwiseDirection":true,"layer":0},{"side":0,"counterClockwiseDirection":true,"layer":0},{"side":0,"counterClockwiseDirection":true,"layer":0},{"side":2,"counterClockwiseDirection":true,"layer":0},{"side":0,"counterClockwiseDirection":false,"layer":0}],"totalTime":9025.299999982119,"data":{"restartCounter":0,"iterations":1010,"metrics":[{"label":"CHECK_SOLUTION","totalTime":491.9999997019768,"totalRelativeTime":"5.45%","numOfCalls":3028380,"avgTimePerCall":0.00016246309898426776},{"label":"APPLYING_ROTATIONS","totalTime":2819.5999982357025,"totalRelativeTime":"31.24%","numOfCalls":3028362,"avgTimePerCall":0.0009310643833979235},{"label":"COMPUTE_ROTATION","totalTime":499.60000053048134,"totalRelativeTime":"5.53%","numOfCalls":3028362,"avgTimePerCall":0.0001649736724111851},{"label":"CALCULATE_CITIZEN_SCORE","totalTime":994.400001347065,"totalRelativeTime":"11.01%","numOfCalls":3028362,"avgTimePerCall":0.0003283623296511662},{"label":"AGGREGATE_CURRENT_GENERATION","totalTime":16.599999845027924,"totalRelativeTime":"0.18%","numOfCalls":100945,"avgTimePerCall":0.00016444598390240154},{"label":"CREATE_NEXT_GENERATION","totalTime":59.6999996304512,"totalRelativeTime":"0.66%","numOfCalls":1009,"avgTimePerCall":0.05916749220064539},{"label":"MEASUREMENT_OVERHEAD","totalTime":2058.4000020325184,"totalRelativeTime":"22.8%","numOfCalls":0,"avgTimePerCall":2058.4000020325184},{"label":"NOT_MEASURED","totalTime":2084.9999986588955,"totalRelativeTime":"23.1%","numOfCalls":0,"avgTimePerCall":2084.9999986588955}]}}},{"label":"2x2","key":"GA","solution":{"rotations":[{"side":3,"counterClockwiseDirection":true,"layer":0},{"side":3,"counterClockwiseDirection":true,"layer":0},{"side":2,"counterClockwiseDirection":false,"layer":0},{"side":0,"counterClockwiseDirection":false,"layer":0},{"side":2,"counterClockwiseDirection":true,"layer":0},{"side":0,"counterClockwiseDirection":false,"layer":0},{"side":2,"counterClockwiseDirection":true,"layer":0},{"side":0,"counterClockwiseDirection":false,"layer":0}],"totalTime":605.1999999880791,"data":{"armageddonCounter":0,"generations":50,"metrics":[{"label":"CHECK_SOLUTION","totalTime":31.700000166893005,"totalRelativeTime":"5.23%","numOfCalls":148560,"avgTimePerCall":0.00021338179972329703},{"label":"APPLYING_ROTATIONS","totalTime":186.4000004529953,"totalRelativeTime":"30.79%","numOfCalls":148540,"avgTimePerCall":0.001254880843227382},{"label":"COMPUTE_GENE","totalTime":30.700000137090683,"totalRelativeTime":"5.07%","numOfCalls":148540,"avgTimePerCall":0.0002066783367247252},{"label":"CALCULATE_CITIZEN_SCORE","totalTime":69.19999992847443,"totalRelativeTime":"11.43%","numOfCalls":148540,"avgTimePerCall":0.00046586777924110964},{"label":"AGGREGATE_CURRENT_GENERATION","totalTime":1.4999999403953552,"totalRelativeTime":"0.24%","numOfCalls":4951,"avgTimePerCall":0.0003029690851131802},{"label":"CREATE_NEXT_GENERATION","totalTime":6.599999964237213,"totalRelativeTime":"1.09%","numOfCalls":49,"avgTimePerCall":0.13469387682116762},{"label":"MEASUREMENT_OVERHEAD","totalTime":136.69999939203262,"totalRelativeTime":"22.58%","numOfCalls":0,"avgTimePerCall":136.69999939203262},{"label":"NOT_MEASURED","totalTime":142.40000000596046,"totalRelativeTime":"23.52%","numOfCalls":0,"avgTimePerCall":142.40000000596046}]}}},{"label":"2x2","key":"WA*","solution":{"rotations":[{"side":0,"counterClockwiseDirection":true,"layer":0},{"side":3,"counterClockwiseDirection":true,"layer":0},{"side":2,"counterClockwiseDirection":false,"layer":0},{"side":3,"counterClockwiseDirection":false,"layer":0},{"side":2,"counterClockwiseDirection":true,"layer":0},{"side":0,"counterClockwiseDirection":true,"layer":0},{"side":2,"counterClockwiseDirection":false,"layer":0},{"side":3,"counterClockwiseDirection":true,"layer":0},{"side":0,"counterClockwiseDirection":false,"layer":0},{"side":2,"counterClockwiseDirection":true,"layer":0},{"side":2,"counterClockwiseDirection":true,"layer":0},{"side":0,"counterClockwiseDirection":true,"layer":0},{"side":2,"counterClockwiseDirection":true,"layer":0},{"side":0,"counterClockwiseDirection":false,"layer":0},{"side":2,"counterClockwiseDirection":false,"layer":0},{"side":0,"counterClockwiseDirection":true,"layer":0}],"totalTime":701.4000000059605,"data":{"metrics":[{"label":"ITERATIONS_COUNTER_INCREMENT","totalTime":10.099999994039536,"totalRelativeTime":"1.43%","numOfCalls":51020,"avgTimePerCall":0.0001979615835758435},{"label":"ABORTED_VERIFICATION","totalTime":4.899999916553497,"totalRelativeTime":"0.69%","numOfCalls":25510,"avgTimePerCall":0.00019208153338116414},{"label":"POP_CANDIDATE","totalTime":15.600000023841858,"totalRelativeTime":"2.22%","numOfCalls":25510,"avgTimePerCall":0.0006115248931337459},{"label":"VISISTED_LIST_CHECK","totalTime":48.70000010728836,"totalRelativeTime":"6.94%","numOfCalls":139896,"avgTimePerCall":0.0003481157438903783},{"label":"CHECK_SOLUTION","totalTime":4.89999994635582,"totalRelativeTime":"0.69%","numOfCalls":23983,"avgTimePerCall":0.00020431138499586455},{"label":"ADD_TO_VISISTED_LIST_CHECK","totalTime":5.399999976158142,"totalRelativeTime":"0.76%","numOfCalls":23982,"avgTimePerCall":0.00022516887566333675},{"label":"PERFORM_ROTATION","totalTime":179.80000022053719,"totalRelativeTime":"25.63%","numOfCalls":114386,"avgTimePerCall":0.001571870685403259},{"label":"HEURISTIC_CALCULATION","totalTime":70.30000016093254,"totalRelativeTime":"10.02%","numOfCalls":114386,"avgTimePerCall":0.0006145857024542561},{"label":"ADD_CANDIDATE","totalTime":31,"totalRelativeTime":"4.41%","numOfCalls":111818,"avgTimePerCall":0.0002772362231483303},{"label":"BUILD_SOLUTION","totalTime":0,"totalRelativeTime":"0%","numOfCalls":1,"avgTimePerCall":0},{"label":"MEASUREMENT_OVERHEAD","totalTime":131.79999977350235,"totalRelativeTime":"18.79%","numOfCalls":0,"avgTimePerCall":131.79999977350235},{"label":"NOT_MEASURED","totalTime":198.89999988675117,"totalRelativeTime":"28.35%","numOfCalls":0,"avgTimePerCall":198.89999988675117}],"visitedNodes":25510,"differentNodes":23983}}},{"label":"2x2","key":"BiBFS","solution":{"rotations":[{"side":3,"counterClockwiseDirection":true,"layer":0},{"side":2,"counterClockwiseDirection":false,"layer":0},{"side":3,"counterClockwiseDirection":true,"layer":0},{"side":0,"counterClockwiseDirection":false,"layer":0},{"side":2,"counterClockwiseDirection":true,"layer":0},{"side":3,"counterClockwiseDirection":true,"layer":0},{"side":0,"counterClockwiseDirection":false,"layer":0},{"side":0,"counterClockwiseDirection":false,"layer":0}],"totalTime":26.899999976158142,"data":{"metrics":[{"label":"POP_CANDIDATE","totalTime":0.30000001192092896,"totalRelativeTime":"1.11%","numOfCalls":838,"avgTimePerCall":0.00035799524095576245},{"label":"VISISTED_LIST_CHECK","totalTime":2.000000089406967,"totalRelativeTime":"7.43%","numOfCalls":5325,"avgTimePerCall":0.00037558687125013466},{"label":"ADD_TO_VISISTED_LIST_CHECK","totalTime":0.30000004172325134,"totalRelativeTime":"1.11%","numOfCalls":760,"avgTimePerCall":0.00039473689700427806},{"label":"PERFORM_ROTATION","totalTime":12.399999856948853,"totalRelativeTime":"46.09%","numOfCalls":3726,"avgTimePerCall":0.0033279656084135405},{"label":"ADD_CANDIDATE","totalTime":1.0999999642372131,"totalRelativeTime":"4.08%","numOfCalls":3726,"avgTimePerCall":0.0002952227493927035},{"label":"MEASUREMENT_OVERHEAD","totalTime":4.300000011920929,"totalRelativeTime":"15.98%","numOfCalls":0,"avgTimePerCall":4.300000011920929},{"label":"NOT_MEASURED","totalTime":6.5,"totalRelativeTime":"24.16%","numOfCalls":0,"avgTimePerCall":6.5}],"iterations":381,"visitedNodes":381}}}]}