{"timestamp":1680908301984,"shuffle":"32:  D'   L'   F    D    F    L   2R    U    R   2B    R'   L'   F    D    F    B'   R'  2D    R'   B'   R'   D'   U'   R    D'   L    U    F    R'  ","solutions":[{"label":"2x2","key":"IDDFS","solution":{"rotations":[{"side":0,"counterClockwiseDirection":false,"layer":0},{"side":2,"counterClockwiseDirection":true,"layer":0},{"side":0,"counterClockwiseDirection":false,"layer":0},{"side":2,"counterClockwiseDirection":false,"layer":0},{"side":3,"counterClockwiseDirection":false,"layer":0},{"side":2,"counterClockwiseDirection":true,"layer":0},{"side":0,"counterClockwiseDirection":false,"layer":0},{"side":3,"counterClockwiseDirection":true,"layer":0},{"side":2,"counterClockwiseDirection":true,"layer":0},{"side":3,"counterClockwiseDirection":false,"layer":0}],"totalTime":26166.5,"data":{"metrics":[{"label":"PERFORM_ROTATION","totalTime":12435.800003141165,"totalRelativeTime":"47.52%","numOfCalls":8640998,"avgTimePerCall":0.0014391624674766925},{"label":"ADD_CANDIDATE","totalTime":2185.6999991834164,"totalRelativeTime":"8.35%","numOfCalls":8640998,"avgTimePerCall":0.0002529453194160462},{"label":"NOT_MEASURED","totalTime":11544.999997675419,"totalRelativeTime":"44.12%","numOfCalls":0,"avgTimePerCall":11544.999997675419}],"visitedNodes":2904968,"iterations":[{"visitedNodes":37,"bound":2},{"visitedNodes":181,"bound":3},{"visitedNodes":877,"bound":4},{"visitedNodes":4237,"bound":5},{"visitedNodes":20461,"bound":6},{"visitedNodes":98797,"bound":7},{"visitedNodes":477037,"bound":8},{"visitedNodes":2303341,"bound":9}]}}},{"label":"2x2","key":"IDA*","solution":{"rotations":[{"side":0,"counterClockwiseDirection":false,"layer":0},{"side":2,"counterClockwiseDirection":true,"layer":0},{"side":0,"counterClockwiseDirection":false,"layer":0},{"side":2,"counterClockwiseDirection":false,"layer":0},{"side":3,"counterClockwiseDirection":false,"layer":0},{"side":2,"counterClockwiseDirection":true,"layer":0},{"side":0,"counterClockwiseDirection":false,"layer":0},{"side":3,"counterClockwiseDirection":true,"layer":0},{"side":2,"counterClockwiseDirection":true,"layer":0},{"side":3,"counterClockwiseDirection":false,"layer":0}],"totalTime":87647.39999997616,"data":{"metrics":[{"label":"PERFORM_ROTATION","totalTime":43788.89999321103,"totalRelativeTime":"49.96%","numOfCalls":37594101,"avgTimePerCall":0.0011647811446059324},{"label":"ADD_CANDIDATE","totalTime":7831.199998021126,"totalRelativeTime":"8.93%","numOfCalls":37594101,"avgTimePerCall":0.00020830927697994763},{"label":"NOT_MEASURED","totalTime":36027.300008744,"totalRelativeTime":"41.1%","numOfCalls":0,"avgTimePerCall":36027.300008744}],"visitedNodes":2027635,"iterations":[{"visitedNodes":12,"bound":2},{"visitedNodes":101,"bound":3.25},{"visitedNodes":787,"bound":4.5},{"visitedNodes":4311,"bound":5.75},{"visitedNodes":22598,"bound":7},{"visitedNodes":177891,"bound":8.25},{"visitedNodes":1821935,"bound":9.5}]}}},{"label":"2x2","key":"SA","solution":{"rotations":[{"side":3,"counterClockwiseDirection":false,"layer":0},{"side":3,"counterClockwiseDirection":false,"layer":0},{"side":2,"counterClockwiseDirection":true,"layer":0},{"side":0,"counterClockwiseDirection":false,"layer":0},{"side":3,"counterClockwiseDirection":false,"layer":0},{"side":0,"counterClockwiseDirection":true,"layer":0},{"side":2,"counterClockwiseDirection":true,"layer":0},{"side":0,"counterClockwiseDirection":false,"layer":0},{"side":3,"counterClockwiseDirection":true,"layer":0},{"side":0,"counterClockwiseDirection":true,"layer":0}],"totalTime":47546.19999998808,"data":{"restartCounter":0,"iterations":3766,"metrics":[{"label":"CHECK_SOLUTION","totalTime":2544.100000202656,"totalRelativeTime":"5.35%","numOfCalls":11296860,"avgTimePerCall":0.00022520417179664576},{"label":"APPLYING_ROTATIONS","totalTime":14830.59999936819,"totalRelativeTime":"31.19%","numOfCalls":11296850,"avgTimePerCall":0.0013128084376944184},{"label":"COMPUTE_ROTATION","totalTime":2551.7999998629093,"totalRelativeTime":"5.36%","numOfCalls":11296850,"avgTimePerCall":0.00022588597705226762},{"label":"CALCULATE_CITIZEN_SCORE","totalTime":5192.200000077486,"totalRelativeTime":"10.92%","numOfCalls":11296850,"avgTimePerCall":0.0004596148483937988},{"label":"AGGREGATE_CURRENT_GENERATION","totalTime":92.99999979138374,"totalRelativeTime":"0.19%","numOfCalls":376561,"avgTimePerCall":0.0002469719375914759},{"label":"CREATE_NEXT_GENERATION","totalTime":400.1999995112419,"totalRelativeTime":"0.84%","numOfCalls":3765,"avgTimePerCall":0.10629482058731525},{"label":"MEASUREMENT_OVERHEAD","totalTime":10932.80000731349,"totalRelativeTime":"22.99%","numOfCalls":0,"avgTimePerCall":10932.80000731349},{"label":"NOT_MEASURED","totalTime":11001.499993860722,"totalRelativeTime":"23.13%","numOfCalls":0,"avgTimePerCall":11001.499993860722}]}}},{"label":"2x2","key":"GA","solution":{"rotations":[{"side":0,"counterClockwiseDirection":false,"layer":0},{"side":3,"counterClockwiseDirection":true,"layer":0},{"side":2,"counterClockwiseDirection":false,"layer":0},{"side":3,"counterClockwiseDirection":true,"layer":0},{"side":0,"counterClockwiseDirection":true,"layer":0},{"side":3,"counterClockwiseDirection":false,"layer":0},{"side":0,"counterClockwiseDirection":true,"layer":0},{"side":3,"counterClockwiseDirection":false,"layer":0},{"side":2,"counterClockwiseDirection":true,"layer":0},{"side":3,"counterClockwiseDirection":true,"layer":0},{"side":0,"counterClockwiseDirection":true,"layer":0},{"side":0,"counterClockwiseDirection":true,"layer":0},{"side":2,"counterClockwiseDirection":false,"layer":0},{"side":3,"counterClockwiseDirection":false,"layer":0},{"side":3,"counterClockwiseDirection":false,"layer":0},{"side":0,"counterClockwiseDirection":false,"layer":0},{"side":3,"counterClockwiseDirection":false,"layer":0},{"side":2,"counterClockwiseDirection":true,"layer":0},{"side":0,"counterClockwiseDirection":false,"layer":0},{"side":2,"counterClockwiseDirection":false,"layer":0}],"totalTime":30204.69999998808,"data":{"armageddonCounter":0,"generations":2218,"metrics":[{"label":"CHECK_SOLUTION","totalTime":1616.3999983668327,"totalRelativeTime":"5.35%","numOfCalls":6652800,"avgTimePerCall":0.00024296536771988226},{"label":"APPLYING_ROTATIONS","totalTime":9642.200006067753,"totalRelativeTime":"31.92%","numOfCalls":6652794,"avgTimePerCall":0.001449345944886878},{"label":"COMPUTE_GENE","totalTime":1628.7999987900257,"totalRelativeTime":"5.39%","numOfCalls":6652794,"avgTimePerCall":0.00024482946545316533},{"label":"CALCULATE_CITIZEN_SCORE","totalTime":3417.6999964416027,"totalRelativeTime":"11.31%","numOfCalls":6652794,"avgTimePerCall":0.0005137240077539756},{"label":"AGGREGATE_CURRENT_GENERATION","totalTime":53.60000017285347,"totalRelativeTime":"0.17%","numOfCalls":221759,"avgTimePerCall":0.00024170383241651285},{"label":"CREATE_NEXT_GENERATION","totalTime":164.50000008940697,"totalRelativeTime":"0.54%","numOfCalls":2217,"avgTimePerCall":0.07419936855634053},{"label":"MEASUREMENT_OVERHEAD","totalTime":6882.800002127886,"totalRelativeTime":"22.78%","numOfCalls":0,"avgTimePerCall":6882.800002127886},{"label":"NOT_MEASURED","totalTime":6798.699997931719,"totalRelativeTime":"22.5%","numOfCalls":0,"avgTimePerCall":6798.699997931719}]}}},{"label":"2x2","key":"WA*","solution":{"rotations":[{"side":2,"counterClockwiseDirection":true,"layer":0},{"side":2,"counterClockwiseDirection":true,"layer":0},{"side":3,"counterClockwiseDirection":true,"layer":0},{"side":3,"counterClockwiseDirection":true,"layer":0},{"side":2,"counterClockwiseDirection":false,"layer":0},{"side":2,"counterClockwiseDirection":false,"layer":0},{"side":3,"counterClockwiseDirection":false,"layer":0},{"side":2,"counterClockwiseDirection":true,"layer":0},{"side":0,"counterClockwiseDirection":false,"layer":0},{"side":2,"counterClockwiseDirection":false,"layer":0},{"side":3,"counterClockwiseDirection":false,"layer":0},{"side":0,"counterClockwiseDirection":false,"layer":0},{"side":3,"counterClockwiseDirection":true,"layer":0},{"side":0,"counterClockwiseDirection":true,"layer":0}],"totalTime":993.4000000059605,"data":{"metrics":[{"label":"ITERATIONS_COUNTER_INCREMENT","totalTime":19.900000125169754,"totalRelativeTime":"2%","numOfCalls":80818,"avgTimePerCall":0.0002462322765370308},{"label":"ABORTED_VERIFICATION","totalTime":9.199999958276749,"totalRelativeTime":"0.92%","numOfCalls":40409,"avgTimePerCall":0.00022767205222293916},{"label":"POP_CANDIDATE","totalTime":20.999999970197678,"totalRelativeTime":"2.11%","numOfCalls":40409,"avgTimePerCall":0.0005196862077803875},{"label":"VISISTED_LIST_CHECK","totalTime":84.6999993622303,"totalRelativeTime":"8.52%","numOfCalls":218395,"avgTimePerCall":0.0003878293887782701},{"label":"CHECK_SOLUTION","totalTime":6.699999928474426,"totalRelativeTime":"0.67%","numOfCalls":37303,"avgTimePerCall":0.00017961021709981574},{"label":"ADD_TO_VISISTED_LIST_CHECK","totalTime":9.999999970197678,"totalRelativeTime":"1%","numOfCalls":37302,"avgTimePerCall":0.0002680821395688617},{"label":"PERFORM_ROTATION","totalTime":251.69999960064888,"totalRelativeTime":"25.33%","numOfCalls":177986,"avgTimePerCall":0.00141415616734265},{"label":"HEURISTIC_CALCULATION","totalTime":96.30000048875809,"totalRelativeTime":"9.69%","numOfCalls":177986,"avgTimePerCall":0.0005410537934936348},{"label":"ADD_CANDIDATE","totalTime":49.1000000834465,"totalRelativeTime":"4.94%","numOfCalls":173155,"avgTimePerCall":0.00028356097186593807},{"label":"BUILD_SOLUTION","totalTime":0,"totalRelativeTime":"0%","numOfCalls":1,"avgTimePerCall":0},{"label":"MEASUREMENT_OVERHEAD","totalTime":212.70000010728836,"totalRelativeTime":"21.41%","numOfCalls":0,"avgTimePerCall":212.70000010728836},{"label":"NOT_MEASURED","totalTime":232.10000041127205,"totalRelativeTime":"23.36%","numOfCalls":0,"avgTimePerCall":232.10000041127205}],"visitedNodes":40409,"differentNodes":37303}}},{"label":"2x2","key":"BiBFS","solution":{"rotations":[{"side":3,"counterClockwiseDirection":true,"layer":0},{"side":3,"counterClockwiseDirection":true,"layer":0},{"side":2,"counterClockwiseDirection":true,"layer":0},{"side":0,"counterClockwiseDirection":false,"layer":0},{"side":3,"counterClockwiseDirection":false,"layer":0},{"side":0,"counterClockwiseDirection":true,"layer":0},{"side":2,"counterClockwiseDirection":true,"layer":0},{"side":0,"counterClockwiseDirection":false,"layer":0},{"side":3,"counterClockwiseDirection":true,"layer":0},{"side":0,"counterClockwiseDirection":true,"layer":0}],"totalTime":103.60000002384186,"data":{"metrics":[{"label":"POP_CANDIDATE","totalTime":1.300000011920929,"totalRelativeTime":"1.25%","numOfCalls":4480,"avgTimePerCall":0.00029017857408949305},{"label":"VISISTED_LIST_CHECK","totalTime":7.39999982714653,"totalRelativeTime":"7.14%","numOfCalls":28217,"avgTimePerCall":0.0002622532454600606},{"label":"ADD_TO_VISISTED_LIST_CHECK","totalTime":1.0999999642372131,"totalRelativeTime":"1.06%","numOfCalls":4024,"avgTimePerCall":0.00027335983206690185},{"label":"PERFORM_ROTATION","totalTime":52.29999992251396,"totalRelativeTime":"50.48%","numOfCalls":19712,"avgTimePerCall":0.002653206164900262},{"label":"ADD_CANDIDATE","totalTime":3.6000001430511475,"totalRelativeTime":"3.47%","numOfCalls":19506,"avgTimePerCall":0.00018455860468835985},{"label":"MEASUREMENT_OVERHEAD","totalTime":16.69999995827675,"totalRelativeTime":"16.11%","numOfCalls":0,"avgTimePerCall":16.69999995827675},{"label":"NOT_MEASURED","totalTime":21.200000196695328,"totalRelativeTime":"20.46%","numOfCalls":0,"avgTimePerCall":21.200000196695328}],"iterations":2013,"visitedNodes":2013}}}]}