{"timestamp":1680890397879,"shuffle":"33:  D    R    B'   D'  2R    L    D   2B    F    R    U'   D'   F   2D    F'   U'   D'   R'  2U    L    F'   B'   F    B'   L    R'   B'   R    F   ","solutions":[{"label":"2x2","key":"IDDFS","solution":{"rotations":[{"side":2,"counterClockwiseDirection":true,"layer":0},{"side":3,"counterClockwiseDirection":true,"layer":0},{"side":2,"counterClockwiseDirection":false,"layer":0},{"side":3,"counterClockwiseDirection":false,"layer":0},{"side":2,"counterClockwiseDirection":true,"layer":0},{"side":3,"counterClockwiseDirection":true,"layer":0},{"side":0,"counterClockwiseDirection":false,"layer":0},{"side":2,"counterClockwiseDirection":false,"layer":0},{"side":0,"counterClockwiseDirection":false,"layer":0}],"totalTime":2639.899999976158,"data":{"metrics":[{"label":"PERFORM_ROTATION","totalTime":1109.2999998629093,"totalRelativeTime":"42.02%","numOfCalls":856558,"avgTimePerCall":0.001295067000556774},{"label":"ADD_CANDIDATE","totalTime":198.6999988257885,"totalRelativeTime":"7.52%","numOfCalls":856558,"avgTimePerCall":0.00023197494953732087},{"label":"NOT_MEASURED","totalTime":1331.9000012874603,"totalRelativeTime":"50.45%","numOfCalls":0,"avgTimePerCall":1331.9000012874603}],"visitedNodes":601627,"iterations":[{"visitedNodes":37,"bound":2},{"visitedNodes":181,"bound":3},{"visitedNodes":877,"bound":4},{"visitedNodes":4237,"bound":5},{"visitedNodes":20461,"bound":6},{"visitedNodes":98797,"bound":7},{"visitedNodes":477037,"bound":8}]}}},{"label":"2x2","key":"IDA*","solution":{"rotations":[{"side":2,"counterClockwiseDirection":true,"layer":0},{"side":3,"counterClockwiseDirection":true,"layer":0},{"side":2,"counterClockwiseDirection":false,"layer":0},{"side":3,"counterClockwiseDirection":false,"layer":0},{"side":2,"counterClockwiseDirection":true,"layer":0},{"side":3,"counterClockwiseDirection":true,"layer":0},{"side":0,"counterClockwiseDirection":false,"layer":0},{"side":2,"counterClockwiseDirection":false,"layer":0},{"side":0,"counterClockwiseDirection":false,"layer":0}],"totalTime":4262.699999988079,"data":{"metrics":[{"label":"PERFORM_ROTATION","totalTime":2023.4000008702278,"totalRelativeTime":"47.46%","numOfCalls":1742727,"avgTimePerCall":0.0011610539119840501},{"label":"ADD_CANDIDATE","totalTime":362.69999942183495,"totalRelativeTime":"8.5%","numOfCalls":1742727,"avgTimePerCall":0.00020812209796590913},{"label":"NOT_MEASURED","totalTime":1876.5999996960163,"totalRelativeTime":"44.02%","numOfCalls":0,"avgTimePerCall":1876.5999996960163}],"visitedNodes":177335,"iterations":[{"visitedNodes":7,"bound":2},{"visitedNodes":65,"bound":3.25},{"visitedNodes":686,"bound":4.5},{"visitedNodes":4237,"bound":5.75},{"visitedNodes":21295,"bound":7},{"visitedNodes":151045,"bound":8.25}]}}},{"label":"2x2","key":"GA","solution":{"rotations":[{"side":2,"counterClockwiseDirection":false,"layer":0},{"side":0,"counterClockwiseDirection":true,"layer":0},{"side":3,"counterClockwiseDirection":false,"layer":0},{"side":2,"counterClockwiseDirection":true,"layer":0},{"side":0,"counterClockwiseDirection":false,"layer":0},{"side":3,"counterClockwiseDirection":false,"layer":0},{"side":2,"counterClockwiseDirection":false,"layer":0},{"side":3,"counterClockwiseDirection":false,"layer":0},{"side":2,"counterClockwiseDirection":true,"layer":0},{"side":0,"counterClockwiseDirection":true,"layer":0},{"side":0,"counterClockwiseDirection":true,"layer":0},{"side":3,"counterClockwiseDirection":false,"layer":0},{"side":0,"counterClockwiseDirection":true,"layer":0},{"side":2,"counterClockwiseDirection":false,"layer":0},{"side":0,"counterClockwiseDirection":true,"layer":0}],"totalTime":40147.5,"data":{"armageddonCounter":0,"generations":4580,"metrics":[{"label":"CHECK_SOLUTION","totalTime":2141.0999990701675,"totalRelativeTime":"5.33%","numOfCalls":13737690,"avgTimePerCall":0.0001558558971028002},{"label":"APPLYING_ROTATIONS","totalTime":12779.199999928474,"totalRelativeTime":"31.83%","numOfCalls":13737679,"avgTimePerCall":0.0009302299172901387},{"label":"COMPUTE_GENE","totalTime":2169.69999986887,"totalRelativeTime":"5.4%","numOfCalls":13737679,"avgTimePerCall":0.0001579378874603832},{"label":"CALCULATE_CITIZEN_SCORE","totalTime":4446.099994242191,"totalRelativeTime":"11.07%","numOfCalls":13737679,"avgTimePerCall":0.0003236427342815472},{"label":"AGGREGATE_CURRENT_GENERATION","totalTime":80.90000036358833,"totalRelativeTime":"0.2%","numOfCalls":457922,"avgTimePerCall":0.0001766676428815133},{"label":"CREATE_NEXT_GENERATION","totalTime":246.20000013709068,"totalRelativeTime":"0.61%","numOfCalls":4579,"avgTimePerCall":0.05376719810812201},{"label":"MEASUREMENT_OVERHEAD","totalTime":9165.199999034405,"totalRelativeTime":"22.82%","numOfCalls":0,"avgTimePerCall":9165.199999034405},{"label":"NOT_MEASURED","totalTime":9119.100007355213,"totalRelativeTime":"22.71%","numOfCalls":0,"avgTimePerCall":9119.100007355213}]}}},{"label":"2x2","key":"SA","solution":{"rotations":[{"side":2,"counterClockwiseDirection":true,"layer":0},{"side":3,"counterClockwiseDirection":true,"layer":0},{"side":2,"counterClockwiseDirection":false,"layer":0},{"side":3,"counterClockwiseDirection":false,"layer":0},{"side":2,"counterClockwiseDirection":true,"layer":0},{"side":3,"counterClockwiseDirection":true,"layer":0},{"side":0,"counterClockwiseDirection":false,"layer":0},{"side":2,"counterClockwiseDirection":false,"layer":0},{"side":0,"counterClockwiseDirection":false,"layer":0}],"totalTime":2560.2000000178814,"data":{"restartCounter":0,"iterations":210,"metrics":[{"label":"CHECK_SOLUTION","totalTime":136.80000042915344,"totalRelativeTime":"5.34%","numOfCalls":627720,"avgTimePerCall":0.00021793156252653006},{"label":"APPLYING_ROTATIONS","totalTime":804.0999979376793,"totalRelativeTime":"31.4%","numOfCalls":627701,"avgTimePerCall":0.001281023923711575},{"label":"COMPUTE_ROTATION","totalTime":139.39999985694885,"totalRelativeTime":"5.44%","numOfCalls":627701,"avgTimePerCall":0.00022208025772931515},{"label":"CALCULATE_CITIZEN_SCORE","totalTime":290.50000098347664,"totalRelativeTime":"11.34%","numOfCalls":627701,"avgTimePerCall":0.0004627999652437652},{"label":"AGGREGATE_CURRENT_GENERATION","totalTime":4.60000005364418,"totalRelativeTime":"0.17%","numOfCalls":20923,"avgTimePerCall":0.00021985375202619988},{"label":"CREATE_NEXT_GENERATION","totalTime":16.500000178813934,"totalRelativeTime":"0.64%","numOfCalls":209,"avgTimePerCall":0.0789473692766217},{"label":"MEASUREMENT_OVERHEAD","totalTime":573.8000004887581,"totalRelativeTime":"22.41%","numOfCalls":0,"avgTimePerCall":573.8000004887581},{"label":"NOT_MEASURED","totalTime":594.500000089407,"totalRelativeTime":"23.22%","numOfCalls":0,"avgTimePerCall":594.500000089407}]}}},{"label":"2x2","key":"WA*","solution":{"rotations":[{"side":0,"counterClockwiseDirection":false,"layer":0},{"side":2,"counterClockwiseDirection":true,"layer":0},{"side":3,"counterClockwiseDirection":true,"layer":0},{"side":0,"counterClockwiseDirection":false,"layer":0},{"side":2,"counterClockwiseDirection":false,"layer":0},{"side":2,"counterClockwiseDirection":false,"layer":0},{"side":0,"counterClockwiseDirection":false,"layer":0},{"side":0,"counterClockwiseDirection":false,"layer":0},{"side":3,"counterClockwiseDirection":false,"layer":0},{"side":0,"counterClockwiseDirection":false,"layer":0},{"side":0,"counterClockwiseDirection":false,"layer":0},{"side":2,"counterClockwiseDirection":true,"layer":0},{"side":0,"counterClockwiseDirection":true,"layer":0},{"side":3,"counterClockwiseDirection":true,"layer":0},{"side":2,"counterClockwiseDirection":true,"layer":0},{"side":2,"counterClockwiseDirection":true,"layer":0},{"side":3,"counterClockwiseDirection":false,"layer":0}],"totalTime":1644.300000011921,"data":{"metrics":[{"label":"ITERATIONS_COUNTER_INCREMENT","totalTime":34.5,"totalRelativeTime":"2.09%","numOfCalls":122340,"avgTimePerCall":0.00028200098087297694},{"label":"ABORTED_VERIFICATION","totalTime":16.499999940395355,"totalRelativeTime":"1%","numOfCalls":61170,"avgTimePerCall":0.0002697400676866986},{"label":"POP_CANDIDATE","totalTime":33.300000101327896,"totalRelativeTime":"2.02%","numOfCalls":61170,"avgTimePerCall":0.0005443845038634608},{"label":"VISISTED_LIST_CHECK","totalTime":131.29999995231628,"totalRelativeTime":"7.98%","numOfCalls":329129,"avgTimePerCall":0.0003989317257133716},{"label":"CHECK_SOLUTION","totalTime":13.200000047683716,"totalRelativeTime":"0.8%","numOfCalls":56168,"avgTimePerCall":0.0002350092587894124},{"label":"ADD_TO_VISISTED_LIST_CHECK","totalTime":19.699999690055847,"totalRelativeTime":"1.19%","numOfCalls":56167,"avgTimePerCall":0.00035073975270275866},{"label":"PERFORM_ROTATION","totalTime":398.0999998152256,"totalRelativeTime":"24.21%","numOfCalls":267959,"avgTimePerCall":0.0014856750466124503},{"label":"HEURISTIC_CALCULATION","totalTime":149.39999961853027,"totalRelativeTime":"9.08%","numOfCalls":267959,"avgTimePerCall":0.0005575479816633525},{"label":"ADD_CANDIDATE","totalTime":72.69999966025352,"totalRelativeTime":"4.42%","numOfCalls":259016,"avgTimePerCall":0.0002806776402239766},{"label":"BUILD_SOLUTION","totalTime":0,"totalRelativeTime":"0%","numOfCalls":1,"avgTimePerCall":0},{"label":"MEASUREMENT_OVERHEAD","totalTime":369.2000004351139,"totalRelativeTime":"22.45%","numOfCalls":0,"avgTimePerCall":369.2000004351139},{"label":"NOT_MEASURED","totalTime":406.4000007510185,"totalRelativeTime":"24.71%","numOfCalls":0,"avgTimePerCall":406.4000007510185}],"visitedNodes":61170,"differentNodes":56168}}},{"label":"2x2","key":"BiBFS","solution":{"rotations":[{"side":2,"counterClockwiseDirection":true,"layer":0},{"side":3,"counterClockwiseDirection":true,"layer":0},{"side":2,"counterClockwiseDirection":false,"layer":0},{"side":3,"counterClockwiseDirection":false,"layer":0},{"side":2,"counterClockwiseDirection":true,"layer":0},{"side":3,"counterClockwiseDirection":true,"layer":0},{"side":0,"counterClockwiseDirection":false,"layer":0},{"side":2,"counterClockwiseDirection":false,"layer":0},{"side":0,"counterClockwiseDirection":false,"layer":0}],"totalTime":131.5,"data":{"metrics":[{"label":"POP_CANDIDATE","totalTime":1.5999999940395355,"totalRelativeTime":"1.21%","numOfCalls":3934,"avgTimePerCall":0.000406710725480309},{"label":"VISISTED_LIST_CHECK","totalTime":18.600000143051147,"totalRelativeTime":"14.14%","numOfCalls":24805,"avgTimePerCall":0.0007498488265692863},{"label":"ADD_TO_VISISTED_LIST_CHECK","totalTime":2.2000000178813934,"totalRelativeTime":"1.67%","numOfCalls":3538,"avgTimePerCall":0.000621820242476369},{"label":"PERFORM_ROTATION","totalTime":45.40000009536743,"totalRelativeTime":"34.52%","numOfCalls":17332,"avgTimePerCall":0.0026194322695227},{"label":"ADD_CANDIDATE","totalTime":5.400000035762787,"totalRelativeTime":"4.1%","numOfCalls":17144,"avgTimePerCall":0.0003149790034859302},{"label":"MEASUREMENT_OVERHEAD","totalTime":21.899999797344208,"totalRelativeTime":"16.65%","numOfCalls":0,"avgTimePerCall":21.899999797344208},{"label":"NOT_MEASURED","totalTime":36.3999999165535,"totalRelativeTime":"27.68%","numOfCalls":0,"avgTimePerCall":36.3999999165535}],"iterations":1770,"visitedNodes":1770}}}]}