{"timestamp":1680985423379,"shuffle":"33:  U    B'   L    R   2B    U'   B'   F    L'   R'   B'   L   2U    D    L'   B    R   2F    D    U   2L   2F   2D    L    D    F'   L   ","solutions":[{"label":"2x2","key":"IDDFS","solution":{"rotations":[{"side":0,"counterClockwiseDirection":true,"layer":0},{"side":3,"counterClockwiseDirection":true,"layer":0},{"side":0,"counterClockwiseDirection":false,"layer":0},{"side":3,"counterClockwiseDirection":true,"layer":0},{"side":2,"counterClockwiseDirection":false,"layer":0},{"side":3,"counterClockwiseDirection":true,"layer":0},{"side":2,"counterClockwiseDirection":false,"layer":0},{"side":0,"counterClockwiseDirection":true,"layer":0},{"side":0,"counterClockwiseDirection":true,"layer":0},{"side":2,"counterClockwiseDirection":true,"layer":0},{"side":0,"counterClockwiseDirection":true,"layer":0}],"totalTime":124100.5,"data":{"metrics":[{"label":"PERFORM_ROTATION","totalTime":57675.10000054166,"totalRelativeTime":"46.47%","numOfCalls":38572602,"avgTimePerCall":0.0014952348820165581},{"label":"ADD_CANDIDATE","totalTime":10522.100000230595,"totalRelativeTime":"8.47%","numOfCalls":38572602,"avgTimePerCall":0.00027278688640788596},{"label":"NOT_MEASURED","totalTime":55903.29999922775,"totalRelativeTime":"45.04%","numOfCalls":0,"avgTimePerCall":55903.29999922775}],"visitedNodes":14026485,"iterations":[{"visitedNodes":37,"bound":2},{"visitedNodes":181,"bound":3},{"visitedNodes":877,"bound":4},{"visitedNodes":4237,"bound":5},{"visitedNodes":20461,"bound":6},{"visitedNodes":98797,"bound":7},{"visitedNodes":477037,"bound":8},{"visitedNodes":2303341,"bound":9},{"visitedNodes":11121517,"bound":10}]}}},{"label":"2x2","key":"IDA*","solution":{"rotations":[{"side":0,"counterClockwiseDirection":true,"layer":0},{"side":3,"counterClockwiseDirection":true,"layer":0},{"side":0,"counterClockwiseDirection":false,"layer":0},{"side":3,"counterClockwiseDirection":true,"layer":0},{"side":2,"counterClockwiseDirection":false,"layer":0},{"side":3,"counterClockwiseDirection":true,"layer":0},{"side":2,"counterClockwiseDirection":false,"layer":0},{"side":0,"counterClockwiseDirection":true,"layer":0},{"side":0,"counterClockwiseDirection":true,"layer":0},{"side":2,"counterClockwiseDirection":true,"layer":0},{"side":0,"counterClockwiseDirection":true,"layer":0}],"totalTime":103940.5,"data":{"metrics":[{"label":"PERFORM_ROTATION","totalTime":50868.50000081211,"totalRelativeTime":"48.94%","numOfCalls":33526846,"avgTimePerCall":0.0015172468057631223},{"label":"ADD_CANDIDATE","totalTime":9291.499999897555,"totalRelativeTime":"8.93%","numOfCalls":33526846,"avgTimePerCall":0.00027713611951143735},{"label":"NOT_MEASURED","totalTime":43780.49999929033,"totalRelativeTime":"42.12%","numOfCalls":0,"avgTimePerCall":43780.49999929033}],"visitedNodes":1847502,"iterations":[{"visitedNodes":7,"bound":2},{"visitedNodes":37,"bound":3.25},{"visitedNodes":506,"bound":4.5},{"visitedNodes":4237,"bound":5.75},{"visitedNodes":21184,"bound":7},{"visitedNodes":146284,"bound":8.25},{"visitedNodes":1675247,"bound":9.5}]}}},{"label":"2x2","key":"SA","solution":{"rotations":[{"side":2,"counterClockwiseDirection":true,"layer":0},{"side":3,"counterClockwiseDirection":true,"layer":0},{"side":2,"counterClockwiseDirection":false,"layer":0},{"side":2,"counterClockwiseDirection":false,"layer":0},{"side":3,"counterClockwiseDirection":false,"layer":0},{"side":3,"counterClockwiseDirection":false,"layer":0},{"side":0,"counterClockwiseDirection":true,"layer":0},{"side":3,"counterClockwiseDirection":false,"layer":0},{"side":2,"counterClockwiseDirection":true,"layer":0},{"side":3,"counterClockwiseDirection":true,"layer":0},{"side":0,"counterClockwiseDirection":true,"layer":0},{"side":0,"counterClockwiseDirection":true,"layer":0},{"side":2,"counterClockwiseDirection":false,"layer":0},{"side":0,"counterClockwiseDirection":true,"layer":0},{"side":0,"counterClockwiseDirection":true,"layer":0},{"layer":0,"side":3,"counterClockwiseDirection":false},{"side":0,"counterClockwiseDirection":false,"layer":0},{"side":2,"counterClockwiseDirection":false,"layer":0},{"side":3,"counterClockwiseDirection":true,"layer":0},{"side":2,"counterClockwiseDirection":true,"layer":0},{"side":3,"counterClockwiseDirection":true,"layer":0}],"totalTime":108783.40000000037,"data":{"restartCounter":1,"iterations":7264,"metrics":[{"label":"CHECK_SOLUTION","totalTime":5815.300000259653,"totalRelativeTime":"5.34%","numOfCalls":21790950,"avgTimePerCall":0.0002668676675527984},{"label":"APPLYING_ROTATIONS","totalTime":34033.199999935925,"totalRelativeTime":"31.28%","numOfCalls":21790949,"avgTimePerCall":0.0015618043986948859},{"label":"COMPUTE_ROTATION","totalTime":5933.200000248849,"totalRelativeTime":"5.45%","numOfCalls":21790949,"avgTimePerCall":0.00027227818303135167},{"label":"CALCULATE_CITIZEN_SCORE","totalTime":11919.400000175461,"totalRelativeTime":"10.95%","numOfCalls":21790949,"avgTimePerCall":0.0005469885685187672},{"label":"AGGREGATE_CURRENT_GENERATION","totalTime":197.70000004023314,"totalRelativeTime":"0.18%","numOfCalls":726364,"avgTimePerCall":0.0002721775859489638},{"label":"CREATE_NEXT_GENERATION","totalTime":621.7999999411404,"totalRelativeTime":"0.57%","numOfCalls":7263,"avgTimePerCall":0.08561200604999868},{"label":"MEASUREMENT_OVERHEAD","totalTime":25528.999999998137,"totalRelativeTime":"23.46%","numOfCalls":0,"avgTimePerCall":25528.999999998137},{"label":"NOT_MEASURED","totalTime":24733.799999400973,"totalRelativeTime":"22.73%","numOfCalls":0,"avgTimePerCall":24733.799999400973}]}}},{"label":"2x2","key":"GA","solution":{"rotations":[{"side":0,"counterClockwiseDirection":true,"layer":0},{"side":0,"counterClockwiseDirection":true,"layer":0},{"side":3,"counterClockwiseDirection":true,"layer":0},{"side":3,"counterClockwiseDirection":true,"layer":0},{"side":0,"counterClockwiseDirection":true,"layer":0},{"side":3,"counterClockwiseDirection":true,"layer":0},{"side":2,"counterClockwiseDirection":false,"layer":0},{"side":0,"counterClockwiseDirection":true,"layer":0},{"side":2,"counterClockwiseDirection":false,"layer":0},{"side":0,"counterClockwiseDirection":false,"layer":0},{"side":3,"counterClockwiseDirection":true,"layer":0},{"side":3,"counterClockwiseDirection":true,"layer":0},{"side":2,"counterClockwiseDirection":true,"layer":0},{"side":3,"counterClockwiseDirection":false,"layer":0},{"side":2,"counterClockwiseDirection":true,"layer":0},{"side":3,"counterClockwiseDirection":false,"layer":0},{"side":3,"counterClockwiseDirection":false,"layer":0},{"side":0,"counterClockwiseDirection":false,"layer":0},{"side":3,"counterClockwiseDirection":false,"layer":0}],"totalTime":186088.8999999985,"data":{"armageddonCounter":3,"generations":15364,"metrics":[{"label":"CHECK_SOLUTION","totalTime":9931.499999849126,"totalRelativeTime":"5.33%","numOfCalls":46082760,"avgTimePerCall":0.00021551443533002638},{"label":"APPLYING_ROTATIONS","totalTime":57702.2000007499,"totalRelativeTime":"31%","numOfCalls":46082751,"avgTimePerCall":0.001252143128363797},{"label":"COMPUTE_GENE","totalTime":10258.899999944493,"totalRelativeTime":"5.51%","numOfCalls":46082751,"avgTimePerCall":0.00022261908799551687},{"label":"CALCULATE_CITIZEN_SCORE","totalTime":20504.89999978058,"totalRelativeTime":"11.01%","numOfCalls":46082751,"avgTimePerCall":0.0004449582447840534},{"label":"AGGREGATE_CURRENT_GENERATION","totalTime":341.90000000037253,"totalRelativeTime":"0.18%","numOfCalls":1536091,"avgTimePerCall":0.0002225779592487506},{"label":"CREATE_NEXT_GENERATION","totalTime":1063.200000083074,"totalRelativeTime":"0.57%","numOfCalls":15360,"avgTimePerCall":0.06921875000540846},{"label":"MEASUREMENT_OVERHEAD","totalTime":43265.70000062883,"totalRelativeTime":"23.25%","numOfCalls":0,"avgTimePerCall":43265.70000062883},{"label":"NOT_MEASURED","totalTime":43020.599998962134,"totalRelativeTime":"23.11%","numOfCalls":0,"avgTimePerCall":43020.599998962134}]}}},{"label":"2x2","key":"WA*","solution":{"rotations":[{"side":3,"counterClockwiseDirection":true,"layer":0},{"side":2,"counterClockwiseDirection":false,"layer":0},{"side":3,"counterClockwiseDirection":true,"layer":0},{"side":0,"counterClockwiseDirection":true,"layer":0},{"side":0,"counterClockwiseDirection":true,"layer":0},{"side":2,"counterClockwiseDirection":true,"layer":0},{"side":0,"counterClockwiseDirection":true,"layer":0},{"side":2,"counterClockwiseDirection":true,"layer":0},{"side":2,"counterClockwiseDirection":true,"layer":0},{"side":3,"counterClockwiseDirection":true,"layer":0},{"side":2,"counterClockwiseDirection":true,"layer":0},{"side":2,"counterClockwiseDirection":true,"layer":0},{"side":3,"counterClockwiseDirection":false,"layer":0},{"side":0,"counterClockwiseDirection":true,"layer":0},{"side":0,"counterClockwiseDirection":true,"layer":0},{"side":3,"counterClockwiseDirection":false,"layer":0},{"side":0,"counterClockwiseDirection":true,"layer":0},{"side":0,"counterClockwiseDirection":true,"layer":0},{"side":3,"counterClockwiseDirection":true,"layer":0}],"totalTime":2212.199999999255,"data":{"metrics":[{"label":"ITERATIONS_COUNTER_INCREMENT","totalTime":40.1000000089407,"totalRelativeTime":"1.81%","numOfCalls":169434,"avgTimePerCall":0.0002366703259613814},{"label":"ABORTED_VERIFICATION","totalTime":21.699999997392297,"totalRelativeTime":"0.98%","numOfCalls":84717,"avgTimePerCall":0.00025614693623938876},{"label":"POP_CANDIDATE","totalTime":44.70000000111759,"totalRelativeTime":"2.02%","numOfCalls":84717,"avgTimePerCall":0.0005276390807171829},{"label":"VISISTED_LIST_CHECK","totalTime":187.90000002086163,"totalRelativeTime":"8.49%","numOfCalls":462946,"avgTimePerCall":0.0004058788714469109},{"label":"CHECK_SOLUTION","totalTime":17.49999998882413,"totalRelativeTime":"0.79%","numOfCalls":79167,"avgTimePerCall":0.00022105170069377554},{"label":"ADD_TO_VISISTED_LIST_CHECK","totalTime":25.100000008940697,"totalRelativeTime":"1.13%","numOfCalls":79166,"avgTimePerCall":0.0003170553016312646},{"label":"PERFORM_ROTATION","totalTime":541.1999999769032,"totalRelativeTime":"24.46%","numOfCalls":378229,"avgTimePerCall":0.0014308791763109206},{"label":"HEURISTIC_CALCULATION","totalTime":205.0000000204891,"totalRelativeTime":"9.26%","numOfCalls":378229,"avgTimePerCall":0.0005419996880738629},{"label":"ADD_CANDIDATE","totalTime":105.0999999884516,"totalRelativeTime":"4.75%","numOfCalls":363729,"avgTimePerCall":0.00028895138960174086},{"label":"BUILD_SOLUTION","totalTime":0,"totalRelativeTime":"0%","numOfCalls":1,"avgTimePerCall":0},{"label":"MEASUREMENT_OVERHEAD","totalTime":483.5999999791384,"totalRelativeTime":"21.86%","numOfCalls":0,"avgTimePerCall":483.5999999791384},{"label":"NOT_MEASURED","totalTime":540.3000000081956,"totalRelativeTime":"24.42%","numOfCalls":0,"avgTimePerCall":540.3000000081956}],"visitedNodes":84717,"differentNodes":79167}}},{"label":"2x2","key":"BiBFS","solution":{"rotations":[{"side":0,"counterClockwiseDirection":false,"layer":0},{"side":2,"counterClockwiseDirection":true,"layer":0},{"side":3,"counterClockwiseDirection":true,"layer":0},{"side":0,"counterClockwiseDirection":false,"layer":0},{"side":3,"counterClockwiseDirection":true,"layer":0},{"side":2,"counterClockwiseDirection":false,"layer":0},{"side":0,"counterClockwiseDirection":false,"layer":0},{"side":0,"counterClockwiseDirection":false,"layer":0},{"side":2,"counterClockwiseDirection":false,"layer":0},{"side":0,"counterClockwiseDirection":false,"layer":0},{"side":3,"counterClockwiseDirection":true,"layer":0}],"totalTime":248.90000000037253,"data":{"metrics":[{"label":"POP_CANDIDATE","totalTime":4,"totalRelativeTime":"1.6%","numOfCalls":11612,"avgTimePerCall":0.0003444712366517396},{"label":"VISISTED_LIST_CHECK","totalTime":25.80000001192093,"totalRelativeTime":"10.36%","numOfCalls":71119,"avgTimePerCall":0.0003627722551205856},{"label":"ADD_TO_VISISTED_LIST_CHECK","totalTime":2.4999999944120646,"totalRelativeTime":"1%","numOfCalls":10096,"avgTimePerCall":0.00024762282036569575},{"label":"PERFORM_ROTATION","totalTime":97.09999999031425,"totalRelativeTime":"39.01%","numOfCalls":49410,"avgTimePerCall":0.0019651892327527676},{"label":"ADD_CANDIDATE","totalTime":14.100000012665987,"totalRelativeTime":"5.66%","numOfCalls":48416,"avgTimePerCall":0.00029122604123979647},{"label":"MEASUREMENT_OVERHEAD","totalTime":49.79999999329448,"totalRelativeTime":"20%","numOfCalls":0,"avgTimePerCall":49.79999999329448},{"label":"NOT_MEASURED","totalTime":55.599999997764826,"totalRelativeTime":"22.33%","numOfCalls":0,"avgTimePerCall":55.599999997764826}],"iterations":5049,"visitedNodes":5049}}}]}