{"timestamp":1680985667813,"shuffle":"39: 2B    U    D'   R'   D'   L'   D'  2F   2U    L'   B'   D    U   2D   2F    D'   F'   L'   B'   R'   D    B'  2U    R    B'   D'   R'   D'   U   2D   2U   ","solutions":[{"label":"2x2","key":"IDDFS","solution":{"rotations":[{"side":0,"counterClockwiseDirection":true,"layer":0},{"side":2,"counterClockwiseDirection":true,"layer":0},{"side":0,"counterClockwiseDirection":false,"layer":0},{"side":3,"counterClockwiseDirection":true,"layer":0},{"side":3,"counterClockwiseDirection":true,"layer":0},{"side":2,"counterClockwiseDirection":true,"layer":0},{"side":3,"counterClockwiseDirection":false,"layer":0},{"side":0,"counterClockwiseDirection":false,"layer":0},{"side":2,"counterClockwiseDirection":false,"layer":0},{"side":0,"counterClockwiseDirection":true,"layer":0},{"side":2,"counterClockwiseDirection":true,"layer":0}],"totalTime":92427.79999999888,"data":{"metrics":[{"label":"PERFORM_ROTATION","totalTime":39390.90000021085,"totalRelativeTime":"42.61%","numOfCalls":32922155,"avgTimePerCall":0.0011964860745054767},{"label":"ADD_CANDIDATE","totalTime":7207.3000000510365,"totalRelativeTime":"7.79%","numOfCalls":32922155,"avgTimePerCall":0.00021891944801459798},{"label":"NOT_MEASURED","totalTime":45829.599999736995,"totalRelativeTime":"49.58%","numOfCalls":0,"avgTimePerCall":45829.599999736995}],"visitedNodes":14026485,"iterations":[{"visitedNodes":37,"bound":2},{"visitedNodes":181,"bound":3},{"visitedNodes":877,"bound":4},{"visitedNodes":4237,"bound":5},{"visitedNodes":20461,"bound":6},{"visitedNodes":98797,"bound":7},{"visitedNodes":477037,"bound":8},{"visitedNodes":2303341,"bound":9},{"visitedNodes":11121517,"bound":10}]}}},{"label":"2x2","key":"IDA*","solution":{"rotations":[{"side":0,"counterClockwiseDirection":true,"layer":0},{"side":2,"counterClockwiseDirection":true,"layer":0},{"side":0,"counterClockwiseDirection":false,"layer":0},{"side":3,"counterClockwiseDirection":true,"layer":0},{"side":3,"counterClockwiseDirection":true,"layer":0},{"side":2,"counterClockwiseDirection":true,"layer":0},{"side":3,"counterClockwiseDirection":false,"layer":0},{"side":0,"counterClockwiseDirection":false,"layer":0},{"side":2,"counterClockwiseDirection":false,"layer":0},{"side":0,"counterClockwiseDirection":true,"layer":0},{"side":2,"counterClockwiseDirection":true,"layer":0}],"totalTime":75895.29999999888,"data":{"metrics":[{"label":"PERFORM_ROTATION","totalTime":36611.40000019409,"totalRelativeTime":"48.23%","numOfCalls":28515667,"avgTimePerCall":0.0012839047391104016},{"label":"ADD_CANDIDATE","totalTime":6611.000000078231,"totalRelativeTime":"8.71%","numOfCalls":28515667,"avgTimePerCall":0.0002318374667539157},{"label":"NOT_MEASURED","totalTime":32672.899999726564,"totalRelativeTime":"43.04%","numOfCalls":0,"avgTimePerCall":32672.899999726564}],"visitedNodes":1976624,"iterations":[{"visitedNodes":7,"bound":2},{"visitedNodes":73,"bound":3.25},{"visitedNodes":727,"bound":4.5},{"visitedNodes":4237,"bound":5.75},{"visitedNodes":21902,"bound":7},{"visitedNodes":169667,"bound":8.25},{"visitedNodes":1780011,"bound":9.5}]}}},{"label":"2x2","key":"SA","solution":{"rotations":[{"side":0,"counterClockwiseDirection":true,"layer":0},{"side":3,"counterClockwiseDirection":false,"layer":0},{"side":0,"counterClockwiseDirection":true,"layer":0},{"side":3,"counterClockwiseDirection":false,"layer":0},{"side":2,"counterClockwiseDirection":false,"layer":0},{"side":3,"counterClockwiseDirection":false,"layer":0},{"layer":0,"side":2,"counterClockwiseDirection":true},{"side":0,"counterClockwiseDirection":false,"layer":0},{"side":0,"counterClockwiseDirection":false,"layer":0},{"side":3,"counterClockwiseDirection":true,"layer":0},{"side":3,"counterClockwiseDirection":true,"layer":0},{"side":2,"counterClockwiseDirection":true,"layer":0},{"side":3,"counterClockwiseDirection":true,"layer":0},{"side":2,"counterClockwiseDirection":false,"layer":0},{"side":0,"counterClockwiseDirection":true,"layer":0}],"totalTime":58438.20000000112,"data":{"restartCounter":0,"iterations":4473,"metrics":[{"label":"CHECK_SOLUTION","totalTime":3048.8999998271465,"totalRelativeTime":"5.21%","numOfCalls":13416300,"avgTimePerCall":0.00022725341560841264},{"label":"APPLYING_ROTATIONS","totalTime":18104.999999808148,"totalRelativeTime":"30.98%","numOfCalls":13416299,"avgTimePerCall":0.001349477974500132},{"label":"COMPUTE_ROTATION","totalTime":3163.1000000052154,"totalRelativeTime":"5.41%","numOfCalls":13416299,"avgTimePerCall":0.00023576546706399547},{"label":"CALCULATE_CITIZEN_SCORE","totalTime":6483.99999983795,"totalRelativeTime":"11.09%","numOfCalls":13416299,"avgTimePerCall":0.00048329274711587375},{"label":"AGGREGATE_CURRENT_GENERATION","totalTime":114.10000000149012,"totalRelativeTime":"0.19%","numOfCalls":447209,"avgTimePerCall":0.00025513797799572483},{"label":"CREATE_NEXT_GENERATION","totalTime":351.70000008121133,"totalRelativeTime":"0.6%","numOfCalls":4472,"avgTimePerCall":0.07864490162817785},{"label":"MEASUREMENT_OVERHEAD","totalTime":13703.599999636412,"totalRelativeTime":"23.44%","numOfCalls":0,"avgTimePerCall":13703.599999636412},{"label":"NOT_MEASURED","totalTime":13467.800000803545,"totalRelativeTime":"23.04%","numOfCalls":0,"avgTimePerCall":13467.800000803545}]}}},{"label":"2x2","key":"GA","solution":{"rotations":[{"side":0,"counterClockwiseDirection":false,"layer":0},{"side":3,"counterClockwiseDirection":true,"layer":0},{"side":0,"counterClockwiseDirection":false,"layer":0},{"side":3,"counterClockwiseDirection":true,"layer":0},{"side":3,"counterClockwiseDirection":true,"layer":0},{"side":2,"counterClockwiseDirection":false,"layer":0},{"side":0,"counterClockwiseDirection":true,"layer":0},{"side":3,"counterClockwiseDirection":false,"layer":0},{"side":0,"counterClockwiseDirection":true,"layer":0},{"side":3,"counterClockwiseDirection":false,"layer":0},{"side":0,"counterClockwiseDirection":true,"layer":0},{"side":2,"counterClockwiseDirection":true,"layer":0},{"side":0,"counterClockwiseDirection":false,"layer":0},{"side":2,"counterClockwiseDirection":true,"layer":0},{"side":3,"counterClockwiseDirection":false,"layer":0},{"side":0,"counterClockwiseDirection":true,"layer":0},{"side":2,"counterClockwiseDirection":false,"layer":0},{"side":2,"counterClockwiseDirection":false,"layer":0},{"side":3,"counterClockwiseDirection":false,"layer":0}],"totalTime":35592.59999999963,"data":{"armageddonCounter":0,"generations":2668,"metrics":[{"label":"CHECK_SOLUTION","totalTime":1863.1000000108033,"totalRelativeTime":"5.23%","numOfCalls":8003070,"avgTimePerCall":0.00023279816370602824},{"label":"APPLYING_ROTATIONS","totalTime":11237.100000079721,"totalRelativeTime":"31.57%","numOfCalls":8003067,"avgTimePerCall":0.0014040992034778318},{"label":"COMPUTE_GENE","totalTime":1929.6999999321997,"totalRelativeTime":"5.42%","numOfCalls":8003067,"avgTimePerCall":0.00024112006058829693},{"label":"CALCULATE_CITIZEN_SCORE","totalTime":3989.0999999511987,"totalRelativeTime":"11.2%","numOfCalls":8003067,"avgTimePerCall":0.0004984464081021937},{"label":"AGGREGATE_CURRENT_GENERATION","totalTime":66.99999999441206,"totalRelativeTime":"0.18%","numOfCalls":266768,"avgTimePerCall":0.0002511545612457718},{"label":"CREATE_NEXT_GENERATION","totalTime":212.60000006854534,"totalRelativeTime":"0.59%","numOfCalls":2667,"avgTimePerCall":0.07971503564624872},{"label":"MEASUREMENT_OVERHEAD","totalTime":8141.199999632314,"totalRelativeTime":"22.87%","numOfCalls":0,"avgTimePerCall":8141.199999632314},{"label":"NOT_MEASURED","totalTime":8152.800000330433,"totalRelativeTime":"22.9%","numOfCalls":0,"avgTimePerCall":8152.800000330433}]}}},{"label":"2x2","key":"WA*","solution":{"rotations":[{"side":3,"counterClockwiseDirection":true,"layer":0},{"side":0,"counterClockwiseDirection":false,"layer":0},{"side":3,"counterClockwiseDirection":true,"layer":0},{"side":0,"counterClockwiseDirection":true,"layer":0},{"side":2,"counterClockwiseDirection":false,"layer":0},{"side":3,"counterClockwiseDirection":false,"layer":0},{"side":0,"counterClockwiseDirection":true,"layer":0},{"side":0,"counterClockwiseDirection":true,"layer":0},{"side":3,"counterClockwiseDirection":false,"layer":0},{"side":0,"counterClockwiseDirection":false,"layer":0},{"side":2,"counterClockwiseDirection":true,"layer":0},{"side":3,"counterClockwiseDirection":true,"layer":0},{"side":2,"counterClockwiseDirection":true,"layer":0},{"side":3,"counterClockwiseDirection":false,"layer":0},{"side":2,"counterClockwiseDirection":false,"layer":0}],"totalTime":931.6999999992549,"data":{"metrics":[{"label":"ITERATIONS_COUNTER_INCREMENT","totalTime":15.299999998882413,"totalRelativeTime":"1.64%","numOfCalls":72256,"avgTimePerCall":0.00021174712133085712},{"label":"ABORTED_VERIFICATION","totalTime":9.000000001862645,"totalRelativeTime":"0.96%","numOfCalls":36128,"avgTimePerCall":0.000249114260458997},{"label":"POP_CANDIDATE","totalTime":17.89999999664724,"totalRelativeTime":"1.92%","numOfCalls":36128,"avgTimePerCall":0.0004954605844953288},{"label":"VISISTED_LIST_CHECK","totalTime":66.79999997094274,"totalRelativeTime":"7.16%","numOfCalls":195854,"avgTimePerCall":0.00034107038901907917},{"label":"CHECK_SOLUTION","totalTime":6.399999998509884,"totalRelativeTime":"0.68%","numOfCalls":33491,"avgTimePerCall":0.00019109611532978663},{"label":"ADD_TO_VISISTED_LIST_CHECK","totalTime":9.500000011175871,"totalRelativeTime":"1.01%","numOfCalls":33490,"avgTimePerCall":0.00028366676653257306},{"label":"PERFORM_ROTATION","totalTime":225.69999998435378,"totalRelativeTime":"24.22%","numOfCalls":159726,"avgTimePerCall":0.0014130448391893229},{"label":"HEURISTIC_CALCULATION","totalTime":101.09999999217689,"totalRelativeTime":"10.85%","numOfCalls":159726,"avgTimePerCall":0.0006329589421395195},{"label":"ADD_CANDIDATE","totalTime":39.4000000115484,"totalRelativeTime":"4.22%","numOfCalls":155524,"avgTimePerCall":0.00025333710560137597},{"label":"BUILD_SOLUTION","totalTime":0,"totalRelativeTime":"0%","numOfCalls":1,"avgTimePerCall":0},{"label":"MEASUREMENT_OVERHEAD","totalTime":211.00000004470348,"totalRelativeTime":"22.64%","numOfCalls":0,"avgTimePerCall":211.00000004470348},{"label":"NOT_MEASURED","totalTime":229.5999999884516,"totalRelativeTime":"24.64%","numOfCalls":0,"avgTimePerCall":229.5999999884516}],"visitedNodes":36128,"differentNodes":33491}}},{"label":"2x2","key":"BiBFS","solution":{"rotations":[{"side":3,"counterClockwiseDirection":true,"layer":0},{"side":3,"counterClockwiseDirection":true,"layer":0},{"side":0,"counterClockwiseDirection":false,"layer":0},{"side":3,"counterClockwiseDirection":true,"layer":0},{"side":2,"counterClockwiseDirection":false,"layer":0},{"side":3,"counterClockwiseDirection":false,"layer":0},{"side":0,"counterClockwiseDirection":false,"layer":0},{"side":0,"counterClockwiseDirection":false,"layer":0},{"side":2,"counterClockwiseDirection":true,"layer":0},{"side":3,"counterClockwiseDirection":false,"layer":0},{"side":0,"counterClockwiseDirection":false,"layer":0}],"totalTime":172.80000000074506,"data":{"metrics":[{"label":"POP_CANDIDATE","totalTime":2.3999999947845936,"totalRelativeTime":"1.38%","numOfCalls":7004,"avgTimePerCall":0.00034266133563457934},{"label":"VISISTED_LIST_CHECK","totalTime":12.399999991059303,"totalRelativeTime":"7.17%","numOfCalls":43098,"avgTimePerCall":0.0002877163671413825},{"label":"ADD_TO_VISISTED_LIST_CHECK","totalTime":2.500000001862645,"totalRelativeTime":"1.44%","numOfCalls":6122,"avgTimePerCall":0.0004083632802781191},{"label":"PERFORM_ROTATION","totalTime":58.10000001452863,"totalRelativeTime":"33.62%","numOfCalls":29970,"avgTimePerCall":0.0019386052724233778},{"label":"ADD_CANDIDATE","totalTime":11.699999997392297,"totalRelativeTime":"6.77%","numOfCalls":29666,"avgTimePerCall":0.0003943908851005291},{"label":"MEASUREMENT_OVERHEAD","totalTime":45.900000009685755,"totalRelativeTime":"26.56%","numOfCalls":0,"avgTimePerCall":45.900000009685755},{"label":"NOT_MEASURED","totalTime":39.79999999143183,"totalRelativeTime":"23.03%","numOfCalls":0,"avgTimePerCall":39.79999999143183}],"iterations":3062,"visitedNodes":3062}}}]}