{"timestamp":1680983080161,"shuffle":"37:  F    L'  2R   2D    B'  2U    L    F    B'   U    L    U   2B    D'   R    B    R'   D    F   2B    U    D    F    L'   D'   F'   B    L    U    F'   U    L'  ","solutions":[{"label":"2x2","key":"IDDFS","solution":{"rotations":[{"side":0,"counterClockwiseDirection":false,"layer":0},{"side":2,"counterClockwiseDirection":false,"layer":0},{"side":0,"counterClockwiseDirection":true,"layer":0},{"side":3,"counterClockwiseDirection":false,"layer":0},{"side":0,"counterClockwiseDirection":true,"layer":0},{"side":2,"counterClockwiseDirection":false,"layer":0},{"side":0,"counterClockwiseDirection":true,"layer":0},{"side":3,"counterClockwiseDirection":true,"layer":0},{"side":2,"counterClockwiseDirection":true,"layer":0},{"side":3,"counterClockwiseDirection":false,"layer":0},{"side":2,"counterClockwiseDirection":true,"layer":0}],"totalTime":95640.19999999925,"data":{"metrics":[{"label":"PERFORM_ROTATION","totalTime":45055.40000045486,"totalRelativeTime":"47.1%","numOfCalls":43389587,"avgTimePerCall":0.001038391999454958},{"label":"ADD_CANDIDATE","totalTime":7879.399999834597,"totalRelativeTime":"8.23%","numOfCalls":43389587,"avgTimePerCall":0.00018159656601097855},{"label":"NOT_MEASURED","totalTime":42705.3999997098,"totalRelativeTime":"44.65%","numOfCalls":0,"avgTimePerCall":42705.3999997098}],"visitedNodes":14026485,"iterations":[{"visitedNodes":37,"bound":2},{"visitedNodes":181,"bound":3},{"visitedNodes":877,"bound":4},{"visitedNodes":4237,"bound":5},{"visitedNodes":20461,"bound":6},{"visitedNodes":98797,"bound":7},{"visitedNodes":477037,"bound":8},{"visitedNodes":2303341,"bound":9},{"visitedNodes":11121517,"bound":10}]}}},{"label":"2x2","key":"IDA*","solution":{"rotations":[{"side":0,"counterClockwiseDirection":false,"layer":0},{"side":2,"counterClockwiseDirection":false,"layer":0},{"side":0,"counterClockwiseDirection":true,"layer":0},{"side":3,"counterClockwiseDirection":false,"layer":0},{"side":0,"counterClockwiseDirection":true,"layer":0},{"side":2,"counterClockwiseDirection":false,"layer":0},{"side":0,"counterClockwiseDirection":true,"layer":0},{"side":3,"counterClockwiseDirection":true,"layer":0},{"side":2,"counterClockwiseDirection":true,"layer":0},{"side":3,"counterClockwiseDirection":false,"layer":0},{"side":2,"counterClockwiseDirection":true,"layer":0}],"totalTime":80199.89999999851,"data":{"metrics":[{"label":"PERFORM_ROTATION","totalTime":40014.100000476465,"totalRelativeTime":"49.89%","numOfCalls":38503243,"avgTimePerCall":0.0010392397336628622},{"label":"ADD_CANDIDATE","totalTime":7050.099999841303,"totalRelativeTime":"8.79%","numOfCalls":38503243,"avgTimePerCall":0.00018310405697102717},{"label":"NOT_MEASURED","totalTime":33135.69999968074,"totalRelativeTime":"41.31%","numOfCalls":0,"avgTimePerCall":33135.69999968074}],"visitedNodes":1875921,"iterations":[{"visitedNodes":7,"bound":2},{"visitedNodes":50,"bound":3.25},{"visitedNodes":628,"bound":4.5},{"visitedNodes":4247,"bound":5.75},{"visitedNodes":21363,"bound":7},{"visitedNodes":152767,"bound":8.25},{"visitedNodes":1696859,"bound":9.5}]}}},{"label":"2x2","key":"SA","solution":{"rotations":[{"side":3,"counterClockwiseDirection":true,"layer":0},{"side":0,"counterClockwiseDirection":false,"layer":0},{"side":2,"counterClockwiseDirection":true,"layer":0},{"side":0,"counterClockwiseDirection":true,"layer":0},{"side":0,"counterClockwiseDirection":true,"layer":0},{"side":3,"counterClockwiseDirection":false,"layer":0},{"side":2,"counterClockwiseDirection":true,"layer":0},{"side":2,"counterClockwiseDirection":true,"layer":0},{"side":3,"counterClockwiseDirection":false,"layer":0},{"layer":0,"side":2,"counterClockwiseDirection":true},{"side":0,"counterClockwiseDirection":false,"layer":0},{"side":0,"counterClockwiseDirection":false,"layer":0},{"side":2,"counterClockwiseDirection":true,"layer":0},{"side":3,"counterClockwiseDirection":true,"layer":0},{"side":2,"counterClockwiseDirection":false,"layer":0},{"side":3,"counterClockwiseDirection":true,"layer":0},{"side":0,"counterClockwiseDirection":true,"layer":0},{"side":0,"counterClockwiseDirection":true,"layer":0},{"side":3,"counterClockwiseDirection":false,"layer":0},{"side":2,"counterClockwiseDirection":false,"layer":0},{"side":0,"counterClockwiseDirection":true,"layer":0},{"side":3,"counterClockwiseDirection":true,"layer":0},{"side":0,"counterClockwiseDirection":true,"layer":0}],"totalTime":19636.199999999255,"data":{"restartCounter":0,"iterations":1867,"metrics":[{"label":"CHECK_SOLUTION","totalTime":1035.899999966845,"totalRelativeTime":"5.27%","numOfCalls":5600550,"avgTimePerCall":0.0001849639767463633},{"label":"APPLYING_ROTATIONS","totalTime":6071.799999866635,"totalRelativeTime":"30.92%","numOfCalls":5600547,"avgTimePerCall":0.0010841441023290465},{"label":"COMPUTE_ROTATION","totalTime":1053.5999999009073,"totalRelativeTime":"5.36%","numOfCalls":5600547,"avgTimePerCall":0.00018812448139456865},{"label":"CALCULATE_CITIZEN_SCORE","totalTime":2168.4000000227243,"totalRelativeTime":"11.04%","numOfCalls":5600547,"avgTimePerCall":0.0003871764668741686},{"label":"AGGREGATE_CURRENT_GENERATION","totalTime":39.100000005215406,"totalRelativeTime":"0.19%","numOfCalls":186684,"avgTimePerCall":0.0002094448372930482},{"label":"CREATE_NEXT_GENERATION","totalTime":195.2000000104308,"totalRelativeTime":"0.99%","numOfCalls":1866,"avgTimePerCall":0.10460878885875177},{"label":"MEASUREMENT_OVERHEAD","totalTime":4608.300000099465,"totalRelativeTime":"23.46%","numOfCalls":0,"avgTimePerCall":4608.300000099465},{"label":"NOT_MEASURED","totalTime":4463.900000127032,"totalRelativeTime":"22.73%","numOfCalls":0,"avgTimePerCall":4463.900000127032}]}}},{"label":"2x2","key":"GA","solution":{"rotations":[{"side":2,"counterClockwiseDirection":true,"layer":0},{"side":3,"counterClockwiseDirection":true,"layer":0},{"side":2,"counterClockwiseDirection":false,"layer":0},{"side":3,"counterClockwiseDirection":true,"layer":0},{"side":2,"counterClockwiseDirection":false,"layer":0},{"side":0,"counterClockwiseDirection":false,"layer":0},{"side":3,"counterClockwiseDirection":false,"layer":0},{"side":0,"counterClockwiseDirection":true,"layer":0},{"side":0,"counterClockwiseDirection":true,"layer":0},{"side":3,"counterClockwiseDirection":true,"layer":0},{"side":2,"counterClockwiseDirection":true,"layer":0},{"side":3,"counterClockwiseDirection":true,"layer":0},{"side":0,"counterClockwiseDirection":false,"layer":0},{"side":3,"counterClockwiseDirection":true,"layer":0},{"side":2,"counterClockwiseDirection":true,"layer":0},{"side":3,"counterClockwiseDirection":false,"layer":0},{"side":2,"counterClockwiseDirection":true,"layer":0},{"side":0,"counterClockwiseDirection":true,"layer":0},{"side":2,"counterClockwiseDirection":false,"layer":0}],"totalTime":39271,"data":{"armageddonCounter":0,"generations":3852,"metrics":[{"label":"CHECK_SOLUTION","totalTime":2075.5999998990446,"totalRelativeTime":"5.28%","numOfCalls":11555880,"avgTimePerCall":0.00017961418774676137},{"label":"APPLYING_ROTATIONS","totalTime":12403.899999966845,"totalRelativeTime":"31.58%","numOfCalls":11555877,"avgTimePerCall":0.0010733845644053535},{"label":"COMPUTE_GENE","totalTime":2147.4000001270324,"totalRelativeTime":"5.46%","numOfCalls":11555877,"avgTimePerCall":0.0001858275230972978},{"label":"CALCULATE_CITIZEN_SCORE","totalTime":4433.599999945611,"totalRelativeTime":"11.28%","numOfCalls":11555877,"avgTimePerCall":0.0003836662505100747},{"label":"AGGREGATE_CURRENT_GENERATION","totalTime":72.49999999441206,"totalRelativeTime":"0.18%","numOfCalls":385195,"avgTimePerCall":0.00018821635793406474},{"label":"CREATE_NEXT_GENERATION","totalTime":242.8000000845641,"totalRelativeTime":"0.61%","numOfCalls":3851,"avgTimePerCall":0.06304855883785097},{"label":"MEASUREMENT_OVERHEAD","totalTime":8988.900000177324,"totalRelativeTime":"22.88%","numOfCalls":0,"avgTimePerCall":8988.900000177324},{"label":"NOT_MEASURED","totalTime":8906.299999805167,"totalRelativeTime":"22.67%","numOfCalls":0,"avgTimePerCall":8906.299999805167}]}}},{"label":"2x2","key":"WA*","solution":{"rotations":[{"side":3,"counterClockwiseDirection":true,"layer":0},{"side":0,"counterClockwiseDirection":false,"layer":0},{"side":3,"counterClockwiseDirection":true,"layer":0},{"side":2,"counterClockwiseDirection":false,"layer":0},{"side":3,"counterClockwiseDirection":false,"layer":0},{"side":0,"counterClockwiseDirection":true,"layer":0},{"side":2,"counterClockwiseDirection":false,"layer":0},{"side":3,"counterClockwiseDirection":true,"layer":0},{"side":2,"counterClockwiseDirection":true,"layer":0},{"side":0,"counterClockwiseDirection":true,"layer":0},{"side":3,"counterClockwiseDirection":true,"layer":0},{"side":0,"counterClockwiseDirection":false,"layer":0},{"side":2,"counterClockwiseDirection":false,"layer":0}],"totalTime":1323.6000000014901,"data":{"metrics":[{"label":"ITERATIONS_COUNTER_INCREMENT","totalTime":22.799999993294477,"totalRelativeTime":"1.72%","numOfCalls":113222,"avgTimePerCall":0.0002013742911562636},{"label":"ABORTED_VERIFICATION","totalTime":11.200000004842877,"totalRelativeTime":"0.84%","numOfCalls":56611,"avgTimePerCall":0.00019784140899900863},{"label":"POP_CANDIDATE","totalTime":29.600000016391277,"totalRelativeTime":"2.23%","numOfCalls":56611,"avgTimePerCall":0.0005228665809894063},{"label":"VISISTED_LIST_CHECK","totalTime":105.19999998621643,"totalRelativeTime":"7.94%","numOfCalls":305178,"avgTimePerCall":0.00034471685372542066},{"label":"CHECK_SOLUTION","totalTime":10.19999998062849,"totalRelativeTime":"0.77%","numOfCalls":52106,"avgTimePerCall":0.00019575480713600142},{"label":"ADD_TO_VISISTED_LIST_CHECK","totalTime":12.300000004470348,"totalRelativeTime":"0.92%","numOfCalls":52105,"avgTimePerCall":0.00023606179837770556},{"label":"PERFORM_ROTATION","totalTime":318.9000000115484,"totalRelativeTime":"24.09%","numOfCalls":248567,"avgTimePerCall":0.0012829538917537259},{"label":"HEURISTIC_CALCULATION","totalTime":112.80000005289912,"totalRelativeTime":"8.52%","numOfCalls":248567,"avgTimePerCall":0.00045380118862479383},{"label":"ADD_CANDIDATE","totalTime":58.49999998509884,"totalRelativeTime":"4.41%","numOfCalls":240461,"avgTimePerCall":0.0002432826944290294},{"label":"BUILD_SOLUTION","totalTime":0,"totalRelativeTime":"0%","numOfCalls":1,"avgTimePerCall":0},{"label":"MEASUREMENT_OVERHEAD","totalTime":318.7999999858439,"totalRelativeTime":"24.08%","numOfCalls":0,"avgTimePerCall":318.7999999858439},{"label":"NOT_MEASURED","totalTime":323.29999998025596,"totalRelativeTime":"24.42%","numOfCalls":0,"avgTimePerCall":323.29999998025596}],"visitedNodes":56611,"differentNodes":52106}}},{"label":"2x2","key":"BiBFS","solution":{"rotations":[{"side":0,"counterClockwiseDirection":false,"layer":0},{"side":2,"counterClockwiseDirection":false,"layer":0},{"side":0,"counterClockwiseDirection":true,"layer":0},{"side":3,"counterClockwiseDirection":false,"layer":0},{"side":0,"counterClockwiseDirection":true,"layer":0},{"side":2,"counterClockwiseDirection":false,"layer":0},{"side":0,"counterClockwiseDirection":true,"layer":0},{"side":3,"counterClockwiseDirection":true,"layer":0},{"side":2,"counterClockwiseDirection":true,"layer":0},{"side":3,"counterClockwiseDirection":false,"layer":0},{"side":2,"counterClockwiseDirection":true,"layer":0}],"totalTime":424.30000000074506,"data":{"metrics":[{"label":"POP_CANDIDATE","totalTime":5.399999996647239,"totalRelativeTime":"1.27%","numOfCalls":21330,"avgTimePerCall":0.0002531645568048401},{"label":"VISISTED_LIST_CHECK","totalTime":48.600000001490116,"totalRelativeTime":"11.45%","numOfCalls":128190,"avgTimePerCall":0.0003791247367305571},{"label":"ADD_TO_VISISTED_LIST_CHECK","totalTime":5.200000004842877,"totalRelativeTime":"1.22%","numOfCalls":18132,"avgTimePerCall":0.00028678579334011014},{"label":"PERFORM_ROTATION","totalTime":139.39999996311963,"totalRelativeTime":"32.85%","numOfCalls":88726,"avgTimePerCall":0.001571129093649208},{"label":"ADD_CANDIDATE","totalTime":21.999999990686774,"totalRelativeTime":"5.18%","numOfCalls":86798,"avgTimePerCall":0.0002534620612305211},{"label":"MEASUREMENT_OVERHEAD","totalTime":99.29999999888241,"totalRelativeTime":"23.4%","numOfCalls":0,"avgTimePerCall":99.29999999888241},{"label":"NOT_MEASURED","totalTime":104.40000004507601,"totalRelativeTime":"24.6%","numOfCalls":0,"avgTimePerCall":104.40000004507601}],"iterations":9067,"visitedNodes":9067}}}]}