{"timestamp":1680926087909,"shuffle":"38: 2U   2L    R'   B    U    D    B'   L'   U'  2L    F    D    R    D   2R    B    R'   F    B    L    F    D    R'   D    R    L    U    L'   R'   U'   F'   L'   R    F'  ","solutions":[{"label":"2x2","key":"IDDFS","solution":{"rotations":[{"side":2,"counterClockwiseDirection":true,"layer":0},{"side":2,"counterClockwiseDirection":true,"layer":0},{"side":3,"counterClockwiseDirection":true,"layer":0},{"side":3,"counterClockwiseDirection":true,"layer":0},{"side":0,"counterClockwiseDirection":true,"layer":0},{"side":0,"counterClockwiseDirection":true,"layer":0},{"side":2,"counterClockwiseDirection":false,"layer":0},{"side":3,"counterClockwiseDirection":false,"layer":0},{"side":2,"counterClockwiseDirection":false,"layer":0},{"side":3,"counterClockwiseDirection":true,"layer":0},{"side":0,"counterClockwiseDirection":true,"layer":0},{"side":0,"counterClockwiseDirection":true,"layer":0}],"totalTime":197201.70000001788,"data":{"metrics":[{"label":"PERFORM_ROTATION","totalTime":91744.50000840425,"totalRelativeTime":"46.52%","numOfCalls":73166981,"avgTimePerCall":0.0012539057749069112},{"label":"ADD_CANDIDATE","totalTime":16706.49999588728,"totalRelativeTime":"8.47%","numOfCalls":73166981,"avgTimePerCall":0.000228333870928572},{"label":"NOT_MEASURED","totalTime":88750.69999572635,"totalRelativeTime":"45%","numOfCalls":0,"avgTimePerCall":88750.69999572635}],"visitedNodes":67725922,"iterations":[{"visitedNodes":37,"bound":2},{"visitedNodes":181,"bound":3},{"visitedNodes":877,"bound":4},{"visitedNodes":4237,"bound":5},{"visitedNodes":20461,"bound":6},{"visitedNodes":98797,"bound":7},{"visitedNodes":477037,"bound":8},{"visitedNodes":2303341,"bound":9},{"visitedNodes":11121517,"bound":10},{"visitedNodes":53699437,"bound":11}]}}},{"label":"2x2","key":"IDA*","solution":{"rotations":[{"side":2,"counterClockwiseDirection":true,"layer":0},{"side":2,"counterClockwiseDirection":true,"layer":0},{"side":3,"counterClockwiseDirection":true,"layer":0},{"side":3,"counterClockwiseDirection":true,"layer":0},{"side":0,"counterClockwiseDirection":true,"layer":0},{"side":0,"counterClockwiseDirection":true,"layer":0},{"side":2,"counterClockwiseDirection":false,"layer":0},{"side":3,"counterClockwiseDirection":false,"layer":0},{"side":2,"counterClockwiseDirection":false,"layer":0},{"side":3,"counterClockwiseDirection":true,"layer":0},{"side":0,"counterClockwiseDirection":true,"layer":0},{"side":0,"counterClockwiseDirection":true,"layer":0}],"totalTime":179328.70000001788,"data":{"metrics":[{"label":"PERFORM_ROTATION","totalTime":88584.29997834563,"totalRelativeTime":"49.39%","numOfCalls":69169951,"avgTimePerCall":0.0012806760551029685},{"label":"ADD_CANDIDATE","totalTime":15907.699993103743,"totalRelativeTime":"8.87%","numOfCalls":69169951,"avgTimePerCall":0.0002299799228295498},{"label":"NOT_MEASURED","totalTime":74836.7000285685,"totalRelativeTime":"41.73%","numOfCalls":0,"avgTimePerCall":74836.7000285685}],"visitedNodes":13123668,"iterations":[{"visitedNodes":7,"bound":2},{"visitedNodes":58,"bound":3.25},{"visitedNodes":774,"bound":4.5},{"visitedNodes":4257,"bound":5.75},{"visitedNodes":21963,"bound":7},{"visitedNodes":165207,"bound":8.25},{"visitedNodes":1768913,"bound":9.5},{"visitedNodes":11162489,"bound":10.75}]}}},{"label":"2x2","key":"SA","solution":{"rotations":[{"side":2,"counterClockwiseDirection":true,"layer":0},{"side":3,"counterClockwiseDirection":true,"layer":0},{"side":3,"counterClockwiseDirection":true,"layer":0},{"side":2,"counterClockwiseDirection":false,"layer":0},{"side":2,"counterClockwiseDirection":false,"layer":0},{"side":3,"counterClockwiseDirection":true,"layer":0},{"side":2,"counterClockwiseDirection":false,"layer":0},{"side":3,"counterClockwiseDirection":false,"layer":0},{"side":2,"counterClockwiseDirection":true,"layer":0},{"side":3,"counterClockwiseDirection":false,"layer":0},{"side":3,"counterClockwiseDirection":false,"layer":0},{"side":0,"counterClockwiseDirection":true,"layer":0},{"side":0,"counterClockwiseDirection":true,"layer":0},{"side":2,"counterClockwiseDirection":true,"layer":0},{"layer":0,"side":0,"counterClockwiseDirection":true},{"side":3,"counterClockwiseDirection":false,"layer":0},{"side":2,"counterClockwiseDirection":false,"layer":0},{"side":3,"counterClockwiseDirection":false,"layer":0},{"side":3,"counterClockwiseDirection":false,"layer":0},{"side":0,"counterClockwiseDirection":true,"layer":0},{"side":3,"counterClockwiseDirection":true,"layer":0},{"side":2,"counterClockwiseDirection":true,"layer":0},{"side":0,"counterClockwiseDirection":true,"layer":0},{"side":0,"counterClockwiseDirection":true,"layer":0}],"totalTime":343315.5,"data":{"restartCounter":6,"iterations":32945,"metrics":[{"label":"CHECK_SOLUTION","totalTime":18821.300004780293,"totalRelativeTime":"5.48%","numOfCalls":98833770,"avgTimePerCall":0.00019043389728814648},{"label":"APPLYING_ROTATIONS","totalTime":106334.20000368357,"totalRelativeTime":"30.97%","numOfCalls":98833770,"avgTimePerCall":0.0010758893443373007},{"label":"COMPUTE_ROTATION","totalTime":18952.799997895956,"totalRelativeTime":"5.52%","numOfCalls":98833770,"avgTimePerCall":0.0001917644141055831},{"label":"CALCULATE_CITIZEN_SCORE","totalTime":37682.80000978708,"totalRelativeTime":"10.97%","numOfCalls":98833770,"avgTimePerCall":0.0003812745381440684},{"label":"AGGREGATE_CURRENT_GENERATION","totalTime":656.7000000476837,"totalRelativeTime":"0.19%","numOfCalls":3294458,"avgTimePerCall":0.0001993347616049996},{"label":"CREATE_NEXT_GENERATION","totalTime":1874.1000005304813,"totalRelativeTime":"0.54%","numOfCalls":32944,"avgTimePerCall":0.05688744537792865},{"label":"MEASUREMENT_OVERHEAD","totalTime":79402.39999559522,"totalRelativeTime":"23.12%","numOfCalls":0,"avgTimePerCall":79402.39999559522},{"label":"NOT_MEASURED","totalTime":79591.19998767972,"totalRelativeTime":"23.18%","numOfCalls":0,"avgTimePerCall":79591.19998767972}]}}},{"label":"2x2","key":"GA","solution":{"rotations":[{"side":3,"counterClockwiseDirection":false,"layer":0},{"side":2,"counterClockwiseDirection":false,"layer":0},{"side":0,"counterClockwiseDirection":true,"layer":0},{"side":2,"counterClockwiseDirection":true,"layer":0},{"side":3,"counterClockwiseDirection":true,"layer":0},{"side":0,"counterClockwiseDirection":false,"layer":0},{"side":2,"counterClockwiseDirection":true,"layer":0},{"side":3,"counterClockwiseDirection":true,"layer":0},{"layer":0,"side":2,"counterClockwiseDirection":false},{"side":3,"counterClockwiseDirection":false,"layer":0},{"side":2,"counterClockwiseDirection":false,"layer":0},{"side":2,"counterClockwiseDirection":false,"layer":0},{"side":0,"counterClockwiseDirection":false,"layer":0},{"side":3,"counterClockwiseDirection":false,"layer":0},{"side":2,"counterClockwiseDirection":true,"layer":0},{"side":0,"counterClockwiseDirection":false,"layer":0},{"side":3,"counterClockwiseDirection":false,"layer":0},{"side":2,"counterClockwiseDirection":false,"layer":0}],"totalTime":36552.29999998212,"data":{"armageddonCounter":0,"generations":3331,"metrics":[{"label":"CHECK_SOLUTION","totalTime":1946.8999986052513,"totalRelativeTime":"5.32%","numOfCalls":9990060,"avgTimePerCall":0.000194883714272512},{"label":"APPLYING_ROTATIONS","totalTime":11603.900000661612,"totalRelativeTime":"31.74%","numOfCalls":9990060,"avgTimePerCall":0.001161544575374083},{"label":"COMPUTE_GENE","totalTime":1999.7000024616718,"totalRelativeTime":"5.47%","numOfCalls":9990060,"avgTimePerCall":0.00020016896820055854},{"label":"CALCULATE_CITIZEN_SCORE","totalTime":4096.699999183416,"totalRelativeTime":"11.2%","numOfCalls":9990060,"avgTimePerCall":0.0004100776170697089},{"label":"AGGREGATE_CURRENT_GENERATION","totalTime":64.89999979734421,"totalRelativeTime":"0.17%","numOfCalls":333001,"avgTimePerCall":0.00019489430901812368},{"label":"CREATE_NEXT_GENERATION","totalTime":201.69999930262566,"totalRelativeTime":"0.55%","numOfCalls":3330,"avgTimePerCall":0.060570570361148844},{"label":"MEASUREMENT_OVERHEAD","totalTime":8317.000006765127,"totalRelativeTime":"22.75%","numOfCalls":0,"avgTimePerCall":8317.000006765127},{"label":"NOT_MEASURED","totalTime":8321.49999320507,"totalRelativeTime":"22.76%","numOfCalls":0,"avgTimePerCall":8321.49999320507}]}}},{"label":"2x2","key":"WA*","solution":{"rotations":[{"side":2,"counterClockwiseDirection":true,"layer":0},{"side":0,"counterClockwiseDirection":false,"layer":0},{"side":3,"counterClockwiseDirection":false,"layer":0},{"side":2,"counterClockwiseDirection":true,"layer":0},{"side":0,"counterClockwiseDirection":false,"layer":0},{"side":2,"counterClockwiseDirection":true,"layer":0},{"side":0,"counterClockwiseDirection":false,"layer":0},{"side":2,"counterClockwiseDirection":true,"layer":0},{"side":0,"counterClockwiseDirection":false,"layer":0},{"side":2,"counterClockwiseDirection":true,"layer":0},{"side":0,"counterClockwiseDirection":true,"layer":0},{"side":2,"counterClockwiseDirection":true,"layer":0},{"side":2,"counterClockwiseDirection":true,"layer":0},{"side":0,"counterClockwiseDirection":false,"layer":0}],"totalTime":1086.699999988079,"data":{"metrics":[{"label":"ITERATIONS_COUNTER_INCREMENT","totalTime":17.5000002682209,"totalRelativeTime":"1.61%","numOfCalls":94886,"avgTimePerCall":0.00018443184735599457},{"label":"ABORTED_VERIFICATION","totalTime":9.800000071525574,"totalRelativeTime":"0.9%","numOfCalls":47443,"avgTimePerCall":0.00020656366738034217},{"label":"POP_CANDIDATE","totalTime":24.099999994039536,"totalRelativeTime":"2.21%","numOfCalls":47443,"avgTimePerCall":0.0005079779945205728},{"label":"VISISTED_LIST_CHECK","totalTime":84.30000013113022,"totalRelativeTime":"7.75%","numOfCalls":257071,"avgTimePerCall":0.0003279249706545282},{"label":"CHECK_SOLUTION","totalTime":6.999999910593033,"totalRelativeTime":"0.64%","numOfCalls":43958,"avgTimePerCall":0.00015924291165642277},{"label":"ADD_TO_VISISTED_LIST_CHECK","totalTime":13.300000101327896,"totalRelativeTime":"1.22%","numOfCalls":43957,"avgTimePerCall":0.0003025684214420433},{"label":"PERFORM_ROTATION","totalTime":264.6999998688698,"totalRelativeTime":"24.35%","numOfCalls":209628,"avgTimePerCall":0.0012627129957299109},{"label":"HEURISTIC_CALCULATION","totalTime":97.60000020265579,"totalRelativeTime":"8.98%","numOfCalls":209628,"avgTimePerCall":0.00046558665923758177},{"label":"ADD_CANDIDATE","totalTime":52.499999701976776,"totalRelativeTime":"4.83%","numOfCalls":203241,"avgTimePerCall":0.0002583140198187215},{"label":"BUILD_SOLUTION","totalTime":0,"totalRelativeTime":"0%","numOfCalls":1,"avgTimePerCall":0},{"label":"MEASUREMENT_OVERHEAD","totalTime":236.09999990463257,"totalRelativeTime":"21.72%","numOfCalls":0,"avgTimePerCall":236.09999990463257},{"label":"NOT_MEASURED","totalTime":279.799999833107,"totalRelativeTime":"25.74%","numOfCalls":0,"avgTimePerCall":279.799999833107}],"visitedNodes":47443,"differentNodes":43958}}},{"label":"2x2","key":"BiBFS","solution":{"rotations":[{"side":3,"counterClockwiseDirection":true,"layer":0},{"side":2,"counterClockwiseDirection":false,"layer":0},{"side":0,"counterClockwiseDirection":false,"layer":0},{"side":2,"counterClockwiseDirection":true,"layer":0},{"side":2,"counterClockwiseDirection":true,"layer":0},{"side":3,"counterClockwiseDirection":true,"layer":0},{"side":0,"counterClockwiseDirection":true,"layer":0},{"side":2,"counterClockwiseDirection":false,"layer":0},{"side":3,"counterClockwiseDirection":true,"layer":0},{"side":2,"counterClockwiseDirection":false,"layer":0},{"side":0,"counterClockwiseDirection":true,"layer":0},{"side":3,"counterClockwiseDirection":true,"layer":0}],"totalTime":249.5,"data":{"metrics":[{"label":"POP_CANDIDATE","totalTime":3.3000001311302185,"totalRelativeTime":"1.32%","numOfCalls":12340,"avgTimePerCall":0.00026742302521314573},{"label":"VISISTED_LIST_CHECK","totalTime":26.799999862909317,"totalRelativeTime":"10.74%","numOfCalls":75607,"avgTimePerCall":0.0003544645318939955},{"label":"ADD_TO_VISISTED_LIST_CHECK","totalTime":4,"totalRelativeTime":"1.6%","numOfCalls":10734,"avgTimePerCall":0.0003726476616359232},{"label":"PERFORM_ROTATION","totalTime":92.99999982118607,"totalRelativeTime":"37.27%","numOfCalls":52532,"avgTimePerCall":0.0017703494978524722},{"label":"ADD_CANDIDATE","totalTime":15.199999839067459,"totalRelativeTime":"6.09%","numOfCalls":51440,"avgTimePerCall":0.0002954898880067546},{"label":"MEASUREMENT_OVERHEAD","totalTime":48.600000470876694,"totalRelativeTime":"19.47%","numOfCalls":0,"avgTimePerCall":48.600000470876694},{"label":"NOT_MEASURED","totalTime":58.599999874830246,"totalRelativeTime":"23.48%","numOfCalls":0,"avgTimePerCall":58.599999874830246}],"iterations":5368,"visitedNodes":5368}}}]}