{"timestamp":1680985984256,"shuffle":"39:  U    L'   D'   U    D    L    D   2U    R    D    U    F'  2R    D'   F    R'   U'   D   2U    D    U    B    R'   B'   F    L   2U    D'   L'   B    F'  2R    L    D   ","solutions":[{"label":"2x2","key":"IDDFS","solution":{"rotations":[{"side":2,"counterClockwiseDirection":false,"layer":0},{"side":0,"counterClockwiseDirection":false,"layer":0},{"side":3,"counterClockwiseDirection":true,"layer":0},{"side":3,"counterClockwiseDirection":true,"layer":0},{"side":2,"counterClockwiseDirection":false,"layer":0},{"side":3,"counterClockwiseDirection":true,"layer":0},{"side":0,"counterClockwiseDirection":false,"layer":0},{"side":3,"counterClockwiseDirection":true,"layer":0},{"side":0,"counterClockwiseDirection":false,"layer":0},{"side":3,"counterClockwiseDirection":true,"layer":0},{"side":3,"counterClockwiseDirection":true,"layer":0}],"totalTime":79302.90000000037,"data":{"metrics":[{"label":"PERFORM_ROTATION","totalTime":33938.70000009239,"totalRelativeTime":"42.79%","numOfCalls":27798136,"avgTimePerCall":0.0012208984084433713},{"label":"ADD_CANDIDATE","totalTime":6208.700000053272,"totalRelativeTime":"7.82%","numOfCalls":27798136,"avgTimePerCall":0.00022334950804087266},{"label":"NOT_MEASURED","totalTime":39155.499999854714,"totalRelativeTime":"49.37%","numOfCalls":0,"avgTimePerCall":39155.499999854714}],"visitedNodes":14026485,"iterations":[{"visitedNodes":37,"bound":2},{"visitedNodes":181,"bound":3},{"visitedNodes":877,"bound":4},{"visitedNodes":4237,"bound":5},{"visitedNodes":20461,"bound":6},{"visitedNodes":98797,"bound":7},{"visitedNodes":477037,"bound":8},{"visitedNodes":2303341,"bound":9},{"visitedNodes":11121517,"bound":10}]}}},{"label":"2x2","key":"IDA*","solution":{"rotations":[{"side":2,"counterClockwiseDirection":false,"layer":0},{"side":0,"counterClockwiseDirection":false,"layer":0},{"side":3,"counterClockwiseDirection":true,"layer":0},{"side":3,"counterClockwiseDirection":true,"layer":0},{"side":2,"counterClockwiseDirection":false,"layer":0},{"side":3,"counterClockwiseDirection":true,"layer":0},{"side":0,"counterClockwiseDirection":false,"layer":0},{"side":3,"counterClockwiseDirection":true,"layer":0},{"side":0,"counterClockwiseDirection":false,"layer":0},{"side":3,"counterClockwiseDirection":true,"layer":0},{"side":3,"counterClockwiseDirection":true,"layer":0}],"totalTime":59916.300000000745,"data":{"metrics":[{"label":"PERFORM_ROTATION","totalTime":28907.50000049174,"totalRelativeTime":"48.24%","numOfCalls":22987148,"avgTimePerCall":0.0012575505234704077},{"label":"ADD_CANDIDATE","totalTime":5222.300000015646,"totalRelativeTime":"8.71%","numOfCalls":22987148,"avgTimePerCall":0.00022718346791066236},{"label":"NOT_MEASURED","totalTime":25786.49999949336,"totalRelativeTime":"43.03%","numOfCalls":0,"avgTimePerCall":25786.49999949336}],"visitedNodes":1898044,"iterations":[{"visitedNodes":7,"bound":2},{"visitedNodes":52,"bound":3.25},{"visitedNodes":614,"bound":4.5},{"visitedNodes":4257,"bound":5.75},{"visitedNodes":21723,"bound":7},{"visitedNodes":158583,"bound":8.25},{"visitedNodes":1712808,"bound":9.5}]}}},{"label":"2x2","key":"SA","solution":{"rotations":[{"side":2,"counterClockwiseDirection":true,"layer":0},{"side":2,"counterClockwiseDirection":true,"layer":0},{"side":0,"counterClockwiseDirection":true,"layer":0},{"side":3,"counterClockwiseDirection":false,"layer":0},{"side":0,"counterClockwiseDirection":true,"layer":0},{"side":3,"counterClockwiseDirection":false,"layer":0},{"side":0,"counterClockwiseDirection":true,"layer":0},{"side":2,"counterClockwiseDirection":true,"layer":0},{"side":0,"counterClockwiseDirection":false,"layer":0},{"side":3,"counterClockwiseDirection":false,"layer":0},{"side":2,"counterClockwiseDirection":true,"layer":0},{"side":3,"counterClockwiseDirection":true,"layer":0},{"side":2,"counterClockwiseDirection":false,"layer":0},{"side":0,"counterClockwiseDirection":false,"layer":0},{"side":3,"counterClockwiseDirection":true,"layer":0},{"side":3,"counterClockwiseDirection":true,"layer":0},{"side":0,"counterClockwiseDirection":false,"layer":0},{"side":3,"counterClockwiseDirection":true,"layer":0},{"side":3,"counterClockwiseDirection":true,"layer":0},{"side":2,"counterClockwiseDirection":true,"layer":0},{"side":2,"counterClockwiseDirection":true,"layer":0}],"totalTime":122205.19999999925,"data":{"restartCounter":2,"iterations":11533,"metrics":[{"label":"CHECK_SOLUTION","totalTime":6475.499999875203,"totalRelativeTime":"5.29%","numOfCalls":34598280,"avgTimePerCall":0.00018716248321810225},{"label":"APPLYING_ROTATIONS","totalTime":37566.200000936165,"totalRelativeTime":"30.74%","numOfCalls":34598277,"avgTimePerCall":0.0010857823931791795},{"label":"COMPUTE_ROTATION","totalTime":6662.900000009686,"totalRelativeTime":"5.45%","numOfCalls":34598277,"avgTimePerCall":0.000192578954148777},{"label":"CALCULATE_CITIZEN_SCORE","totalTime":13693.499999664724,"totalRelativeTime":"11.2%","numOfCalls":34598277,"avgTimePerCall":0.0003957856051520925},{"label":"AGGREGATE_CURRENT_GENERATION","totalTime":231.10000001080334,"totalRelativeTime":"0.18%","numOfCalls":1153275,"avgTimePerCall":0.00020038585767557897},{"label":"CREATE_NEXT_GENERATION","totalTime":765.100000012666,"totalRelativeTime":"0.62%","numOfCalls":11532,"avgTimePerCall":0.06634582032714759},{"label":"MEASUREMENT_OVERHEAD","totalTime":28926.30000081472,"totalRelativeTime":"23.67%","numOfCalls":0,"avgTimePerCall":28926.30000081472},{"label":"NOT_MEASURED","totalTime":27884.599998675287,"totalRelativeTime":"22.81%","numOfCalls":0,"avgTimePerCall":27884.599998675287}]}}},{"label":"2x2","key":"GA","solution":{"rotations":[{"side":2,"counterClockwiseDirection":false,"layer":0},{"side":3,"counterClockwiseDirection":false,"layer":0},{"side":0,"counterClockwiseDirection":false,"layer":0},{"side":3,"counterClockwiseDirection":true,"layer":0},{"side":0,"counterClockwiseDirection":false,"layer":0},{"side":3,"counterClockwiseDirection":true,"layer":0},{"side":3,"counterClockwiseDirection":true,"layer":0},{"side":0,"counterClockwiseDirection":true,"layer":0},{"side":3,"counterClockwiseDirection":false,"layer":0},{"side":0,"counterClockwiseDirection":false,"layer":0},{"side":3,"counterClockwiseDirection":true,"layer":0},{"side":0,"counterClockwiseDirection":true,"layer":0},{"side":2,"counterClockwiseDirection":true,"layer":0},{"side":3,"counterClockwiseDirection":true,"layer":0},{"side":2,"counterClockwiseDirection":false,"layer":0},{"side":0,"counterClockwiseDirection":false,"layer":0},{"side":3,"counterClockwiseDirection":false,"layer":0}],"totalTime":11763.400000000373,"data":{"armageddonCounter":0,"generations":971,"metrics":[{"label":"CHECK_SOLUTION","totalTime":621.2000000532717,"totalRelativeTime":"5.28%","numOfCalls":2912970,"avgTimePerCall":0.0002132531402840646},{"label":"APPLYING_ROTATIONS","totalTime":3622.1999996975064,"totalRelativeTime":"30.79%","numOfCalls":2912967,"avgTimePerCall":0.0012434744367847306},{"label":"COMPUTE_GENE","totalTime":653.6000000350177,"totalRelativeTime":"5.55%","numOfCalls":2912967,"avgTimePerCall":0.0002243760399740257},{"label":"CALCULATE_CITIZEN_SCORE","totalTime":1333.6000000461936,"totalRelativeTime":"11.33%","numOfCalls":2912967,"avgTimePerCall":0.0004578150044426159},{"label":"AGGREGATE_CURRENT_GENERATION","totalTime":23.40000000037253,"totalRelativeTime":"0.19%","numOfCalls":97098,"avgTimePerCall":0.00024099363530013523},{"label":"CREATE_NEXT_GENERATION","totalTime":72,"totalRelativeTime":"0.61%","numOfCalls":970,"avgTimePerCall":0.07422680412371134},{"label":"MEASUREMENT_OVERHEAD","totalTime":2749.29999987036,"totalRelativeTime":"23.37%","numOfCalls":0,"avgTimePerCall":2749.29999987036},{"label":"NOT_MEASURED","totalTime":2688.1000002976507,"totalRelativeTime":"22.85%","numOfCalls":0,"avgTimePerCall":2688.1000002976507}]}}},{"label":"2x2","key":"WA*","solution":{"rotations":[{"side":0,"counterClockwiseDirection":true,"layer":0},{"side":3,"counterClockwiseDirection":true,"layer":0},{"side":2,"counterClockwiseDirection":true,"layer":0},{"side":0,"counterClockwiseDirection":false,"layer":0},{"side":0,"counterClockwiseDirection":false,"layer":0},{"side":3,"counterClockwiseDirection":false,"layer":0},{"side":0,"counterClockwiseDirection":false,"layer":0},{"side":0,"counterClockwiseDirection":false,"layer":0},{"side":3,"counterClockwiseDirection":true,"layer":0},{"side":0,"counterClockwiseDirection":true,"layer":0},{"side":3,"counterClockwiseDirection":false,"layer":0}],"totalTime":137.5,"data":{"metrics":[{"label":"ITERATIONS_COUNTER_INCREMENT","totalTime":1.400000000372529,"totalRelativeTime":"1.01%","numOfCalls":6642,"avgTimePerCall":0.00021077988563272042},{"label":"ABORTED_VERIFICATION","totalTime":0.9000000040978193,"totalRelativeTime":"0.65%","numOfCalls":3321,"avgTimePerCall":0.0002710027112610115},{"label":"POP_CANDIDATE","totalTime":2.500000001862645,"totalRelativeTime":"1.81%","numOfCalls":3321,"avgTimePerCall":0.0007527853061917028},{"label":"VISISTED_LIST_CHECK","totalTime":8.599999999627471,"totalRelativeTime":"6.25%","numOfCalls":18069,"avgTimePerCall":0.00047595329014485973},{"label":"CHECK_SOLUTION","totalTime":1.0999999977648258,"totalRelativeTime":"0.79%","numOfCalls":3091,"avgTimePerCall":0.00035587188539787314},{"label":"ADD_TO_VISISTED_LIST_CHECK","totalTime":1.0999999977648258,"totalRelativeTime":"0.79%","numOfCalls":3090,"avgTimePerCall":0.00035598705429282386},{"label":"PERFORM_ROTATION","totalTime":31.700000008568168,"totalRelativeTime":"23.05%","numOfCalls":14748,"avgTimePerCall":0.0021494439929867215},{"label":"HEURISTIC_CALCULATION","totalTime":16.69999999552965,"totalRelativeTime":"12.14%","numOfCalls":14748,"avgTimePerCall":0.0011323569294500713},{"label":"ADD_CANDIDATE","totalTime":5.099999997764826,"totalRelativeTime":"3.7%","numOfCalls":14503,"avgTimePerCall":0.00035165138231847383},{"label":"BUILD_SOLUTION","totalTime":0,"totalRelativeTime":"0%","numOfCalls":1,"avgTimePerCall":0},{"label":"MEASUREMENT_OVERHEAD","totalTime":35.399999998509884,"totalRelativeTime":"25.74%","numOfCalls":0,"avgTimePerCall":35.399999998509884},{"label":"NOT_MEASURED","totalTime":32.999999998137355,"totalRelativeTime":"23.99%","numOfCalls":0,"avgTimePerCall":32.999999998137355}],"visitedNodes":3321,"differentNodes":3091}}},{"label":"2x2","key":"BiBFS","solution":{"rotations":[{"side":0,"counterClockwiseDirection":true,"layer":0},{"side":3,"counterClockwiseDirection":true,"layer":0},{"side":2,"counterClockwiseDirection":true,"layer":0},{"side":0,"counterClockwiseDirection":false,"layer":0},{"side":3,"counterClockwiseDirection":true,"layer":0},{"side":0,"counterClockwiseDirection":true,"layer":0},{"side":3,"counterClockwiseDirection":false,"layer":0},{"side":3,"counterClockwiseDirection":false,"layer":0},{"side":0,"counterClockwiseDirection":false,"layer":0},{"side":3,"counterClockwiseDirection":false,"layer":0},{"side":3,"counterClockwiseDirection":false,"layer":0}],"totalTime":160,"data":{"metrics":[{"label":"POP_CANDIDATE","totalTime":2.100000001490116,"totalRelativeTime":"1.31%","numOfCalls":6750,"avgTimePerCall":0.00031111111133186905},{"label":"VISISTED_LIST_CHECK","totalTime":13.000000005587935,"totalRelativeTime":"8.12%","numOfCalls":41475,"avgTimePerCall":0.0003134418325639044},{"label":"ADD_TO_VISISTED_LIST_CHECK","totalTime":2.099999999627471,"totalRelativeTime":"1.31%","numOfCalls":5890,"avgTimePerCall":0.0003565365024834416},{"label":"PERFORM_ROTATION","totalTime":57.300000024959445,"totalRelativeTime":"35.81%","numOfCalls":28834,"avgTimePerCall":0.0019872372901768554},{"label":"ADD_CANDIDATE","totalTime":23,"totalRelativeTime":"14.37%","numOfCalls":28594,"avgTimePerCall":0.0008043645520039169},{"label":"MEASUREMENT_OVERHEAD","totalTime":29.499999972060323,"totalRelativeTime":"18.43%","numOfCalls":0,"avgTimePerCall":29.499999972060323},{"label":"NOT_MEASURED","totalTime":32.99999999627471,"totalRelativeTime":"20.62%","numOfCalls":0,"avgTimePerCall":32.99999999627471}],"iterations":2946,"visitedNodes":2946}}}]}