{"timestamp":1680905922379,"shuffle":"35:  L    B    L    F    L'  2F    R'   B'   U    F    D    U'   L'   U   2B    U'   R    F    B    F'  2U   2R   2B   2F   2U    R    B'   D   ","solutions":[{"label":"2x2","key":"IDDFS","solution":{"rotations":[{"side":2,"counterClockwiseDirection":false,"layer":0},{"side":0,"counterClockwiseDirection":true,"layer":0},{"side":2,"counterClockwiseDirection":true,"layer":0},{"side":2,"counterClockwiseDirection":true,"layer":0},{"side":3,"counterClockwiseDirection":false,"layer":0},{"side":0,"counterClockwiseDirection":true,"layer":0},{"side":2,"counterClockwiseDirection":true,"layer":0},{"side":0,"counterClockwiseDirection":false,"layer":0},{"side":3,"counterClockwiseDirection":true,"layer":0},{"side":2,"counterClockwiseDirection":true,"layer":0},{"side":2,"counterClockwiseDirection":true,"layer":0}],"totalTime":75001.69999998808,"data":{"metrics":[{"label":"PERFORM_ROTATION","totalTime":34664.3000010252,"totalRelativeTime":"46.21%","numOfCalls":24568556,"avgTimePerCall":0.0014109213419390705},{"label":"ADD_CANDIDATE","totalTime":6151.79999807477,"totalRelativeTime":"8.2%","numOfCalls":24568556,"avgTimePerCall":0.0002503932261250832},{"label":"NOT_MEASURED","totalTime":34185.60000088811,"totalRelativeTime":"45.57%","numOfCalls":0,"avgTimePerCall":34185.60000088811}],"visitedNodes":14026485,"iterations":[{"visitedNodes":37,"bound":2},{"visitedNodes":181,"bound":3},{"visitedNodes":877,"bound":4},{"visitedNodes":4237,"bound":5},{"visitedNodes":20461,"bound":6},{"visitedNodes":98797,"bound":7},{"visitedNodes":477037,"bound":8},{"visitedNodes":2303341,"bound":9},{"visitedNodes":11121517,"bound":10}]}}},{"label":"2x2","key":"IDA*","solution":{"rotations":[{"side":2,"counterClockwiseDirection":false,"layer":0},{"side":0,"counterClockwiseDirection":true,"layer":0},{"side":2,"counterClockwiseDirection":true,"layer":0},{"side":2,"counterClockwiseDirection":true,"layer":0},{"side":3,"counterClockwiseDirection":false,"layer":0},{"side":0,"counterClockwiseDirection":true,"layer":0},{"side":2,"counterClockwiseDirection":true,"layer":0},{"side":0,"counterClockwiseDirection":false,"layer":0},{"side":3,"counterClockwiseDirection":true,"layer":0},{"side":2,"counterClockwiseDirection":true,"layer":0},{"side":2,"counterClockwiseDirection":true,"layer":0}],"totalTime":62566.59999999404,"data":{"metrics":[{"label":"PERFORM_ROTATION","totalTime":31330.900007784367,"totalRelativeTime":"50.07%","numOfCalls":19789020,"avgTimePerCall":0.0015832466695058355},{"label":"ADD_CANDIDATE","totalTime":5431.199993520975,"totalRelativeTime":"8.68%","numOfCalls":19789020,"avgTimePerCall":0.0002744552278749011},{"label":"NOT_MEASURED","totalTime":25804.499998688698,"totalRelativeTime":"41.24%","numOfCalls":0,"avgTimePerCall":25804.499998688698}],"visitedNodes":1905632,"iterations":[{"visitedNodes":7,"bound":2},{"visitedNodes":62,"bound":3.25},{"visitedNodes":649,"bound":4.5},{"visitedNodes":4252,"bound":5.75},{"visitedNodes":22163,"bound":7},{"visitedNodes":161694,"bound":8.25},{"visitedNodes":1716805,"bound":9.5}]}}},{"label":"2x2","key":"SA","solution":{"rotations":[{"side":0,"counterClockwiseDirection":true,"layer":0},{"side":3,"counterClockwiseDirection":false,"layer":0},{"side":2,"counterClockwiseDirection":true,"layer":0},{"side":3,"counterClockwiseDirection":true,"layer":0},{"side":3,"counterClockwiseDirection":true,"layer":0},{"side":2,"counterClockwiseDirection":false,"layer":0},{"side":3,"counterClockwiseDirection":true,"layer":0},{"side":0,"counterClockwiseDirection":false,"layer":0},{"side":3,"counterClockwiseDirection":true,"layer":0},{"side":0,"counterClockwiseDirection":true,"layer":0},{"side":3,"counterClockwiseDirection":true,"layer":0},{"side":2,"counterClockwiseDirection":true,"layer":0},{"side":3,"counterClockwiseDirection":false,"layer":0},{"side":3,"counterClockwiseDirection":false,"layer":0},{"side":2,"counterClockwiseDirection":false,"layer":0}],"totalTime":64114.69999998808,"data":{"restartCounter":0,"iterations":4316,"metrics":[{"label":"CHECK_SOLUTION","totalTime":3411.1000026762486,"totalRelativeTime":"5.32%","numOfCalls":12946140,"avgTimePerCall":0.0002634839421384481},{"label":"APPLYING_ROTATIONS","totalTime":19822.100002020597,"totalRelativeTime":"30.91%","numOfCalls":12946137,"avgTimePerCall":0.0015311208279365958},{"label":"COMPUTE_ROTATION","totalTime":3546.3000029325485,"totalRelativeTime":"5.53%","numOfCalls":12946137,"avgTimePerCall":0.0002739272728948063},{"label":"CALCULATE_CITIZEN_SCORE","totalTime":7148.199999004602,"totalRelativeTime":"11.14%","numOfCalls":12946137,"avgTimePerCall":0.0005521492626723016},{"label":"AGGREGATE_CURRENT_GENERATION","totalTime":125.19999960064888,"totalRelativeTime":"0.19%","numOfCalls":431537,"avgTimePerCall":0.0002901257588587975},{"label":"CREATE_NEXT_GENERATION","totalTime":606.6000003218651,"totalRelativeTime":"0.94%","numOfCalls":4315,"avgTimePerCall":0.1405793743503743},{"label":"MEASUREMENT_OVERHEAD","totalTime":14734.300000458956,"totalRelativeTime":"22.98%","numOfCalls":0,"avgTimePerCall":14734.300000458956},{"label":"NOT_MEASURED","totalTime":14720.899992972612,"totalRelativeTime":"22.96%","numOfCalls":0,"avgTimePerCall":14720.899992972612}]}}},{"label":"2x2","key":"GA","solution":{"rotations":[{"side":0,"counterClockwiseDirection":false,"layer":0},{"side":2,"counterClockwiseDirection":true,"layer":0},{"side":3,"counterClockwiseDirection":false,"layer":0},{"side":0,"counterClockwiseDirection":true,"layer":0},{"side":3,"counterClockwiseDirection":false,"layer":0},{"side":2,"counterClockwiseDirection":false,"layer":0},{"side":0,"counterClockwiseDirection":true,"layer":0},{"side":3,"counterClockwiseDirection":false,"layer":0},{"side":0,"counterClockwiseDirection":true,"layer":0},{"side":3,"counterClockwiseDirection":true,"layer":0},{"side":2,"counterClockwiseDirection":false,"layer":0}],"totalTime":45901.80000001192,"data":{"armageddonCounter":0,"generations":2868,"metrics":[{"label":"CHECK_SOLUTION","totalTime":2436.5999987721443,"totalRelativeTime":"5.3%","numOfCalls":8602170,"avgTimePerCall":0.00028325410899484015},{"label":"APPLYING_ROTATIONS","totalTime":14479.999995648861,"totalRelativeTime":"31.54%","numOfCalls":8602151,"avgTimePerCall":0.00168329990901681},{"label":"COMPUTE_GENE","totalTime":2513.900002002716,"totalRelativeTime":"5.47%","numOfCalls":8602151,"avgTimePerCall":0.00029224085952486955},{"label":"CALCULATE_CITIZEN_SCORE","totalTime":5079.000002712011,"totalRelativeTime":"11.06%","numOfCalls":8602151,"avgTimePerCall":0.000590433718579459},{"label":"AGGREGATE_CURRENT_GENERATION","totalTime":87.79999953508377,"totalRelativeTime":"0.19%","numOfCalls":286738,"avgTimePerCall":0.00030620287347712466},{"label":"CREATE_NEXT_GENERATION","totalTime":247.60000011324883,"totalRelativeTime":"0.53%","numOfCalls":2867,"avgTimePerCall":0.08636205096381194},{"label":"MEASUREMENT_OVERHEAD","totalTime":10526.900002777576,"totalRelativeTime":"22.93%","numOfCalls":0,"avgTimePerCall":10526.900002777576},{"label":"NOT_MEASURED","totalTime":10529.99999845028,"totalRelativeTime":"22.94%","numOfCalls":0,"avgTimePerCall":10529.99999845028}]}}},{"label":"2x2","key":"WA*","solution":{"rotations":[{"side":2,"counterClockwiseDirection":false,"layer":0},{"side":0,"counterClockwiseDirection":false,"layer":0},{"side":3,"counterClockwiseDirection":false,"layer":0},{"side":0,"counterClockwiseDirection":true,"layer":0},{"side":3,"counterClockwiseDirection":false,"layer":0},{"side":0,"counterClockwiseDirection":true,"layer":0},{"side":3,"counterClockwiseDirection":true,"layer":0},{"side":0,"counterClockwiseDirection":true,"layer":0},{"side":2,"counterClockwiseDirection":false,"layer":0},{"side":3,"counterClockwiseDirection":false,"layer":0},{"side":2,"counterClockwiseDirection":true,"layer":0},{"side":3,"counterClockwiseDirection":false,"layer":0},{"side":2,"counterClockwiseDirection":false,"layer":0},{"side":3,"counterClockwiseDirection":true,"layer":0},{"side":2,"counterClockwiseDirection":true,"layer":0}],"totalTime":1115.5,"data":{"metrics":[{"label":"ITERATIONS_COUNTER_INCREMENT","totalTime":21.79999977350235,"totalRelativeTime":"1.95%","numOfCalls":63648,"avgTimePerCall":0.0003425087948325533},{"label":"ABORTED_VERIFICATION","totalTime":10.800000220537186,"totalRelativeTime":"0.96%","numOfCalls":31824,"avgTimePerCall":0.0003393665227670056},{"label":"POP_CANDIDATE","totalTime":22.30000016093254,"totalRelativeTime":"1.99%","numOfCalls":31824,"avgTimePerCall":0.0007007290146094941},{"label":"VISISTED_LIST_CHECK","totalTime":80.29999989271164,"totalRelativeTime":"7.19%","numOfCalls":172421,"avgTimePerCall":0.00046572053225947904},{"label":"CHECK_SOLUTION","totalTime":7.100000023841858,"totalRelativeTime":"0.63%","numOfCalls":29478,"avgTimePerCall":0.00024085758951902632},{"label":"ADD_TO_VISISTED_LIST_CHECK","totalTime":12.400000125169754,"totalRelativeTime":"1.11%","numOfCalls":29477,"avgTimePerCall":0.0004206669649275623},{"label":"PERFORM_ROTATION","totalTime":270.0999999642372,"totalRelativeTime":"24.21%","numOfCalls":140597,"avgTimePerCall":0.0019210936219424114},{"label":"HEURISTIC_CALCULATION","totalTime":102.79999977350235,"totalRelativeTime":"9.21%","numOfCalls":140597,"avgTimePerCall":0.0007311678042454842},{"label":"ADD_CANDIDATE","totalTime":57.099999994039536,"totalRelativeTime":"5.11%","numOfCalls":137042,"avgTimePerCall":0.0004166605857623177},{"label":"BUILD_SOLUTION","totalTime":0,"totalRelativeTime":"0%","numOfCalls":1,"avgTimePerCall":0},{"label":"MEASUREMENT_OVERHEAD","totalTime":253.39999949932098,"totalRelativeTime":"22.71%","numOfCalls":0,"avgTimePerCall":253.39999949932098},{"label":"NOT_MEASURED","totalTime":277.4000005722046,"totalRelativeTime":"24.86%","numOfCalls":0,"avgTimePerCall":277.4000005722046}],"visitedNodes":31824,"differentNodes":29478}}},{"label":"2x2","key":"BiBFS","solution":{"rotations":[{"side":3,"counterClockwiseDirection":true,"layer":0},{"side":2,"counterClockwiseDirection":true,"layer":0},{"side":0,"counterClockwiseDirection":false,"layer":0},{"side":3,"counterClockwiseDirection":true,"layer":0},{"side":0,"counterClockwiseDirection":true,"layer":0},{"side":2,"counterClockwiseDirection":false,"layer":0},{"side":3,"counterClockwiseDirection":false,"layer":0},{"side":3,"counterClockwiseDirection":false,"layer":0},{"side":0,"counterClockwiseDirection":true,"layer":0},{"side":3,"counterClockwiseDirection":false,"layer":0},{"side":2,"counterClockwiseDirection":true,"layer":0}],"totalTime":264.2000000178814,"data":{"metrics":[{"label":"POP_CANDIDATE","totalTime":4.300000011920929,"totalRelativeTime":"1.62%","numOfCalls":9832,"avgTimePerCall":0.0004373474381530644},{"label":"VISISTED_LIST_CHECK","totalTime":30.300000071525574,"totalRelativeTime":"11.46%","numOfCalls":60528,"avgTimePerCall":0.0005005947672403776},{"label":"ADD_TO_VISISTED_LIST_CHECK","totalTime":2.000000089406967,"totalRelativeTime":"0.75%","numOfCalls":8600,"avgTimePerCall":0.00023255814993104268},{"label":"PERFORM_ROTATION","totalTime":111.19999971985817,"totalRelativeTime":"42.08%","numOfCalls":42094,"avgTimePerCall":0.002641706649875473},{"label":"ADD_CANDIDATE","totalTime":12.899999976158142,"totalRelativeTime":"4.88%","numOfCalls":41270,"avgTimePerCall":0.0003125757202849077},{"label":"MEASUREMENT_OVERHEAD","totalTime":60.10000002384186,"totalRelativeTime":"22.74%","numOfCalls":0,"avgTimePerCall":60.10000002384186},{"label":"NOT_MEASURED","totalTime":43.400000125169754,"totalRelativeTime":"16.42%","numOfCalls":0,"avgTimePerCall":43.400000125169754}],"iterations":4301,"visitedNodes":4301}}}]}