{"timestamp":1680984083144,"shuffle":"39:  F'   R'   B'   U   2R   2B    L'   D'   U    L'  2D    B    L'  2U    B    R    D'   B'  2R    F'   R    U'   D   2U    R    B    F    U'   L   2R    F    U'  ","solutions":[{"label":"2x2","key":"IDDFS","solution":{"rotations":[{"side":2,"counterClockwiseDirection":true,"layer":0},{"side":3,"counterClockwiseDirection":true,"layer":0},{"side":3,"counterClockwiseDirection":true,"layer":0},{"side":0,"counterClockwiseDirection":true,"layer":0},{"side":0,"counterClockwiseDirection":true,"layer":0},{"side":2,"counterClockwiseDirection":false,"layer":0},{"side":3,"counterClockwiseDirection":false,"layer":0},{"side":2,"counterClockwiseDirection":true,"layer":0},{"side":3,"counterClockwiseDirection":false,"layer":0},{"side":2,"counterClockwiseDirection":false,"layer":0},{"side":3,"counterClockwiseDirection":false,"layer":0}],"totalTime":43642.199999999255,"data":{"metrics":[{"label":"PERFORM_ROTATION","totalTime":20272.900000233203,"totalRelativeTime":"46.45%","numOfCalls":21002980,"avgTimePerCall":0.0009652392184458207},{"label":"ADD_CANDIDATE","totalTime":3704.1000000629574,"totalRelativeTime":"8.48%","numOfCalls":21002980,"avgTimePerCall":0.0001763606878672911},{"label":"NOT_MEASURED","totalTime":19665.199999703094,"totalRelativeTime":"45.06%","numOfCalls":0,"avgTimePerCall":19665.199999703094}],"visitedNodes":14026485,"iterations":[{"visitedNodes":37,"bound":2},{"visitedNodes":181,"bound":3},{"visitedNodes":877,"bound":4},{"visitedNodes":4237,"bound":5},{"visitedNodes":20461,"bound":6},{"visitedNodes":98797,"bound":7},{"visitedNodes":477037,"bound":8},{"visitedNodes":2303341,"bound":9},{"visitedNodes":11121517,"bound":10}]}}},{"label":"2x2","key":"IDA*","solution":{"rotations":[{"side":2,"counterClockwiseDirection":true,"layer":0},{"side":3,"counterClockwiseDirection":true,"layer":0},{"side":3,"counterClockwiseDirection":true,"layer":0},{"side":0,"counterClockwiseDirection":true,"layer":0},{"side":0,"counterClockwiseDirection":true,"layer":0},{"side":2,"counterClockwiseDirection":false,"layer":0},{"side":3,"counterClockwiseDirection":false,"layer":0},{"side":2,"counterClockwiseDirection":true,"layer":0},{"side":3,"counterClockwiseDirection":false,"layer":0},{"side":2,"counterClockwiseDirection":false,"layer":0},{"side":3,"counterClockwiseDirection":false,"layer":0}],"totalTime":32352.799999998882,"data":{"metrics":[{"label":"PERFORM_ROTATION","totalTime":15762.000000562519,"totalRelativeTime":"48.71%","numOfCalls":16029535,"avgTimePerCall":0.000983309871469292},{"label":"ADD_CANDIDATE","totalTime":2899.2000001631677,"totalRelativeTime":"8.96%","numOfCalls":16029535,"avgTimePerCall":0.00018086613243385835},{"label":"NOT_MEASURED","totalTime":13691.599999273196,"totalRelativeTime":"42.31%","numOfCalls":0,"avgTimePerCall":13691.599999273196}],"visitedNodes":1867578,"iterations":[{"visitedNodes":7,"bound":2},{"visitedNodes":53,"bound":3.25},{"visitedNodes":613,"bound":4.5},{"visitedNodes":4237,"bound":5.75},{"visitedNodes":21424,"bound":7},{"visitedNodes":155169,"bound":8.25},{"visitedNodes":1686075,"bound":9.5}]}}},{"label":"2x2","key":"SA","solution":{"rotations":[{"side":2,"counterClockwiseDirection":true,"layer":0},{"side":3,"counterClockwiseDirection":true,"layer":0},{"side":3,"counterClockwiseDirection":true,"layer":0},{"side":0,"counterClockwiseDirection":false,"layer":0},{"layer":0,"side":2,"counterClockwiseDirection":true},{"side":3,"counterClockwiseDirection":false,"layer":0},{"side":2,"counterClockwiseDirection":true,"layer":0},{"side":3,"counterClockwiseDirection":false,"layer":0},{"side":3,"counterClockwiseDirection":false,"layer":0},{"side":0,"counterClockwiseDirection":true,"layer":0},{"side":2,"counterClockwiseDirection":true,"layer":0}],"totalTime":238.59999999962747,"data":{"restartCounter":0,"iterations":22,"metrics":[{"label":"CHECK_SOLUTION","totalTime":11.099999997764826,"totalRelativeTime":"4.65%","numOfCalls":64890,"avgTimePerCall":0.00017105871471358955},{"label":"APPLYING_ROTATIONS","totalTime":71.2999999821186,"totalRelativeTime":"29.88%","numOfCalls":64881,"avgTimePerCall":0.0010989349729831322},{"label":"COMPUTE_ROTATION","totalTime":12.299999993294477,"totalRelativeTime":"5.15%","numOfCalls":64881,"avgTimePerCall":0.00018957784240832413},{"label":"CALCULATE_CITIZEN_SCORE","totalTime":28.000000020489097,"totalRelativeTime":"11.73%","numOfCalls":64881,"avgTimePerCall":0.00043155931660253535},{"label":"AGGREGATE_CURRENT_GENERATION","totalTime":0.2999999988824129,"totalRelativeTime":"0.12%","numOfCalls":2162,"avgTimePerCall":0.0001387604065136045},{"label":"CREATE_NEXT_GENERATION","totalTime":2.2000000085681677,"totalRelativeTime":"0.92%","numOfCalls":21,"avgTimePerCall":0.10476190516991275},{"label":"MEASUREMENT_OVERHEAD","totalTime":60.49999997019768,"totalRelativeTime":"25.35%","numOfCalls":0,"avgTimePerCall":60.49999997019768},{"label":"NOT_MEASURED","totalTime":52.900000028312206,"totalRelativeTime":"22.17%","numOfCalls":0,"avgTimePerCall":52.900000028312206}]}}},{"label":"2x2","key":"GA","solution":{"rotations":[{"side":2,"counterClockwiseDirection":true,"layer":0},{"side":3,"counterClockwiseDirection":false,"layer":0},{"side":3,"counterClockwiseDirection":false,"layer":0},{"side":0,"counterClockwiseDirection":false,"layer":0},{"side":2,"counterClockwiseDirection":true,"layer":0},{"side":3,"counterClockwiseDirection":true,"layer":0},{"side":0,"counterClockwiseDirection":false,"layer":0},{"side":3,"counterClockwiseDirection":false,"layer":0},{"side":2,"counterClockwiseDirection":false,"layer":0},{"side":0,"counterClockwiseDirection":false,"layer":0},{"side":3,"counterClockwiseDirection":false,"layer":0},{"side":2,"counterClockwiseDirection":false,"layer":0},{"side":3,"counterClockwiseDirection":false,"layer":0}],"totalTime":5731.699999999255,"data":{"armageddonCounter":0,"generations":608,"metrics":[{"label":"CHECK_SOLUTION","totalTime":299.7999999523163,"totalRelativeTime":"5.23%","numOfCalls":1822650,"avgTimePerCall":0.00016448577617881452},{"label":"APPLYING_ROTATIONS","totalTime":1770.000000083819,"totalRelativeTime":"30.88%","numOfCalls":1822635,"avgTimePerCall":0.0009711214807593507},{"label":"COMPUTE_GENE","totalTime":313.60000002384186,"totalRelativeTime":"5.47%","numOfCalls":1822635,"avgTimePerCall":0.00017205858552252199},{"label":"CALCULATE_CITIZEN_SCORE","totalTime":642.899999992922,"totalRelativeTime":"11.21%","numOfCalls":1822635,"avgTimePerCall":0.0003527310734145465},{"label":"AGGREGATE_CURRENT_GENERATION","totalTime":12.899999992921948,"totalRelativeTime":"0.22%","numOfCalls":60754,"avgTimePerCall":0.0002123316982078867},{"label":"CREATE_NEXT_GENERATION","totalTime":35.599999997764826,"totalRelativeTime":"0.62%","numOfCalls":607,"avgTimePerCall":0.058649093900765774},{"label":"MEASUREMENT_OVERHEAD","totalTime":1317.8000000193715,"totalRelativeTime":"22.99%","numOfCalls":0,"avgTimePerCall":1317.8000000193715},{"label":"NOT_MEASURED","totalTime":1339.0999999362975,"totalRelativeTime":"23.36%","numOfCalls":0,"avgTimePerCall":1339.0999999362975}]}}},{"label":"2x2","key":"WA*","solution":{"rotations":[{"side":2,"counterClockwiseDirection":true,"layer":0},{"side":2,"counterClockwiseDirection":true,"layer":0},{"side":3,"counterClockwiseDirection":true,"layer":0},{"side":0,"counterClockwiseDirection":false,"layer":0},{"side":3,"counterClockwiseDirection":true,"layer":0},{"side":0,"counterClockwiseDirection":true,"layer":0},{"side":0,"counterClockwiseDirection":true,"layer":0},{"side":3,"counterClockwiseDirection":false,"layer":0},{"side":3,"counterClockwiseDirection":false,"layer":0},{"side":0,"counterClockwiseDirection":false,"layer":0},{"side":3,"counterClockwiseDirection":false,"layer":0},{"side":0,"counterClockwiseDirection":true,"layer":0},{"side":3,"counterClockwiseDirection":true,"layer":0}],"totalTime":208.7999999988824,"data":{"metrics":[{"label":"ITERATIONS_COUNTER_INCREMENT","totalTime":3.800000002607703,"totalRelativeTime":"1.81%","numOfCalls":17704,"avgTimePerCall":0.00021464075929776905},{"label":"ABORTED_VERIFICATION","totalTime":2.000000001862645,"totalRelativeTime":"0.95%","numOfCalls":8852,"avgTimePerCall":0.00022593764142144658},{"label":"POP_CANDIDATE","totalTime":2.5000000037252903,"totalRelativeTime":"1.19%","numOfCalls":8852,"avgTimePerCall":0.00028242205193462387},{"label":"VISISTED_LIST_CHECK","totalTime":16.19999999552965,"totalRelativeTime":"7.75%","numOfCalls":48263,"avgTimePerCall":0.0003356608581217424},{"label":"CHECK_SOLUTION","totalTime":1.699999999254942,"totalRelativeTime":"0.81%","numOfCalls":8273,"avgTimePerCall":0.00020548773108363858},{"label":"ADD_TO_VISISTED_LIST_CHECK","totalTime":2.199999997392297,"totalRelativeTime":"1.05%","numOfCalls":8272,"avgTimePerCall":0.00026595744649326607},{"label":"PERFORM_ROTATION","totalTime":57.99999995343387,"totalRelativeTime":"27.77%","numOfCalls":39411,"avgTimePerCall":0.0014716703446609797},{"label":"HEURISTIC_CALCULATION","totalTime":25.00000001862645,"totalRelativeTime":"11.97%","numOfCalls":39411,"avgTimePerCall":0.0006343406667840565},{"label":"ADD_CANDIDATE","totalTime":7.7000000067055225,"totalRelativeTime":"3.68%","numOfCalls":38631,"avgTimePerCall":0.00019932178837476437},{"label":"BUILD_SOLUTION","totalTime":0.09999999962747097,"totalRelativeTime":"0.04%","numOfCalls":1,"avgTimePerCall":0.09999999962747097},{"label":"MEASUREMENT_OVERHEAD","totalTime":44.099999997764826,"totalRelativeTime":"21.12%","numOfCalls":0,"avgTimePerCall":44.099999997764826},{"label":"NOT_MEASURED","totalTime":45.50000002235174,"totalRelativeTime":"21.79%","numOfCalls":0,"avgTimePerCall":45.50000002235174}],"visitedNodes":8852,"differentNodes":8273}}},{"label":"2x2","key":"BiBFS","solution":{"rotations":[{"side":2,"counterClockwiseDirection":true,"layer":0},{"side":3,"counterClockwiseDirection":false,"layer":0},{"side":2,"counterClockwiseDirection":true,"layer":0},{"side":0,"counterClockwiseDirection":false,"layer":0},{"side":2,"counterClockwiseDirection":false,"layer":0},{"side":0,"counterClockwiseDirection":false,"layer":0},{"side":0,"counterClockwiseDirection":false,"layer":0},{"side":3,"counterClockwiseDirection":false,"layer":0},{"side":3,"counterClockwiseDirection":false,"layer":0},{"side":2,"counterClockwiseDirection":false,"layer":0},{"side":3,"counterClockwiseDirection":false,"layer":0}],"totalTime":125.79999999888241,"data":{"metrics":[{"label":"POP_CANDIDATE","totalTime":1.800000000745058,"totalRelativeTime":"1.43%","numOfCalls":9240,"avgTimePerCall":0.0001948051948858288},{"label":"VISISTED_LIST_CHECK","totalTime":13.599999999627471,"totalRelativeTime":"10.81%","numOfCalls":57041,"avgTimePerCall":0.0002384249925426881},{"label":"ADD_TO_VISISTED_LIST_CHECK","totalTime":1.8999999985098839,"totalRelativeTime":"1.51%","numOfCalls":8108,"avgTimePerCall":0.00023433645763565414},{"label":"PERFORM_ROTATION","totalTime":45.39999997988343,"totalRelativeTime":"36.08%","numOfCalls":39692,"avgTimePerCall":0.0011438073158289688},{"label":"ADD_CANDIDATE","totalTime":8.799999995157123,"totalRelativeTime":"6.99%","numOfCalls":38952,"avgTimePerCall":0.00022591907976887251},{"label":"MEASUREMENT_OVERHEAD","totalTime":28.100000023841858,"totalRelativeTime":"22.33%","numOfCalls":0,"avgTimePerCall":28.100000023841858},{"label":"NOT_MEASURED","totalTime":26.200000001117587,"totalRelativeTime":"20.82%","numOfCalls":0,"avgTimePerCall":26.200000001117587}],"iterations":4055,"visitedNodes":4055}}}]}