{"timestamp":1680987474244,"shuffle":"39:  U'   L'   R    U'   R    F'   L    B'   L'   B    R'   D'   F    U'   R'   D'   R    F    L'   B    R'   U'   L    D'   U'   L'   B'   U    F'   L    U    D'  2R    D    B'   R    L    U   ","solutions":[{"label":"2x2","key":"IDDFS","solution":{"rotations":[{"side":2,"counterClockwiseDirection":false,"layer":0},{"side":0,"counterClockwiseDirection":true,"layer":0},{"side":2,"counterClockwiseDirection":false,"layer":0},{"side":0,"counterClockwiseDirection":true,"layer":0},{"side":3,"counterClockwiseDirection":false,"layer":0},{"side":2,"counterClockwiseDirection":false,"layer":0},{"side":3,"counterClockwiseDirection":true,"layer":0},{"side":2,"counterClockwiseDirection":true,"layer":0},{"side":2,"counterClockwiseDirection":true,"layer":0},{"side":3,"counterClockwiseDirection":false,"layer":0},{"side":0,"counterClockwiseDirection":true,"layer":0}],"totalTime":77775.80000000075,"data":{"metrics":[{"label":"PERFORM_ROTATION","totalTime":33231.50000019744,"totalRelativeTime":"42.72%","numOfCalls":25030202,"avgTimePerCall":0.0013276560852444356},{"label":"ADD_CANDIDATE","totalTime":6086.79999987036,"totalRelativeTime":"7.82%","numOfCalls":25030202,"avgTimePerCall":0.00024317822124928756},{"label":"NOT_MEASURED","totalTime":38457.499999932945,"totalRelativeTime":"49.44%","numOfCalls":0,"avgTimePerCall":38457.499999932945}],"visitedNodes":14026485,"iterations":[{"visitedNodes":37,"bound":2},{"visitedNodes":181,"bound":3},{"visitedNodes":877,"bound":4},{"visitedNodes":4237,"bound":5},{"visitedNodes":20461,"bound":6},{"visitedNodes":98797,"bound":7},{"visitedNodes":477037,"bound":8},{"visitedNodes":2303341,"bound":9},{"visitedNodes":11121517,"bound":10}]}}},{"label":"2x2","key":"IDA*","solution":{"rotations":[{"side":2,"counterClockwiseDirection":false,"layer":0},{"side":0,"counterClockwiseDirection":true,"layer":0},{"side":2,"counterClockwiseDirection":false,"layer":0},{"side":0,"counterClockwiseDirection":true,"layer":0},{"side":3,"counterClockwiseDirection":false,"layer":0},{"side":2,"counterClockwiseDirection":false,"layer":0},{"side":3,"counterClockwiseDirection":true,"layer":0},{"side":2,"counterClockwiseDirection":true,"layer":0},{"side":2,"counterClockwiseDirection":true,"layer":0},{"side":3,"counterClockwiseDirection":false,"layer":0},{"side":0,"counterClockwiseDirection":true,"layer":0}],"totalTime":58822.89999999851,"data":{"metrics":[{"label":"PERFORM_ROTATION","totalTime":28316.100000210106,"totalRelativeTime":"48.13%","numOfCalls":20254524,"avgTimePerCall":0.0013980135993425522},{"label":"ADD_CANDIDATE","totalTime":5085.200000148267,"totalRelativeTime":"8.64%","numOfCalls":20254524,"avgTimePerCall":0.00025106489790371113},{"label":"NOT_MEASURED","totalTime":25421.599999640137,"totalRelativeTime":"43.21%","numOfCalls":0,"avgTimePerCall":25421.599999640137}],"visitedNodes":1909887,"iterations":[{"visitedNodes":7,"bound":2},{"visitedNodes":62,"bound":3.25},{"visitedNodes":714,"bound":4.5},{"visitedNodes":4237,"bound":5.75},{"visitedNodes":21530,"bound":7},{"visitedNodes":156195,"bound":8.25},{"visitedNodes":1727142,"bound":9.5}]}}},{"label":"2x2","key":"SA","solution":{"rotations":[{"side":0,"counterClockwiseDirection":false,"layer":0},{"side":2,"counterClockwiseDirection":true,"layer":0},{"side":2,"counterClockwiseDirection":true,"layer":0},{"side":0,"counterClockwiseDirection":false,"layer":0},{"side":3,"counterClockwiseDirection":false,"layer":0},{"side":3,"counterClockwiseDirection":false,"layer":0},{"side":0,"counterClockwiseDirection":false,"layer":0},{"side":3,"counterClockwiseDirection":true,"layer":0},{"side":3,"counterClockwiseDirection":true,"layer":0},{"side":2,"counterClockwiseDirection":true,"layer":0},{"side":3,"counterClockwiseDirection":true,"layer":0},{"side":0,"counterClockwiseDirection":true,"layer":0},{"side":2,"counterClockwiseDirection":false,"layer":0},{"side":3,"counterClockwiseDirection":true,"layer":0},{"side":0,"counterClockwiseDirection":false,"layer":0}],"totalTime":132229.30000000075,"data":{"restartCounter":2,"iterations":12373,"metrics":[{"label":"CHECK_SOLUTION","totalTime":6994.09999993816,"totalRelativeTime":"5.28%","numOfCalls":37118310,"avgTimePerCall":0.00018842722095747786},{"label":"APPLYING_ROTATIONS","totalTime":40965.19999815896,"totalRelativeTime":"30.98%","numOfCalls":37118299,"avgTimePerCall":0.001103638935560031},{"label":"COMPUTE_ROTATION","totalTime":7169.600000467151,"totalRelativeTime":"5.42%","numOfCalls":37118299,"avgTimePerCall":0.00019315540295817844},{"label":"CALCULATE_CITIZEN_SCORE","totalTime":14811.300000198185,"totalRelativeTime":"11.2%","numOfCalls":37118299,"avgTimePerCall":0.0003990295999339352},{"label":"AGGREGATE_CURRENT_GENERATION","totalTime":242.39999992772937,"totalRelativeTime":"0.18%","numOfCalls":1237276,"avgTimePerCall":0.00019591425027861963},{"label":"CREATE_NEXT_GENERATION","totalTime":817.4000000469387,"totalRelativeTime":"0.61%","numOfCalls":12372,"avgTimePerCall":0.06606854187252979},{"label":"MEASUREMENT_OVERHEAD","totalTime":31183.59999954328,"totalRelativeTime":"23.58%","numOfCalls":0,"avgTimePerCall":31183.59999954328},{"label":"NOT_MEASURED","totalTime":30045.70000172034,"totalRelativeTime":"22.72%","numOfCalls":0,"avgTimePerCall":30045.70000172034}]}}},{"label":"2x2","key":"GA","solution":{"rotations":[{"layer":0,"side":0,"counterClockwiseDirection":true},{"side":3,"counterClockwiseDirection":false,"layer":0},{"side":2,"counterClockwiseDirection":false,"layer":0},{"side":0,"counterClockwiseDirection":false,"layer":0},{"side":0,"counterClockwiseDirection":false,"layer":0},{"side":2,"counterClockwiseDirection":true,"layer":0},{"side":0,"counterClockwiseDirection":false,"layer":0},{"side":2,"counterClockwiseDirection":true,"layer":0},{"side":3,"counterClockwiseDirection":false,"layer":0},{"side":3,"counterClockwiseDirection":false,"layer":0},{"side":0,"counterClockwiseDirection":true,"layer":0},{"side":3,"counterClockwiseDirection":true,"layer":0},{"side":0,"counterClockwiseDirection":true,"layer":0}],"totalTime":51337.79999999702,"data":{"armageddonCounter":0,"generations":3845,"metrics":[{"label":"CHECK_SOLUTION","totalTime":2659.8000000715256,"totalRelativeTime":"5.18%","numOfCalls":11532150,"avgTimePerCall":0.0002306421612684127},{"label":"APPLYING_ROTATIONS","totalTime":16156.800000246614,"totalRelativeTime":"31.47%","numOfCalls":11532141,"avgTimePerCall":0.001401023452648265},{"label":"COMPUTE_GENE","totalTime":2791.899999383837,"totalRelativeTime":"5.43%","numOfCalls":11532141,"avgTimePerCall":0.0002420972826627629},{"label":"CALCULATE_CITIZEN_SCORE","totalTime":5775.0000003241,"totalRelativeTime":"11.24%","numOfCalls":11532141,"avgTimePerCall":0.0005007743141819112},{"label":"AGGREGATE_CURRENT_GENERATION","totalTime":92.49999996647239,"totalRelativeTime":"0.18%","numOfCalls":384404,"avgTimePerCall":0.00024063225139819665},{"label":"CREATE_NEXT_GENERATION","totalTime":308.40000004693866,"totalRelativeTime":"0.6%","numOfCalls":3844,"avgTimePerCall":0.08022892821200277},{"label":"MEASUREMENT_OVERHEAD","totalTime":11741.300000198185,"totalRelativeTime":"22.87%","numOfCalls":0,"avgTimePerCall":11741.300000198185},{"label":"NOT_MEASURED","totalTime":11812.099999759346,"totalRelativeTime":"23%","numOfCalls":0,"avgTimePerCall":11812.099999759346}]}}},{"label":"2x2","key":"WA*","solution":{"rotations":[{"side":3,"counterClockwiseDirection":false,"layer":0},{"side":3,"counterClockwiseDirection":false,"layer":0},{"side":0,"counterClockwiseDirection":true,"layer":0},{"side":3,"counterClockwiseDirection":true,"layer":0},{"side":0,"counterClockwiseDirection":true,"layer":0},{"side":2,"counterClockwiseDirection":false,"layer":0},{"side":0,"counterClockwiseDirection":false,"layer":0},{"side":2,"counterClockwiseDirection":false,"layer":0},{"side":0,"counterClockwiseDirection":false,"layer":0},{"side":2,"counterClockwiseDirection":true,"layer":0},{"side":3,"counterClockwiseDirection":false,"layer":0},{"side":0,"counterClockwiseDirection":true,"layer":0},{"side":3,"counterClockwiseDirection":false,"layer":0}],"totalTime":1513.0999999977648,"data":{"metrics":[{"label":"ITERATIONS_COUNTER_INCREMENT","totalTime":24.00000000745058,"totalRelativeTime":"1.58%","numOfCalls":128220,"avgTimePerCall":0.00018717828737677882},{"label":"ABORTED_VERIFICATION","totalTime":14.700000021606684,"totalRelativeTime":"0.97%","numOfCalls":64110,"avgTimePerCall":0.0002292934023023972},{"label":"POP_CANDIDATE","totalTime":31.099999975413084,"totalRelativeTime":"2.05%","numOfCalls":64110,"avgTimePerCall":0.00048510372758404436},{"label":"VISISTED_LIST_CHECK","totalTime":126.09999996423721,"totalRelativeTime":"8.33%","numOfCalls":346778,"avgTimePerCall":0.00036363321769038756},{"label":"CHECK_SOLUTION","totalTime":11.299999997019768,"totalRelativeTime":"0.74%","numOfCalls":59208,"avgTimePerCall":0.0001908525874378423},{"label":"ADD_TO_VISISTED_LIST_CHECK","totalTime":14.30000001564622,"totalRelativeTime":"0.94%","numOfCalls":59207,"avgTimePerCall":0.0002415254955604273},{"label":"PERFORM_ROTATION","totalTime":376.1000000052154,"totalRelativeTime":"24.85%","numOfCalls":282668,"avgTimePerCall":0.0013305361767345983},{"label":"HEURISTIC_CALCULATION","totalTime":138.99999999254942,"totalRelativeTime":"9.18%","numOfCalls":282668,"avgTimePerCall":0.0004917429634502293},{"label":"ADD_CANDIDATE","totalTime":64.3000000976026,"totalRelativeTime":"4.24%","numOfCalls":273027,"avgTimePerCall":0.00023550784390409228},{"label":"BUILD_SOLUTION","totalTime":0.09999999776482582,"totalRelativeTime":"0%","numOfCalls":1,"avgTimePerCall":0.09999999776482582},{"label":"MEASUREMENT_OVERHEAD","totalTime":347.50000006332994,"totalRelativeTime":"22.96%","numOfCalls":0,"avgTimePerCall":347.50000006332994},{"label":"NOT_MEASURED","totalTime":364.5999998599291,"totalRelativeTime":"24.09%","numOfCalls":0,"avgTimePerCall":364.5999998599291}],"visitedNodes":64110,"differentNodes":59208}}},{"label":"2x2","key":"BiBFS","solution":{"rotations":[{"side":2,"counterClockwiseDirection":false,"layer":0},{"side":0,"counterClockwiseDirection":true,"layer":0},{"side":0,"counterClockwiseDirection":true,"layer":0},{"side":3,"counterClockwiseDirection":false,"layer":0},{"side":2,"counterClockwiseDirection":false,"layer":0},{"side":2,"counterClockwiseDirection":false,"layer":0},{"side":3,"counterClockwiseDirection":true,"layer":0},{"side":2,"counterClockwiseDirection":false,"layer":0},{"side":3,"counterClockwiseDirection":false,"layer":0},{"side":0,"counterClockwiseDirection":true,"layer":0},{"side":3,"counterClockwiseDirection":false,"layer":0}],"totalTime":169.09999999776483,"data":{"metrics":[{"label":"POP_CANDIDATE","totalTime":2.2000000029802322,"totalRelativeTime":"1.3%","numOfCalls":8604,"avgTimePerCall":0.0002556950259158801},{"label":"VISISTED_LIST_CHECK","totalTime":16.299999970942736,"totalRelativeTime":"9.63%","numOfCalls":53163,"avgTimePerCall":0.000306604216672173},{"label":"ADD_TO_VISISTED_LIST_CHECK","totalTime":2.699999999254942,"totalRelativeTime":"1.59%","numOfCalls":7558,"avgTimePerCall":0.0003572373642835329},{"label":"PERFORM_ROTATION","totalTime":51.80000003427267,"totalRelativeTime":"30.63%","numOfCalls":37000,"avgTimePerCall":0.0014000000009262883},{"label":"ADD_CANDIDATE","totalTime":11.299999974668026,"totalRelativeTime":"6.68%","numOfCalls":36358,"avgTimePerCall":0.0003107981730201888},{"label":"MEASUREMENT_OVERHEAD","totalTime":45.40000003948808,"totalRelativeTime":"26.84%","numOfCalls":0,"avgTimePerCall":45.40000003948808},{"label":"NOT_MEASURED","totalTime":39.39999997615814,"totalRelativeTime":"23.29%","numOfCalls":0,"avgTimePerCall":39.39999997615814}],"iterations":3780,"visitedNodes":3780}}}]}