{"timestamp":1680890749584,"shuffle":"38:  L    D'  2F    L    B    F    B'   D'   U'   R    L'   U   2B    L    R'   D'   B    R    B    U    B'   D'   U    B'  2F   2D    B'   D   2U    R    D'   R'   U   ","solutions":[{"label":"2x2","key":"IDDFS","solution":{"rotations":[{"side":2,"counterClockwiseDirection":true,"layer":0},{"side":0,"counterClockwiseDirection":true,"layer":0},{"side":0,"counterClockwiseDirection":true,"layer":0},{"side":2,"counterClockwiseDirection":true,"layer":0},{"side":3,"counterClockwiseDirection":false,"layer":0},{"side":0,"counterClockwiseDirection":true,"layer":0},{"side":2,"counterClockwiseDirection":false,"layer":0},{"side":3,"counterClockwiseDirection":false,"layer":0},{"side":0,"counterClockwiseDirection":false,"layer":0},{"side":2,"counterClockwiseDirection":true,"layer":0}],"totalTime":12540.5,"data":{"metrics":[{"label":"PERFORM_ROTATION","totalTime":5428.699997633696,"totalRelativeTime":"43.28%","numOfCalls":3396776,"avgTimePerCall":0.0015981919318888544},{"label":"ADD_CANDIDATE","totalTime":939.4000016152859,"totalRelativeTime":"7.49%","numOfCalls":3396776,"avgTimePerCall":0.0002765563586222011},{"label":"NOT_MEASURED","totalTime":6172.4000007510185,"totalRelativeTime":"49.21%","numOfCalls":0,"avgTimePerCall":6172.4000007510185}],"visitedNodes":2904968,"iterations":[{"visitedNodes":37,"bound":2},{"visitedNodes":181,"bound":3},{"visitedNodes":877,"bound":4},{"visitedNodes":4237,"bound":5},{"visitedNodes":20461,"bound":6},{"visitedNodes":98797,"bound":7},{"visitedNodes":477037,"bound":8},{"visitedNodes":2303341,"bound":9}]}}},{"label":"2x2","key":"IDA*","solution":{"rotations":[{"side":2,"counterClockwiseDirection":true,"layer":0},{"side":0,"counterClockwiseDirection":true,"layer":0},{"side":0,"counterClockwiseDirection":true,"layer":0},{"side":2,"counterClockwiseDirection":true,"layer":0},{"side":3,"counterClockwiseDirection":false,"layer":0},{"side":0,"counterClockwiseDirection":true,"layer":0},{"side":2,"counterClockwiseDirection":false,"layer":0},{"side":3,"counterClockwiseDirection":false,"layer":0},{"side":0,"counterClockwiseDirection":false,"layer":0},{"side":2,"counterClockwiseDirection":true,"layer":0}],"totalTime":34542.80000001192,"data":{"metrics":[{"label":"PERFORM_ROTATION","totalTime":16938.200004547834,"totalRelativeTime":"49.03%","numOfCalls":11748744,"avgTimePerCall":0.001441703045410457},{"label":"ADD_CANDIDATE","totalTime":2899.6999980807304,"totalRelativeTime":"8.39%","numOfCalls":11748744,"avgTimePerCall":0.00024680936090536404},{"label":"NOT_MEASURED","totalTime":14704.899997383356,"totalRelativeTime":"42.57%","numOfCalls":0,"avgTimePerCall":14704.899997383356}],"visitedNodes":1938425,"iterations":[{"visitedNodes":7,"bound":2},{"visitedNodes":77,"bound":3.25},{"visitedNodes":694,"bound":4.5},{"visitedNodes":4270,"bound":5.75},{"visitedNodes":22348,"bound":7},{"visitedNodes":165702,"bound":8.25},{"visitedNodes":1745327,"bound":9.5}]}}},{"label":"2x2","key":"GA","solution":{"rotations":[{"layer":0,"side":0,"counterClockwiseDirection":true},{"side":3,"counterClockwiseDirection":true,"layer":0},{"side":0,"counterClockwiseDirection":false,"layer":0},{"side":3,"counterClockwiseDirection":true,"layer":0},{"layer":0,"side":0,"counterClockwiseDirection":true},{"side":3,"counterClockwiseDirection":false,"layer":0},{"side":0,"counterClockwiseDirection":true,"layer":0},{"side":2,"counterClockwiseDirection":false,"layer":0},{"side":3,"counterClockwiseDirection":false,"layer":0},{"side":2,"counterClockwiseDirection":true,"layer":0},{"side":2,"counterClockwiseDirection":true,"layer":0},{"side":0,"counterClockwiseDirection":true,"layer":0},{"side":3,"counterClockwiseDirection":false,"layer":0},{"side":0,"counterClockwiseDirection":true,"layer":0}],"totalTime":61186.90000000596,"data":{"armageddonCounter":1,"generations":5295,"metrics":[{"label":"CHECK_SOLUTION","totalTime":3229.500000268221,"totalRelativeTime":"5.27%","numOfCalls":15879150,"avgTimePerCall":0.0002033799038530539},{"label":"APPLYING_ROTATIONS","totalTime":19610.300003916025,"totalRelativeTime":"32.04%","numOfCalls":15879146,"avgTimePerCall":0.001234971956547035},{"label":"COMPUTE_GENE","totalTime":3338.199995070696,"totalRelativeTime":"5.45%","numOfCalls":15879146,"avgTimePerCall":0.00021022541105615477},{"label":"CALCULATE_CITIZEN_SCORE","totalTime":6789.399999856949,"totalRelativeTime":"11.09%","numOfCalls":15879146,"avgTimePerCall":0.00042756707444197245},{"label":"AGGREGATE_CURRENT_GENERATION","totalTime":122.60000085830688,"totalRelativeTime":"0.2%","numOfCalls":529304,"avgTimePerCall":0.00023162492793991145},{"label":"CREATE_NEXT_GENERATION","totalTime":355.7999996840954,"totalRelativeTime":"0.58%","numOfCalls":5293,"avgTimePerCall":0.06722085767694981},{"label":"MEASUREMENT_OVERHEAD","totalTime":13819.300007402897,"totalRelativeTime":"22.58%","numOfCalls":0,"avgTimePerCall":13819.300007402897},{"label":"NOT_MEASURED","totalTime":13921.79999294877,"totalRelativeTime":"22.75%","numOfCalls":0,"avgTimePerCall":13921.79999294877}]}}},{"label":"2x2","key":"SA","solution":{"rotations":[{"side":3,"counterClockwiseDirection":true,"layer":0},{"side":2,"counterClockwiseDirection":true,"layer":0},{"side":3,"counterClockwiseDirection":true,"layer":0},{"side":3,"counterClockwiseDirection":true,"layer":0},{"side":0,"counterClockwiseDirection":false,"layer":0},{"side":3,"counterClockwiseDirection":false,"layer":0},{"side":0,"counterClockwiseDirection":true,"layer":0},{"layer":0,"side":2,"counterClockwiseDirection":false},{"side":3,"counterClockwiseDirection":false,"layer":0},{"side":2,"counterClockwiseDirection":false,"layer":0},{"side":2,"counterClockwiseDirection":false,"layer":0},{"side":0,"counterClockwiseDirection":true,"layer":0},{"side":0,"counterClockwiseDirection":true,"layer":0},{"side":3,"counterClockwiseDirection":false,"layer":0},{"side":3,"counterClockwiseDirection":false,"layer":0},{"side":0,"counterClockwiseDirection":false,"layer":0},{"side":2,"counterClockwiseDirection":false,"layer":0},{"side":3,"counterClockwiseDirection":true,"layer":0}],"totalTime":25954,"data":{"restartCounter":0,"iterations":1838,"metrics":[{"label":"CHECK_SOLUTION","totalTime":1369.300001680851,"totalRelativeTime":"5.27%","numOfCalls":5512410,"avgTimePerCall":0.0002484031488370515},{"label":"APPLYING_ROTATIONS","totalTime":8195.60000127554,"totalRelativeTime":"31.57%","numOfCalls":5512408,"avgTimePerCall":0.0014867549719243458},{"label":"COMPUTE_ROTATION","totalTime":1422.699999153614,"totalRelativeTime":"5.48%","numOfCalls":5512408,"avgTimePerCall":0.0002580904750072226},{"label":"CALCULATE_CITIZEN_SCORE","totalTime":2873.1000021100044,"totalRelativeTime":"11.06%","numOfCalls":5512408,"avgTimePerCall":0.0005212059778793595},{"label":"AGGREGATE_CURRENT_GENERATION","totalTime":50.09999969601631,"totalRelativeTime":"0.19%","numOfCalls":183746,"avgTimePerCall":0.0002726589950040616},{"label":"CREATE_NEXT_GENERATION","totalTime":166.50000068545341,"totalRelativeTime":"0.64%","numOfCalls":1837,"avgTimePerCall":0.09063690837531486},{"label":"MEASUREMENT_OVERHEAD","totalTime":5834.299998730421,"totalRelativeTime":"22.47%","numOfCalls":0,"avgTimePerCall":5834.299998730421},{"label":"NOT_MEASURED","totalTime":6042.3999966681,"totalRelativeTime":"23.28%","numOfCalls":0,"avgTimePerCall":6042.3999966681}]}}},{"label":"2x2","key":"WA*","solution":{"rotations":[{"side":0,"counterClockwiseDirection":true,"layer":0},{"side":2,"counterClockwiseDirection":true,"layer":0},{"side":3,"counterClockwiseDirection":true,"layer":0},{"side":2,"counterClockwiseDirection":false,"layer":0},{"side":2,"counterClockwiseDirection":false,"layer":0},{"side":3,"counterClockwiseDirection":false,"layer":0},{"side":2,"counterClockwiseDirection":true,"layer":0},{"side":3,"counterClockwiseDirection":false,"layer":0},{"side":0,"counterClockwiseDirection":true,"layer":0},{"side":2,"counterClockwiseDirection":false,"layer":0},{"side":3,"counterClockwiseDirection":true,"layer":0},{"side":2,"counterClockwiseDirection":true,"layer":0},{"side":0,"counterClockwiseDirection":false,"layer":0},{"side":0,"counterClockwiseDirection":false,"layer":0},{"side":2,"counterClockwiseDirection":false,"layer":0},{"side":0,"counterClockwiseDirection":false,"layer":0},{"side":2,"counterClockwiseDirection":true,"layer":0},{"side":0,"counterClockwiseDirection":true,"layer":0}],"totalTime":3961.4000000059605,"data":{"metrics":[{"label":"ITERATIONS_COUNTER_INCREMENT","totalTime":69.60000029206276,"totalRelativeTime":"1.75%","numOfCalls":290522,"avgTimePerCall":0.00023956877720813832},{"label":"ABORTED_VERIFICATION","totalTime":34.99999985098839,"totalRelativeTime":"0.88%","numOfCalls":145261,"avgTimePerCall":0.00024094560722415781},{"label":"POP_CANDIDATE","totalTime":87.20000007748604,"totalRelativeTime":"2.2%","numOfCalls":145261,"avgTimePerCall":0.0006002987730876563},{"label":"VISISTED_LIST_CHECK","totalTime":377.7000000476837,"totalRelativeTime":"9.53%","numOfCalls":763832,"avgTimePerCall":0.0004944804617346271},{"label":"CHECK_SOLUTION","totalTime":30.800000071525574,"totalRelativeTime":"0.77%","numOfCalls":129452,"avgTimePerCall":0.00023792602718788103},{"label":"ADD_TO_VISISTED_LIST_CHECK","totalTime":43.79999989271164,"totalRelativeTime":"1.1%","numOfCalls":129451,"avgTimePerCall":0.0003383519624623343},{"label":"PERFORM_ROTATION","totalTime":989.200000166893,"totalRelativeTime":"24.97%","numOfCalls":618571,"avgTimePerCall":0.001599169699463591},{"label":"HEURISTIC_CALCULATION","totalTime":344.9999994933605,"totalRelativeTime":"8.7%","numOfCalls":618571,"avgTimePerCall":0.0005577371061581621},{"label":"ADD_CANDIDATE","totalTime":184.10000026226044,"totalRelativeTime":"4.64%","numOfCalls":588411,"avgTimePerCall":0.0003128765442220836},{"label":"BUILD_SOLUTION","totalTime":0,"totalRelativeTime":"0%","numOfCalls":1,"avgTimePerCall":0},{"label":"MEASUREMENT_OVERHEAD","totalTime":870.4000005126,"totalRelativeTime":"21.97%","numOfCalls":0,"avgTimePerCall":870.4000005126},{"label":"NOT_MEASURED","totalTime":928.5999993383884,"totalRelativeTime":"23.44%","numOfCalls":0,"avgTimePerCall":928.5999993383884}],"visitedNodes":145261,"differentNodes":129452}}},{"label":"2x2","key":"BiBFS","solution":{"rotations":[{"side":2,"counterClockwiseDirection":true,"layer":0},{"side":0,"counterClockwiseDirection":true,"layer":0},{"side":0,"counterClockwiseDirection":true,"layer":0},{"side":2,"counterClockwiseDirection":true,"layer":0},{"side":3,"counterClockwiseDirection":false,"layer":0},{"side":0,"counterClockwiseDirection":true,"layer":0},{"side":2,"counterClockwiseDirection":false,"layer":0},{"side":3,"counterClockwiseDirection":false,"layer":0},{"side":0,"counterClockwiseDirection":false,"layer":0},{"side":2,"counterClockwiseDirection":true,"layer":0}],"totalTime":161.10000002384186,"data":{"metrics":[{"label":"POP_CANDIDATE","totalTime":1.3000000417232513,"totalRelativeTime":"0.8%","numOfCalls":6390,"avgTimePerCall":0.00020344288602867783},{"label":"VISISTED_LIST_CHECK","totalTime":16.09999978542328,"totalRelativeTime":"9.99%","numOfCalls":39409,"avgTimePerCall":0.00040853611574572505},{"label":"ADD_TO_VISISTED_LIST_CHECK","totalTime":0.8999999761581421,"totalRelativeTime":"0.55%","numOfCalls":5600,"avgTimePerCall":0.0001607142814568111},{"label":"PERFORM_ROTATION","totalTime":71.40000006556511,"totalRelativeTime":"44.32%","numOfCalls":27418,"avgTimePerCall":0.002604128676984649},{"label":"ADD_CANDIDATE","totalTime":7.500000029802322,"totalRelativeTime":"4.65%","numOfCalls":27178,"avgTimePerCall":0.0002759584969387859},{"label":"MEASUREMENT_OVERHEAD","totalTime":32.79999998211861,"totalRelativeTime":"20.36%","numOfCalls":0,"avgTimePerCall":32.79999998211861},{"label":"NOT_MEASURED","totalTime":31.100000143051147,"totalRelativeTime":"19.3%","numOfCalls":0,"avgTimePerCall":31.100000143051147}],"iterations":2801,"visitedNodes":2801}}}]}