{"timestamp":1680908897314,"shuffle":"37:  L'   R    U'   L    D   2L   2U   2L    B    U    F    B    L'   B    F    B'   D'   F'   R'   F'   D   2U    L'   F    B    U    R    F    B    R   2U    B'  ","solutions":[{"label":"2x2","key":"IDDFS","solution":{"rotations":[{"side":3,"counterClockwiseDirection":true,"layer":0},{"side":2,"counterClockwiseDirection":true,"layer":0},{"side":3,"counterClockwiseDirection":false,"layer":0},{"side":0,"counterClockwiseDirection":false,"layer":0},{"side":3,"counterClockwiseDirection":true,"layer":0},{"side":0,"counterClockwiseDirection":false,"layer":0},{"side":2,"counterClockwiseDirection":true,"layer":0},{"side":3,"counterClockwiseDirection":false,"layer":0},{"side":2,"counterClockwiseDirection":false,"layer":0},{"side":0,"counterClockwiseDirection":true,"layer":0},{"side":2,"counterClockwiseDirection":false,"layer":0}],"totalTime":153241.90000000596,"data":{"metrics":[{"label":"PERFORM_ROTATION","totalTime":72480.3999839127,"totalRelativeTime":"47.29%","numOfCalls":51591743,"avgTimePerCall":0.001404883723039028},{"label":"ADD_CANDIDATE","totalTime":12830.79999306798,"totalRelativeTime":"8.37%","numOfCalls":51591743,"avgTimePerCall":0.00024869871120787644},{"label":"NOT_MEASURED","totalTime":67930.70002302527,"totalRelativeTime":"44.32%","numOfCalls":0,"avgTimePerCall":67930.70002302527}],"visitedNodes":14026485,"iterations":[{"visitedNodes":37,"bound":2},{"visitedNodes":181,"bound":3},{"visitedNodes":877,"bound":4},{"visitedNodes":4237,"bound":5},{"visitedNodes":20461,"bound":6},{"visitedNodes":98797,"bound":7},{"visitedNodes":477037,"bound":8},{"visitedNodes":2303341,"bound":9},{"visitedNodes":11121517,"bound":10}]}}},{"label":"2x2","key":"IDA*","solution":{"rotations":[{"side":3,"counterClockwiseDirection":true,"layer":0},{"side":2,"counterClockwiseDirection":true,"layer":0},{"side":3,"counterClockwiseDirection":false,"layer":0},{"side":0,"counterClockwiseDirection":false,"layer":0},{"side":3,"counterClockwiseDirection":true,"layer":0},{"side":0,"counterClockwiseDirection":false,"layer":0},{"side":2,"counterClockwiseDirection":true,"layer":0},{"side":3,"counterClockwiseDirection":false,"layer":0},{"side":2,"counterClockwiseDirection":false,"layer":0},{"side":0,"counterClockwiseDirection":true,"layer":0},{"side":2,"counterClockwiseDirection":false,"layer":0}],"totalTime":138047.59999999404,"data":{"metrics":[{"label":"PERFORM_ROTATION","totalTime":69666.10000044107,"totalRelativeTime":"50.46%","numOfCalls":47047876,"avgTimePerCall":0.0014807490990760364},{"label":"ADD_CANDIDATE","totalTime":11954.100003004074,"totalRelativeTime":"8.65%","numOfCalls":47047876,"avgTimePerCall":0.00025408373383325686},{"label":"NOT_MEASURED","totalTime":56427.39999654889,"totalRelativeTime":"40.87%","numOfCalls":0,"avgTimePerCall":56427.39999654889}],"visitedNodes":1932828,"iterations":[{"visitedNodes":7,"bound":2},{"visitedNodes":65,"bound":3.25},{"visitedNodes":671,"bound":4.5},{"visitedNodes":4255,"bound":5.75},{"visitedNodes":21858,"bound":7},{"visitedNodes":162305,"bound":8.25},{"visitedNodes":1743667,"bound":9.5}]}}},{"label":"2x2","key":"SA","solution":{"rotations":[{"side":2,"counterClockwiseDirection":true,"layer":0},{"side":3,"counterClockwiseDirection":true,"layer":0},{"side":2,"counterClockwiseDirection":false,"layer":0},{"side":0,"counterClockwiseDirection":false,"layer":0},{"side":0,"counterClockwiseDirection":false,"layer":0},{"side":3,"counterClockwiseDirection":true,"layer":0},{"side":0,"counterClockwiseDirection":false,"layer":0},{"side":2,"counterClockwiseDirection":false,"layer":0},{"side":0,"counterClockwiseDirection":false,"layer":0},{"side":3,"counterClockwiseDirection":false,"layer":0},{"side":0,"counterClockwiseDirection":false,"layer":0},{"side":2,"counterClockwiseDirection":false,"layer":0},{"side":0,"counterClockwiseDirection":false,"layer":0},{"side":2,"counterClockwiseDirection":true,"layer":0},{"side":0,"counterClockwiseDirection":true,"layer":0},{"side":2,"counterClockwiseDirection":true,"layer":0},{"side":3,"counterClockwiseDirection":true,"layer":0},{"side":0,"counterClockwiseDirection":false,"layer":0},{"side":3,"counterClockwiseDirection":false,"layer":0},{"side":0,"counterClockwiseDirection":false,"layer":0},{"side":2,"counterClockwiseDirection":false,"layer":0},{"side":3,"counterClockwiseDirection":true,"layer":0},{"side":3,"counterClockwiseDirection":true,"layer":0},{"side":2,"counterClockwiseDirection":false,"layer":0},{"side":2,"counterClockwiseDirection":false,"layer":0}],"totalTime":91762.59999999404,"data":{"restartCounter":1,"iterations":5988,"metrics":[{"label":"CHECK_SOLUTION","totalTime":4947.700002402067,"totalRelativeTime":"5.39%","numOfCalls":17962530,"avgTimePerCall":0.0002754456082969419},{"label":"APPLYING_ROTATIONS","totalTime":28584.099997252226,"totalRelativeTime":"31.15%","numOfCalls":17962529,"avgTimePerCall":0.0015913182379414517},{"label":"COMPUTE_ROTATION","totalTime":5040.3000010848045,"totalRelativeTime":"5.49%","numOfCalls":17962529,"avgTimePerCall":0.00028060079964713235},{"label":"CALCULATE_CITIZEN_SCORE","totalTime":10200.400000542402,"totalRelativeTime":"11.11%","numOfCalls":17962529,"avgTimePerCall":0.0005678710386795981},{"label":"AGGREGATE_CURRENT_GENERATION","totalTime":178.200000166893,"totalRelativeTime":"0.19%","numOfCalls":598750,"avgTimePerCall":0.00029762004203238914},{"label":"CREATE_NEXT_GENERATION","totalTime":512.3999993801117,"totalRelativeTime":"0.55%","numOfCalls":5987,"avgTimePerCall":0.08558543500586466},{"label":"MEASUREMENT_OVERHEAD","totalTime":20966.300006955862,"totalRelativeTime":"22.84%","numOfCalls":0,"avgTimePerCall":20966.300006955862},{"label":"NOT_MEASURED","totalTime":21333.199992209673,"totalRelativeTime":"23.24%","numOfCalls":0,"avgTimePerCall":21333.199992209673}]}}},{"label":"2x2","key":"GA","solution":{"rotations":[{"side":3,"counterClockwiseDirection":true,"layer":0},{"side":2,"counterClockwiseDirection":true,"layer":0},{"side":3,"counterClockwiseDirection":false,"layer":0},{"side":0,"counterClockwiseDirection":false,"layer":0},{"side":3,"counterClockwiseDirection":true,"layer":0},{"side":3,"counterClockwiseDirection":true,"layer":0},{"side":0,"counterClockwiseDirection":true,"layer":0},{"side":3,"counterClockwiseDirection":false,"layer":0},{"side":2,"counterClockwiseDirection":true,"layer":0},{"side":3,"counterClockwiseDirection":true,"layer":0},{"side":0,"counterClockwiseDirection":false,"layer":0},{"side":2,"counterClockwiseDirection":false,"layer":0},{"side":3,"counterClockwiseDirection":false,"layer":0},{"side":0,"counterClockwiseDirection":false,"layer":0},{"side":3,"counterClockwiseDirection":false,"layer":0},{"side":2,"counterClockwiseDirection":false,"layer":0},{"side":0,"counterClockwiseDirection":false,"layer":0},{"side":2,"counterClockwiseDirection":false,"layer":0},{"side":3,"counterClockwiseDirection":false,"layer":0}],"totalTime":51872.69999998808,"data":{"armageddonCounter":0,"generations":3271,"metrics":[{"label":"CHECK_SOLUTION","totalTime":2741.399998188019,"totalRelativeTime":"5.28%","numOfCalls":9812040,"avgTimePerCall":0.00027939144135042445},{"label":"APPLYING_ROTATIONS","totalTime":16256.999995678663,"totalRelativeTime":"31.34%","numOfCalls":9812033,"avgTimePerCall":0.0016568431838415814},{"label":"COMPUTE_GENE","totalTime":2819.3000007867813,"totalRelativeTime":"5.43%","numOfCalls":9812033,"avgTimePerCall":0.0002873308722857721},{"label":"CALCULATE_CITIZEN_SCORE","totalTime":5821.000000834465,"totalRelativeTime":"11.22%","numOfCalls":9812033,"avgTimePerCall":0.0005932511642423609},{"label":"AGGREGATE_CURRENT_GENERATION","totalTime":102.20000010728836,"totalRelativeTime":"0.19%","numOfCalls":327067,"avgTimePerCall":0.00031247420286145764},{"label":"CREATE_NEXT_GENERATION","totalTime":306.20000064373016,"totalRelativeTime":"0.59%","numOfCalls":3270,"avgTimePerCall":0.09363914392774622},{"label":"MEASUREMENT_OVERHEAD","totalTime":11823.4000017941,"totalRelativeTime":"22.79%","numOfCalls":0,"avgTimePerCall":11823.4000017941},{"label":"NOT_MEASURED","totalTime":12002.200001955032,"totalRelativeTime":"23.13%","numOfCalls":0,"avgTimePerCall":12002.200001955032}]}}},{"label":"2x2","key":"WA*","solution":{"rotations":[{"side":0,"counterClockwiseDirection":true,"layer":0},{"side":2,"counterClockwiseDirection":false,"layer":0},{"side":0,"counterClockwiseDirection":true,"layer":0},{"side":2,"counterClockwiseDirection":true,"layer":0},{"side":3,"counterClockwiseDirection":true,"layer":0},{"side":2,"counterClockwiseDirection":false,"layer":0},{"side":0,"counterClockwiseDirection":true,"layer":0},{"side":3,"counterClockwiseDirection":true,"layer":0},{"side":0,"counterClockwiseDirection":false,"layer":0},{"side":2,"counterClockwiseDirection":false,"layer":0},{"side":3,"counterClockwiseDirection":false,"layer":0},{"side":2,"counterClockwiseDirection":true,"layer":0},{"side":3,"counterClockwiseDirection":true,"layer":0}],"totalTime":476.5,"data":{"metrics":[{"label":"ITERATIONS_COUNTER_INCREMENT","totalTime":7.300000041723251,"totalRelativeTime":"1.53%","numOfCalls":34292,"avgTimePerCall":0.00021287764031620353},{"label":"ABORTED_VERIFICATION","totalTime":5.099999904632568,"totalRelativeTime":"1.07%","numOfCalls":17146,"avgTimePerCall":0.00029744546276872554},{"label":"POP_CANDIDATE","totalTime":10.300000101327896,"totalRelativeTime":"2.16%","numOfCalls":17146,"avgTimePerCall":0.0006007232066562402},{"label":"VISISTED_LIST_CHECK","totalTime":28.600000321865082,"totalRelativeTime":"6%","numOfCalls":93273,"avgTimePerCall":0.0003066267871931329},{"label":"CHECK_SOLUTION","totalTime":4.000000029802322,"totalRelativeTime":"0.83%","numOfCalls":15962,"avgTimePerCall":0.00025059516538042365},{"label":"ADD_TO_VISISTED_LIST_CHECK","totalTime":6.800000071525574,"totalRelativeTime":"1.42%","numOfCalls":15961,"avgTimePerCall":0.00042603847324889255},{"label":"PERFORM_ROTATION","totalTime":140.4000003039837,"totalRelativeTime":"29.46%","numOfCalls":76127,"avgTimePerCall":0.001844286525201094},{"label":"HEURISTIC_CALCULATION","totalTime":47.99999988079071,"totalRelativeTime":"10.07%","numOfCalls":76127,"avgTimePerCall":0.0006305253048299645},{"label":"ADD_CANDIDATE","totalTime":23.099999845027924,"totalRelativeTime":"4.84%","numOfCalls":74535,"avgTimePerCall":0.00030992151130378913},{"label":"BUILD_SOLUTION","totalTime":0.09999999403953552,"totalRelativeTime":"0.02%","numOfCalls":1,"avgTimePerCall":0.09999999403953552},{"label":"MEASUREMENT_OVERHEAD","totalTime":99.39999935030937,"totalRelativeTime":"20.86%","numOfCalls":0,"avgTimePerCall":99.39999935030937},{"label":"NOT_MEASURED","totalTime":103.40000015497208,"totalRelativeTime":"21.69%","numOfCalls":0,"avgTimePerCall":103.40000015497208}],"visitedNodes":17146,"differentNodes":15962}}},{"label":"2x2","key":"BiBFS","solution":{"rotations":[{"side":3,"counterClockwiseDirection":true,"layer":0},{"side":2,"counterClockwiseDirection":true,"layer":0},{"side":3,"counterClockwiseDirection":false,"layer":0},{"side":0,"counterClockwiseDirection":false,"layer":0},{"side":3,"counterClockwiseDirection":true,"layer":0},{"side":0,"counterClockwiseDirection":false,"layer":0},{"side":2,"counterClockwiseDirection":true,"layer":0},{"side":3,"counterClockwiseDirection":false,"layer":0},{"side":2,"counterClockwiseDirection":false,"layer":0},{"side":0,"counterClockwiseDirection":true,"layer":0},{"side":2,"counterClockwiseDirection":false,"layer":0}],"totalTime":194.80000001192093,"data":{"metrics":[{"label":"POP_CANDIDATE","totalTime":2.199999988079071,"totalRelativeTime":"1.12%","numOfCalls":9492,"avgTimePerCall":0.0002317741243235431},{"label":"VISISTED_LIST_CHECK","totalTime":16.799999803304672,"totalRelativeTime":"8.62%","numOfCalls":58516,"avgTimePerCall":0.0002871009604775561},{"label":"ADD_TO_VISISTED_LIST_CHECK","totalTime":2.2999999821186066,"totalRelativeTime":"1.18%","numOfCalls":8316,"avgTimePerCall":0.0002765752744250369},{"label":"PERFORM_ROTATION","totalTime":74.40000015497208,"totalRelativeTime":"38.19%","numOfCalls":40706,"avgTimePerCall":0.001827740386060337},{"label":"ADD_CANDIDATE","totalTime":8.499999940395355,"totalRelativeTime":"4.36%","numOfCalls":39932,"avgTimePerCall":0.00021286186367813672},{"label":"MEASUREMENT_OVERHEAD","totalTime":39.799999833106995,"totalRelativeTime":"20.43%","numOfCalls":0,"avgTimePerCall":39.799999833106995},{"label":"NOT_MEASURED","totalTime":50.80000030994415,"totalRelativeTime":"26.07%","numOfCalls":0,"avgTimePerCall":50.80000030994415}],"iterations":4159,"visitedNodes":4159}}}]}