{"timestamp":1680908208310,"shuffle":"39:  R'   U    B'   U'   R'   D'   R'   D'   R'  2D    U'   F    U    D   2U    B'   R    L'   B'   L   2B    R    D    U'   D   2R    D   2F    B'  2D    B    U'   F   ","solutions":[{"label":"2x2","key":"IDDFS","solution":{"rotations":[{"side":0,"counterClockwiseDirection":true,"layer":0},{"side":2,"counterClockwiseDirection":true,"layer":0},{"side":3,"counterClockwiseDirection":true,"layer":0},{"side":2,"counterClockwiseDirection":true,"layer":0},{"side":3,"counterClockwiseDirection":false,"layer":0},{"side":2,"counterClockwiseDirection":false,"layer":0},{"side":0,"counterClockwiseDirection":true,"layer":0},{"side":3,"counterClockwiseDirection":true,"layer":0},{"side":2,"counterClockwiseDirection":false,"layer":0},{"side":3,"counterClockwiseDirection":true,"layer":0},{"side":2,"counterClockwiseDirection":false,"layer":0}],"totalTime":97651.09999999404,"data":{"metrics":[{"label":"PERFORM_ROTATION","totalTime":45630.49999368191,"totalRelativeTime":"46.72%","numOfCalls":33079625,"avgTimePerCall":0.0013794140651135528},{"label":"ADD_CANDIDATE","totalTime":8207.499996483326,"totalRelativeTime":"8.4%","numOfCalls":33079625,"avgTimePerCall":0.0002481134534168185},{"label":"NOT_MEASURED","totalTime":43813.100009828806,"totalRelativeTime":"44.86%","numOfCalls":0,"avgTimePerCall":43813.100009828806}],"visitedNodes":14026485,"iterations":[{"visitedNodes":37,"bound":2},{"visitedNodes":181,"bound":3},{"visitedNodes":877,"bound":4},{"visitedNodes":4237,"bound":5},{"visitedNodes":20461,"bound":6},{"visitedNodes":98797,"bound":7},{"visitedNodes":477037,"bound":8},{"visitedNodes":2303341,"bound":9},{"visitedNodes":11121517,"bound":10}]}}},{"label":"2x2","key":"IDA*","solution":{"rotations":[{"side":0,"counterClockwiseDirection":true,"layer":0},{"side":2,"counterClockwiseDirection":true,"layer":0},{"side":3,"counterClockwiseDirection":true,"layer":0},{"side":2,"counterClockwiseDirection":true,"layer":0},{"side":3,"counterClockwiseDirection":false,"layer":0},{"side":2,"counterClockwiseDirection":false,"layer":0},{"side":0,"counterClockwiseDirection":true,"layer":0},{"side":3,"counterClockwiseDirection":true,"layer":0},{"side":2,"counterClockwiseDirection":false,"layer":0},{"side":3,"counterClockwiseDirection":true,"layer":0},{"side":2,"counterClockwiseDirection":false,"layer":0}],"totalTime":82077.79999998212,"data":{"metrics":[{"label":"PERFORM_ROTATION","totalTime":41807.29999482632,"totalRelativeTime":"50.93%","numOfCalls":28204830,"avgTimePerCall":0.0014822744896823103},{"label":"ADD_CANDIDATE","totalTime":7068.800005674362,"totalRelativeTime":"8.61%","numOfCalls":28204830,"avgTimePerCall":0.0002506237408867333},{"label":"NOT_MEASURED","totalTime":33201.69999948144,"totalRelativeTime":"40.45%","numOfCalls":0,"avgTimePerCall":33201.69999948144}],"visitedNodes":1884985,"iterations":[{"visitedNodes":7,"bound":2},{"visitedNodes":45,"bound":3.25},{"visitedNodes":687,"bound":4.5},{"visitedNodes":4247,"bound":5.75},{"visitedNodes":21320,"bound":7},{"visitedNodes":150188,"bound":8.25},{"visitedNodes":1708491,"bound":9.5}]}}},{"label":"2x2","key":"SA","solution":{"rotations":[{"side":3,"counterClockwiseDirection":true,"layer":0},{"side":3,"counterClockwiseDirection":true,"layer":0},{"side":0,"counterClockwiseDirection":true,"layer":0},{"side":2,"counterClockwiseDirection":false,"layer":0},{"side":0,"counterClockwiseDirection":false,"layer":0},{"side":3,"counterClockwiseDirection":false,"layer":0},{"side":3,"counterClockwiseDirection":false,"layer":0},{"side":0,"counterClockwiseDirection":false,"layer":0},{"side":3,"counterClockwiseDirection":true,"layer":0},{"side":2,"counterClockwiseDirection":false,"layer":0},{"side":2,"counterClockwiseDirection":false,"layer":0},{"side":3,"counterClockwiseDirection":false,"layer":0},{"side":3,"counterClockwiseDirection":false,"layer":0},{"side":2,"counterClockwiseDirection":true,"layer":0},{"side":3,"counterClockwiseDirection":false,"layer":0},{"side":0,"counterClockwiseDirection":false,"layer":0},{"side":2,"counterClockwiseDirection":false,"layer":0}],"totalTime":187602,"data":{"restartCounter":3,"iterations":17413,"metrics":[{"label":"CHECK_SOLUTION","totalTime":10007.30000385642,"totalRelativeTime":"5.33%","numOfCalls":52237140,"avgTimePerCall":0.00019157442394159444},{"label":"APPLYING_ROTATIONS","totalTime":60296.10000747442,"totalRelativeTime":"32.14%","numOfCalls":52237127,"avgTimePerCall":0.0011542767274983256},{"label":"COMPUTE_ROTATION","totalTime":10197.799999684095,"totalRelativeTime":"5.43%","numOfCalls":52237127,"avgTimePerCall":0.00019522130303383826},{"label":"CALCULATE_CITIZEN_SCORE","totalTime":20735.70000949502,"totalRelativeTime":"11.05%","numOfCalls":52237127,"avgTimePerCall":0.0003969533012314215},{"label":"AGGREGATE_CURRENT_GENERATION","totalTime":342.99999928474426,"totalRelativeTime":"0.18%","numOfCalls":1741237,"avgTimePerCall":0.00019698639489325364},{"label":"CREATE_NEXT_GENERATION","totalTime":1241.4999994337559,"totalRelativeTime":"0.66%","numOfCalls":17412,"avgTimePerCall":0.07130140129989408},{"label":"MEASUREMENT_OVERHEAD","totalTime":42295.00000104308,"totalRelativeTime":"22.54%","numOfCalls":0,"avgTimePerCall":42295.00000104308},{"label":"NOT_MEASURED","totalTime":42485.59997972846,"totalRelativeTime":"22.64%","numOfCalls":0,"avgTimePerCall":42485.59997972846}]}}},{"label":"2x2","key":"GA","solution":{"rotations":[{"side":2,"counterClockwiseDirection":false,"layer":0},{"side":3,"counterClockwiseDirection":false,"layer":0},{"side":0,"counterClockwiseDirection":false,"layer":0},{"side":3,"counterClockwiseDirection":true,"layer":0},{"side":2,"counterClockwiseDirection":true,"layer":0},{"side":2,"counterClockwiseDirection":true,"layer":0},{"layer":0,"side":0,"counterClockwiseDirection":true},{"side":2,"counterClockwiseDirection":true,"layer":0},{"side":0,"counterClockwiseDirection":true,"layer":0},{"side":3,"counterClockwiseDirection":true,"layer":0},{"side":2,"counterClockwiseDirection":false,"layer":0},{"side":3,"counterClockwiseDirection":true,"layer":0},{"side":2,"counterClockwiseDirection":false,"layer":0}],"totalTime":33380.20000001788,"data":{"armageddonCounter":0,"generations":2532,"metrics":[{"label":"CHECK_SOLUTION","totalTime":1744.2999981045723,"totalRelativeTime":"5.22%","numOfCalls":7593390,"avgTimePerCall":0.00022971294745885201},{"label":"APPLYING_ROTATIONS","totalTime":10740.499995201826,"totalRelativeTime":"32.17%","numOfCalls":7593383,"avgTimePerCall":0.0014144551901572495},{"label":"COMPUTE_GENE","totalTime":1830.1999995410442,"totalRelativeTime":"5.48%","numOfCalls":7593383,"avgTimePerCall":0.00024102564028984766},{"label":"CALCULATE_CITIZEN_SCORE","totalTime":3684.6000027656555,"totalRelativeTime":"11.03%","numOfCalls":7593383,"avgTimePerCall":0.0004852382663650254},{"label":"AGGREGATE_CURRENT_GENERATION","totalTime":60.200000673532486,"totalRelativeTime":"0.18%","numOfCalls":253112,"avgTimePerCall":0.00023783937811535006},{"label":"CREATE_NEXT_GENERATION","totalTime":186.20000022649765,"totalRelativeTime":"0.55%","numOfCalls":2531,"avgTimePerCall":0.07356775986823297},{"label":"MEASUREMENT_OVERHEAD","totalTime":7570.300003767014,"totalRelativeTime":"22.67%","numOfCalls":0,"avgTimePerCall":7570.300003767014},{"label":"NOT_MEASURED","totalTime":7563.89999973774,"totalRelativeTime":"22.65%","numOfCalls":0,"avgTimePerCall":7563.89999973774}]}}},{"label":"2x2","key":"WA*","solution":{"rotations":[{"side":3,"counterClockwiseDirection":true,"layer":0},{"side":0,"counterClockwiseDirection":false,"layer":0},{"side":3,"counterClockwiseDirection":false,"layer":0},{"side":0,"counterClockwiseDirection":true,"layer":0},{"side":3,"counterClockwiseDirection":false,"layer":0},{"side":0,"counterClockwiseDirection":false,"layer":0},{"side":2,"counterClockwiseDirection":true,"layer":0},{"side":0,"counterClockwiseDirection":true,"layer":0},{"side":2,"counterClockwiseDirection":false,"layer":0},{"side":0,"counterClockwiseDirection":true,"layer":0},{"side":2,"counterClockwiseDirection":true,"layer":0},{"side":0,"counterClockwiseDirection":false,"layer":0},{"side":2,"counterClockwiseDirection":true,"layer":0}],"totalTime":1549.2000000178814,"data":{"metrics":[{"label":"ITERATIONS_COUNTER_INCREMENT","totalTime":27.200000137090683,"totalRelativeTime":"1.75%","numOfCalls":122694,"avgTimePerCall":0.00022168973329658078},{"label":"ABORTED_VERIFICATION","totalTime":10.099999964237213,"totalRelativeTime":"0.65%","numOfCalls":61347,"avgTimePerCall":0.0001646372269913315},{"label":"POP_CANDIDATE","totalTime":33.799999833106995,"totalRelativeTime":"2.18%","numOfCalls":61347,"avgTimePerCall":0.0005509641846073483},{"label":"VISISTED_LIST_CHECK","totalTime":125.99999997019768,"totalRelativeTime":"8.13%","numOfCalls":333599,"avgTimePerCall":0.00037769897382845173},{"label":"CHECK_SOLUTION","totalTime":12.600000023841858,"totalRelativeTime":"0.81%","numOfCalls":57021,"avgTimePerCall":0.00022097122154718187},{"label":"ADD_TO_VISISTED_LIST_CHECK","totalTime":16.599999874830246,"totalRelativeTime":"1.07%","numOfCalls":57020,"avgTimePerCall":0.0002911259185343782},{"label":"PERFORM_ROTATION","totalTime":382.00000059604645,"totalRelativeTime":"24.65%","numOfCalls":272252,"avgTimePerCall":0.001403111825059307},{"label":"HEURISTIC_CALCULATION","totalTime":131.6000002026558,"totalRelativeTime":"8.49%","numOfCalls":272252,"avgTimePerCall":0.00048337569679067846},{"label":"ADD_CANDIDATE","totalTime":74.49999964237213,"totalRelativeTime":"4.8%","numOfCalls":263158,"avgTimePerCall":0.00028309988540105996},{"label":"BUILD_SOLUTION","totalTime":0.10000002384185791,"totalRelativeTime":"0%","numOfCalls":1,"avgTimePerCall":0.10000002384185791},{"label":"MEASUREMENT_OVERHEAD","totalTime":328.100000500679,"totalRelativeTime":"21.17%","numOfCalls":0,"avgTimePerCall":328.100000500679},{"label":"NOT_MEASURED","totalTime":406.5999992489815,"totalRelativeTime":"26.24%","numOfCalls":0,"avgTimePerCall":406.5999992489815}],"visitedNodes":61347,"differentNodes":57021}}},{"label":"2x2","key":"BiBFS","solution":{"rotations":[{"side":0,"counterClockwiseDirection":true,"layer":0},{"side":3,"counterClockwiseDirection":true,"layer":0},{"side":0,"counterClockwiseDirection":true,"layer":0},{"side":3,"counterClockwiseDirection":true,"layer":0},{"side":3,"counterClockwiseDirection":true,"layer":0},{"side":2,"counterClockwiseDirection":true,"layer":0},{"side":0,"counterClockwiseDirection":false,"layer":0},{"side":2,"counterClockwiseDirection":false,"layer":0},{"side":2,"counterClockwiseDirection":false,"layer":0},{"side":3,"counterClockwiseDirection":true,"layer":0},{"side":2,"counterClockwiseDirection":false,"layer":0}],"totalTime":267.2000000178814,"data":{"metrics":[{"label":"POP_CANDIDATE","totalTime":3.1000001430511475,"totalRelativeTime":"1.16%","numOfCalls":14528,"avgTimePerCall":0.00021338106711530475},{"label":"VISISTED_LIST_CHECK","totalTime":29.300000101327896,"totalRelativeTime":"10.96%","numOfCalls":88414,"avgTimePerCall":0.00033139548149985177},{"label":"ADD_TO_VISISTED_LIST_CHECK","totalTime":4.200000166893005,"totalRelativeTime":"1.57%","numOfCalls":12538,"avgTimePerCall":0.000334981669077445},{"label":"PERFORM_ROTATION","totalTime":84.59999990463257,"totalRelativeTime":"31.66%","numOfCalls":61346,"avgTimePerCall":0.001379063018039197},{"label":"ADD_CANDIDATE","totalTime":18.299999684095383,"totalRelativeTime":"6.84%","numOfCalls":60054,"avgTimePerCall":0.0003047257415675123},{"label":"MEASUREMENT_OVERHEAD","totalTime":55.59999969601631,"totalRelativeTime":"20.8%","numOfCalls":0,"avgTimePerCall":55.59999969601631},{"label":"NOT_MEASURED","totalTime":72.10000032186508,"totalRelativeTime":"26.98%","numOfCalls":0,"avgTimePerCall":72.10000032186508}],"iterations":6270,"visitedNodes":6270}}}]}