{"timestamp":1680897773744,"shuffle":"35:  F'   B   2U    D'   F'  2B    U'   B'   L    F'   D'  2U   2L    R'  2U    F    U'   F'   B'   D   2U    R'  2L    D    B'   F    B'   L   ","solutions":[{"label":"2x2","key":"IDDFS","solution":{"rotations":[{"side":2,"counterClockwiseDirection":true,"layer":0},{"side":0,"counterClockwiseDirection":false,"layer":0},{"side":2,"counterClockwiseDirection":false,"layer":0},{"side":3,"counterClockwiseDirection":false,"layer":0},{"side":2,"counterClockwiseDirection":true,"layer":0},{"side":0,"counterClockwiseDirection":false,"layer":0},{"side":3,"counterClockwiseDirection":true,"layer":0},{"side":2,"counterClockwiseDirection":false,"layer":0},{"side":3,"counterClockwiseDirection":true,"layer":0},{"side":3,"counterClockwiseDirection":true,"layer":0},{"side":2,"counterClockwiseDirection":true,"layer":0}],"totalTime":54130.90000000596,"data":{"metrics":[{"label":"PERFORM_ROTATION","totalTime":24922.100003778934,"totalRelativeTime":"46.04%","numOfCalls":18112418,"avgTimePerCall":0.001375967582228885},{"label":"ADD_CANDIDATE","totalTime":4627.800002127886,"totalRelativeTime":"8.54%","numOfCalls":18112418,"avgTimePerCall":0.00025550426244181674},{"label":"NOT_MEASURED","totalTime":24580.99999409914,"totalRelativeTime":"45.41%","numOfCalls":0,"avgTimePerCall":24580.99999409914}],"visitedNodes":14026485,"iterations":[{"visitedNodes":37,"bound":2},{"visitedNodes":181,"bound":3},{"visitedNodes":877,"bound":4},{"visitedNodes":4237,"bound":5},{"visitedNodes":20461,"bound":6},{"visitedNodes":98797,"bound":7},{"visitedNodes":477037,"bound":8},{"visitedNodes":2303341,"bound":9},{"visitedNodes":11121517,"bound":10}]}}},{"label":"2x2","key":"IDA*","solution":{"rotations":[{"side":2,"counterClockwiseDirection":true,"layer":0},{"side":0,"counterClockwiseDirection":false,"layer":0},{"side":2,"counterClockwiseDirection":false,"layer":0},{"side":3,"counterClockwiseDirection":false,"layer":0},{"side":2,"counterClockwiseDirection":true,"layer":0},{"side":0,"counterClockwiseDirection":false,"layer":0},{"side":3,"counterClockwiseDirection":true,"layer":0},{"side":2,"counterClockwiseDirection":false,"layer":0},{"side":3,"counterClockwiseDirection":true,"layer":0},{"side":3,"counterClockwiseDirection":true,"layer":0},{"side":2,"counterClockwiseDirection":true,"layer":0}],"totalTime":37951.29999998212,"data":{"metrics":[{"label":"PERFORM_ROTATION","totalTime":18530.900004923344,"totalRelativeTime":"48.82%","numOfCalls":13352026,"avgTimePerCall":0.0013878717735363415},{"label":"ADD_CANDIDATE","totalTime":3428.000000536442,"totalRelativeTime":"9.03%","numOfCalls":13352026,"avgTimePerCall":0.0002567400633084778},{"label":"NOT_MEASURED","totalTime":15992.399994522333,"totalRelativeTime":"42.13%","numOfCalls":0,"avgTimePerCall":15992.399994522333}],"visitedNodes":1913205,"iterations":[{"visitedNodes":12,"bound":2},{"visitedNodes":90,"bound":3.25},{"visitedNodes":681,"bound":4.5},{"visitedNodes":4262,"bound":5.75},{"visitedNodes":22696,"bound":7},{"visitedNodes":165883,"bound":8.25},{"visitedNodes":1719581,"bound":9.5}]}}},{"label":"2x2","key":"GA","solution":{"rotations":[{"side":2,"counterClockwiseDirection":false,"layer":0},{"side":3,"counterClockwiseDirection":true,"layer":0},{"side":0,"counterClockwiseDirection":false,"layer":0},{"side":2,"counterClockwiseDirection":false,"layer":0},{"side":0,"counterClockwiseDirection":true,"layer":0},{"side":3,"counterClockwiseDirection":false,"layer":0},{"side":2,"counterClockwiseDirection":false,"layer":0},{"side":0,"counterClockwiseDirection":true,"layer":0},{"side":0,"counterClockwiseDirection":true,"layer":0},{"side":3,"counterClockwiseDirection":true,"layer":0},{"side":2,"counterClockwiseDirection":true,"layer":0},{"side":2,"counterClockwiseDirection":true,"layer":0},{"side":0,"counterClockwiseDirection":true,"layer":0}],"totalTime":61272,"data":{"armageddonCounter":0,"generations":4791,"metrics":[{"label":"CHECK_SOLUTION","totalTime":3399.1000033318996,"totalRelativeTime":"5.54%","numOfCalls":14370930,"avgTimePerCall":0.0002365260984036454},{"label":"APPLYING_ROTATIONS","totalTime":18610.59999680519,"totalRelativeTime":"30.37%","numOfCalls":14370921,"avgTimePerCall":0.0012950179043364856},{"label":"COMPUTE_GENE","totalTime":3450.299998641014,"totalRelativeTime":"5.63%","numOfCalls":14370921,"avgTimePerCall":0.0002400889962891741},{"label":"CALCULATE_CITIZEN_SCORE","totalTime":6944.600003302097,"totalRelativeTime":"11.33%","numOfCalls":14370921,"avgTimePerCall":0.0004832397313506975},{"label":"AGGREGATE_CURRENT_GENERATION","totalTime":115.40000015497208,"totalRelativeTime":"0.18%","numOfCalls":479030,"avgTimePerCall":0.00024090349279788756},{"label":"CREATE_NEXT_GENERATION","totalTime":356.9999991059303,"totalRelativeTime":"0.58%","numOfCalls":4790,"avgTimePerCall":0.07453027121209402},{"label":"MEASUREMENT_OVERHEAD","totalTime":14108.999998092651,"totalRelativeTime":"23.02%","numOfCalls":0,"avgTimePerCall":14108.999998092651},{"label":"NOT_MEASURED","totalTime":14286.000000566244,"totalRelativeTime":"23.31%","numOfCalls":0,"avgTimePerCall":14286.000000566244}]}}},{"label":"2x2","key":"SA","solution":{"rotations":[{"side":0,"counterClockwiseDirection":true,"layer":0},{"side":0,"counterClockwiseDirection":true,"layer":0},{"side":3,"counterClockwiseDirection":false,"layer":0},{"side":2,"counterClockwiseDirection":false,"layer":0},{"side":3,"counterClockwiseDirection":false,"layer":0},{"side":2,"counterClockwiseDirection":false,"layer":0},{"side":2,"counterClockwiseDirection":false,"layer":0},{"side":3,"counterClockwiseDirection":false,"layer":0},{"side":2,"counterClockwiseDirection":false,"layer":0},{"side":0,"counterClockwiseDirection":false,"layer":0},{"side":3,"counterClockwiseDirection":false,"layer":0},{"side":2,"counterClockwiseDirection":false,"layer":0},{"side":0,"counterClockwiseDirection":true,"layer":0},{"side":2,"counterClockwiseDirection":true,"layer":0},{"side":3,"counterClockwiseDirection":false,"layer":0},{"side":2,"counterClockwiseDirection":true,"layer":0},{"side":3,"counterClockwiseDirection":false,"layer":0},{"side":0,"counterClockwiseDirection":false,"layer":0},{"side":3,"counterClockwiseDirection":false,"layer":0},{"side":2,"counterClockwiseDirection":false,"layer":0},{"side":2,"counterClockwiseDirection":false,"layer":0}],"totalTime":48926.69999998808,"data":{"restartCounter":0,"iterations":3573,"metrics":[{"label":"CHECK_SOLUTION","totalTime":2694.4999974370003,"totalRelativeTime":"5.5%","numOfCalls":10718880,"avgTimePerCall":0.00025137887516578226},{"label":"APPLYING_ROTATIONS","totalTime":14996.099997788668,"totalRelativeTime":"30.65%","numOfCalls":10718875,"avgTimePerCall":0.0013990367457208585},{"label":"COMPUTE_ROTATION","totalTime":2758.399999499321,"totalRelativeTime":"5.63%","numOfCalls":10718875,"avgTimePerCall":0.00025734043913184184},{"label":"CALCULATE_CITIZEN_SCORE","totalTime":5475.500000625849,"totalRelativeTime":"11.19%","numOfCalls":10718875,"avgTimePerCall":0.000510827862124136},{"label":"AGGREGATE_CURRENT_GENERATION","totalTime":93.69999942183495,"totalRelativeTime":"0.19%","numOfCalls":357295,"avgTimePerCall":0.00026224828061359646},{"label":"CREATE_NEXT_GENERATION","totalTime":271.30000081658363,"totalRelativeTime":"0.55%","numOfCalls":3572,"avgTimePerCall":0.07595184793297415},{"label":"MEASUREMENT_OVERHEAD","totalTime":11203.00000539422,"totalRelativeTime":"22.89%","numOfCalls":0,"avgTimePerCall":11203.00000539422},{"label":"NOT_MEASURED","totalTime":11434.199999004602,"totalRelativeTime":"23.37%","numOfCalls":0,"avgTimePerCall":11434.199999004602}]}}},{"label":"2x2","key":"WA*","solution":{"rotations":[{"side":0,"counterClockwiseDirection":true,"layer":0},{"side":3,"counterClockwiseDirection":true,"layer":0},{"side":2,"counterClockwiseDirection":false,"layer":0},{"side":3,"counterClockwiseDirection":false,"layer":0},{"side":2,"counterClockwiseDirection":false,"layer":0},{"side":0,"counterClockwiseDirection":false,"layer":0},{"side":2,"counterClockwiseDirection":true,"layer":0},{"side":0,"counterClockwiseDirection":true,"layer":0},{"side":0,"counterClockwiseDirection":true,"layer":0},{"side":2,"counterClockwiseDirection":false,"layer":0},{"side":0,"counterClockwiseDirection":false,"layer":0},{"side":2,"counterClockwiseDirection":false,"layer":0},{"side":3,"counterClockwiseDirection":false,"layer":0},{"side":0,"counterClockwiseDirection":true,"layer":0},{"side":3,"counterClockwiseDirection":true,"layer":0}],"totalTime":1391.699999988079,"data":{"metrics":[{"label":"ITERATIONS_COUNTER_INCREMENT","totalTime":23.300000071525574,"totalRelativeTime":"1.67%","numOfCalls":118808,"avgTimePerCall":0.0001961147403501917},{"label":"ABORTED_VERIFICATION","totalTime":11.699999988079071,"totalRelativeTime":"0.84%","numOfCalls":59404,"avgTimePerCall":0.00019695643370949887},{"label":"POP_CANDIDATE","totalTime":32.49999979138374,"totalRelativeTime":"2.33%","numOfCalls":59404,"avgTimePerCall":0.0005471012017942183},{"label":"VISISTED_LIST_CHECK","totalTime":116.00000035762787,"totalRelativeTime":"8.33%","numOfCalls":318941,"avgTimePerCall":0.00036370363282747553},{"label":"CHECK_SOLUTION","totalTime":10.89999994635582,"totalRelativeTime":"0.78%","numOfCalls":54386,"avgTimePerCall":0.00020041922454962344},{"label":"ADD_TO_VISISTED_LIST_CHECK","totalTime":13.200000137090683,"totalRelativeTime":"0.94%","numOfCalls":54385,"avgTimePerCall":0.0002427139861559379},{"label":"PERFORM_ROTATION","totalTime":325.2000002861023,"totalRelativeTime":"23.36%","numOfCalls":259537,"avgTimePerCall":0.0012530005366714662},{"label":"HEURISTIC_CALCULATION","totalTime":131.09999972581863,"totalRelativeTime":"9.42%","numOfCalls":259537,"avgTimePerCall":0.0005051302886517862},{"label":"ADD_CANDIDATE","totalTime":62.79999992251396,"totalRelativeTime":"4.51%","numOfCalls":251004,"avgTimePerCall":0.00025019521570378945},{"label":"BUILD_SOLUTION","totalTime":0,"totalRelativeTime":"0%","numOfCalls":1,"avgTimePerCall":0},{"label":"MEASUREMENT_OVERHEAD","totalTime":311.3000001013279,"totalRelativeTime":"22.36%","numOfCalls":0,"avgTimePerCall":311.3000001013279},{"label":"NOT_MEASURED","totalTime":353.6999996602535,"totalRelativeTime":"25.41%","numOfCalls":0,"avgTimePerCall":353.6999996602535}],"visitedNodes":59404,"differentNodes":54386}}},{"label":"2x2","key":"BiBFS","solution":{"rotations":[{"side":2,"counterClockwiseDirection":true,"layer":0},{"side":0,"counterClockwiseDirection":false,"layer":0},{"side":3,"counterClockwiseDirection":true,"layer":0},{"side":2,"counterClockwiseDirection":true,"layer":0},{"side":3,"counterClockwiseDirection":false,"layer":0},{"side":0,"counterClockwiseDirection":true,"layer":0},{"side":2,"counterClockwiseDirection":false,"layer":0},{"side":3,"counterClockwiseDirection":true,"layer":0},{"side":2,"counterClockwiseDirection":true,"layer":0},{"side":3,"counterClockwiseDirection":false,"layer":0},{"side":2,"counterClockwiseDirection":true,"layer":0}],"totalTime":451.69999998807907,"data":{"metrics":[{"label":"POP_CANDIDATE","totalTime":7.899999886751175,"totalRelativeTime":"1.74%","numOfCalls":24112,"avgTimePerCall":0.00032763768607959416},{"label":"VISISTED_LIST_CHECK","totalTime":59.899999886751175,"totalRelativeTime":"13.26%","numOfCalls":144198,"avgTimePerCall":0.00041540104499889857},{"label":"ADD_TO_VISISTED_LIST_CHECK","totalTime":5.599999904632568,"totalRelativeTime":"1.23%","numOfCalls":20372,"avgTimePerCall":0.0002748870952597962},{"label":"PERFORM_ROTATION","totalTime":153.39999920129776,"totalRelativeTime":"33.96%","numOfCalls":99712,"avgTimePerCall":0.0015384306723493437},{"label":"ADD_CANDIDATE","totalTime":32.59999993443489,"totalRelativeTime":"7.21%","numOfCalls":97618,"avgTimePerCall":0.00033395480274575276},{"label":"MEASUREMENT_OVERHEAD","totalTime":91.10000029206276,"totalRelativeTime":"20.16%","numOfCalls":0,"avgTimePerCall":91.10000029206276},{"label":"NOT_MEASURED","totalTime":101.20000088214874,"totalRelativeTime":"22.4%","numOfCalls":0,"avgTimePerCall":101.20000088214874}],"iterations":10187,"visitedNodes":10187}}}]}