{"timestamp":1680986157920,"shuffle":"38:  F'   D'   U'  2L    F   2D    U'   L'   F'   D    L    D'   B'  2F   2L    U'  2F    L'   D   2B   2R    B'   F'   B'   D'   L'   R    L    U'   F'   D'  ","solutions":[{"label":"2x2","key":"IDDFS","solution":{"rotations":[{"side":2,"counterClockwiseDirection":true,"layer":0},{"side":2,"counterClockwiseDirection":true,"layer":0},{"side":0,"counterClockwiseDirection":true,"layer":0},{"side":2,"counterClockwiseDirection":false,"layer":0},{"side":0,"counterClockwiseDirection":true,"layer":0},{"side":0,"counterClockwiseDirection":true,"layer":0},{"side":2,"counterClockwiseDirection":false,"layer":0},{"side":0,"counterClockwiseDirection":false,"layer":0},{"side":2,"counterClockwiseDirection":true,"layer":0},{"side":0,"counterClockwiseDirection":false,"layer":0},{"side":2,"counterClockwiseDirection":true,"layer":0},{"side":3,"counterClockwiseDirection":true,"layer":0}],"totalTime":166936.59999999963,"data":{"metrics":[{"label":"PERFORM_ROTATION","totalTime":71435.30000039004,"totalRelativeTime":"42.79%","numOfCalls":68213405,"avgTimePerCall":0.0010472325784116779},{"label":"ADD_CANDIDATE","totalTime":13086.000000366941,"totalRelativeTime":"7.83%","numOfCalls":68213405,"avgTimePerCall":0.00019183912605399102},{"label":"NOT_MEASURED","totalTime":82415.29999924265,"totalRelativeTime":"49.36%","numOfCalls":0,"avgTimePerCall":82415.29999924265}],"visitedNodes":67725922,"iterations":[{"visitedNodes":37,"bound":2},{"visitedNodes":181,"bound":3},{"visitedNodes":877,"bound":4},{"visitedNodes":4237,"bound":5},{"visitedNodes":20461,"bound":6},{"visitedNodes":98797,"bound":7},{"visitedNodes":477037,"bound":8},{"visitedNodes":2303341,"bound":9},{"visitedNodes":11121517,"bound":10},{"visitedNodes":53699437,"bound":11}]}}},{"label":"2x2","key":"IDA*","solution":{"rotations":[{"side":2,"counterClockwiseDirection":true,"layer":0},{"side":2,"counterClockwiseDirection":true,"layer":0},{"side":0,"counterClockwiseDirection":true,"layer":0},{"side":2,"counterClockwiseDirection":false,"layer":0},{"side":0,"counterClockwiseDirection":true,"layer":0},{"side":0,"counterClockwiseDirection":true,"layer":0},{"side":2,"counterClockwiseDirection":false,"layer":0},{"side":0,"counterClockwiseDirection":false,"layer":0},{"side":2,"counterClockwiseDirection":true,"layer":0},{"side":0,"counterClockwiseDirection":false,"layer":0},{"side":2,"counterClockwiseDirection":true,"layer":0},{"side":3,"counterClockwiseDirection":true,"layer":0}],"totalTime":142251.3999999985,"data":{"metrics":[{"label":"PERFORM_ROTATION","totalTime":67928.99999975972,"totalRelativeTime":"47.75%","numOfCalls":63984179,"avgTimePerCall":0.0010616530689525564},{"label":"ADD_CANDIDATE","totalTime":12149.20000043884,"totalRelativeTime":"8.54%","numOfCalls":63984179,"avgTimePerCall":0.00018987818848842055},{"label":"NOT_MEASURED","totalTime":62173.19999979995,"totalRelativeTime":"43.7%","numOfCalls":0,"avgTimePerCall":62173.19999979995}],"visitedNodes":13141423,"iterations":[{"visitedNodes":7,"bound":2},{"visitedNodes":57,"bound":3.25},{"visitedNodes":762,"bound":4.5},{"visitedNodes":4257,"bound":5.75},{"visitedNodes":22040,"bound":7},{"visitedNodes":168237,"bound":8.25},{"visitedNodes":1786488,"bound":9.5},{"visitedNodes":11159575,"bound":10.75}]}}},{"label":"2x2","key":"SA","solution":{"rotations":[{"side":2,"counterClockwiseDirection":true,"layer":0},{"side":3,"counterClockwiseDirection":false,"layer":0},{"side":0,"counterClockwiseDirection":false,"layer":0},{"side":2,"counterClockwiseDirection":true,"layer":0},{"side":3,"counterClockwiseDirection":false,"layer":0},{"side":2,"counterClockwiseDirection":true,"layer":0},{"side":0,"counterClockwiseDirection":true,"layer":0},{"side":2,"counterClockwiseDirection":true,"layer":0},{"side":3,"counterClockwiseDirection":false,"layer":0},{"side":3,"counterClockwiseDirection":false,"layer":0},{"side":0,"counterClockwiseDirection":true,"layer":0},{"side":0,"counterClockwiseDirection":true,"layer":0},{"side":3,"counterClockwiseDirection":false,"layer":0},{"layer":0,"side":0,"counterClockwiseDirection":false},{"side":2,"counterClockwiseDirection":true,"layer":0},{"side":0,"counterClockwiseDirection":false,"layer":0},{"side":3,"counterClockwiseDirection":false,"layer":0},{"side":0,"counterClockwiseDirection":true,"layer":0},{"side":0,"counterClockwiseDirection":true,"layer":0},{"side":3,"counterClockwiseDirection":false,"layer":0}],"totalTime":3393.4000000003725,"data":{"restartCounter":0,"iterations":302,"metrics":[{"label":"CHECK_SOLUTION","totalTime":183.19999994523823,"totalRelativeTime":"5.39%","numOfCalls":905940,"avgTimePerCall":0.00020222089757074226},{"label":"APPLYING_ROTATIONS","totalTime":1023.400000071153,"totalRelativeTime":"30.15%","numOfCalls":905940,"avgTimePerCall":0.0011296553856449136},{"label":"COMPUTE_ROTATION","totalTime":178.49999997019768,"totalRelativeTime":"5.26%","numOfCalls":905940,"avgTimePerCall":0.0001970329160542615},{"label":"CALCULATE_CITIZEN_SCORE","totalTime":386.90000000596046,"totalRelativeTime":"11.4%","numOfCalls":905940,"avgTimePerCall":0.00042707022540782},{"label":"AGGREGATE_CURRENT_GENERATION","totalTime":7.299999995157123,"totalRelativeTime":"0.21%","numOfCalls":30197,"avgTimePerCall":0.0002417458686345373},{"label":"CREATE_NEXT_GENERATION","totalTime":19.599999982863665,"totalRelativeTime":"0.57%","numOfCalls":301,"avgTimePerCall":0.06511627901283609},{"label":"MEASUREMENT_OVERHEAD","totalTime":822.5000000447035,"totalRelativeTime":"24.23%","numOfCalls":0,"avgTimePerCall":822.5000000447035},{"label":"NOT_MEASURED","totalTime":771.9999999850988,"totalRelativeTime":"22.75%","numOfCalls":0,"avgTimePerCall":771.9999999850988}]}}},{"label":"2x2","key":"GA","solution":{"rotations":[{"side":3,"counterClockwiseDirection":true,"layer":0},{"side":0,"counterClockwiseDirection":false,"layer":0},{"side":3,"counterClockwiseDirection":true,"layer":0},{"side":2,"counterClockwiseDirection":false,"layer":0},{"side":2,"counterClockwiseDirection":false,"layer":0},{"side":0,"counterClockwiseDirection":true,"layer":0},{"side":2,"counterClockwiseDirection":false,"layer":0},{"side":3,"counterClockwiseDirection":false,"layer":0},{"side":3,"counterClockwiseDirection":false,"layer":0},{"side":0,"counterClockwiseDirection":true,"layer":0},{"side":3,"counterClockwiseDirection":true,"layer":0},{"side":0,"counterClockwiseDirection":true,"layer":0},{"side":2,"counterClockwiseDirection":true,"layer":0},{"side":3,"counterClockwiseDirection":false,"layer":0},{"side":2,"counterClockwiseDirection":false,"layer":0},{"side":0,"counterClockwiseDirection":false,"layer":0},{"side":2,"counterClockwiseDirection":false,"layer":0},{"layer":0,"side":0,"counterClockwiseDirection":true},{"side":3,"counterClockwiseDirection":false,"layer":0},{"side":3,"counterClockwiseDirection":false,"layer":0},{"side":0,"counterClockwiseDirection":false,"layer":0},{"side":0,"counterClockwiseDirection":false,"layer":0}],"totalTime":3764,"data":{"armageddonCounter":0,"generations":349,"metrics":[{"label":"CHECK_SOLUTION","totalTime":199.8000000603497,"totalRelativeTime":"5.3%","numOfCalls":1045800,"avgTimePerCall":0.00019104991399918693},{"label":"APPLYING_ROTATIONS","totalTime":1167.300000006333,"totalRelativeTime":"31.01%","numOfCalls":1045800,"avgTimePerCall":0.0011161790017272261},{"label":"COMPUTE_GENE","totalTime":197.6000000257045,"totalRelativeTime":"5.24%","numOfCalls":1045800,"avgTimePerCall":0.00018894626125999666},{"label":"CALCULATE_CITIZEN_SCORE","totalTime":421.19999997131526,"totalRelativeTime":"11.19%","numOfCalls":1045800,"avgTimePerCall":0.0004027538726059622},{"label":"AGGREGATE_CURRENT_GENERATION","totalTime":6.200000002980232,"totalRelativeTime":"0.16%","numOfCalls":34859,"avgTimePerCall":0.00017785937643019685},{"label":"CREATE_NEXT_GENERATION","totalTime":25.60000000707805,"totalRelativeTime":"0.68%","numOfCalls":348,"avgTimePerCall":0.07356321841114383},{"label":"MEASUREMENT_OVERHEAD","totalTime":871.1999999955297,"totalRelativeTime":"23.14%","numOfCalls":0,"avgTimePerCall":871.1999999955297},{"label":"NOT_MEASURED","totalTime":875.0999999307096,"totalRelativeTime":"23.24%","numOfCalls":0,"avgTimePerCall":875.0999999307096}]}}},{"label":"2x2","key":"WA*","solution":{"rotations":[{"side":3,"counterClockwiseDirection":false,"layer":0},{"side":2,"counterClockwiseDirection":false,"layer":0},{"side":0,"counterClockwiseDirection":true,"layer":0},{"side":2,"counterClockwiseDirection":false,"layer":0},{"side":3,"counterClockwiseDirection":true,"layer":0},{"side":0,"counterClockwiseDirection":false,"layer":0},{"side":2,"counterClockwiseDirection":true,"layer":0},{"side":0,"counterClockwiseDirection":true,"layer":0},{"side":3,"counterClockwiseDirection":true,"layer":0},{"side":2,"counterClockwiseDirection":false,"layer":0},{"side":2,"counterClockwiseDirection":false,"layer":0},{"side":3,"counterClockwiseDirection":false,"layer":0},{"side":0,"counterClockwiseDirection":false,"layer":0},{"side":2,"counterClockwiseDirection":false,"layer":0},{"side":0,"counterClockwiseDirection":true,"layer":0},{"side":2,"counterClockwiseDirection":true,"layer":0}],"totalTime":1348.0999999996275,"data":{"metrics":[{"label":"ITERATIONS_COUNTER_INCREMENT","totalTime":23.799999995157123,"totalRelativeTime":"1.76%","numOfCalls":116404,"avgTimePerCall":0.00020446032778218207},{"label":"ABORTED_VERIFICATION","totalTime":18.5999999884516,"totalRelativeTime":"1.37%","numOfCalls":58202,"avgTimePerCall":0.0003195766466522044},{"label":"POP_CANDIDATE","totalTime":32.89999998547137,"totalRelativeTime":"2.44%","numOfCalls":58202,"avgTimePerCall":0.000565272670792608},{"label":"VISISTED_LIST_CHECK","totalTime":106.90000003576279,"totalRelativeTime":"7.92%","numOfCalls":313063,"avgTimePerCall":0.00034146481709995365},{"label":"CHECK_SOLUTION","totalTime":10.500000005587935,"totalRelativeTime":"0.77%","numOfCalls":53411,"avgTimePerCall":0.0001965887177845001},{"label":"ADD_TO_VISISTED_LIST_CHECK","totalTime":15.799999989569187,"totalRelativeTime":"1.17%","numOfCalls":53410,"avgTimePerCall":0.0002958247517238193},{"label":"PERFORM_ROTATION","totalTime":324.599999923259,"totalRelativeTime":"24.07%","numOfCalls":254861,"avgTimePerCall":0.0012736354323464908},{"label":"HEURISTIC_CALCULATION","totalTime":124.69999998435378,"totalRelativeTime":"9.25%","numOfCalls":254861,"avgTimePerCall":0.0004892863167936789},{"label":"ADD_CANDIDATE","totalTime":56.3999999910593,"totalRelativeTime":"4.18%","numOfCalls":246771,"avgTimePerCall":0.00022855197730308385},{"label":"BUILD_SOLUTION","totalTime":0.09999999962747097,"totalRelativeTime":"0%","numOfCalls":1,"avgTimePerCall":0.09999999962747097},{"label":"MEASUREMENT_OVERHEAD","totalTime":306.70000006072223,"totalRelativeTime":"22.75%","numOfCalls":0,"avgTimePerCall":306.70000006072223},{"label":"NOT_MEASURED","totalTime":327.10000004060566,"totalRelativeTime":"24.26%","numOfCalls":0,"avgTimePerCall":327.10000004060566}],"visitedNodes":58202,"differentNodes":53411}}},{"label":"2x2","key":"BiBFS","solution":{"rotations":[{"side":3,"counterClockwiseDirection":true,"layer":0},{"side":0,"counterClockwiseDirection":false,"layer":0},{"side":3,"counterClockwiseDirection":true,"layer":0},{"side":2,"counterClockwiseDirection":false,"layer":0},{"side":3,"counterClockwiseDirection":false,"layer":0},{"side":0,"counterClockwiseDirection":false,"layer":0},{"side":2,"counterClockwiseDirection":false,"layer":0},{"side":0,"counterClockwiseDirection":true,"layer":0},{"side":2,"counterClockwiseDirection":false,"layer":0},{"side":3,"counterClockwiseDirection":true,"layer":0},{"side":0,"counterClockwiseDirection":false,"layer":0},{"side":3,"counterClockwiseDirection":true,"layer":0}],"totalTime":252.2000000011176,"data":{"metrics":[{"label":"POP_CANDIDATE","totalTime":2.099999999627471,"totalRelativeTime":"0.83%","numOfCalls":11276,"avgTimePerCall":0.00018623625395773955},{"label":"VISISTED_LIST_CHECK","totalTime":28.000000016763806,"totalRelativeTime":"11.1%","numOfCalls":69097,"avgTimePerCall":0.0004052274341398875},{"label":"ADD_TO_VISISTED_LIST_CHECK","totalTime":2.599999999627471,"totalRelativeTime":"1.03%","numOfCalls":9810,"avgTimePerCall":0.00026503567784174015},{"label":"PERFORM_ROTATION","totalTime":97.60000001080334,"totalRelativeTime":"38.69%","numOfCalls":48010,"avgTimePerCall":0.002032909810681178},{"label":"ADD_CANDIDATE","totalTime":12.799999995157123,"totalRelativeTime":"5.07%","numOfCalls":47050,"avgTimePerCall":0.0002720510094613629},{"label":"MEASUREMENT_OVERHEAD","totalTime":47.39999998547137,"totalRelativeTime":"18.79%","numOfCalls":0,"avgTimePerCall":47.39999998547137},{"label":"NOT_MEASURED","totalTime":61.69999999366701,"totalRelativeTime":"24.46%","numOfCalls":0,"avgTimePerCall":61.69999999366701}],"iterations":4906,"visitedNodes":4906}}}]}