{"timestamp":1680986564697,"shuffle":"31:  U    L    U'  2F    B'   F   2D    F'   L'   D   2R   2B    D    R'  2B    U    B'   R    B'  2F    L    U    D'   L'   R   ","solutions":[{"label":"2x2","key":"IDDFS","solution":{"rotations":[{"side":2,"counterClockwiseDirection":false,"layer":0},{"side":0,"counterClockwiseDirection":true,"layer":0},{"side":3,"counterClockwiseDirection":false,"layer":0},{"side":2,"counterClockwiseDirection":true,"layer":0},{"side":2,"counterClockwiseDirection":true,"layer":0},{"side":0,"counterClockwiseDirection":true,"layer":0},{"side":3,"counterClockwiseDirection":true,"layer":0},{"side":0,"counterClockwiseDirection":true,"layer":0},{"side":3,"counterClockwiseDirection":false,"layer":0}],"totalTime":2894.199999999255,"data":{"metrics":[{"label":"PERFORM_ROTATION","totalTime":1215.6000000238419,"totalRelativeTime":"42%","numOfCalls":1114545,"avgTimePerCall":0.0010906692865912473},{"label":"ADD_CANDIDATE","totalTime":235.5000000242144,"totalRelativeTime":"8.13%","numOfCalls":1114545,"avgTimePerCall":0.00021129698668444468},{"label":"NOT_MEASURED","totalTime":1443.0999999511987,"totalRelativeTime":"49.86%","numOfCalls":0,"avgTimePerCall":1443.0999999511987}],"visitedNodes":601627,"iterations":[{"visitedNodes":37,"bound":2},{"visitedNodes":181,"bound":3},{"visitedNodes":877,"bound":4},{"visitedNodes":4237,"bound":5},{"visitedNodes":20461,"bound":6},{"visitedNodes":98797,"bound":7},{"visitedNodes":477037,"bound":8}]}}},{"label":"2x2","key":"IDA*","solution":{"rotations":[{"side":2,"counterClockwiseDirection":false,"layer":0},{"side":0,"counterClockwiseDirection":true,"layer":0},{"side":3,"counterClockwiseDirection":false,"layer":0},{"side":2,"counterClockwiseDirection":true,"layer":0},{"side":2,"counterClockwiseDirection":true,"layer":0},{"side":0,"counterClockwiseDirection":true,"layer":0},{"side":3,"counterClockwiseDirection":true,"layer":0},{"side":0,"counterClockwiseDirection":true,"layer":0},{"side":3,"counterClockwiseDirection":false,"layer":0}],"totalTime":5913.9000000003725,"data":{"metrics":[{"label":"PERFORM_ROTATION","totalTime":2871.099999848753,"totalRelativeTime":"48.54%","numOfCalls":2762848,"avgTimePerCall":0.0010391813085080153},{"label":"ADD_CANDIDATE","totalTime":490.4000000022352,"totalRelativeTime":"8.29%","numOfCalls":2762848,"avgTimePerCall":0.00017749800206244974},{"label":"NOT_MEASURED","totalTime":2552.400000149384,"totalRelativeTime":"43.15%","numOfCalls":0,"avgTimePerCall":2552.400000149384}],"visitedNodes":186674,"iterations":[{"visitedNodes":7,"bound":2},{"visitedNodes":67,"bound":3.25},{"visitedNodes":623,"bound":4.5},{"visitedNodes":4257,"bound":5.75},{"visitedNodes":21766,"bound":7},{"visitedNodes":159954,"bound":8.25}]}}},{"label":"2x2","key":"SA","solution":{"rotations":[{"side":2,"counterClockwiseDirection":false,"layer":0},{"side":0,"counterClockwiseDirection":false,"layer":0},{"side":2,"counterClockwiseDirection":true,"layer":0},{"side":3,"counterClockwiseDirection":false,"layer":0},{"side":3,"counterClockwiseDirection":false,"layer":0},{"side":2,"counterClockwiseDirection":false,"layer":0},{"side":3,"counterClockwiseDirection":false,"layer":0},{"side":3,"counterClockwiseDirection":false,"layer":0},{"side":0,"counterClockwiseDirection":false,"layer":0},{"side":3,"counterClockwiseDirection":true,"layer":0},{"side":2,"counterClockwiseDirection":true,"layer":0}],"totalTime":1039.199999999255,"data":{"restartCounter":0,"iterations":90,"metrics":[{"label":"CHECK_SOLUTION","totalTime":62.000000001862645,"totalRelativeTime":"5.96%","numOfCalls":269910,"avgTimePerCall":0.00022970619836931808},{"label":"APPLYING_ROTATIONS","totalTime":303.4999999832362,"totalRelativeTime":"29.2%","numOfCalls":269893,"avgTimePerCall":0.0011245197170109496},{"label":"COMPUTE_ROTATION","totalTime":53.20000003091991,"totalRelativeTime":"5.11%","numOfCalls":269893,"avgTimePerCall":0.0001971151531566951},{"label":"CALCULATE_CITIZEN_SCORE","totalTime":111.40000000409782,"totalRelativeTime":"10.71%","numOfCalls":269893,"avgTimePerCall":0.0004127561663477668},{"label":"AGGREGATE_CURRENT_GENERATION","totalTime":1.3999999966472387,"totalRelativeTime":"0.13%","numOfCalls":8996,"avgTimePerCall":0.00015562472172601588},{"label":"CREATE_NEXT_GENERATION","totalTime":6.299999995157123,"totalRelativeTime":"0.6%","numOfCalls":89,"avgTimePerCall":0.07078651679951824},{"label":"MEASUREMENT_OVERHEAD","totalTime":256.30000000074506,"totalRelativeTime":"24.66%","numOfCalls":0,"avgTimePerCall":256.30000000074506},{"label":"NOT_MEASURED","totalTime":245.09999998658895,"totalRelativeTime":"23.58%","numOfCalls":0,"avgTimePerCall":245.09999998658895}]}}},{"label":"2x2","key":"GA","solution":{"rotations":[{"side":2,"counterClockwiseDirection":false,"layer":0},{"side":0,"counterClockwiseDirection":false,"layer":0},{"side":2,"counterClockwiseDirection":true,"layer":0},{"side":3,"counterClockwiseDirection":false,"layer":0},{"side":3,"counterClockwiseDirection":false,"layer":0},{"side":2,"counterClockwiseDirection":false,"layer":0},{"side":3,"counterClockwiseDirection":false,"layer":0},{"side":3,"counterClockwiseDirection":false,"layer":0},{"side":0,"counterClockwiseDirection":false,"layer":0},{"side":3,"counterClockwiseDirection":true,"layer":0},{"side":2,"counterClockwiseDirection":true,"layer":0}],"totalTime":32220,"data":{"armageddonCounter":0,"generations":3659,"metrics":[{"label":"CHECK_SOLUTION","totalTime":1677.7999999187887,"totalRelativeTime":"5.2%","numOfCalls":10975980,"avgTimePerCall":0.00015286106570153998},{"label":"APPLYING_ROTATIONS","totalTime":10194.00000035949,"totalRelativeTime":"31.63%","numOfCalls":10975961,"avgTimePerCall":0.0009287569444132947},{"label":"COMPUTE_GENE","totalTime":1738.5000000391155,"totalRelativeTime":"5.39%","numOfCalls":10975961,"avgTimePerCall":0.00015839159778712},{"label":"CALCULATE_CITIZEN_SCORE","totalTime":3623.0999999269843,"totalRelativeTime":"11.24%","numOfCalls":10975961,"avgTimePerCall":0.0003300941029151784},{"label":"AGGREGATE_CURRENT_GENERATION","totalTime":67.79999997466803,"totalRelativeTime":"0.21%","numOfCalls":365865,"avgTimePerCall":0.00018531425518884841},{"label":"CREATE_NEXT_GENERATION","totalTime":199.30000001192093,"totalRelativeTime":"0.61%","numOfCalls":3658,"avgTimePerCall":0.0544833242241446},{"label":"MEASUREMENT_OVERHEAD","totalTime":7328.899999912828,"totalRelativeTime":"22.74%","numOfCalls":0,"avgTimePerCall":7328.899999912828},{"label":"NOT_MEASURED","totalTime":7390.599999856204,"totalRelativeTime":"22.93%","numOfCalls":0,"avgTimePerCall":7390.599999856204}]}}},{"label":"2x2","key":"WA*","solution":{"rotations":[{"side":3,"counterClockwiseDirection":true,"layer":0},{"side":2,"counterClockwiseDirection":false,"layer":0},{"side":0,"counterClockwiseDirection":false,"layer":0},{"side":0,"counterClockwiseDirection":false,"layer":0},{"side":3,"counterClockwiseDirection":true,"layer":0},{"side":2,"counterClockwiseDirection":true,"layer":0},{"side":3,"counterClockwiseDirection":false,"layer":0},{"side":0,"counterClockwiseDirection":false,"layer":0},{"side":2,"counterClockwiseDirection":true,"layer":0},{"side":2,"counterClockwiseDirection":true,"layer":0},{"side":0,"counterClockwiseDirection":true,"layer":0},{"side":3,"counterClockwiseDirection":true,"layer":0},{"side":2,"counterClockwiseDirection":true,"layer":0},{"side":3,"counterClockwiseDirection":false,"layer":0},{"side":2,"counterClockwiseDirection":false,"layer":0}],"totalTime":714.7999999988824,"data":{"metrics":[{"label":"ITERATIONS_COUNTER_INCREMENT","totalTime":14.500000011175871,"totalRelativeTime":"2.02%","numOfCalls":61322,"avgTimePerCall":0.00023645673675313706},{"label":"ABORTED_VERIFICATION","totalTime":5.199999991804361,"totalRelativeTime":"0.72%","numOfCalls":30661,"avgTimePerCall":0.00016959655561802817},{"label":"POP_CANDIDATE","totalTime":14.299999991431832,"totalRelativeTime":"2%","numOfCalls":30661,"avgTimePerCall":0.0004663905284051998},{"label":"VISISTED_LIST_CHECK","totalTime":45.70000001043081,"totalRelativeTime":"6.39%","numOfCalls":166125,"avgTimePerCall":0.0002750940557437521},{"label":"CHECK_SOLUTION","totalTime":5.499999992549419,"totalRelativeTime":"0.76%","numOfCalls":28401,"avgTimePerCall":0.0001936551527252357},{"label":"ADD_TO_VISISTED_LIST_CHECK","totalTime":6.0000000055879354,"totalRelativeTime":"0.83%","numOfCalls":28400,"avgTimePerCall":0.0002112676058305611},{"label":"PERFORM_ROTATION","totalTime":188.9000000078231,"totalRelativeTime":"26.42%","numOfCalls":135464,"avgTimePerCall":0.0013944664265622092},{"label":"HEURISTIC_CALCULATION","totalTime":62.099999979138374,"totalRelativeTime":"8.68%","numOfCalls":135464,"avgTimePerCall":0.00045842437827864503},{"label":"ADD_CANDIDATE","totalTime":33.3999999910593,"totalRelativeTime":"4.67%","numOfCalls":132025,"avgTimePerCall":0.00025298238963120096},{"label":"BUILD_SOLUTION","totalTime":0,"totalRelativeTime":"0%","numOfCalls":1,"avgTimePerCall":0},{"label":"MEASUREMENT_OVERHEAD","totalTime":159.49999999441206,"totalRelativeTime":"22.31%","numOfCalls":0,"avgTimePerCall":159.49999999441206},{"label":"NOT_MEASURED","totalTime":179.70000002346933,"totalRelativeTime":"25.13%","numOfCalls":0,"avgTimePerCall":179.70000002346933}],"visitedNodes":30661,"differentNodes":28401}}},{"label":"2x2","key":"BiBFS","solution":{"rotations":[{"side":2,"counterClockwiseDirection":false,"layer":0},{"side":0,"counterClockwiseDirection":true,"layer":0},{"side":3,"counterClockwiseDirection":false,"layer":0},{"side":2,"counterClockwiseDirection":false,"layer":0},{"side":2,"counterClockwiseDirection":false,"layer":0},{"side":0,"counterClockwiseDirection":true,"layer":0},{"side":3,"counterClockwiseDirection":true,"layer":0},{"side":0,"counterClockwiseDirection":true,"layer":0},{"side":3,"counterClockwiseDirection":false,"layer":0}],"totalTime":50.20000000111759,"data":{"metrics":[{"label":"POP_CANDIDATE","totalTime":0.8000000026077032,"totalRelativeTime":"1.59%","numOfCalls":1972,"avgTimePerCall":0.00040567951450694886},{"label":"VISISTED_LIST_CHECK","totalTime":5.00000000372529,"totalRelativeTime":"9.96%","numOfCalls":12535,"avgTimePerCall":0.00039888312754090866},{"label":"ADD_TO_VISISTED_LIST_CHECK","totalTime":0.6999999992549419,"totalRelativeTime":"1.39%","numOfCalls":1790,"avgTimePerCall":0.00039106145209773295},{"label":"PERFORM_ROTATION","totalTime":15.699999982491136,"totalRelativeTime":"31.27%","numOfCalls":8772,"avgTimePerCall":0.0017897856797185517},{"label":"ADD_CANDIDATE","totalTime":2,"totalRelativeTime":"3.98%","numOfCalls":8738,"avgTimePerCall":0.00022888532845044633},{"label":"MEASUREMENT_OVERHEAD","totalTime":7.4000000059604645,"totalRelativeTime":"14.74%","numOfCalls":0,"avgTimePerCall":7.4000000059604645},{"label":"NOT_MEASURED","totalTime":18.60000000707805,"totalRelativeTime":"37.05%","numOfCalls":0,"avgTimePerCall":18.60000000707805}],"iterations":896,"visitedNodes":896}}}]}