{"timestamp":1680984774823,"shuffle":"30:  F'   L'  2B    D'   U'   D   2R    B'   D'   R'   U'   F    D'  2R    D'   R    D    F    U    B    F    B    D    B'   L   2U   ","solutions":[{"label":"2x2","key":"IDDFS","solution":{"rotations":[{"side":2,"counterClockwiseDirection":true,"layer":0},{"side":2,"counterClockwiseDirection":true,"layer":0},{"side":3,"counterClockwiseDirection":false,"layer":0},{"side":0,"counterClockwiseDirection":true,"layer":0},{"side":2,"counterClockwiseDirection":false,"layer":0},{"side":3,"counterClockwiseDirection":true,"layer":0},{"side":2,"counterClockwiseDirection":false,"layer":0},{"side":0,"counterClockwiseDirection":true,"layer":0},{"side":2,"counterClockwiseDirection":true,"layer":0},{"side":0,"counterClockwiseDirection":true,"layer":0},{"side":3,"counterClockwiseDirection":false,"layer":0},{"side":0,"counterClockwiseDirection":true,"layer":0}],"totalTime":201499.70000000112,"data":{"metrics":[{"label":"PERFORM_ROTATION","totalTime":92915.10000049509,"totalRelativeTime":"46.11%","numOfCalls":74184616,"avgTimePerCall":0.001252484746979011},{"label":"ADD_CANDIDATE","totalTime":16983.00000010617,"totalRelativeTime":"8.42%","numOfCalls":74184616,"avgTimePerCall":0.00022892886579214982},{"label":"NOT_MEASURED","totalTime":91601.59999939986,"totalRelativeTime":"45.45%","numOfCalls":0,"avgTimePerCall":91601.59999939986}],"visitedNodes":67725922,"iterations":[{"visitedNodes":37,"bound":2},{"visitedNodes":181,"bound":3},{"visitedNodes":877,"bound":4},{"visitedNodes":4237,"bound":5},{"visitedNodes":20461,"bound":6},{"visitedNodes":98797,"bound":7},{"visitedNodes":477037,"bound":8},{"visitedNodes":2303341,"bound":9},{"visitedNodes":11121517,"bound":10},{"visitedNodes":53699437,"bound":11}]}}},{"label":"2x2","key":"IDA*","solution":{"rotations":[{"side":2,"counterClockwiseDirection":true,"layer":0},{"side":2,"counterClockwiseDirection":true,"layer":0},{"side":3,"counterClockwiseDirection":false,"layer":0},{"side":0,"counterClockwiseDirection":true,"layer":0},{"side":2,"counterClockwiseDirection":false,"layer":0},{"side":3,"counterClockwiseDirection":true,"layer":0},{"side":2,"counterClockwiseDirection":false,"layer":0},{"side":0,"counterClockwiseDirection":true,"layer":0},{"side":2,"counterClockwiseDirection":true,"layer":0},{"side":0,"counterClockwiseDirection":true,"layer":0},{"side":3,"counterClockwiseDirection":false,"layer":0},{"side":0,"counterClockwiseDirection":true,"layer":0}],"totalTime":186688.19999999925,"data":{"metrics":[{"label":"PERFORM_ROTATION","totalTime":91530.00000003539,"totalRelativeTime":"49.02%","numOfCalls":69789126,"avgTimePerCall":0.0013115223709784728},{"label":"ADD_CANDIDATE","totalTime":16680.100000316277,"totalRelativeTime":"8.93%","numOfCalls":69789126,"avgTimePerCall":0.00023900714848207552},{"label":"NOT_MEASURED","totalTime":78478.09999964759,"totalRelativeTime":"42.03%","numOfCalls":0,"avgTimePerCall":78478.09999964759}],"visitedNodes":13031849,"iterations":[{"visitedNodes":7,"bound":2},{"visitedNodes":47,"bound":3.25},{"visitedNodes":605,"bound":4.5},{"visitedNodes":4242,"bound":5.75},{"visitedNodes":21723,"bound":7},{"visitedNodes":152981,"bound":8.25},{"visitedNodes":1692769,"bound":9.5},{"visitedNodes":11159475,"bound":10.75}]}}},{"label":"2x2","key":"SA","solution":{"rotations":[{"layer":0,"side":2,"counterClockwiseDirection":false},{"side":3,"counterClockwiseDirection":true,"layer":0},{"side":0,"counterClockwiseDirection":true,"layer":0},{"side":2,"counterClockwiseDirection":true,"layer":0},{"side":0,"counterClockwiseDirection":false,"layer":0},{"side":2,"counterClockwiseDirection":true,"layer":0},{"side":2,"counterClockwiseDirection":true,"layer":0},{"side":3,"counterClockwiseDirection":false,"layer":0},{"side":0,"counterClockwiseDirection":true,"layer":0},{"side":3,"counterClockwiseDirection":false,"layer":0},{"side":0,"counterClockwiseDirection":false,"layer":0},{"side":3,"counterClockwiseDirection":true,"layer":0},{"side":3,"counterClockwiseDirection":true,"layer":0},{"side":0,"counterClockwiseDirection":true,"layer":0},{"side":2,"counterClockwiseDirection":true,"layer":0},{"side":3,"counterClockwiseDirection":false,"layer":0}],"totalTime":161470.70000000112,"data":{"restartCounter":2,"iterations":12163,"metrics":[{"label":"CHECK_SOLUTION","totalTime":8566.500000080094,"totalRelativeTime":"5.3%","numOfCalls":36487770,"avgTimePerCall":0.00023477729661418314},{"label":"APPLYING_ROTATIONS","totalTime":49854.20000002906,"totalRelativeTime":"30.87%","numOfCalls":36487762,"avgTimePerCall":0.001366326605617222},{"label":"COMPUTE_ROTATION","totalTime":8822.40000031516,"totalRelativeTime":"5.46%","numOfCalls":36487762,"avgTimePerCall":0.00024179065847653686},{"label":"CALCULATE_CITIZEN_SCORE","totalTime":18133.10000032559,"totalRelativeTime":"11.22%","numOfCalls":36487762,"avgTimePerCall":0.0004969638861469659},{"label":"AGGREGATE_CURRENT_GENERATION","totalTime":312.29999999701977,"totalRelativeTime":"0.19%","numOfCalls":1216258,"avgTimePerCall":0.0002567711784810622},{"label":"CREATE_NEXT_GENERATION","totalTime":928.3000000342727,"totalRelativeTime":"0.57%","numOfCalls":12162,"avgTimePerCall":0.07632790659712815},{"label":"MEASUREMENT_OVERHEAD","totalTime":37965.20000071637,"totalRelativeTime":"23.51%","numOfCalls":0,"avgTimePerCall":37965.20000071637},{"label":"NOT_MEASURED","totalTime":36888.69999850355,"totalRelativeTime":"22.84%","numOfCalls":0,"avgTimePerCall":36888.69999850355}]}}},{"label":"2x2","key":"GA","solution":{"rotations":[{"side":2,"counterClockwiseDirection":true,"layer":0},{"side":0,"counterClockwiseDirection":true,"layer":0},{"side":3,"counterClockwiseDirection":true,"layer":0},{"side":0,"counterClockwiseDirection":true,"layer":0},{"side":3,"counterClockwiseDirection":true,"layer":0},{"side":0,"counterClockwiseDirection":false,"layer":0},{"side":2,"counterClockwiseDirection":false,"layer":0},{"side":3,"counterClockwiseDirection":true,"layer":0},{"side":0,"counterClockwiseDirection":true,"layer":0},{"side":3,"counterClockwiseDirection":false,"layer":0},{"side":2,"counterClockwiseDirection":false,"layer":0},{"side":3,"counterClockwiseDirection":false,"layer":0},{"side":0,"counterClockwiseDirection":false,"layer":0},{"side":3,"counterClockwiseDirection":false,"layer":0},{"side":0,"counterClockwiseDirection":true,"layer":0},{"side":3,"counterClockwiseDirection":true,"layer":0},{"side":0,"counterClockwiseDirection":true,"layer":0},{"side":0,"counterClockwiseDirection":true,"layer":0}],"totalTime":130380.89999999851,"data":{"armageddonCounter":1,"generations":9546,"metrics":[{"label":"CHECK_SOLUTION","totalTime":6803.800000401214,"totalRelativeTime":"5.21%","numOfCalls":28632180,"avgTimePerCall":0.0002376277321671355},{"label":"APPLYING_ROTATIONS","totalTime":40726.8999998793,"totalRelativeTime":"31.23%","numOfCalls":28632178,"avgTimePerCall":0.0014224171140553576},{"label":"COMPUTE_GENE","totalTime":7133.5999999679625,"totalRelativeTime":"5.47%","numOfCalls":28632178,"avgTimePerCall":0.0002491462577512602},{"label":"CALCULATE_CITIZEN_SCORE","totalTime":14577.700000297278,"totalRelativeTime":"11.18%","numOfCalls":28632178,"avgTimePerCall":0.0005091369577367561},{"label":"AGGREGATE_CURRENT_GENERATION","totalTime":244.399999987334,"totalRelativeTime":"0.18%","numOfCalls":954405,"avgTimePerCall":0.0002560757749459967},{"label":"CREATE_NEXT_GENERATION","totalTime":839.1000000257045,"totalRelativeTime":"0.64%","numOfCalls":9544,"avgTimePerCall":0.08791911148634791},{"label":"MEASUREMENT_OVERHEAD","totalTime":29993.800000354648,"totalRelativeTime":"23%","numOfCalls":0,"avgTimePerCall":29993.800000354648},{"label":"NOT_MEASURED","totalTime":30061.59999908507,"totalRelativeTime":"23.05%","numOfCalls":0,"avgTimePerCall":30061.59999908507}]}}},{"label":"2x2","key":"WA*","solution":{"rotations":[{"side":0,"counterClockwiseDirection":false,"layer":0},{"side":3,"counterClockwiseDirection":true,"layer":0},{"side":2,"counterClockwiseDirection":false,"layer":0},{"side":0,"counterClockwiseDirection":true,"layer":0},{"side":2,"counterClockwiseDirection":true,"layer":0},{"side":2,"counterClockwiseDirection":true,"layer":0},{"side":0,"counterClockwiseDirection":false,"layer":0},{"side":2,"counterClockwiseDirection":true,"layer":0},{"side":0,"counterClockwiseDirection":false,"layer":0},{"side":2,"counterClockwiseDirection":false,"layer":0},{"side":2,"counterClockwiseDirection":false,"layer":0},{"side":3,"counterClockwiseDirection":true,"layer":0},{"side":2,"counterClockwiseDirection":true,"layer":0},{"side":0,"counterClockwiseDirection":true,"layer":0},{"side":2,"counterClockwiseDirection":true,"layer":0},{"side":0,"counterClockwiseDirection":false,"layer":0},{"side":0,"counterClockwiseDirection":false,"layer":0},{"side":2,"counterClockwiseDirection":false,"layer":0}],"totalTime":1742.5999999996275,"data":{"metrics":[{"label":"ITERATIONS_COUNTER_INCREMENT","totalTime":44.30000000447035,"totalRelativeTime":"2.54%","numOfCalls":159498,"avgTimePerCall":0.00027774642945034014},{"label":"ABORTED_VERIFICATION","totalTime":17.199999993667006,"totalRelativeTime":"0.98%","numOfCalls":79749,"avgTimePerCall":0.0002156766855216618},{"label":"POP_CANDIDATE","totalTime":36.60000000707805,"totalRelativeTime":"2.1%","numOfCalls":79749,"avgTimePerCall":0.00045893992410034047},{"label":"VISISTED_LIST_CHECK","totalTime":153.50000000745058,"totalRelativeTime":"8.8%","numOfCalls":427285,"avgTimePerCall":0.00035924500042699975},{"label":"CHECK_SOLUTION","totalTime":15.199999993667006,"totalRelativeTime":"0.87%","numOfCalls":72823,"avgTimePerCall":0.00020872526528249326},{"label":"ADD_TO_VISISTED_LIST_CHECK","totalTime":21.50000000745058,"totalRelativeTime":"1.23%","numOfCalls":72822,"avgTimePerCall":0.0002952404494170797},{"label":"PERFORM_ROTATION","totalTime":406.3000000435859,"totalRelativeTime":"23.31%","numOfCalls":347536,"avgTimePerCall":0.0011690875191162524},{"label":"HEURISTIC_CALCULATION","totalTime":165.6000000257045,"totalRelativeTime":"9.5%","numOfCalls":347536,"avgTimePerCall":0.00047649739890458687},{"label":"ADD_CANDIDATE","totalTime":78.49999998509884,"totalRelativeTime":"4.5%","numOfCalls":334795,"avgTimePerCall":0.00023447184093280615},{"label":"BUILD_SOLUTION","totalTime":0,"totalRelativeTime":"0%","numOfCalls":1,"avgTimePerCall":0},{"label":"MEASUREMENT_OVERHEAD","totalTime":381.29999992623925,"totalRelativeTime":"21.88%","numOfCalls":0,"avgTimePerCall":381.29999992623925},{"label":"NOT_MEASURED","totalTime":422.6000000052154,"totalRelativeTime":"24.25%","numOfCalls":0,"avgTimePerCall":422.6000000052154}],"visitedNodes":79749,"differentNodes":72823}}},{"label":"2x2","key":"BiBFS","solution":{"rotations":[{"side":3,"counterClockwiseDirection":true,"layer":0},{"side":0,"counterClockwiseDirection":false,"layer":0},{"side":2,"counterClockwiseDirection":true,"layer":0},{"side":3,"counterClockwiseDirection":false,"layer":0},{"side":0,"counterClockwiseDirection":true,"layer":0},{"side":3,"counterClockwiseDirection":false,"layer":0},{"side":2,"counterClockwiseDirection":false,"layer":0},{"side":3,"counterClockwiseDirection":false,"layer":0},{"side":2,"counterClockwiseDirection":false,"layer":0},{"side":3,"counterClockwiseDirection":true,"layer":0},{"side":0,"counterClockwiseDirection":true,"layer":0},{"side":3,"counterClockwiseDirection":false,"layer":0}],"totalTime":187.5,"data":{"metrics":[{"label":"POP_CANDIDATE","totalTime":2.100000001490116,"totalRelativeTime":"1.12%","numOfCalls":8898,"avgTimePerCall":0.00023600809187346777},{"label":"VISISTED_LIST_CHECK","totalTime":15.800000011920929,"totalRelativeTime":"8.42%","numOfCalls":54956,"avgTimePerCall":0.00028750272967321},{"label":"ADD_TO_VISISTED_LIST_CHECK","totalTime":1.5000000018626451,"totalRelativeTime":"0.8%","numOfCalls":7812,"avgTimePerCall":0.00019201228902491617},{"label":"PERFORM_ROTATION","totalTime":94.2999999821186,"totalRelativeTime":"50.29%","numOfCalls":38244,"avgTimePerCall":0.0024657462603838148},{"label":"ADD_CANDIDATE","totalTime":9.50000000372529,"totalRelativeTime":"5.06%","numOfCalls":37552,"avgTimePerCall":0.00025298253098970203},{"label":"MEASUREMENT_OVERHEAD","totalTime":30.40000000037253,"totalRelativeTime":"16.21%","numOfCalls":0,"avgTimePerCall":30.40000000037253},{"label":"NOT_MEASURED","totalTime":33.899999998509884,"totalRelativeTime":"18.07%","numOfCalls":0,"avgTimePerCall":33.899999998509884}],"iterations":3907,"visitedNodes":3907}}}]}