{"timestamp":1680926121264,"shuffle":"37:  F'   R'   D    U'   B'   F   2L    F'   D'   L'   R   2L    R    D    B    U   2B    L    F   2L    B    L'  2B    U    B'   R    U'   D'   B   2L    D   ","solutions":[{"label":"2x2","key":"IDDFS","solution":{"rotations":[{"side":0,"counterClockwiseDirection":true,"layer":0},{"side":3,"counterClockwiseDirection":true,"layer":0},{"side":3,"counterClockwiseDirection":true,"layer":0},{"side":2,"counterClockwiseDirection":false,"layer":0},{"side":3,"counterClockwiseDirection":true,"layer":0},{"side":0,"counterClockwiseDirection":true,"layer":0},{"side":3,"counterClockwiseDirection":true,"layer":0},{"side":0,"counterClockwiseDirection":true,"layer":0},{"side":2,"counterClockwiseDirection":false,"layer":0}],"totalTime":3605.300000011921,"data":{"metrics":[{"label":"PERFORM_ROTATION","totalTime":1633.3999999761581,"totalRelativeTime":"45.3%","numOfCalls":1665962,"avgTimePerCall":0.0009804545361635848},{"label":"ADD_CANDIDATE","totalTime":309.60000014305115,"totalRelativeTime":"8.58%","numOfCalls":1665962,"avgTimePerCall":0.0001858385726343405},{"label":"NOT_MEASURED","totalTime":1662.2999998927116,"totalRelativeTime":"46.1%","numOfCalls":0,"avgTimePerCall":1662.2999998927116}],"visitedNodes":601627,"iterations":[{"visitedNodes":37,"bound":2},{"visitedNodes":181,"bound":3},{"visitedNodes":877,"bound":4},{"visitedNodes":4237,"bound":5},{"visitedNodes":20461,"bound":6},{"visitedNodes":98797,"bound":7},{"visitedNodes":477037,"bound":8}]}}},{"label":"2x2","key":"IDA*","solution":{"rotations":[{"side":0,"counterClockwiseDirection":true,"layer":0},{"side":3,"counterClockwiseDirection":true,"layer":0},{"side":3,"counterClockwiseDirection":true,"layer":0},{"side":2,"counterClockwiseDirection":false,"layer":0},{"side":3,"counterClockwiseDirection":true,"layer":0},{"side":0,"counterClockwiseDirection":true,"layer":0},{"side":3,"counterClockwiseDirection":true,"layer":0},{"side":0,"counterClockwiseDirection":true,"layer":0},{"side":2,"counterClockwiseDirection":false,"layer":0}],"totalTime":8559.40000000596,"data":{"metrics":[{"label":"PERFORM_ROTATION","totalTime":4131.199997603893,"totalRelativeTime":"48.26%","numOfCalls":4530011,"avgTimePerCall":0.0009119624649043663},{"label":"ADD_CANDIDATE","totalTime":790.4000010192394,"totalRelativeTime":"9.23%","numOfCalls":4530011,"avgTimePerCall":0.00017448081274399542},{"label":"NOT_MEASURED","totalTime":3637.8000013828278,"totalRelativeTime":"42.5%","numOfCalls":0,"avgTimePerCall":3637.8000013828278}],"visitedNodes":171280,"iterations":[{"visitedNodes":7,"bound":2},{"visitedNodes":42,"bound":3.25},{"visitedNodes":583,"bound":4.5},{"visitedNodes":4237,"bound":5.75},{"visitedNodes":21089,"bound":7},{"visitedNodes":145322,"bound":8.25}]}}},{"label":"2x2","key":"SA","solution":{"rotations":[{"side":3,"counterClockwiseDirection":false,"layer":0},{"side":0,"counterClockwiseDirection":false,"layer":0},{"side":2,"counterClockwiseDirection":true,"layer":0},{"side":0,"counterClockwiseDirection":false,"layer":0},{"side":3,"counterClockwiseDirection":false,"layer":0},{"side":0,"counterClockwiseDirection":false,"layer":0},{"side":2,"counterClockwiseDirection":false,"layer":0},{"side":0,"counterClockwiseDirection":true,"layer":0},{"side":3,"counterClockwiseDirection":true,"layer":0},{"side":2,"counterClockwiseDirection":false,"layer":0},{"side":2,"counterClockwiseDirection":false,"layer":0},{"side":3,"counterClockwiseDirection":true,"layer":0},{"side":3,"counterClockwiseDirection":true,"layer":0},{"side":0,"counterClockwiseDirection":true,"layer":0},{"side":3,"counterClockwiseDirection":false,"layer":0}],"totalTime":19292,"data":{"restartCounter":0,"iterations":2150,"metrics":[{"label":"CHECK_SOLUTION","totalTime":1063.399998486042,"totalRelativeTime":"5.51%","numOfCalls":6449250,"avgTimePerCall":0.00016488738977184046},{"label":"APPLYING_ROTATIONS","totalTime":5668.500002652407,"totalRelativeTime":"29.38%","numOfCalls":6449237,"avgTimePerCall":0.0008789411836861332},{"label":"COMPUTE_ROTATION","totalTime":1104.5999994874,"totalRelativeTime":"5.72%","numOfCalls":6449237,"avgTimePerCall":0.00017127607490427163},{"label":"CALCULATE_CITIZEN_SCORE","totalTime":2129.100000143051,"totalRelativeTime":"11.03%","numOfCalls":6449237,"avgTimePerCall":0.000330132076111182},{"label":"AGGREGATE_CURRENT_GENERATION","totalTime":38.0999998152256,"totalRelativeTime":"0.19%","numOfCalls":214974,"avgTimePerCall":0.0001772307340200471},{"label":"CREATE_NEXT_GENERATION","totalTime":155.29999977350235,"totalRelativeTime":"0.8%","numOfCalls":2149,"avgTimePerCall":0.07226617020637616},{"label":"MEASUREMENT_OVERHEAD","totalTime":4544.799998551607,"totalRelativeTime":"23.55%","numOfCalls":0,"avgTimePerCall":4544.799998551607},{"label":"NOT_MEASURED","totalTime":4588.200001090765,"totalRelativeTime":"23.78%","numOfCalls":0,"avgTimePerCall":4588.200001090765}]}}},{"label":"2x2","key":"GA","solution":{"rotations":[{"side":0,"counterClockwiseDirection":true,"layer":0},{"side":2,"counterClockwiseDirection":false,"layer":0},{"side":2,"counterClockwiseDirection":false,"layer":0},{"side":0,"counterClockwiseDirection":true,"layer":0},{"side":3,"counterClockwiseDirection":false,"layer":0},{"side":3,"counterClockwiseDirection":false,"layer":0},{"side":2,"counterClockwiseDirection":true,"layer":0},{"side":3,"counterClockwiseDirection":false,"layer":0},{"side":0,"counterClockwiseDirection":false,"layer":0},{"side":3,"counterClockwiseDirection":false,"layer":0},{"side":3,"counterClockwiseDirection":false,"layer":0},{"side":2,"counterClockwiseDirection":false,"layer":0},{"side":3,"counterClockwiseDirection":false,"layer":0},{"side":2,"counterClockwiseDirection":false,"layer":0},{"side":3,"counterClockwiseDirection":true,"layer":0}],"totalTime":209.80000001192093,"data":{"armageddonCounter":0,"generations":15,"metrics":[{"label":"CHECK_SOLUTION","totalTime":6.999999850988388,"totalRelativeTime":"3.33%","numOfCalls":43020,"avgTimePerCall":0.00016271501280772636},{"label":"APPLYING_ROTATIONS","totalTime":77.00000017881393,"totalRelativeTime":"36.7%","numOfCalls":43015,"avgTimePerCall":0.0017900732344255244},{"label":"COMPUTE_GENE","totalTime":11.799999922513962,"totalRelativeTime":"5.62%","numOfCalls":43015,"avgTimePerCall":0.0002743229088112045},{"label":"CALCULATE_CITIZEN_SCORE","totalTime":21.800000309944153,"totalRelativeTime":"10.39%","numOfCalls":43015,"avgTimePerCall":0.0005067999607100814},{"label":"AGGREGATE_CURRENT_GENERATION","totalTime":0.30000001192092896,"totalRelativeTime":"0.14%","numOfCalls":1433,"avgTimePerCall":0.0002093510201820858},{"label":"CREATE_NEXT_GENERATION","totalTime":9.600000023841858,"totalRelativeTime":"4.57%","numOfCalls":14,"avgTimePerCall":0.6857142874172756},{"label":"MEASUREMENT_OVERHEAD","totalTime":42.800000101327896,"totalRelativeTime":"20.4%","numOfCalls":0,"avgTimePerCall":42.800000101327896},{"label":"NOT_MEASURED","totalTime":39.49999961256981,"totalRelativeTime":"18.82%","numOfCalls":0,"avgTimePerCall":39.49999961256981}]}}},{"label":"2x2","key":"WA*","solution":{"rotations":[{"side":0,"counterClockwiseDirection":false,"layer":0},{"side":2,"counterClockwiseDirection":true,"layer":0},{"side":0,"counterClockwiseDirection":true,"layer":0},{"side":2,"counterClockwiseDirection":false,"layer":0},{"side":3,"counterClockwiseDirection":false,"layer":0},{"side":2,"counterClockwiseDirection":false,"layer":0},{"side":0,"counterClockwiseDirection":true,"layer":0},{"side":2,"counterClockwiseDirection":false,"layer":0},{"side":3,"counterClockwiseDirection":true,"layer":0},{"side":0,"counterClockwiseDirection":false,"layer":0},{"side":0,"counterClockwiseDirection":false,"layer":0},{"side":3,"counterClockwiseDirection":true,"layer":0},{"side":0,"counterClockwiseDirection":false,"layer":0},{"side":2,"counterClockwiseDirection":true,"layer":0},{"side":0,"counterClockwiseDirection":false,"layer":0},{"side":2,"counterClockwiseDirection":false,"layer":0},{"side":0,"counterClockwiseDirection":true,"layer":0},{"side":2,"counterClockwiseDirection":true,"layer":0},{"side":0,"counterClockwiseDirection":false,"layer":0}],"totalTime":739.8000000119209,"data":{"metrics":[{"label":"ITERATIONS_COUNTER_INCREMENT","totalTime":10.900000154972076,"totalRelativeTime":"1.47%","numOfCalls":68520,"avgTimePerCall":0.00015907764382621243},{"label":"ABORTED_VERIFICATION","totalTime":6.099999934434891,"totalRelativeTime":"0.82%","numOfCalls":34260,"avgTimePerCall":0.0001780502024061556},{"label":"POP_CANDIDATE","totalTime":25.900000035762787,"totalRelativeTime":"3.5%","numOfCalls":34260,"avgTimePerCall":0.0007559836554513364},{"label":"VISISTED_LIST_CHECK","totalTime":47.90000006556511,"totalRelativeTime":"6.47%","numOfCalls":186201,"avgTimePerCall":0.0002572488873076144},{"label":"CHECK_SOLUTION","totalTime":6.099999874830246,"totalRelativeTime":"0.82%","numOfCalls":31857,"avgTimePerCall":0.0001914806753564443},{"label":"ADD_TO_VISISTED_LIST_CHECK","totalTime":7.799999982118607,"totalRelativeTime":"1.05%","numOfCalls":31856,"avgTimePerCall":0.0002448518326883038},{"label":"PERFORM_ROTATION","totalTime":172.80000039935112,"totalRelativeTime":"23.35%","numOfCalls":151941,"avgTimePerCall":0.0011372835534803056},{"label":"HEURISTIC_CALCULATION","totalTime":70.69999998807907,"totalRelativeTime":"9.55%","numOfCalls":151941,"avgTimePerCall":0.0004653121934703541},{"label":"ADD_CANDIDATE","totalTime":34.29999989271164,"totalRelativeTime":"4.63%","numOfCalls":147966,"avgTimePerCall":0.00023181000968270846},{"label":"BUILD_SOLUTION","totalTime":0,"totalRelativeTime":"0%","numOfCalls":1,"avgTimePerCall":0},{"label":"MEASUREMENT_OVERHEAD","totalTime":179.80000007152557,"totalRelativeTime":"24.3%","numOfCalls":0,"avgTimePerCall":179.80000007152557},{"label":"NOT_MEASURED","totalTime":177.4999996125698,"totalRelativeTime":"23.99%","numOfCalls":0,"avgTimePerCall":177.4999996125698}],"visitedNodes":34260,"differentNodes":31857}}},{"label":"2x2","key":"BiBFS","solution":{"rotations":[{"side":0,"counterClockwiseDirection":true,"layer":0},{"side":3,"counterClockwiseDirection":true,"layer":0},{"side":3,"counterClockwiseDirection":true,"layer":0},{"side":2,"counterClockwiseDirection":false,"layer":0},{"side":3,"counterClockwiseDirection":true,"layer":0},{"side":0,"counterClockwiseDirection":true,"layer":0},{"side":3,"counterClockwiseDirection":true,"layer":0},{"side":0,"counterClockwiseDirection":true,"layer":0},{"side":2,"counterClockwiseDirection":false,"layer":0}],"totalTime":124,"data":{"metrics":[{"label":"POP_CANDIDATE","totalTime":1.5000000596046448,"totalRelativeTime":"1.2%","numOfCalls":3290,"avgTimePerCall":0.00045592706978864585},{"label":"VISISTED_LIST_CHECK","totalTime":12.89999994635582,"totalRelativeTime":"10.4%","numOfCalls":20920,"avgTimePerCall":0.0006166347966709282},{"label":"ADD_TO_VISISTED_LIST_CHECK","totalTime":1.0000000298023224,"totalRelativeTime":"0.8%","numOfCalls":2988,"avgTimePerCall":0.00033467203139301286},{"label":"PERFORM_ROTATION","totalTime":55.79999992251396,"totalRelativeTime":"44.99%","numOfCalls":14640,"avgTimePerCall":0.0038114754045433033},{"label":"ADD_CANDIDATE","totalTime":5.899999916553497,"totalRelativeTime":"4.75%","numOfCalls":14480,"avgTimePerCall":0.00040745855777303157},{"label":"MEASUREMENT_OVERHEAD","totalTime":26.299999862909317,"totalRelativeTime":"21.2%","numOfCalls":0,"avgTimePerCall":26.299999862909317},{"label":"NOT_MEASURED","totalTime":20.600000262260437,"totalRelativeTime":"16.61%","numOfCalls":0,"avgTimePerCall":20.600000262260437}],"iterations":1495,"visitedNodes":1495}}}]}