{"timestamp":1680898642761,"shuffle":"38:  L    B'   L'   R    B'   L'   R    U'   D'   U'   F'   D'   B'   U'   F    L'   R'   D'  2B   2R    U'   L    D    R'   L'   D'   R'   B'  2U    D    B   2D   2U   ","solutions":[{"label":"2x2","key":"IDDFS","solution":{"rotations":[{"side":2,"counterClockwiseDirection":true,"layer":0},{"side":3,"counterClockwiseDirection":true,"layer":0},{"side":2,"counterClockwiseDirection":false,"layer":0},{"side":0,"counterClockwiseDirection":true,"layer":0},{"side":0,"counterClockwiseDirection":true,"layer":0},{"side":2,"counterClockwiseDirection":false,"layer":0},{"side":0,"counterClockwiseDirection":true,"layer":0},{"side":2,"counterClockwiseDirection":true,"layer":0},{"side":3,"counterClockwiseDirection":true,"layer":0},{"side":2,"counterClockwiseDirection":false,"layer":0},{"side":0,"counterClockwiseDirection":false,"layer":0},{"side":2,"counterClockwiseDirection":true,"layer":0}],"totalTime":259060,"data":{"metrics":[{"label":"PERFORM_ROTATION","totalTime":117615.20000490546,"totalRelativeTime":"45.4%","numOfCalls":95390482,"avgTimePerCall":0.0012329867460456427},{"label":"ADD_CANDIDATE","totalTime":22360.69999834895,"totalRelativeTime":"8.63%","numOfCalls":95390482,"avgTimePerCall":0.00023441227604184818},{"label":"NOT_MEASURED","totalTime":119084.09999674559,"totalRelativeTime":"45.96%","numOfCalls":0,"avgTimePerCall":119084.09999674559}],"visitedNodes":67725922,"iterations":[{"visitedNodes":37,"bound":2},{"visitedNodes":181,"bound":3},{"visitedNodes":877,"bound":4},{"visitedNodes":4237,"bound":5},{"visitedNodes":20461,"bound":6},{"visitedNodes":98797,"bound":7},{"visitedNodes":477037,"bound":8},{"visitedNodes":2303341,"bound":9},{"visitedNodes":11121517,"bound":10},{"visitedNodes":53699437,"bound":11}]}}},{"label":"2x2","key":"IDA*","solution":{"rotations":[{"side":2,"counterClockwiseDirection":true,"layer":0},{"side":3,"counterClockwiseDirection":true,"layer":0},{"side":2,"counterClockwiseDirection":false,"layer":0},{"side":0,"counterClockwiseDirection":true,"layer":0},{"side":0,"counterClockwiseDirection":true,"layer":0},{"side":2,"counterClockwiseDirection":false,"layer":0},{"side":0,"counterClockwiseDirection":true,"layer":0},{"side":2,"counterClockwiseDirection":true,"layer":0},{"side":3,"counterClockwiseDirection":true,"layer":0},{"side":2,"counterClockwiseDirection":false,"layer":0},{"side":0,"counterClockwiseDirection":false,"layer":0},{"side":2,"counterClockwiseDirection":true,"layer":0}],"totalTime":244733.10000002384,"data":{"metrics":[{"label":"PERFORM_ROTATION","totalTime":120721.89999651909,"totalRelativeTime":"49.32%","numOfCalls":92253386,"avgTimePerCall":0.0013085904510488004},{"label":"ADD_CANDIDATE","totalTime":21842.900002598763,"totalRelativeTime":"8.92%","numOfCalls":92253386,"avgTimePerCall":0.00023677071324621908},{"label":"NOT_MEASURED","totalTime":102168.30000090599,"totalRelativeTime":"41.74%","numOfCalls":0,"avgTimePerCall":102168.30000090599}],"visitedNodes":13029150,"iterations":[{"visitedNodes":7,"bound":2},{"visitedNodes":50,"bound":3.25},{"visitedNodes":616,"bound":4.5},{"visitedNodes":4265,"bound":5.75},{"visitedNodes":21645,"bound":7},{"visitedNodes":151774,"bound":8.25},{"visitedNodes":1693171,"bound":9.5},{"visitedNodes":11157622,"bound":10.75}]}}},{"label":"2x2","key":"GA","solution":{"rotations":[{"side":2,"counterClockwiseDirection":false,"layer":0},{"side":2,"counterClockwiseDirection":false,"layer":0},{"side":3,"counterClockwiseDirection":false,"layer":0},{"side":0,"counterClockwiseDirection":false,"layer":0},{"side":3,"counterClockwiseDirection":false,"layer":0},{"side":2,"counterClockwiseDirection":true,"layer":0},{"side":0,"counterClockwiseDirection":true,"layer":0},{"side":3,"counterClockwiseDirection":true,"layer":0},{"side":0,"counterClockwiseDirection":true,"layer":0},{"side":2,"counterClockwiseDirection":false,"layer":0},{"side":0,"counterClockwiseDirection":true,"layer":0},{"side":0,"counterClockwiseDirection":true,"layer":0},{"side":2,"counterClockwiseDirection":true,"layer":0},{"side":2,"counterClockwiseDirection":true,"layer":0},{"side":0,"counterClockwiseDirection":false,"layer":0},{"side":3,"counterClockwiseDirection":false,"layer":0},{"side":3,"counterClockwiseDirection":false,"layer":0},{"side":2,"counterClockwiseDirection":true,"layer":0},{"side":0,"counterClockwiseDirection":false,"layer":0},{"side":3,"counterClockwiseDirection":true,"layer":0},{"side":3,"counterClockwiseDirection":true,"layer":0},{"side":0,"counterClockwiseDirection":false,"layer":0},{"side":2,"counterClockwiseDirection":false,"layer":0},{"side":0,"counterClockwiseDirection":true,"layer":0}],"totalTime":112414.59999999404,"data":{"armageddonCounter":1,"generations":7622,"metrics":[{"label":"CHECK_SOLUTION","totalTime":6140.500006496906,"totalRelativeTime":"5.46%","numOfCalls":22862610,"avgTimePerCall":0.0002685826336755474},{"label":"APPLYING_ROTATIONS","totalTime":34624.99999678135,"totalRelativeTime":"30.8%","numOfCalls":22862606,"avgTimePerCall":0.0015144817697851833},{"label":"COMPUTE_GENE","totalTime":6287.900001555681,"totalRelativeTime":"5.59%","numOfCalls":22862606,"avgTimePerCall":0.00027502988948660014},{"label":"CALCULATE_CITIZEN_SCORE","totalTime":12656.999998867512,"totalRelativeTime":"11.25%","numOfCalls":22862606,"avgTimePerCall":0.000553611429898565},{"label":"AGGREGATE_CURRENT_GENERATION","totalTime":213.3000011742115,"totalRelativeTime":"0.18%","numOfCalls":762086,"avgTimePerCall":0.00027988967278523883},{"label":"CREATE_NEXT_GENERATION","totalTime":645.3999986946583,"totalRelativeTime":"0.57%","numOfCalls":7620,"avgTimePerCall":0.0846981625583541},{"label":"MEASUREMENT_OVERHEAD","totalTime":25806.700011223555,"totalRelativeTime":"22.95%","numOfCalls":0,"avgTimePerCall":25806.700011223555},{"label":"NOT_MEASURED","totalTime":26038.799985200167,"totalRelativeTime":"23.16%","numOfCalls":0,"avgTimePerCall":26038.799985200167}]}}},{"label":"2x2","key":"SA","solution":{"rotations":[{"side":0,"counterClockwiseDirection":false,"layer":0},{"side":2,"counterClockwiseDirection":true,"layer":0},{"side":0,"counterClockwiseDirection":false,"layer":0},{"side":3,"counterClockwiseDirection":false,"layer":0},{"side":0,"counterClockwiseDirection":false,"layer":0},{"side":3,"counterClockwiseDirection":false,"layer":0},{"side":0,"counterClockwiseDirection":false,"layer":0},{"side":2,"counterClockwiseDirection":true,"layer":0},{"side":3,"counterClockwiseDirection":true,"layer":0},{"side":2,"counterClockwiseDirection":false,"layer":0},{"side":2,"counterClockwiseDirection":false,"layer":0},{"side":3,"counterClockwiseDirection":true,"layer":0},{"side":0,"counterClockwiseDirection":true,"layer":0},{"side":3,"counterClockwiseDirection":false,"layer":0}],"totalTime":70600.69999998808,"data":{"restartCounter":0,"iterations":4766,"metrics":[{"label":"CHECK_SOLUTION","totalTime":3838.399999588728,"totalRelativeTime":"5.43%","numOfCalls":14296860,"avgTimePerCall":0.00026847853301974894},{"label":"APPLYING_ROTATIONS","totalTime":21379.300001710653,"totalRelativeTime":"30.28%","numOfCalls":14296850,"avgTimePerCall":0.001495385347241571},{"label":"COMPUTE_ROTATION","totalTime":3993.0999997854233,"totalRelativeTime":"5.65%","numOfCalls":14296850,"avgTimePerCall":0.00027929928619139344},{"label":"CALCULATE_CITIZEN_SCORE","totalTime":7820.000003010035,"totalRelativeTime":"11.07%","numOfCalls":14296850,"avgTimePerCall":0.0005469736342627946},{"label":"AGGREGATE_CURRENT_GENERATION","totalTime":135.799999833107,"totalRelativeTime":"0.19%","numOfCalls":476561,"avgTimePerCall":0.00028495827361682346},{"label":"CREATE_NEXT_GENERATION","totalTime":400.40000036358833,"totalRelativeTime":"0.56%","numOfCalls":4765,"avgTimePerCall":0.08402938097871739},{"label":"MEASUREMENT_OVERHEAD","totalTime":16429.49999821186,"totalRelativeTime":"23.27%","numOfCalls":0,"avgTimePerCall":16429.49999821186},{"label":"NOT_MEASURED","totalTime":16604.199997484684,"totalRelativeTime":"23.51%","numOfCalls":0,"avgTimePerCall":16604.199997484684}]}}},{"label":"2x2","key":"WA*","solution":{"rotations":[{"side":0,"counterClockwiseDirection":false,"layer":0},{"side":3,"counterClockwiseDirection":true,"layer":0},{"side":0,"counterClockwiseDirection":false,"layer":0},{"side":2,"counterClockwiseDirection":false,"layer":0},{"side":3,"counterClockwiseDirection":false,"layer":0},{"side":2,"counterClockwiseDirection":true,"layer":0},{"side":3,"counterClockwiseDirection":true,"layer":0},{"side":2,"counterClockwiseDirection":false,"layer":0},{"side":0,"counterClockwiseDirection":true,"layer":0},{"side":3,"counterClockwiseDirection":false,"layer":0},{"side":0,"counterClockwiseDirection":true,"layer":0},{"side":3,"counterClockwiseDirection":true,"layer":0},{"side":0,"counterClockwiseDirection":false,"layer":0},{"side":0,"counterClockwiseDirection":false,"layer":0},{"side":3,"counterClockwiseDirection":false,"layer":0},{"side":0,"counterClockwiseDirection":true,"layer":0},{"side":0,"counterClockwiseDirection":true,"layer":0},{"side":3,"counterClockwiseDirection":true,"layer":0}],"totalTime":2323.199999988079,"data":{"metrics":[{"label":"ITERATIONS_COUNTER_INCREMENT","totalTime":40.90000021457672,"totalRelativeTime":"1.76%","numOfCalls":189456,"avgTimePerCall":0.00021588126116130774},{"label":"ABORTED_VERIFICATION","totalTime":20.60000005364418,"totalRelativeTime":"0.88%","numOfCalls":94728,"avgTimePerCall":0.00021746474171991577},{"label":"POP_CANDIDATE","totalTime":51.89999979734421,"totalRelativeTime":"2.23%","numOfCalls":94728,"avgTimePerCall":0.0005478844670777828},{"label":"VISISTED_LIST_CHECK","totalTime":218.90000063180923,"totalRelativeTime":"9.42%","numOfCalls":505055,"avgTimePerCall":0.0004334181438295022},{"label":"CHECK_SOLUTION","totalTime":17.10000005364418,"totalRelativeTime":"0.73%","numOfCalls":85984,"avgTimePerCall":0.00019887420977907728},{"label":"ADD_TO_VISISTED_LIST_CHECK","totalTime":21,"totalRelativeTime":"0.9%","numOfCalls":85983,"avgTimePerCall":0.00024423432538990265},{"label":"PERFORM_ROTATION","totalTime":560.0999998748302,"totalRelativeTime":"24.1%","numOfCalls":410327,"avgTimePerCall":0.0013650088828539926},{"label":"HEURISTIC_CALCULATION","totalTime":220.10000103712082,"totalRelativeTime":"9.47%","numOfCalls":410327,"avgTimePerCall":0.0005364014579521231},{"label":"ADD_CANDIDATE","totalTime":101.7999997138977,"totalRelativeTime":"4.38%","numOfCalls":393859,"avgTimePerCall":0.000258468131270068},{"label":"BUILD_SOLUTION","totalTime":0.09999999403953552,"totalRelativeTime":"0%","numOfCalls":1,"avgTimePerCall":0.09999999403953552},{"label":"MEASUREMENT_OVERHEAD","totalTime":516.4999990463257,"totalRelativeTime":"22.23%","numOfCalls":0,"avgTimePerCall":516.4999990463257},{"label":"NOT_MEASURED","totalTime":554.1999995708466,"totalRelativeTime":"23.85%","numOfCalls":0,"avgTimePerCall":554.1999995708466}],"visitedNodes":94728,"differentNodes":85984}}},{"label":"2x2","key":"BiBFS","solution":{"rotations":[{"side":3,"counterClockwiseDirection":false,"layer":0},{"side":0,"counterClockwiseDirection":true,"layer":0},{"side":2,"counterClockwiseDirection":true,"layer":0},{"side":0,"counterClockwiseDirection":false,"layer":0},{"side":3,"counterClockwiseDirection":true,"layer":0},{"side":0,"counterClockwiseDirection":false,"layer":0},{"side":2,"counterClockwiseDirection":true,"layer":0},{"side":3,"counterClockwiseDirection":true,"layer":0},{"side":2,"counterClockwiseDirection":false,"layer":0},{"side":3,"counterClockwiseDirection":true,"layer":0},{"side":0,"counterClockwiseDirection":false,"layer":0},{"side":3,"counterClockwiseDirection":true,"layer":0}],"totalTime":257,"data":{"metrics":[{"label":"POP_CANDIDATE","totalTime":4.100000083446503,"totalRelativeTime":"1.59%","numOfCalls":11640,"avgTimePerCall":0.00035223368414488855},{"label":"VISISTED_LIST_CHECK","totalTime":28.099999994039536,"totalRelativeTime":"10.93%","numOfCalls":71300,"avgTimePerCall":0.000394109396830849},{"label":"ADD_TO_VISISTED_LIST_CHECK","totalTime":3.7000000178813934,"totalRelativeTime":"1.43%","numOfCalls":10122,"avgTimePerCall":0.00036554040880076996},{"label":"PERFORM_ROTATION","totalTime":102.49999997019768,"totalRelativeTime":"39.88%","numOfCalls":49536,"avgTimePerCall":0.0020692021957807996},{"label":"ADD_CANDIDATE","totalTime":15.39999994635582,"totalRelativeTime":"5.99%","numOfCalls":48536,"avgTimePerCall":0.00031729025767174507},{"label":"MEASUREMENT_OVERHEAD","totalTime":45.79999986290932,"totalRelativeTime":"17.82%","numOfCalls":0,"avgTimePerCall":45.79999986290932},{"label":"NOT_MEASURED","totalTime":57.400000125169754,"totalRelativeTime":"22.33%","numOfCalls":0,"avgTimePerCall":57.400000125169754}],"iterations":5062,"visitedNodes":5062}}}]}