{"timestamp":1680986352012,"shuffle":"30: 2D    R'   B'  2U    B'  2R    L    R   2D    B'   F'   R'   U    B    F    U'   R    B'   F'   D    R    U'   R'   D   2F   ","solutions":[{"label":"2x2","key":"IDDFS","solution":{"rotations":[{"side":2,"counterClockwiseDirection":true,"layer":0},{"side":2,"counterClockwiseDirection":true,"layer":0},{"side":3,"counterClockwiseDirection":false,"layer":0},{"side":0,"counterClockwiseDirection":true,"layer":0},{"side":3,"counterClockwiseDirection":false,"layer":0},{"side":0,"counterClockwiseDirection":false,"layer":0},{"side":3,"counterClockwiseDirection":false,"layer":0},{"side":2,"counterClockwiseDirection":true,"layer":0},{"side":0,"counterClockwiseDirection":false,"layer":0},{"side":2,"counterClockwiseDirection":true,"layer":0},{"side":0,"counterClockwiseDirection":false,"layer":0},{"side":2,"counterClockwiseDirection":true,"layer":0}],"totalTime":187583.40000000037,"data":{"metrics":[{"label":"PERFORM_ROTATION","totalTime":81591.19999902137,"totalRelativeTime":"43.49%","numOfCalls":74421604,"avgTimePerCall":0.001096337563471776},{"label":"ADD_CANDIDATE","totalTime":14530.299999441952,"totalRelativeTime":"7.74%","numOfCalls":74421604,"avgTimePerCall":0.00019524303721594002},{"label":"NOT_MEASURED","totalTime":91461.90000153705,"totalRelativeTime":"48.75%","numOfCalls":0,"avgTimePerCall":91461.90000153705}],"visitedNodes":67725922,"iterations":[{"visitedNodes":37,"bound":2},{"visitedNodes":181,"bound":3},{"visitedNodes":877,"bound":4},{"visitedNodes":4237,"bound":5},{"visitedNodes":20461,"bound":6},{"visitedNodes":98797,"bound":7},{"visitedNodes":477037,"bound":8},{"visitedNodes":2303341,"bound":9},{"visitedNodes":11121517,"bound":10},{"visitedNodes":53699437,"bound":11}]}}},{"label":"2x2","key":"IDA*","solution":{"rotations":[{"side":2,"counterClockwiseDirection":true,"layer":0},{"side":2,"counterClockwiseDirection":true,"layer":0},{"side":3,"counterClockwiseDirection":false,"layer":0},{"side":0,"counterClockwiseDirection":true,"layer":0},{"side":3,"counterClockwiseDirection":false,"layer":0},{"side":0,"counterClockwiseDirection":false,"layer":0},{"side":3,"counterClockwiseDirection":false,"layer":0},{"side":2,"counterClockwiseDirection":true,"layer":0},{"side":0,"counterClockwiseDirection":false,"layer":0},{"side":2,"counterClockwiseDirection":true,"layer":0},{"side":0,"counterClockwiseDirection":false,"layer":0},{"side":2,"counterClockwiseDirection":true,"layer":0}],"totalTime":162095.1000000015,"data":{"metrics":[{"label":"PERFORM_ROTATION","totalTime":78225.10000028461,"totalRelativeTime":"48.25%","numOfCalls":69981032,"avgTimePerCall":0.0011178043216093843},{"label":"ADD_CANDIDATE","totalTime":14027.000000087544,"totalRelativeTime":"8.65%","numOfCalls":69981032,"avgTimePerCall":0.00020044002780764285},{"label":"NOT_MEASURED","totalTime":69842.99999962933,"totalRelativeTime":"43.08%","numOfCalls":0,"avgTimePerCall":69842.99999962933}],"visitedNodes":13023566,"iterations":[{"visitedNodes":7,"bound":2},{"visitedNodes":37,"bound":3.25},{"visitedNodes":623,"bound":4.5},{"visitedNodes":4242,"bound":5.75},{"visitedNodes":21289,"bound":7},{"visitedNodes":151674,"bound":8.25},{"visitedNodes":1695487,"bound":9.5},{"visitedNodes":11150207,"bound":10.75}]}}},{"label":"2x2","key":"SA","solution":{"rotations":[{"side":0,"counterClockwiseDirection":false,"layer":0},{"side":2,"counterClockwiseDirection":false,"layer":0},{"side":3,"counterClockwiseDirection":false,"layer":0},{"side":2,"counterClockwiseDirection":false,"layer":0},{"side":3,"counterClockwiseDirection":false,"layer":0},{"side":2,"counterClockwiseDirection":true,"layer":0},{"side":3,"counterClockwiseDirection":true,"layer":0},{"side":3,"counterClockwiseDirection":true,"layer":0},{"side":2,"counterClockwiseDirection":false,"layer":0},{"side":2,"counterClockwiseDirection":false,"layer":0},{"side":0,"counterClockwiseDirection":false,"layer":0},{"side":3,"counterClockwiseDirection":true,"layer":0},{"side":0,"counterClockwiseDirection":false,"layer":0},{"side":0,"counterClockwiseDirection":false,"layer":0},{"side":3,"counterClockwiseDirection":false,"layer":0},{"side":0,"counterClockwiseDirection":true,"layer":0},{"side":0,"counterClockwiseDirection":true,"layer":0},{"side":3,"counterClockwiseDirection":true,"layer":0},{"side":0,"counterClockwiseDirection":true,"layer":0},{"side":2,"counterClockwiseDirection":false,"layer":0},{"side":3,"counterClockwiseDirection":true,"layer":0},{"side":2,"counterClockwiseDirection":true,"layer":0}],"totalTime":2475,"data":{"restartCounter":0,"iterations":201,"metrics":[{"label":"CHECK_SOLUTION","totalTime":126.20000000856817,"totalRelativeTime":"5.09%","numOfCalls":601050,"avgTimePerCall":0.0002099658930348027},{"label":"APPLYING_ROTATIONS","totalTime":754.700000019744,"totalRelativeTime":"30.49%","numOfCalls":601042,"avgTimePerCall":0.001255652683206405},{"label":"COMPUTE_ROTATION","totalTime":129.40000000968575,"totalRelativeTime":"5.22%","numOfCalls":601042,"avgTimePerCall":0.00021529277489707168},{"label":"CALCULATE_CITIZEN_SCORE","totalTime":265.30000001750886,"totalRelativeTime":"10.71%","numOfCalls":601042,"avgTimePerCall":0.00044140010185229797},{"label":"AGGREGATE_CURRENT_GENERATION","totalTime":5.999999998137355,"totalRelativeTime":"0.24%","numOfCalls":20034,"avgTimePerCall":0.00029949086543562715},{"label":"CREATE_NEXT_GENERATION","totalTime":15.399999998509884,"totalRelativeTime":"0.62%","numOfCalls":200,"avgTimePerCall":0.07699999999254942},{"label":"MEASUREMENT_OVERHEAD","totalTime":575.0999999940395,"totalRelativeTime":"23.23%","numOfCalls":0,"avgTimePerCall":575.0999999940395},{"label":"NOT_MEASURED","totalTime":602.8999999538064,"totalRelativeTime":"24.35%","numOfCalls":0,"avgTimePerCall":602.8999999538064}]}}},{"label":"2x2","key":"GA","solution":{"rotations":[{"side":3,"counterClockwiseDirection":true,"layer":0},{"side":0,"counterClockwiseDirection":false,"layer":0},{"side":2,"counterClockwiseDirection":false,"layer":0},{"side":0,"counterClockwiseDirection":false,"layer":0},{"side":2,"counterClockwiseDirection":false,"layer":0},{"side":3,"counterClockwiseDirection":false,"layer":0},{"side":0,"counterClockwiseDirection":true,"layer":0},{"side":0,"counterClockwiseDirection":true,"layer":0},{"side":2,"counterClockwiseDirection":true,"layer":0},{"side":3,"counterClockwiseDirection":true,"layer":0},{"side":0,"counterClockwiseDirection":true,"layer":0},{"side":0,"counterClockwiseDirection":true,"layer":0},{"side":2,"counterClockwiseDirection":true,"layer":0},{"side":3,"counterClockwiseDirection":false,"layer":0},{"side":0,"counterClockwiseDirection":true,"layer":0},{"side":2,"counterClockwiseDirection":true,"layer":0}],"totalTime":22019.800000000745,"data":{"armageddonCounter":0,"generations":1922,"metrics":[{"label":"CHECK_SOLUTION","totalTime":1138.8999998643994,"totalRelativeTime":"5.17%","numOfCalls":5766000,"avgTimePerCall":0.00019751994447873733},{"label":"APPLYING_ROTATIONS","totalTime":6882.200000097975,"totalRelativeTime":"31.25%","numOfCalls":5765988,"avgTimePerCall":0.0011935855572536701},{"label":"COMPUTE_GENE","totalTime":1198.6000000629574,"totalRelativeTime":"5.44%","numOfCalls":5765988,"avgTimePerCall":0.00020787417526067648},{"label":"CALCULATE_CITIZEN_SCORE","totalTime":2463.799999995157,"totalRelativeTime":"11.18%","numOfCalls":5765988,"avgTimePerCall":0.0004272988427993879},{"label":"AGGREGATE_CURRENT_GENERATION","totalTime":41.49999997019768,"totalRelativeTime":"0.18%","numOfCalls":192199,"avgTimePerCall":0.00021592203898146024},{"label":"CREATE_NEXT_GENERATION","totalTime":143.7000000346452,"totalRelativeTime":"0.65%","numOfCalls":1921,"avgTimePerCall":0.07480478919034107},{"label":"MEASUREMENT_OVERHEAD","totalTime":5074.499999880791,"totalRelativeTime":"23.04%","numOfCalls":0,"avgTimePerCall":5074.499999880791},{"label":"NOT_MEASURED","totalTime":5076.600000094622,"totalRelativeTime":"23.05%","numOfCalls":0,"avgTimePerCall":5076.600000094622}]}}},{"label":"2x2","key":"WA*","solution":{"rotations":[{"side":3,"counterClockwiseDirection":true,"layer":0},{"side":0,"counterClockwiseDirection":false,"layer":0},{"side":0,"counterClockwiseDirection":false,"layer":0},{"side":2,"counterClockwiseDirection":true,"layer":0},{"side":3,"counterClockwiseDirection":true,"layer":0},{"side":2,"counterClockwiseDirection":false,"layer":0},{"side":3,"counterClockwiseDirection":true,"layer":0},{"side":0,"counterClockwiseDirection":true,"layer":0},{"side":3,"counterClockwiseDirection":true,"layer":0},{"side":0,"counterClockwiseDirection":false,"layer":0},{"side":0,"counterClockwiseDirection":false,"layer":0},{"side":2,"counterClockwiseDirection":false,"layer":0},{"side":3,"counterClockwiseDirection":false,"layer":0},{"side":3,"counterClockwiseDirection":false,"layer":0},{"side":2,"counterClockwiseDirection":true,"layer":0},{"side":3,"counterClockwiseDirection":false,"layer":0}],"totalTime":1470.699999999255,"data":{"metrics":[{"label":"ITERATIONS_COUNTER_INCREMENT","totalTime":25.699999986216426,"totalRelativeTime":"1.74%","numOfCalls":116936,"avgTimePerCall":0.00021977834017083213},{"label":"ABORTED_VERIFICATION","totalTime":11.999999994412065,"totalRelativeTime":"0.81%","numOfCalls":58468,"avgTimePerCall":0.00020524047332578615},{"label":"POP_CANDIDATE","totalTime":31.200000010430813,"totalRelativeTime":"2.12%","numOfCalls":58468,"avgTimePerCall":0.0005336252310739346},{"label":"VISISTED_LIST_CHECK","totalTime":115.300000006333,"totalRelativeTime":"7.83%","numOfCalls":317524,"avgTimePerCall":0.00036312215771511127},{"label":"CHECK_SOLUTION","totalTime":9.5,"totalRelativeTime":"0.64%","numOfCalls":54258,"avgTimePerCall":0.00017508938774005677},{"label":"ADD_TO_VISISTED_LIST_CHECK","totalTime":25.599999994039536,"totalRelativeTime":"1.74%","numOfCalls":54257,"avgTimePerCall":0.00047182851971247096},{"label":"PERFORM_ROTATION","totalTime":356.9000000525266,"totalRelativeTime":"24.26%","numOfCalls":259056,"avgTimePerCall":0.0013776943983251752},{"label":"HEURISTIC_CALCULATION","totalTime":143.8999999947846,"totalRelativeTime":"9.78%","numOfCalls":259056,"avgTimePerCall":0.0005554783521508268},{"label":"ADD_CANDIDATE","totalTime":73.99999996088445,"totalRelativeTime":"5.03%","numOfCalls":250676,"avgTimePerCall":0.00029520177424597667},{"label":"BUILD_SOLUTION","totalTime":0,"totalRelativeTime":"0%","numOfCalls":1,"avgTimePerCall":0},{"label":"MEASUREMENT_OVERHEAD","totalTime":322.29999996721745,"totalRelativeTime":"21.91%","numOfCalls":0,"avgTimePerCall":322.29999996721745},{"label":"NOT_MEASURED","totalTime":354.30000003241,"totalRelativeTime":"24.09%","numOfCalls":0,"avgTimePerCall":354.30000003241}],"visitedNodes":58468,"differentNodes":54258}}},{"label":"2x2","key":"BiBFS","solution":{"rotations":[{"side":3,"counterClockwiseDirection":false,"layer":0},{"side":2,"counterClockwiseDirection":true,"layer":0},{"side":0,"counterClockwiseDirection":true,"layer":0},{"side":0,"counterClockwiseDirection":true,"layer":0},{"side":3,"counterClockwiseDirection":false,"layer":0},{"side":2,"counterClockwiseDirection":true,"layer":0},{"side":3,"counterClockwiseDirection":true,"layer":0},{"side":2,"counterClockwiseDirection":false,"layer":0},{"side":0,"counterClockwiseDirection":true,"layer":0},{"side":2,"counterClockwiseDirection":false,"layer":0},{"side":2,"counterClockwiseDirection":false,"layer":0},{"side":3,"counterClockwiseDirection":false,"layer":0}],"totalTime":255.5,"data":{"metrics":[{"label":"POP_CANDIDATE","totalTime":3.400000000372529,"totalRelativeTime":"1.33%","numOfCalls":13134,"avgTimePerCall":0.000258870108144703},{"label":"VISISTED_LIST_CHECK","totalTime":28.0999999884516,"totalRelativeTime":"10.99%","numOfCalls":80190,"avgTimePerCall":0.00035041775768115225},{"label":"ADD_TO_VISISTED_LIST_CHECK","totalTime":5.600000001490116,"totalRelativeTime":"2.19%","numOfCalls":11378,"avgTimePerCall":0.0004921778872816063},{"label":"PERFORM_ROTATION","totalTime":93.80000001378357,"totalRelativeTime":"36.71%","numOfCalls":55676,"avgTimePerCall":0.0016847474677380483},{"label":"ADD_CANDIDATE","totalTime":16.09999999962747,"totalRelativeTime":"6.3%","numOfCalls":54512,"avgTimePerCall":0.0002953478133186724},{"label":"MEASUREMENT_OVERHEAD","totalTime":51.19999999180436,"totalRelativeTime":"20.03%","numOfCalls":0,"avgTimePerCall":51.19999999180436},{"label":"NOT_MEASURED","totalTime":57.30000000447035,"totalRelativeTime":"22.42%","numOfCalls":0,"avgTimePerCall":57.30000000447035}],"iterations":5690,"visitedNodes":5690}}}]}