{"timestamp":1680985776877,"shuffle":"36: 2U    L    F'   U'   R    U'   R'   U'   R'   L'   B'   F'   B    U    L    R   2U   2R    B    U'   B'   L    U    D    L'   U'   F'   R'   D'   R'   F'   D    L'  ","solutions":[{"label":"2x2","key":"IDDFS","solution":{"rotations":[{"side":3,"counterClockwiseDirection":true,"layer":0},{"side":2,"counterClockwiseDirection":true,"layer":0},{"side":0,"counterClockwiseDirection":false,"layer":0},{"side":3,"counterClockwiseDirection":true,"layer":0},{"side":0,"counterClockwiseDirection":false,"layer":0},{"side":3,"counterClockwiseDirection":false,"layer":0},{"side":0,"counterClockwiseDirection":true,"layer":0},{"side":2,"counterClockwiseDirection":true,"layer":0},{"side":2,"counterClockwiseDirection":true,"layer":0},{"side":3,"counterClockwiseDirection":true,"layer":0}],"totalTime":30942.299999998882,"data":{"metrics":[{"label":"PERFORM_ROTATION","totalTime":13238.799999987707,"totalRelativeTime":"42.78%","numOfCalls":10524505,"avgTimePerCall":0.001257902390657585},{"label":"ADD_CANDIDATE","totalTime":2417.900000091642,"totalRelativeTime":"7.81%","numOfCalls":10524505,"avgTimePerCall":0.0002297400210358247},{"label":"NOT_MEASURED","totalTime":15285.599999919534,"totalRelativeTime":"49.4%","numOfCalls":0,"avgTimePerCall":15285.599999919534}],"visitedNodes":2904968,"iterations":[{"visitedNodes":37,"bound":2},{"visitedNodes":181,"bound":3},{"visitedNodes":877,"bound":4},{"visitedNodes":4237,"bound":5},{"visitedNodes":20461,"bound":6},{"visitedNodes":98797,"bound":7},{"visitedNodes":477037,"bound":8},{"visitedNodes":2303341,"bound":9}]}}},{"label":"2x2","key":"IDA*","solution":{"rotations":[{"side":3,"counterClockwiseDirection":true,"layer":0},{"side":2,"counterClockwiseDirection":true,"layer":0},{"side":0,"counterClockwiseDirection":false,"layer":0},{"side":3,"counterClockwiseDirection":true,"layer":0},{"side":0,"counterClockwiseDirection":false,"layer":0},{"side":3,"counterClockwiseDirection":false,"layer":0},{"side":0,"counterClockwiseDirection":true,"layer":0},{"side":2,"counterClockwiseDirection":true,"layer":0},{"side":2,"counterClockwiseDirection":true,"layer":0},{"side":3,"counterClockwiseDirection":true,"layer":0}],"totalTime":102558.59999999963,"data":{"metrics":[{"label":"PERFORM_ROTATION","totalTime":49487.20000047609,"totalRelativeTime":"48.25%","numOfCalls":46063815,"avgTimePerCall":0.001074318312551318},{"label":"ADD_CANDIDATE","totalTime":8986.700000077486,"totalRelativeTime":"8.76%","numOfCalls":46063815,"avgTimePerCall":0.0001950923951930053},{"label":"NOT_MEASURED","totalTime":44084.69999944605,"totalRelativeTime":"42.98%","numOfCalls":0,"avgTimePerCall":44084.69999944605}],"visitedNodes":1896658,"iterations":[{"visitedNodes":7,"bound":2},{"visitedNodes":72,"bound":3.25},{"visitedNodes":648,"bound":4.5},{"visitedNodes":4237,"bound":5.75},{"visitedNodes":21954,"bound":7},{"visitedNodes":157803,"bound":8.25},{"visitedNodes":1711937,"bound":9.5}]}}},{"label":"2x2","key":"SA","solution":{"rotations":[{"side":0,"counterClockwiseDirection":false,"layer":0},{"side":2,"counterClockwiseDirection":true,"layer":0},{"side":3,"counterClockwiseDirection":false,"layer":0},{"side":2,"counterClockwiseDirection":false,"layer":0},{"side":0,"counterClockwiseDirection":false,"layer":0},{"side":2,"counterClockwiseDirection":false,"layer":0},{"side":2,"counterClockwiseDirection":false,"layer":0},{"side":3,"counterClockwiseDirection":false,"layer":0},{"side":2,"counterClockwiseDirection":false,"layer":0},{"side":2,"counterClockwiseDirection":false,"layer":0},{"side":3,"counterClockwiseDirection":false,"layer":0},{"side":0,"counterClockwiseDirection":false,"layer":0},{"side":3,"counterClockwiseDirection":true,"layer":0},{"side":0,"counterClockwiseDirection":false,"layer":0},{"side":3,"counterClockwiseDirection":true,"layer":0},{"side":2,"counterClockwiseDirection":true,"layer":0},{"side":3,"counterClockwiseDirection":true,"layer":0},{"side":2,"counterClockwiseDirection":true,"layer":0},{"side":0,"counterClockwiseDirection":true,"layer":0},{"side":3,"counterClockwiseDirection":true,"layer":0}],"totalTime":72625,"data":{"restartCounter":1,"iterations":6538,"metrics":[{"label":"CHECK_SOLUTION","totalTime":3825.600000070408,"totalRelativeTime":"5.26%","numOfCalls":19612320,"avgTimePerCall":0.0001950610636615356},{"label":"APPLYING_ROTATIONS","totalTime":22469.299999509007,"totalRelativeTime":"30.93%","numOfCalls":19612320,"avgTimePerCall":0.0011456727199795336},{"label":"COMPUTE_ROTATION","totalTime":3952.8000002410263,"totalRelativeTime":"5.44%","numOfCalls":19612320,"avgTimePerCall":0.00020154678285083183},{"label":"CALCULATE_CITIZEN_SCORE","totalTime":8259.399999601766,"totalRelativeTime":"11.37%","numOfCalls":19612320,"avgTimePerCall":0.00042113324683677234},{"label":"AGGREGATE_CURRENT_GENERATION","totalTime":134.10000006482005,"totalRelativeTime":"0.18%","numOfCalls":653743,"avgTimePerCall":0.00020512647946489682},{"label":"CREATE_NEXT_GENERATION","totalTime":447.9999998956919,"totalRelativeTime":"0.61%","numOfCalls":6537,"avgTimePerCall":0.06853296617648644},{"label":"MEASUREMENT_OVERHEAD","totalTime":17003.199999859557,"totalRelativeTime":"23.41%","numOfCalls":0,"avgTimePerCall":17003.199999859557},{"label":"NOT_MEASURED","totalTime":16532.600000757724,"totalRelativeTime":"22.76%","numOfCalls":0,"avgTimePerCall":16532.600000757724}]}}},{"label":"2x2","key":"GA","solution":{"rotations":[{"side":2,"counterClockwiseDirection":true,"layer":0},{"side":0,"counterClockwiseDirection":false,"layer":0},{"side":3,"counterClockwiseDirection":false,"layer":0},{"side":3,"counterClockwiseDirection":false,"layer":0},{"side":0,"counterClockwiseDirection":true,"layer":0},{"side":2,"counterClockwiseDirection":false,"layer":0},{"side":0,"counterClockwiseDirection":true,"layer":0},{"side":3,"counterClockwiseDirection":true,"layer":0},{"side":2,"counterClockwiseDirection":true,"layer":0},{"side":0,"counterClockwiseDirection":false,"layer":0},{"side":3,"counterClockwiseDirection":false,"layer":0},{"side":3,"counterClockwiseDirection":false,"layer":0},{"side":2,"counterClockwiseDirection":false,"layer":0},{"side":0,"counterClockwiseDirection":false,"layer":0},{"side":3,"counterClockwiseDirection":true,"layer":0},{"side":2,"counterClockwiseDirection":false,"layer":0},{"side":3,"counterClockwiseDirection":true,"layer":0},{"side":0,"counterClockwiseDirection":true,"layer":0}],"totalTime":9782.89999999851,"data":{"armageddonCounter":0,"generations":805,"metrics":[{"label":"CHECK_SOLUTION","totalTime":509.7999999821186,"totalRelativeTime":"5.21%","numOfCalls":2413500,"avgTimePerCall":0.0002112285063112155},{"label":"APPLYING_ROTATIONS","totalTime":3046.5000001434237,"totalRelativeTime":"31.14%","numOfCalls":2413488,"avgTimePerCall":0.0012622809809468387},{"label":"COMPUTE_GENE","totalTime":528.5999999511987,"totalRelativeTime":"5.4%","numOfCalls":2413488,"avgTimePerCall":0.00021901911256703936},{"label":"CALCULATE_CITIZEN_SCORE","totalTime":1073.399999992922,"totalRelativeTime":"10.97%","numOfCalls":2413488,"avgTimePerCall":0.0004447505021748283},{"label":"AGGREGATE_CURRENT_GENERATION","totalTime":17.90000000409782,"totalRelativeTime":"0.18%","numOfCalls":80449,"avgTimePerCall":0.00022250121199887904},{"label":"CREATE_NEXT_GENERATION","totalTime":129.0000000037253,"totalRelativeTime":"1.31%","numOfCalls":804,"avgTimePerCall":0.1604477611986633},{"label":"MEASUREMENT_OVERHEAD","totalTime":2261.4999999348074,"totalRelativeTime":"23.11%","numOfCalls":0,"avgTimePerCall":2261.4999999348074},{"label":"NOT_MEASURED","totalTime":2216.1999999862164,"totalRelativeTime":"22.65%","numOfCalls":0,"avgTimePerCall":2216.1999999862164}]}}},{"label":"2x2","key":"WA*","solution":{"rotations":[{"side":2,"counterClockwiseDirection":false,"layer":0},{"side":0,"counterClockwiseDirection":true,"layer":0},{"side":3,"counterClockwiseDirection":true,"layer":0},{"side":2,"counterClockwiseDirection":false,"layer":0},{"side":2,"counterClockwiseDirection":false,"layer":0},{"side":0,"counterClockwiseDirection":true,"layer":0},{"side":0,"counterClockwiseDirection":true,"layer":0},{"side":2,"counterClockwiseDirection":true,"layer":0},{"side":0,"counterClockwiseDirection":false,"layer":0},{"side":2,"counterClockwiseDirection":true,"layer":0},{"side":3,"counterClockwiseDirection":false,"layer":0},{"side":0,"counterClockwiseDirection":false,"layer":0},{"side":3,"counterClockwiseDirection":true,"layer":0},{"side":0,"counterClockwiseDirection":true,"layer":0}],"totalTime":624.9000000003725,"data":{"metrics":[{"label":"ITERATIONS_COUNTER_INCREMENT","totalTime":9.59999999590218,"totalRelativeTime":"1.53%","numOfCalls":47298,"avgTimePerCall":0.0002029684129540822},{"label":"ABORTED_VERIFICATION","totalTime":5.49999999627471,"totalRelativeTime":"0.88%","numOfCalls":23649,"avgTimePerCall":0.0002325679731183014},{"label":"POP_CANDIDATE","totalTime":12.699999999254942,"totalRelativeTime":"2.03%","numOfCalls":23649,"avgTimePerCall":0.0005370205928054016},{"label":"VISISTED_LIST_CHECK","totalTime":37.49999999254942,"totalRelativeTime":"6%","numOfCalls":128357,"avgTimePerCall":0.00029215391441486964},{"label":"CHECK_SOLUTION","totalTime":4.199999999254942,"totalRelativeTime":"0.67%","numOfCalls":21957,"avgTimePerCall":0.00019128296211936703},{"label":"ADD_TO_VISISTED_LIST_CHECK","totalTime":6.599999999627471,"totalRelativeTime":"1.05%","numOfCalls":21956,"avgTimePerCall":0.00030060120238784255},{"label":"PERFORM_ROTATION","totalTime":148.70000000298023,"totalRelativeTime":"23.79%","numOfCalls":104708,"avgTimePerCall":0.0014201398174254138},{"label":"HEURISTIC_CALCULATION","totalTime":55.300000010058284,"totalRelativeTime":"8.84%","numOfCalls":104708,"avgTimePerCall":0.0005281353861219609},{"label":"ADD_CANDIDATE","totalTime":29.300000010058284,"totalRelativeTime":"4.68%","numOfCalls":102324,"avgTimePerCall":0.0002863453345261941},{"label":"BUILD_SOLUTION","totalTime":0.09999999962747097,"totalRelativeTime":"0.01%","numOfCalls":1,"avgTimePerCall":0.09999999962747097},{"label":"MEASUREMENT_OVERHEAD","totalTime":135.09999994374812,"totalRelativeTime":"21.61%","numOfCalls":0,"avgTimePerCall":135.09999994374812},{"label":"NOT_MEASURED","totalTime":180.30000005103648,"totalRelativeTime":"28.85%","numOfCalls":0,"avgTimePerCall":180.30000005103648}],"visitedNodes":23649,"differentNodes":21957}}},{"label":"2x2","key":"BiBFS","solution":{"rotations":[{"side":3,"counterClockwiseDirection":true,"layer":0},{"side":2,"counterClockwiseDirection":true,"layer":0},{"side":0,"counterClockwiseDirection":false,"layer":0},{"side":3,"counterClockwiseDirection":true,"layer":0},{"side":0,"counterClockwiseDirection":false,"layer":0},{"side":3,"counterClockwiseDirection":false,"layer":0},{"side":0,"counterClockwiseDirection":true,"layer":0},{"side":2,"counterClockwiseDirection":false,"layer":0},{"side":2,"counterClockwiseDirection":false,"layer":0},{"side":3,"counterClockwiseDirection":true,"layer":0}],"totalTime":88.09999999962747,"data":{"metrics":[{"label":"POP_CANDIDATE","totalTime":1.5000000037252903,"totalRelativeTime":"1.7%","numOfCalls":3074,"avgTimePerCall":0.0004879635665989884},{"label":"VISISTED_LIST_CHECK","totalTime":8.300000004470348,"totalRelativeTime":"9.42%","numOfCalls":19547,"avgTimePerCall":0.0004246175886054304},{"label":"ADD_TO_VISISTED_LIST_CHECK","totalTime":0.8000000007450581,"totalRelativeTime":"0.9%","numOfCalls":2792,"avgTimePerCall":0.0002865329515562529},{"label":"PERFORM_ROTATION","totalTime":37.099999997764826,"totalRelativeTime":"42.11%","numOfCalls":13680,"avgTimePerCall":0.0027119883039301773},{"label":"ADD_CANDIDATE","totalTime":8.899999987334013,"totalRelativeTime":"10.1%","numOfCalls":13552,"avgTimePerCall":0.00065672963306774},{"label":"MEASUREMENT_OVERHEAD","totalTime":13.500000005587935,"totalRelativeTime":"15.32%","numOfCalls":0,"avgTimePerCall":13.500000005587935},{"label":"NOT_MEASURED","totalTime":18,"totalRelativeTime":"20.43%","numOfCalls":0,"avgTimePerCall":18}],"iterations":1397,"visitedNodes":1397}}}]}