{"timestamp":1680906312209,"shuffle":"38:  D'   B    F'   B    L    U   2L    F    L'   D'  2B    U    B'   D    L    B'   R'   L'   F   2U    D    B    R    B    F'  2U    L    U'  2D    R    L'  2D   ","solutions":[{"label":"2x2","key":"IDDFS","solution":{"rotations":[{"side":2,"counterClockwiseDirection":true,"layer":0},{"side":0,"counterClockwiseDirection":true,"layer":0},{"side":2,"counterClockwiseDirection":true,"layer":0},{"side":2,"counterClockwiseDirection":true,"layer":0},{"side":3,"counterClockwiseDirection":false,"layer":0},{"side":2,"counterClockwiseDirection":true,"layer":0},{"side":2,"counterClockwiseDirection":true,"layer":0},{"side":0,"counterClockwiseDirection":true,"layer":0},{"side":2,"counterClockwiseDirection":false,"layer":0},{"side":3,"counterClockwiseDirection":false,"layer":0}],"totalTime":8938.800000011921,"data":{"metrics":[{"label":"PERFORM_ROTATION","totalTime":4123.7000005841255,"totalRelativeTime":"46.13%","numOfCalls":3233265,"avgTimePerCall":0.0012753980884907749},{"label":"ADD_CANDIDATE","totalTime":730.7999990284443,"totalRelativeTime":"8.17%","numOfCalls":3233265,"avgTimePerCall":0.00022602539508157984},{"label":"NOT_MEASURED","totalTime":4084.300000399351,"totalRelativeTime":"45.69%","numOfCalls":0,"avgTimePerCall":4084.300000399351}],"visitedNodes":2904968,"iterations":[{"visitedNodes":37,"bound":2},{"visitedNodes":181,"bound":3},{"visitedNodes":877,"bound":4},{"visitedNodes":4237,"bound":5},{"visitedNodes":20461,"bound":6},{"visitedNodes":98797,"bound":7},{"visitedNodes":477037,"bound":8},{"visitedNodes":2303341,"bound":9}]}}},{"label":"2x2","key":"IDA*","solution":{"rotations":[{"side":2,"counterClockwiseDirection":true,"layer":0},{"side":0,"counterClockwiseDirection":true,"layer":0},{"side":2,"counterClockwiseDirection":true,"layer":0},{"side":2,"counterClockwiseDirection":true,"layer":0},{"side":3,"counterClockwiseDirection":false,"layer":0},{"side":2,"counterClockwiseDirection":true,"layer":0},{"side":2,"counterClockwiseDirection":true,"layer":0},{"side":0,"counterClockwiseDirection":true,"layer":0},{"side":2,"counterClockwiseDirection":false,"layer":0},{"side":3,"counterClockwiseDirection":false,"layer":0}],"totalTime":25436.79999998212,"data":{"metrics":[{"label":"PERFORM_ROTATION","totalTime":12668.400005847216,"totalRelativeTime":"49.8%","numOfCalls":10645328,"avgTimePerCall":0.0011900431819336346},{"label":"ADD_CANDIDATE","totalTime":2234.4999973475933,"totalRelativeTime":"8.78%","numOfCalls":10645328,"avgTimePerCall":0.0002099042882800411},{"label":"NOT_MEASURED","totalTime":10533.89999678731,"totalRelativeTime":"41.41%","numOfCalls":0,"avgTimePerCall":10533.89999678731}],"visitedNodes":1876067,"iterations":[{"visitedNodes":7,"bound":2},{"visitedNodes":67,"bound":3.25},{"visitedNodes":702,"bound":4.5},{"visitedNodes":4257,"bound":5.75},{"visitedNodes":21295,"bound":7},{"visitedNodes":153119,"bound":8.25},{"visitedNodes":1696620,"bound":9.5}]}}},{"label":"2x2","key":"SA","solution":{"rotations":[{"side":2,"counterClockwiseDirection":true,"layer":0},{"side":3,"counterClockwiseDirection":true,"layer":0},{"side":3,"counterClockwiseDirection":true,"layer":0},{"side":2,"counterClockwiseDirection":false,"layer":0},{"side":0,"counterClockwiseDirection":true,"layer":0},{"side":0,"counterClockwiseDirection":true,"layer":0},{"side":3,"counterClockwiseDirection":true,"layer":0},{"side":0,"counterClockwiseDirection":true,"layer":0},{"side":0,"counterClockwiseDirection":true,"layer":0},{"side":2,"counterClockwiseDirection":false,"layer":0},{"side":3,"counterClockwiseDirection":false,"layer":0},{"side":3,"counterClockwiseDirection":false,"layer":0},{"side":2,"counterClockwiseDirection":false,"layer":0},{"side":3,"counterClockwiseDirection":false,"layer":0}],"totalTime":32553,"data":{"restartCounter":0,"iterations":3089,"metrics":[{"label":"CHECK_SOLUTION","totalTime":1758.400000602007,"totalRelativeTime":"5.4%","numOfCalls":9266220,"avgTimePerCall":0.00018976454267241732},{"label":"APPLYING_ROTATIONS","totalTime":10354.299996048212,"totalRelativeTime":"31.8%","numOfCalls":9266208,"avgTimePerCall":0.0011174258117288337},{"label":"COMPUTE_ROTATION","totalTime":1785.9000003933907,"totalRelativeTime":"5.48%","numOfCalls":9266208,"avgTimePerCall":0.00019273256119368255},{"label":"CALCULATE_CITIZEN_SCORE","totalTime":3662.5000005960464,"totalRelativeTime":"11.25%","numOfCalls":9266208,"avgTimePerCall":0.0003952533766343305},{"label":"AGGREGATE_CURRENT_GENERATION","totalTime":59.79999977350235,"totalRelativeTime":"0.18%","numOfCalls":308873,"avgTimePerCall":0.00019360708049425605},{"label":"CREATE_NEXT_GENERATION","totalTime":184.40000051259995,"totalRelativeTime":"0.56%","numOfCalls":3088,"avgTimePerCall":0.05971502607273314},{"label":"MEASUREMENT_OVERHEAD","totalTime":7350.99999961257,"totalRelativeTime":"22.58%","numOfCalls":0,"avgTimePerCall":7350.99999961257},{"label":"NOT_MEASURED","totalTime":7396.700002461672,"totalRelativeTime":"22.72%","numOfCalls":0,"avgTimePerCall":7396.700002461672}]}}},{"label":"2x2","key":"GA","solution":{"rotations":[{"side":2,"counterClockwiseDirection":true,"layer":0},{"side":0,"counterClockwiseDirection":false,"layer":0},{"side":3,"counterClockwiseDirection":true,"layer":0},{"side":3,"counterClockwiseDirection":true,"layer":0},{"side":2,"counterClockwiseDirection":true,"layer":0},{"side":2,"counterClockwiseDirection":true,"layer":0},{"side":3,"counterClockwiseDirection":true,"layer":0},{"side":0,"counterClockwiseDirection":false,"layer":0},{"side":2,"counterClockwiseDirection":false,"layer":0},{"side":3,"counterClockwiseDirection":false,"layer":0},{"side":2,"counterClockwiseDirection":false,"layer":0},{"side":0,"counterClockwiseDirection":false,"layer":0},{"side":2,"counterClockwiseDirection":true,"layer":0},{"side":3,"counterClockwiseDirection":true,"layer":0},{"side":2,"counterClockwiseDirection":true,"layer":0},{"side":3,"counterClockwiseDirection":false,"layer":0}],"totalTime":6980.9000000059605,"data":{"armageddonCounter":0,"generations":564,"metrics":[{"label":"CHECK_SOLUTION","totalTime":357.6000002324581,"totalRelativeTime":"5.12%","numOfCalls":1690950,"avgTimePerCall":0.00021147875468373288},{"label":"APPLYING_ROTATIONS","totalTime":2211.7999981939793,"totalRelativeTime":"31.68%","numOfCalls":1690940,"avgTimePerCall":0.0013080298521496796},{"label":"COMPUTE_GENE","totalTime":390.8000005185604,"totalRelativeTime":"5.59%","numOfCalls":1690940,"avgTimePerCall":0.00023111405521104262},{"label":"CALCULATE_CITIZEN_SCORE","totalTime":769.0000003278255,"totalRelativeTime":"11.01%","numOfCalls":1690940,"avgTimePerCall":0.00045477663330918043},{"label":"AGGREGATE_CURRENT_GENERATION","totalTime":13.800000250339508,"totalRelativeTime":"0.19%","numOfCalls":56364,"avgTimePerCall":0.0002448371345245105},{"label":"CREATE_NEXT_GENERATION","totalTime":39.9999997317791,"totalRelativeTime":"0.57%","numOfCalls":563,"avgTimePerCall":0.0710479568948119},{"label":"MEASUREMENT_OVERHEAD","totalTime":1601.8000010252,"totalRelativeTime":"22.94%","numOfCalls":0,"avgTimePerCall":1601.8000010252},{"label":"NOT_MEASURED","totalTime":1596.0999997258186,"totalRelativeTime":"22.86%","numOfCalls":0,"avgTimePerCall":1596.0999997258186}]}}},{"label":"2x2","key":"WA*","solution":{"rotations":[{"side":3,"counterClockwiseDirection":true,"layer":0},{"side":0,"counterClockwiseDirection":true,"layer":0},{"side":0,"counterClockwiseDirection":true,"layer":0},{"side":3,"counterClockwiseDirection":true,"layer":0},{"side":0,"counterClockwiseDirection":false,"layer":0},{"side":3,"counterClockwiseDirection":true,"layer":0},{"side":3,"counterClockwiseDirection":true,"layer":0},{"side":0,"counterClockwiseDirection":true,"layer":0},{"side":0,"counterClockwiseDirection":true,"layer":0},{"side":3,"counterClockwiseDirection":false,"layer":0},{"side":0,"counterClockwiseDirection":false,"layer":0},{"side":3,"counterClockwiseDirection":true,"layer":0},{"side":0,"counterClockwiseDirection":true,"layer":0},{"side":3,"counterClockwiseDirection":false,"layer":0}],"totalTime":503.5,"data":{"metrics":[{"label":"ITERATIONS_COUNTER_INCREMENT","totalTime":5.900000035762787,"totalRelativeTime":"1.17%","numOfCalls":35260,"avgTimePerCall":0.00016732841848448064},{"label":"ABORTED_VERIFICATION","totalTime":4.100000023841858,"totalRelativeTime":"0.81%","numOfCalls":17630,"avgTimePerCall":0.0002325581408872296},{"label":"POP_CANDIDATE","totalTime":38.60000002384186,"totalRelativeTime":"7.66%","numOfCalls":17630,"avgTimePerCall":0.0021894498028271047},{"label":"VISISTED_LIST_CHECK","totalTime":29.29999989271164,"totalRelativeTime":"5.81%","numOfCalls":96064,"avgTimePerCall":0.0003050049955520449},{"label":"CHECK_SOLUTION","totalTime":3.000000089406967,"totalRelativeTime":"0.59%","numOfCalls":16454,"avgTimePerCall":0.0001823264913946133},{"label":"ADD_TO_VISISTED_LIST_CHECK","totalTime":4.700000017881393,"totalRelativeTime":"0.93%","numOfCalls":16453,"avgTimePerCall":0.00028566219035321177},{"label":"PERFORM_ROTATION","totalTime":126.80000028014183,"totalRelativeTime":"25.18%","numOfCalls":78434,"avgTimePerCall":0.0016166458459359694},{"label":"HEURISTIC_CALCULATION","totalTime":51.29999980330467,"totalRelativeTime":"10.18%","numOfCalls":78434,"avgTimePerCall":0.0006540530867137297},{"label":"ADD_CANDIDATE","totalTime":29.799999922513962,"totalRelativeTime":"5.91%","numOfCalls":76808,"avgTimePerCall":0.00038798041769755705},{"label":"BUILD_SOLUTION","totalTime":0,"totalRelativeTime":"0%","numOfCalls":1,"avgTimePerCall":0},{"label":"MEASUREMENT_OVERHEAD","totalTime":88.29999986290932,"totalRelativeTime":"17.53%","numOfCalls":0,"avgTimePerCall":88.29999986290932},{"label":"NOT_MEASURED","totalTime":121.70000004768372,"totalRelativeTime":"24.17%","numOfCalls":0,"avgTimePerCall":121.70000004768372}],"visitedNodes":17630,"differentNodes":16454}}},{"label":"2x2","key":"BiBFS","solution":{"rotations":[{"side":2,"counterClockwiseDirection":true,"layer":0},{"side":0,"counterClockwiseDirection":true,"layer":0},{"side":2,"counterClockwiseDirection":true,"layer":0},{"side":2,"counterClockwiseDirection":true,"layer":0},{"side":3,"counterClockwiseDirection":false,"layer":0},{"side":2,"counterClockwiseDirection":false,"layer":0},{"side":2,"counterClockwiseDirection":false,"layer":0},{"side":0,"counterClockwiseDirection":true,"layer":0},{"side":2,"counterClockwiseDirection":false,"layer":0},{"side":3,"counterClockwiseDirection":false,"layer":0}],"totalTime":179.2000000178814,"data":{"metrics":[{"label":"POP_CANDIDATE","totalTime":2.300000011920929,"totalRelativeTime":"1.28%","numOfCalls":5566,"avgTimePerCall":0.0004132231426376085},{"label":"VISISTED_LIST_CHECK","totalTime":13.200000077486038,"totalRelativeTime":"7.36%","numOfCalls":34496,"avgTimePerCall":0.00038265306347072233},{"label":"ADD_TO_VISISTED_LIST_CHECK","totalTime":1.600000023841858,"totalRelativeTime":"0.89%","numOfCalls":4906,"avgTimePerCall":0.00032613127269503833},{"label":"PERFORM_ROTATION","totalTime":59.99999991059303,"totalRelativeTime":"33.48%","numOfCalls":24022,"avgTimePerCall":0.0024977104283820262},{"label":"ADD_CANDIDATE","totalTime":25.29999989271164,"totalRelativeTime":"14.11%","numOfCalls":23782,"avgTimePerCall":0.0010638297827227164},{"label":"MEASUREMENT_OVERHEAD","totalTime":32.60000005364418,"totalRelativeTime":"18.19%","numOfCalls":0,"avgTimePerCall":32.60000005364418},{"label":"NOT_MEASURED","totalTime":44.200000047683716,"totalRelativeTime":"24.66%","numOfCalls":0,"avgTimePerCall":44.200000047683716}],"iterations":2454,"visitedNodes":2454}}}]}