{"timestamp":1680889862290,"shuffle":"33: 2D    R'   B   2L    U'  2F    D'   R'   D'   B'  2R    D    L'   R'   F    L'   B'   U'  2R    F'   R    F    R    B    F   2U    D   ","solutions":[{"label":"2x2","key":"IDDFS","solution":{"rotations":[{"side":2,"counterClockwiseDirection":true,"layer":0},{"side":2,"counterClockwiseDirection":true,"layer":0},{"side":3,"counterClockwiseDirection":false,"layer":0},{"side":0,"counterClockwiseDirection":true,"layer":0},{"side":3,"counterClockwiseDirection":false,"layer":0},{"side":0,"counterClockwiseDirection":false,"layer":0},{"side":3,"counterClockwiseDirection":false,"layer":0},{"side":0,"counterClockwiseDirection":true,"layer":0},{"side":2,"counterClockwiseDirection":false,"layer":0},{"side":3,"counterClockwiseDirection":false,"layer":0},{"side":2,"counterClockwiseDirection":true,"layer":0}],"totalTime":46271.20000001788,"data":{"metrics":[{"label":"PERFORM_ROTATION","totalTime":20131.999995738268,"totalRelativeTime":"43.5%","numOfCalls":15413507,"avgTimePerCall":0.001306127151707802},{"label":"ADD_CANDIDATE","totalTime":3547.2999995052814,"totalRelativeTime":"7.66%","numOfCalls":15413507,"avgTimePerCall":0.00023014230307906444},{"label":"NOT_MEASURED","totalTime":22591.900004774332,"totalRelativeTime":"48.82%","numOfCalls":0,"avgTimePerCall":22591.900004774332}],"visitedNodes":14026485,"iterations":[{"visitedNodes":37,"bound":2},{"visitedNodes":181,"bound":3},{"visitedNodes":877,"bound":4},{"visitedNodes":4237,"bound":5},{"visitedNodes":20461,"bound":6},{"visitedNodes":98797,"bound":7},{"visitedNodes":477037,"bound":8},{"visitedNodes":2303341,"bound":9},{"visitedNodes":11121517,"bound":10}]}}},{"label":"2x2","key":"IDA*","solution":{"rotations":[{"side":2,"counterClockwiseDirection":true,"layer":0},{"side":2,"counterClockwiseDirection":true,"layer":0},{"side":3,"counterClockwiseDirection":false,"layer":0},{"side":0,"counterClockwiseDirection":true,"layer":0},{"side":3,"counterClockwiseDirection":false,"layer":0},{"side":0,"counterClockwiseDirection":false,"layer":0},{"side":3,"counterClockwiseDirection":false,"layer":0},{"side":0,"counterClockwiseDirection":true,"layer":0},{"side":2,"counterClockwiseDirection":false,"layer":0},{"side":3,"counterClockwiseDirection":false,"layer":0},{"side":2,"counterClockwiseDirection":true,"layer":0}],"totalTime":30015.20000001788,"data":{"metrics":[{"label":"PERFORM_ROTATION","totalTime":14866.399998396635,"totalRelativeTime":"49.52%","numOfCalls":10238635,"avgTimePerCall":0.001451990426301615},{"label":"ADD_CANDIDATE","totalTime":2523.200001478195,"totalRelativeTime":"8.4%","numOfCalls":10238635,"avgTimePerCall":0.00024643910066900475},{"label":"NOT_MEASURED","totalTime":12625.600000143051,"totalRelativeTime":"42.06%","numOfCalls":0,"avgTimePerCall":12625.600000143051}],"visitedNodes":1832312,"iterations":[{"visitedNodes":7,"bound":2},{"visitedNodes":45,"bound":3.25},{"visitedNodes":563,"bound":4.5},{"visitedNodes":4242,"bound":5.75},{"visitedNodes":21170,"bound":7},{"visitedNodes":146143,"bound":8.25},{"visitedNodes":1660142,"bound":9.5}]}}},{"label":"2x2","key":"GA","solution":{"rotations":[{"side":2,"counterClockwiseDirection":true,"layer":0},{"side":3,"counterClockwiseDirection":false,"layer":0},{"side":0,"counterClockwiseDirection":false,"layer":0},{"side":3,"counterClockwiseDirection":true,"layer":0},{"side":2,"counterClockwiseDirection":true,"layer":0},{"side":2,"counterClockwiseDirection":true,"layer":0},{"side":3,"counterClockwiseDirection":false,"layer":0},{"side":2,"counterClockwiseDirection":false,"layer":0},{"side":3,"counterClockwiseDirection":false,"layer":0},{"side":0,"counterClockwiseDirection":true,"layer":0},{"side":2,"counterClockwiseDirection":true,"layer":0},{"side":3,"counterClockwiseDirection":false,"layer":0},{"side":2,"counterClockwiseDirection":false,"layer":0},{"side":3,"counterClockwiseDirection":false,"layer":0},{"side":2,"counterClockwiseDirection":true,"layer":0}],"totalTime":35904.39999997616,"data":{"armageddonCounter":0,"generations":2733,"metrics":[{"label":"CHECK_SOLUTION","totalTime":1920.0999978482723,"totalRelativeTime":"5.34%","numOfCalls":8196540,"avgTimePerCall":0.00023425738151076824},{"label":"APPLYING_ROTATIONS","totalTime":11574.299993276596,"totalRelativeTime":"32.23%","numOfCalls":8196527,"avgTimePerCall":0.0014120980743766959},{"label":"COMPUTE_GENE","totalTime":1963.2000041007996,"totalRelativeTime":"5.46%","numOfCalls":8196527,"avgTimePerCall":0.00023951607846845371},{"label":"CALCULATE_CITIZEN_SCORE","totalTime":3943.0999964773655,"totalRelativeTime":"10.98%","numOfCalls":8196527,"avgTimePerCall":0.0004810696038062664},{"label":"AGGREGATE_CURRENT_GENERATION","totalTime":69.69999992847443,"totalRelativeTime":"0.19%","numOfCalls":273217,"avgTimePerCall":0.00025510857643731697},{"label":"CREATE_NEXT_GENERATION","totalTime":220.0000003874302,"totalRelativeTime":"0.61%","numOfCalls":2732,"avgTimePerCall":0.08052708652541368},{"label":"MEASUREMENT_OVERHEAD","totalTime":8097.800010770559,"totalRelativeTime":"22.55%","numOfCalls":0,"avgTimePerCall":8097.800010770559},{"label":"NOT_MEASURED","totalTime":8116.199997186661,"totalRelativeTime":"22.6%","numOfCalls":0,"avgTimePerCall":8116.199997186661}]}}},{"label":"2x2","key":"SA","solution":{"rotations":[{"side":2,"counterClockwiseDirection":false,"layer":0},{"side":2,"counterClockwiseDirection":false,"layer":0},{"side":0,"counterClockwiseDirection":false,"layer":0},{"side":2,"counterClockwiseDirection":true,"layer":0},{"side":0,"counterClockwiseDirection":true,"layer":0},{"side":2,"counterClockwiseDirection":false,"layer":0},{"side":0,"counterClockwiseDirection":true,"layer":0},{"side":0,"counterClockwiseDirection":true,"layer":0},{"side":3,"counterClockwiseDirection":false,"layer":0},{"side":2,"counterClockwiseDirection":false,"layer":0},{"side":0,"counterClockwiseDirection":true,"layer":0},{"side":2,"counterClockwiseDirection":true,"layer":0},{"side":3,"counterClockwiseDirection":false,"layer":0},{"side":2,"counterClockwiseDirection":false,"layer":0},{"side":0,"counterClockwiseDirection":true,"layer":0},{"side":3,"counterClockwiseDirection":false,"layer":0},{"side":2,"counterClockwiseDirection":false,"layer":0},{"side":0,"counterClockwiseDirection":true,"layer":0},{"side":2,"counterClockwiseDirection":false,"layer":0},{"side":0,"counterClockwiseDirection":true,"layer":0},{"side":3,"counterClockwiseDirection":false,"layer":0},{"side":0,"counterClockwiseDirection":false,"layer":0},{"side":2,"counterClockwiseDirection":false,"layer":0}],"totalTime":39923.20000001788,"data":{"restartCounter":0,"iterations":3068,"metrics":[{"label":"CHECK_SOLUTION","totalTime":2129.8000010252,"totalRelativeTime":"5.33%","numOfCalls":9203850,"avgTimePerCall":0.00023140316291825702},{"label":"APPLYING_ROTATIONS","totalTime":13082.900003701448,"totalRelativeTime":"32.77%","numOfCalls":9203849,"avgTimePerCall":0.0014214596527715143},{"label":"COMPUTE_ROTATION","totalTime":2172.899998396635,"totalRelativeTime":"5.44%","numOfCalls":9203849,"avgTimePerCall":0.00023608601123254358},{"label":"CALCULATE_CITIZEN_SCORE","totalTime":4354.50000166893,"totalRelativeTime":"10.9%","numOfCalls":9203849,"avgTimePerCall":0.000473117279702104},{"label":"AGGREGATE_CURRENT_GENERATION","totalTime":78.19999992847443,"totalRelativeTime":"0.19%","numOfCalls":306794,"avgTimePerCall":0.00025489416327722977},{"label":"CREATE_NEXT_GENERATION","totalTime":246.20000034570694,"totalRelativeTime":"0.61%","numOfCalls":3067,"avgTimePerCall":0.08027388338627549},{"label":"MEASUREMENT_OVERHEAD","totalTime":8827.999999433756,"totalRelativeTime":"22.11%","numOfCalls":0,"avgTimePerCall":8827.999999433756},{"label":"NOT_MEASURED","totalTime":9030.69999551773,"totalRelativeTime":"22.62%","numOfCalls":0,"avgTimePerCall":9030.69999551773}]}}},{"label":"2x2","key":"WA*","solution":{"rotations":[{"side":2,"counterClockwiseDirection":false,"layer":0},{"side":2,"counterClockwiseDirection":false,"layer":0},{"side":3,"counterClockwiseDirection":true,"layer":0},{"side":0,"counterClockwiseDirection":true,"layer":0},{"side":3,"counterClockwiseDirection":false,"layer":0},{"side":0,"counterClockwiseDirection":false,"layer":0},{"side":3,"counterClockwiseDirection":false,"layer":0},{"side":0,"counterClockwiseDirection":true,"layer":0},{"side":3,"counterClockwiseDirection":true,"layer":0},{"side":3,"counterClockwiseDirection":true,"layer":0},{"side":2,"counterClockwiseDirection":false,"layer":0},{"side":3,"counterClockwiseDirection":false,"layer":0},{"side":2,"counterClockwiseDirection":true,"layer":0}],"totalTime":129.5,"data":{"metrics":[{"label":"ITERATIONS_COUNTER_INCREMENT","totalTime":1.4000000059604645,"totalRelativeTime":"1.08%","numOfCalls":6654,"avgTimePerCall":0.00021039976043890358},{"label":"ABORTED_VERIFICATION","totalTime":0.9000000655651093,"totalRelativeTime":"0.69%","numOfCalls":3327,"avgTimePerCall":0.0002705139962624314},{"label":"POP_CANDIDATE","totalTime":2.300000011920929,"totalRelativeTime":"1.77%","numOfCalls":3327,"avgTimePerCall":0.0006913134992248058},{"label":"VISISTED_LIST_CHECK","totalTime":6.6999998688697815,"totalRelativeTime":"5.17%","numOfCalls":18164,"avgTimePerCall":0.0003688614770353326},{"label":"CHECK_SOLUTION","totalTime":0.4999999701976776,"totalRelativeTime":"0.38%","numOfCalls":3109,"avgTimePerCall":0.0001608234063035309},{"label":"ADD_TO_VISISTED_LIST_CHECK","totalTime":1.0000000894069672,"totalRelativeTime":"0.77%","numOfCalls":3108,"avgTimePerCall":0.0003217503505170422},{"label":"PERFORM_ROTATION","totalTime":34.20000007748604,"totalRelativeTime":"26.4%","numOfCalls":14837,"avgTimePerCall":0.0023050481955574605},{"label":"HEURISTIC_CALCULATION","totalTime":16.700000047683716,"totalRelativeTime":"12.89%","numOfCalls":14837,"avgTimePerCall":0.0011255644704241906},{"label":"ADD_CANDIDATE","totalTime":10.800000190734863,"totalRelativeTime":"8.33%","numOfCalls":14604,"avgTimePerCall":0.0007395234313020312},{"label":"BUILD_SOLUTION","totalTime":0,"totalRelativeTime":"0%","numOfCalls":1,"avgTimePerCall":0},{"label":"MEASUREMENT_OVERHEAD","totalTime":17.000000029802322,"totalRelativeTime":"13.12%","numOfCalls":0,"avgTimePerCall":17.000000029802322},{"label":"NOT_MEASURED","totalTime":37.99999964237213,"totalRelativeTime":"29.34%","numOfCalls":0,"avgTimePerCall":37.99999964237213}],"visitedNodes":3327,"differentNodes":3109}}},{"label":"2x2","key":"BiBFS","solution":{"rotations":[{"side":2,"counterClockwiseDirection":false,"layer":0},{"side":0,"counterClockwiseDirection":true,"layer":0},{"side":3,"counterClockwiseDirection":true,"layer":0},{"side":2,"counterClockwiseDirection":false,"layer":0},{"side":0,"counterClockwiseDirection":false,"layer":0},{"side":3,"counterClockwiseDirection":true,"layer":0},{"side":0,"counterClockwiseDirection":false,"layer":0},{"side":0,"counterClockwiseDirection":false,"layer":0},{"side":2,"counterClockwiseDirection":true,"layer":0},{"side":0,"counterClockwiseDirection":false,"layer":0},{"side":3,"counterClockwiseDirection":false,"layer":0}],"totalTime":218.80000001192093,"data":{"metrics":[{"label":"POP_CANDIDATE","totalTime":2.6999999582767487,"totalRelativeTime":"1.23%","numOfCalls":8396,"avgTimePerCall":0.00032158170060466275},{"label":"VISISTED_LIST_CHECK","totalTime":17.60000017285347,"totalRelativeTime":"8.04%","numOfCalls":51871,"avgTimePerCall":0.0003393032749099395},{"label":"ADD_TO_VISISTED_LIST_CHECK","totalTime":4.9000000059604645,"totalRelativeTime":"2.23%","numOfCalls":7374,"avgTimePerCall":0.000664496881741316},{"label":"PERFORM_ROTATION","totalTime":94.69999969005585,"totalRelativeTime":"43.28%","numOfCalls":36100,"avgTimePerCall":0.002623268689475231},{"label":"ADD_CANDIDATE","totalTime":19.500000149011612,"totalRelativeTime":"8.91%","numOfCalls":35474,"avgTimePerCall":0.0005496983748382368},{"label":"MEASUREMENT_OVERHEAD","totalTime":44.100000113248825,"totalRelativeTime":"20.15%","numOfCalls":0,"avgTimePerCall":44.100000113248825},{"label":"NOT_MEASURED","totalTime":35.29999992251396,"totalRelativeTime":"16.13%","numOfCalls":0,"avgTimePerCall":35.29999992251396}],"iterations":3688,"visitedNodes":3688}}}]}