{"timestamp":1680926176463,"shuffle":"32:  F    D'   R   2B   2D    L'  2U   2F   2U    R    L    D'   B    U'   B    D'   L'  2R    F    B    R   2D    L'   B'   F   ","solutions":[{"label":"2x2","key":"IDDFS","solution":{"rotations":[{"side":2,"counterClockwiseDirection":false,"layer":0},{"side":3,"counterClockwiseDirection":true,"layer":0},{"side":2,"counterClockwiseDirection":false,"layer":0},{"side":0,"counterClockwiseDirection":true,"layer":0},{"side":2,"counterClockwiseDirection":true,"layer":0},{"side":0,"counterClockwiseDirection":true,"layer":0},{"side":3,"counterClockwiseDirection":true,"layer":0},{"side":0,"counterClockwiseDirection":true,"layer":0},{"side":3,"counterClockwiseDirection":true,"layer":0},{"side":3,"counterClockwiseDirection":true,"layer":0}],"totalTime":13563.5,"data":{"metrics":[{"label":"PERFORM_ROTATION","totalTime":6141.999995529652,"totalRelativeTime":"45.28%","numOfCalls":5938609,"avgTimePerCall":0.0010342489285840592},{"label":"ADD_CANDIDATE","totalTime":1188.500001013279,"totalRelativeTime":"8.76%","numOfCalls":5938609,"avgTimePerCall":0.0002001310409581232},{"label":"NOT_MEASURED","totalTime":6233.000003457069,"totalRelativeTime":"45.95%","numOfCalls":0,"avgTimePerCall":6233.000003457069}],"visitedNodes":2904968,"iterations":[{"visitedNodes":37,"bound":2},{"visitedNodes":181,"bound":3},{"visitedNodes":877,"bound":4},{"visitedNodes":4237,"bound":5},{"visitedNodes":20461,"bound":6},{"visitedNodes":98797,"bound":7},{"visitedNodes":477037,"bound":8},{"visitedNodes":2303341,"bound":9}]}}},{"label":"2x2","key":"IDA*","solution":{"rotations":[{"side":2,"counterClockwiseDirection":false,"layer":0},{"side":3,"counterClockwiseDirection":true,"layer":0},{"side":2,"counterClockwiseDirection":false,"layer":0},{"side":0,"counterClockwiseDirection":true,"layer":0},{"side":2,"counterClockwiseDirection":true,"layer":0},{"side":0,"counterClockwiseDirection":true,"layer":0},{"side":3,"counterClockwiseDirection":true,"layer":0},{"side":0,"counterClockwiseDirection":true,"layer":0},{"side":3,"counterClockwiseDirection":true,"layer":0},{"side":3,"counterClockwiseDirection":true,"layer":0}],"totalTime":47237.29999998212,"data":{"metrics":[{"label":"PERFORM_ROTATION","totalTime":23145.69999831915,"totalRelativeTime":"48.99%","numOfCalls":23875277,"avgTimePerCall":0.0009694421555117098},{"label":"ADD_CANDIDATE","totalTime":4276.2000015079975,"totalRelativeTime":"9.05%","numOfCalls":23875277,"avgTimePerCall":0.00017910577546421754},{"label":"NOT_MEASURED","totalTime":19815.400000154972,"totalRelativeTime":"41.94%","numOfCalls":0,"avgTimePerCall":19815.400000154972}],"visitedNodes":1895711,"iterations":[{"visitedNodes":7,"bound":2},{"visitedNodes":42,"bound":3.25},{"visitedNodes":577,"bound":4.5},{"visitedNodes":4247,"bound":5.75},{"visitedNodes":21719,"bound":7},{"visitedNodes":158444,"bound":8.25},{"visitedNodes":1710675,"bound":9.5}]}}},{"label":"2x2","key":"SA","solution":{"rotations":[{"side":2,"counterClockwiseDirection":true,"layer":0},{"side":3,"counterClockwiseDirection":false,"layer":0},{"side":3,"counterClockwiseDirection":false,"layer":0},{"side":2,"counterClockwiseDirection":true,"layer":0},{"side":3,"counterClockwiseDirection":false,"layer":0},{"side":2,"counterClockwiseDirection":false,"layer":0},{"layer":0,"side":3,"counterClockwiseDirection":false},{"side":2,"counterClockwiseDirection":true,"layer":0},{"side":3,"counterClockwiseDirection":true,"layer":0},{"side":0,"counterClockwiseDirection":false,"layer":0},{"side":3,"counterClockwiseDirection":true,"layer":0},{"side":3,"counterClockwiseDirection":true,"layer":0},{"side":2,"counterClockwiseDirection":false,"layer":0},{"side":3,"counterClockwiseDirection":true,"layer":0},{"side":0,"counterClockwiseDirection":false,"layer":0},{"side":3,"counterClockwiseDirection":true,"layer":0}],"totalTime":48897.30000001192,"data":{"restartCounter":1,"iterations":5145,"metrics":[{"label":"CHECK_SOLUTION","totalTime":2686.9000001847744,"totalRelativeTime":"5.49%","numOfCalls":15434280,"avgTimePerCall":0.00017408651392774877},{"label":"APPLYING_ROTATIONS","totalTime":14741.599998265505,"totalRelativeTime":"30.14%","numOfCalls":15434278,"avgTimePerCall":0.0009551208030764707},{"label":"COMPUTE_ROTATION","totalTime":2756.700001448393,"totalRelativeTime":"5.63%","numOfCalls":15434278,"avgTimePerCall":0.00017860893793985005},{"label":"CALCULATE_CITIZEN_SCORE","totalTime":5452.499998956919,"totalRelativeTime":"11.15%","numOfCalls":15434278,"avgTimePerCall":0.0003532721128229593},{"label":"AGGREGATE_CURRENT_GENERATION","totalTime":94.30000025033951,"totalRelativeTime":"0.19%","numOfCalls":514475,"avgTimePerCall":0.00018329364935194034},{"label":"CREATE_NEXT_GENERATION","totalTime":271.7000005841255,"totalRelativeTime":"0.55%","numOfCalls":5144,"avgTimePerCall":0.052818818153990185},{"label":"MEASUREMENT_OVERHEAD","totalTime":11477.20000141859,"totalRelativeTime":"23.47%","numOfCalls":0,"avgTimePerCall":11477.20000141859},{"label":"NOT_MEASURED","totalTime":11416.399998903275,"totalRelativeTime":"23.34%","numOfCalls":0,"avgTimePerCall":11416.399998903275}]}}},{"label":"2x2","key":"GA","solution":{"rotations":[{"side":2,"counterClockwiseDirection":false,"layer":0},{"side":0,"counterClockwiseDirection":true,"layer":0},{"side":3,"counterClockwiseDirection":false,"layer":0},{"side":2,"counterClockwiseDirection":true,"layer":0},{"side":0,"counterClockwiseDirection":false,"layer":0},{"side":3,"counterClockwiseDirection":false,"layer":0},{"side":0,"counterClockwiseDirection":false,"layer":0},{"side":0,"counterClockwiseDirection":false,"layer":0},{"side":3,"counterClockwiseDirection":true,"layer":0},{"side":2,"counterClockwiseDirection":true,"layer":0},{"side":0,"counterClockwiseDirection":true,"layer":0},{"side":2,"counterClockwiseDirection":false,"layer":0},{"side":0,"counterClockwiseDirection":false,"layer":0},{"side":0,"counterClockwiseDirection":false,"layer":0},{"side":3,"counterClockwiseDirection":true,"layer":0},{"side":0,"counterClockwiseDirection":false,"layer":0}],"totalTime":10272.09999999404,"data":{"armageddonCounter":0,"generations":1006,"metrics":[{"label":"CHECK_SOLUTION","totalTime":549.6000003516674,"totalRelativeTime":"5.35%","numOfCalls":3016320,"avgTimePerCall":0.00018220878433046475},{"label":"APPLYING_ROTATIONS","totalTime":3155.599998176098,"totalRelativeTime":"30.72%","numOfCalls":3016306,"avgTimePerCall":0.0010461803272533018},{"label":"COMPUTE_GENE","totalTime":573.8999987244606,"totalRelativeTime":"5.58%","numOfCalls":3016306,"avgTimePerCall":0.00019026584130537837},{"label":"CALCULATE_CITIZEN_SCORE","totalTime":1129.4999993741512,"totalRelativeTime":"10.99%","numOfCalls":3016306,"avgTimePerCall":0.0003744646595452024},{"label":"AGGREGATE_CURRENT_GENERATION","totalTime":20.100000083446503,"totalRelativeTime":"0.19%","numOfCalls":100543,"avgTimePerCall":0.00019991446528795146},{"label":"CREATE_NEXT_GENERATION","totalTime":64.0999998152256,"totalRelativeTime":"0.62%","numOfCalls":1005,"avgTimePerCall":0.06378109434350807},{"label":"MEASUREMENT_OVERHEAD","totalTime":2391.6999977231026,"totalRelativeTime":"23.28%","numOfCalls":0,"avgTimePerCall":2391.6999977231026},{"label":"NOT_MEASURED","totalTime":2387.6000057458878,"totalRelativeTime":"23.24%","numOfCalls":0,"avgTimePerCall":2387.6000057458878}]}}},{"label":"2x2","key":"WA*","solution":{"rotations":[{"side":3,"counterClockwiseDirection":false,"layer":0},{"side":3,"counterClockwiseDirection":false,"layer":0},{"side":2,"counterClockwiseDirection":false,"layer":0},{"side":3,"counterClockwiseDirection":true,"layer":0},{"side":0,"counterClockwiseDirection":true,"layer":0},{"side":3,"counterClockwiseDirection":false,"layer":0},{"side":0,"counterClockwiseDirection":false,"layer":0},{"side":0,"counterClockwiseDirection":false,"layer":0},{"side":3,"counterClockwiseDirection":true,"layer":0},{"side":0,"counterClockwiseDirection":false,"layer":0},{"side":3,"counterClockwiseDirection":false,"layer":0},{"side":0,"counterClockwiseDirection":true,"layer":0},{"side":3,"counterClockwiseDirection":true,"layer":0},{"side":0,"counterClockwiseDirection":false,"layer":0},{"side":2,"counterClockwiseDirection":false,"layer":0},{"side":3,"counterClockwiseDirection":false,"layer":0},{"side":0,"counterClockwiseDirection":true,"layer":0},{"side":3,"counterClockwiseDirection":true,"layer":0}],"totalTime":1151,"data":{"metrics":[{"label":"ITERATIONS_COUNTER_INCREMENT","totalTime":20.199999898672104,"totalRelativeTime":"1.75%","numOfCalls":103646,"avgTimePerCall":0.00019489415798653207},{"label":"ABORTED_VERIFICATION","totalTime":8.400000035762787,"totalRelativeTime":"0.72%","numOfCalls":51823,"avgTimePerCall":0.0001620901923038571},{"label":"POP_CANDIDATE","totalTime":26.10000029206276,"totalRelativeTime":"2.26%","numOfCalls":51823,"avgTimePerCall":0.0005036373867213932},{"label":"VISISTED_LIST_CHECK","totalTime":95.29999977350235,"totalRelativeTime":"8.27%","numOfCalls":279987,"avgTimePerCall":0.00034037294507781557},{"label":"CHECK_SOLUTION","totalTime":11.499999940395355,"totalRelativeTime":"0.99%","numOfCalls":47819,"avgTimePerCall":0.000240490180480465},{"label":"ADD_TO_VISISTED_LIST_CHECK","totalTime":17.70000010728836,"totalRelativeTime":"1.53%","numOfCalls":47818,"avgTimePerCall":0.00037015350092618597},{"label":"PERFORM_ROTATION","totalTime":275.6000000536442,"totalRelativeTime":"23.94%","numOfCalls":228164,"avgTimePerCall":0.0012079030874881408},{"label":"HEURISTIC_CALCULATION","totalTime":111.20000037550926,"totalRelativeTime":"9.66%","numOfCalls":228164,"avgTimePerCall":0.00048736873641551365},{"label":"ADD_CANDIDATE","totalTime":47.899999886751175,"totalRelativeTime":"4.16%","numOfCalls":221203,"avgTimePerCall":0.00021654317476142354},{"label":"BUILD_SOLUTION","totalTime":0.09999999403953552,"totalRelativeTime":"0%","numOfCalls":1,"avgTimePerCall":0.09999999403953552},{"label":"MEASUREMENT_OVERHEAD","totalTime":252.39999932050705,"totalRelativeTime":"21.92%","numOfCalls":0,"avgTimePerCall":252.39999932050705},{"label":"NOT_MEASURED","totalTime":284.6000003218651,"totalRelativeTime":"24.72%","numOfCalls":0,"avgTimePerCall":284.6000003218651}],"visitedNodes":51823,"differentNodes":47819}}},{"label":"2x2","key":"BiBFS","solution":{"rotations":[{"side":3,"counterClockwiseDirection":true,"layer":0},{"side":2,"counterClockwiseDirection":true,"layer":0},{"side":3,"counterClockwiseDirection":true,"layer":0},{"side":2,"counterClockwiseDirection":true,"layer":0},{"side":2,"counterClockwiseDirection":true,"layer":0},{"side":3,"counterClockwiseDirection":false,"layer":0},{"side":0,"counterClockwiseDirection":true,"layer":0},{"side":2,"counterClockwiseDirection":true,"layer":0},{"side":0,"counterClockwiseDirection":false,"layer":0},{"side":3,"counterClockwiseDirection":true,"layer":0}],"totalTime":73.80000001192093,"data":{"metrics":[{"label":"POP_CANDIDATE","totalTime":9.199999958276749,"totalRelativeTime":"12.46%","numOfCalls":2682,"avgTimePerCall":0.003430275897940622},{"label":"VISISTED_LIST_CHECK","totalTime":6.000000059604645,"totalRelativeTime":"8.13%","numOfCalls":17055,"avgTimePerCall":0.0003518029938202665},{"label":"ADD_TO_VISISTED_LIST_CHECK","totalTime":0.8999999761581421,"totalRelativeTime":"1.21%","numOfCalls":2436,"avgTimePerCall":0.0003694581182915197},{"label":"PERFORM_ROTATION","totalTime":24.19999995827675,"totalRelativeTime":"32.79%","numOfCalls":11936,"avgTimePerCall":0.0020274798892658133},{"label":"ADD_CANDIDATE","totalTime":4.700000017881393,"totalRelativeTime":"6.36%","numOfCalls":11848,"avgTimePerCall":0.0003966914262222648},{"label":"MEASUREMENT_OVERHEAD","totalTime":10.999999850988388,"totalRelativeTime":"14.9%","numOfCalls":0,"avgTimePerCall":10.999999850988388},{"label":"NOT_MEASURED","totalTime":17.800000190734863,"totalRelativeTime":"24.11%","numOfCalls":0,"avgTimePerCall":17.800000190734863}],"iterations":1219,"visitedNodes":1219}}}]}