{"timestamp":1680985230706,"shuffle":"31: 2L    U'   F    B'   L    R    U    B    R    B    R    U'   L'  2D    B'   R    L    R   2F    L    U'   R'   L    B    R'  2L    U'  ","solutions":[{"label":"2x2","key":"IDDFS","solution":{"rotations":[{"side":2,"counterClockwiseDirection":true,"layer":0},{"side":0,"counterClockwiseDirection":true,"layer":0},{"side":2,"counterClockwiseDirection":false,"layer":0},{"side":0,"counterClockwiseDirection":false,"layer":0},{"side":2,"counterClockwiseDirection":false,"layer":0},{"side":3,"counterClockwiseDirection":true,"layer":0},{"side":2,"counterClockwiseDirection":false,"layer":0},{"side":3,"counterClockwiseDirection":true,"layer":0},{"side":2,"counterClockwiseDirection":true,"layer":0}],"totalTime":1903.9000000003725,"data":{"metrics":[{"label":"PERFORM_ROTATION","totalTime":894.8999999426305,"totalRelativeTime":"47%","numOfCalls":691386,"avgTimePerCall":0.0012943565532750599},{"label":"ADD_CANDIDATE","totalTime":158.00000003539026,"totalRelativeTime":"8.29%","numOfCalls":691386,"avgTimePerCall":0.00022852646717664264},{"label":"NOT_MEASURED","totalTime":851.0000000223517,"totalRelativeTime":"44.69%","numOfCalls":0,"avgTimePerCall":851.0000000223517}],"visitedNodes":601627,"iterations":[{"visitedNodes":37,"bound":2},{"visitedNodes":181,"bound":3},{"visitedNodes":877,"bound":4},{"visitedNodes":4237,"bound":5},{"visitedNodes":20461,"bound":6},{"visitedNodes":98797,"bound":7},{"visitedNodes":477037,"bound":8}]}}},{"label":"2x2","key":"IDA*","solution":{"rotations":[{"side":2,"counterClockwiseDirection":true,"layer":0},{"side":0,"counterClockwiseDirection":true,"layer":0},{"side":2,"counterClockwiseDirection":false,"layer":0},{"side":0,"counterClockwiseDirection":false,"layer":0},{"side":2,"counterClockwiseDirection":false,"layer":0},{"side":3,"counterClockwiseDirection":true,"layer":0},{"side":2,"counterClockwiseDirection":false,"layer":0},{"side":3,"counterClockwiseDirection":true,"layer":0},{"side":2,"counterClockwiseDirection":true,"layer":0}],"totalTime":3146.9000000003725,"data":{"metrics":[{"label":"PERFORM_ROTATION","totalTime":1553.9999999776483,"totalRelativeTime":"49.38%","numOfCalls":1266502,"avgTimePerCall":0.001227001615455521},{"label":"ADD_CANDIDATE","totalTime":287.39999996498227,"totalRelativeTime":"9.13%","numOfCalls":1266502,"avgTimePerCall":0.00022692423696526518},{"label":"NOT_MEASURED","totalTime":1305.500000057742,"totalRelativeTime":"41.48%","numOfCalls":0,"avgTimePerCall":1305.500000057742}],"visitedNodes":193647,"iterations":[{"visitedNodes":7,"bound":2},{"visitedNodes":75,"bound":3.25},{"visitedNodes":622,"bound":4.5},{"visitedNodes":4290,"bound":5.75},{"visitedNodes":22431,"bound":7},{"visitedNodes":166222,"bound":8.25}]}}},{"label":"2x2","key":"SA","solution":{"rotations":[{"side":3,"counterClockwiseDirection":false,"layer":0},{"side":0,"counterClockwiseDirection":true,"layer":0},{"side":2,"counterClockwiseDirection":true,"layer":0},{"side":0,"counterClockwiseDirection":false,"layer":0},{"side":2,"counterClockwiseDirection":false,"layer":0},{"side":0,"counterClockwiseDirection":false,"layer":0},{"side":3,"counterClockwiseDirection":false,"layer":0},{"side":0,"counterClockwiseDirection":false,"layer":0},{"side":0,"counterClockwiseDirection":false,"layer":0},{"side":2,"counterClockwiseDirection":true,"layer":0},{"side":0,"counterClockwiseDirection":true,"layer":0},{"side":2,"counterClockwiseDirection":true,"layer":0},{"side":0,"counterClockwiseDirection":false,"layer":0},{"side":3,"counterClockwiseDirection":false,"layer":0},{"side":2,"counterClockwiseDirection":false,"layer":0},{"side":3,"counterClockwiseDirection":false,"layer":0},{"side":0,"counterClockwiseDirection":false,"layer":0},{"side":2,"counterClockwiseDirection":true,"layer":0},{"side":3,"counterClockwiseDirection":false,"layer":0},{"side":2,"counterClockwiseDirection":true,"layer":0},{"side":3,"counterClockwiseDirection":false,"layer":0},{"side":3,"counterClockwiseDirection":false,"layer":0},{"side":0,"counterClockwiseDirection":false,"layer":0},{"side":2,"counterClockwiseDirection":true,"layer":0},{"side":2,"counterClockwiseDirection":true,"layer":0}],"totalTime":9300,"data":{"restartCounter":0,"iterations":872,"metrics":[{"label":"CHECK_SOLUTION","totalTime":500.6000000257045,"totalRelativeTime":"5.38%","numOfCalls":2615130,"avgTimePerCall":0.00019142451810261996},{"label":"APPLYING_ROTATIONS","totalTime":2878.5000000074506,"totalRelativeTime":"30.95%","numOfCalls":2615129,"avgTimePerCall":0.0011007105194456757},{"label":"COMPUTE_ROTATION","totalTime":490.6999999862164,"totalRelativeTime":"5.27%","numOfCalls":2615129,"avgTimePerCall":0.00018763892717575938},{"label":"CALCULATE_CITIZEN_SCORE","totalTime":1043.3999999836087,"totalRelativeTime":"11.21%","numOfCalls":2615129,"avgTimePerCall":0.0003989860538365827},{"label":"AGGREGATE_CURRENT_GENERATION","totalTime":17.800000000745058,"totalRelativeTime":"0.19%","numOfCalls":87170,"avgTimePerCall":0.0002041986922191701},{"label":"CREATE_NEXT_GENERATION","totalTime":55.80000001192093,"totalRelativeTime":"0.6%","numOfCalls":871,"avgTimePerCall":0.06406429392872667},{"label":"MEASUREMENT_OVERHEAD","totalTime":2215.899999866262,"totalRelativeTime":"23.82%","numOfCalls":0,"avgTimePerCall":2215.899999866262},{"label":"NOT_MEASURED","totalTime":2097.3000001180917,"totalRelativeTime":"22.55%","numOfCalls":0,"avgTimePerCall":2097.3000001180917}]}}},{"label":"2x2","key":"GA","solution":{"rotations":[{"side":2,"counterClockwiseDirection":true,"layer":0},{"side":3,"counterClockwiseDirection":true,"layer":0},{"side":0,"counterClockwiseDirection":true,"layer":0},{"side":0,"counterClockwiseDirection":true,"layer":0},{"side":2,"counterClockwiseDirection":true,"layer":0},{"side":0,"counterClockwiseDirection":false,"layer":0},{"side":0,"counterClockwiseDirection":false,"layer":0},{"side":3,"counterClockwiseDirection":true,"layer":0},{"side":2,"counterClockwiseDirection":false,"layer":0},{"side":0,"counterClockwiseDirection":false,"layer":0},{"side":2,"counterClockwiseDirection":true,"layer":0},{"side":2,"counterClockwiseDirection":true,"layer":0},{"side":0,"counterClockwiseDirection":true,"layer":0},{"side":2,"counterClockwiseDirection":false,"layer":0},{"side":3,"counterClockwiseDirection":false,"layer":0},{"side":2,"counterClockwiseDirection":true,"layer":0},{"side":2,"counterClockwiseDirection":true,"layer":0},{"side":0,"counterClockwiseDirection":false,"layer":0},{"side":2,"counterClockwiseDirection":true,"layer":0}],"totalTime":16168.5,"data":{"armageddonCounter":0,"generations":1632,"metrics":[{"label":"CHECK_SOLUTION","totalTime":868.2999998982996,"totalRelativeTime":"5.37%","numOfCalls":4894680,"avgTimePerCall":0.00017739668372565717},{"label":"APPLYING_ROTATIONS","totalTime":5134.80000000447,"totalRelativeTime":"31.75%","numOfCalls":4894677,"avgTimePerCall":0.0010490579868711399},{"label":"COMPUTE_GENE","totalTime":866.1999999247491,"totalRelativeTime":"5.35%","numOfCalls":4894677,"avgTimePerCall":0.0001769677549559959},{"label":"CALCULATE_CITIZEN_SCORE","totalTime":1796.099999960512,"totalRelativeTime":"11.1%","numOfCalls":4894677,"avgTimePerCall":0.0003669496475376234},{"label":"AGGREGATE_CURRENT_GENERATION","totalTime":32.09999998100102,"totalRelativeTime":"0.19%","numOfCalls":163155,"avgTimePerCall":0.00019674542601208066},{"label":"CREATE_NEXT_GENERATION","totalTime":96.60000002011657,"totalRelativeTime":"0.59%","numOfCalls":1631,"avgTimePerCall":0.05922746782349268},{"label":"MEASUREMENT_OVERHEAD","totalTime":3699.8000002130866,"totalRelativeTime":"22.88%","numOfCalls":0,"avgTimePerCall":3699.8000002130866},{"label":"NOT_MEASURED","totalTime":3674.599999997765,"totalRelativeTime":"22.72%","numOfCalls":0,"avgTimePerCall":3674.599999997765}]}}},{"label":"2x2","key":"WA*","solution":{"rotations":[{"side":0,"counterClockwiseDirection":false,"layer":0},{"side":3,"counterClockwiseDirection":true,"layer":0},{"side":2,"counterClockwiseDirection":false,"layer":0},{"side":0,"counterClockwiseDirection":true,"layer":0},{"side":2,"counterClockwiseDirection":true,"layer":0},{"side":3,"counterClockwiseDirection":true,"layer":0},{"side":2,"counterClockwiseDirection":false,"layer":0},{"side":3,"counterClockwiseDirection":false,"layer":0},{"side":0,"counterClockwiseDirection":false,"layer":0},{"side":3,"counterClockwiseDirection":true,"layer":0},{"side":2,"counterClockwiseDirection":true,"layer":0}],"totalTime":1016.9000000003725,"data":{"metrics":[{"label":"ITERATIONS_COUNTER_INCREMENT","totalTime":18.299999998882413,"totalRelativeTime":"1.79%","numOfCalls":78460,"avgTimePerCall":0.00023323986743413732},{"label":"ABORTED_VERIFICATION","totalTime":8.599999999627471,"totalRelativeTime":"0.84%","numOfCalls":39230,"avgTimePerCall":0.00021921998469608643},{"label":"POP_CANDIDATE","totalTime":23.200000004842877,"totalRelativeTime":"2.28%","numOfCalls":39230,"avgTimePerCall":0.000591384144910601},{"label":"VISISTED_LIST_CHECK","totalTime":78.89999998547137,"totalRelativeTime":"7.75%","numOfCalls":212526,"avgTimePerCall":0.0003712486942090444},{"label":"CHECK_SOLUTION","totalTime":8.200000006705523,"totalRelativeTime":"0.8%","numOfCalls":36338,"avgTimePerCall":0.000225659089842741},{"label":"ADD_TO_VISISTED_LIST_CHECK","totalTime":11.200000004842877,"totalRelativeTime":"1.1%","numOfCalls":36337,"avgTimePerCall":0.00030822577551374293},{"label":"PERFORM_ROTATION","totalTime":248.39999999850988,"totalRelativeTime":"24.42%","numOfCalls":173296,"avgTimePerCall":0.0014333856522857416},{"label":"HEURISTIC_CALCULATION","totalTime":85.09999995864928,"totalRelativeTime":"8.36%","numOfCalls":173296,"avgTimePerCall":0.0004910673065659293},{"label":"ADD_CANDIDATE","totalTime":45.3000000026077,"totalRelativeTime":"4.45%","numOfCalls":168539,"avgTimePerCall":0.00026878051965781037},{"label":"BUILD_SOLUTION","totalTime":0,"totalRelativeTime":"0%","numOfCalls":1,"avgTimePerCall":0},{"label":"MEASUREMENT_OVERHEAD","totalTime":242.50000004842877,"totalRelativeTime":"23.84%","numOfCalls":0,"avgTimePerCall":242.50000004842877},{"label":"NOT_MEASURED","totalTime":247.19999999180436,"totalRelativeTime":"24.3%","numOfCalls":0,"avgTimePerCall":247.19999999180436}],"visitedNodes":39230,"differentNodes":36338}}},{"label":"2x2","key":"BiBFS","solution":{"rotations":[{"side":0,"counterClockwiseDirection":false,"layer":0},{"side":3,"counterClockwiseDirection":true,"layer":0},{"side":2,"counterClockwiseDirection":false,"layer":0},{"side":3,"counterClockwiseDirection":true,"layer":0},{"side":2,"counterClockwiseDirection":true,"layer":0},{"side":3,"counterClockwiseDirection":true,"layer":0},{"side":0,"counterClockwiseDirection":false,"layer":0},{"side":2,"counterClockwiseDirection":false,"layer":0},{"side":0,"counterClockwiseDirection":true,"layer":0}],"totalTime":131.80000000074506,"data":{"metrics":[{"label":"POP_CANDIDATE","totalTime":5.7000000067055225,"totalRelativeTime":"4.32%","numOfCalls":4402,"avgTimePerCall":0.0012948659715369202},{"label":"VISISTED_LIST_CHECK","totalTime":14.600000001490116,"totalRelativeTime":"11.07%","numOfCalls":27726,"avgTimePerCall":0.0005265815480592266},{"label":"ADD_TO_VISISTED_LIST_CHECK","totalTime":2.499999998137355,"totalRelativeTime":"1.89%","numOfCalls":3954,"avgTimePerCall":0.0006322711173842577},{"label":"PERFORM_ROTATION","totalTime":50.89999998360872,"totalRelativeTime":"38.61%","numOfCalls":19368,"avgTimePerCall":0.002628046261028951},{"label":"ADD_CANDIDATE","totalTime":11.700000001117587,"totalRelativeTime":"8.87%","numOfCalls":19164,"avgTimePerCall":0.0006105197245417234},{"label":"MEASUREMENT_OVERHEAD","totalTime":19.600000012665987,"totalRelativeTime":"14.87%","numOfCalls":0,"avgTimePerCall":19.600000012665987},{"label":"NOT_MEASURED","totalTime":26.799999997019768,"totalRelativeTime":"20.33%","numOfCalls":0,"avgTimePerCall":26.799999997019768}],"iterations":1978,"visitedNodes":1978}}}]}