{"timestamp":1680890197708,"shuffle":"37:  R'   B'   R    F    U'   B    D    R    D'   U'  2R    U    R'  2B    L'   R    L'   R'   U'   L'   F   2R   2D   2F    U   2D    U'   R   2F    B   ","solutions":[{"label":"2x2","key":"IDDFS","solution":{"rotations":[{"side":0,"counterClockwiseDirection":false,"layer":0},{"side":2,"counterClockwiseDirection":true,"layer":0},{"side":0,"counterClockwiseDirection":true,"layer":0},{"side":2,"counterClockwiseDirection":true,"layer":0},{"side":3,"counterClockwiseDirection":true,"layer":0},{"side":2,"counterClockwiseDirection":true,"layer":0},{"side":3,"counterClockwiseDirection":true,"layer":0},{"side":0,"counterClockwiseDirection":false,"layer":0},{"side":3,"counterClockwiseDirection":true,"layer":0},{"side":2,"counterClockwiseDirection":true,"layer":0},{"side":3,"counterClockwiseDirection":false,"layer":0}],"totalTime":124903.69999998808,"data":{"metrics":[{"label":"PERFORM_ROTATION","totalTime":53661.09999784827,"totalRelativeTime":"42.96%","numOfCalls":41243352,"avgTimePerCall":0.0013010848390268635},{"label":"ADD_CANDIDATE","totalTime":9611.200007677078,"totalRelativeTime":"7.69%","numOfCalls":41243352,"avgTimePerCall":0.00023303634504967196},{"label":"NOT_MEASURED","totalTime":61631.39999446273,"totalRelativeTime":"49.34%","numOfCalls":0,"avgTimePerCall":61631.39999446273}],"visitedNodes":14026485,"iterations":[{"visitedNodes":37,"bound":2},{"visitedNodes":181,"bound":3},{"visitedNodes":877,"bound":4},{"visitedNodes":4237,"bound":5},{"visitedNodes":20461,"bound":6},{"visitedNodes":98797,"bound":7},{"visitedNodes":477037,"bound":8},{"visitedNodes":2303341,"bound":9},{"visitedNodes":11121517,"bound":10}]}}},{"label":"2x2","key":"IDA*","solution":{"rotations":[{"side":0,"counterClockwiseDirection":false,"layer":0},{"side":2,"counterClockwiseDirection":true,"layer":0},{"side":0,"counterClockwiseDirection":true,"layer":0},{"side":2,"counterClockwiseDirection":true,"layer":0},{"side":3,"counterClockwiseDirection":true,"layer":0},{"side":2,"counterClockwiseDirection":true,"layer":0},{"side":3,"counterClockwiseDirection":true,"layer":0},{"side":0,"counterClockwiseDirection":false,"layer":0},{"side":3,"counterClockwiseDirection":true,"layer":0},{"side":2,"counterClockwiseDirection":true,"layer":0},{"side":3,"counterClockwiseDirection":false,"layer":0}],"totalTime":100403.89999997616,"data":{"metrics":[{"label":"PERFORM_ROTATION","totalTime":48308.80000689626,"totalRelativeTime":"48.11%","numOfCalls":36265739,"avgTimePerCall":0.001332078191124032},{"label":"ADD_CANDIDATE","totalTime":8698.00000038743,"totalRelativeTime":"8.66%","numOfCalls":36265739,"avgTimePerCall":0.00023984069372989835},{"label":"NOT_MEASURED","totalTime":43397.09999269247,"totalRelativeTime":"43.22%","numOfCalls":0,"avgTimePerCall":43397.09999269247}],"visitedNodes":1854049,"iterations":[{"visitedNodes":7,"bound":2},{"visitedNodes":47,"bound":3.25},{"visitedNodes":625,"bound":4.5},{"visitedNodes":4253,"bound":5.75},{"visitedNodes":21474,"bound":7},{"visitedNodes":150965,"bound":8.25},{"visitedNodes":1676678,"bound":9.5}]}}},{"label":"2x2","key":"GA","solution":{"rotations":[{"side":2,"counterClockwiseDirection":false,"layer":0},{"side":3,"counterClockwiseDirection":false,"layer":0},{"side":3,"counterClockwiseDirection":false,"layer":0},{"side":0,"counterClockwiseDirection":false,"layer":0},{"layer":0,"side":2,"counterClockwiseDirection":true},{"side":3,"counterClockwiseDirection":false,"layer":0},{"side":0,"counterClockwiseDirection":false,"layer":0},{"side":2,"counterClockwiseDirection":false,"layer":0},{"side":0,"counterClockwiseDirection":false,"layer":0},{"side":2,"counterClockwiseDirection":false,"layer":0},{"side":3,"counterClockwiseDirection":false,"layer":0},{"side":0,"counterClockwiseDirection":true,"layer":0},{"side":3,"counterClockwiseDirection":false,"layer":0},{"side":2,"counterClockwiseDirection":true,"layer":0},{"side":3,"counterClockwiseDirection":false,"layer":0}],"totalTime":862.1999999880791,"data":{"armageddonCounter":0,"generations":75,"metrics":[{"label":"CHECK_SOLUTION","totalTime":45.40000006556511,"totalRelativeTime":"5.26%","numOfCalls":224220,"avgTimePerCall":0.00020247970772261666},{"label":"APPLYING_ROTATIONS","totalTime":283.5000004172325,"totalRelativeTime":"32.88%","numOfCalls":224209,"avgTimePerCall":0.0012644452293049454},{"label":"COMPUTE_GENE","totalTime":46.39999979734421,"totalRelativeTime":"5.38%","numOfCalls":224209,"avgTimePerCall":0.00020694976471660018},{"label":"CALCULATE_CITIZEN_SCORE","totalTime":99.10000050067902,"totalRelativeTime":"11.49%","numOfCalls":224209,"avgTimePerCall":0.0004419983163061207},{"label":"AGGREGATE_CURRENT_GENERATION","totalTime":2.099999964237213,"totalRelativeTime":"0.24%","numOfCalls":7473,"avgTimePerCall":0.0002810116371252794},{"label":"CREATE_NEXT_GENERATION","totalTime":7.399999976158142,"totalRelativeTime":"0.85%","numOfCalls":74,"avgTimePerCall":0.09999999967781273},{"label":"MEASUREMENT_OVERHEAD","totalTime":191.7999993264675,"totalRelativeTime":"22.24%","numOfCalls":0,"avgTimePerCall":191.7999993264675},{"label":"NOT_MEASURED","totalTime":186.49999994039536,"totalRelativeTime":"21.63%","numOfCalls":0,"avgTimePerCall":186.49999994039536}]}}},{"label":"2x2","key":"SA","solution":{"rotations":[{"side":0,"counterClockwiseDirection":false,"layer":0},{"side":3,"counterClockwiseDirection":true,"layer":0},{"side":2,"counterClockwiseDirection":false,"layer":0},{"side":0,"counterClockwiseDirection":true,"layer":0},{"side":3,"counterClockwiseDirection":false,"layer":0},{"side":2,"counterClockwiseDirection":true,"layer":0},{"side":0,"counterClockwiseDirection":true,"layer":0},{"side":3,"counterClockwiseDirection":false,"layer":0},{"side":3,"counterClockwiseDirection":false,"layer":0},{"side":0,"counterClockwiseDirection":false,"layer":0},{"side":2,"counterClockwiseDirection":false,"layer":0},{"side":2,"counterClockwiseDirection":false,"layer":0},{"side":3,"counterClockwiseDirection":false,"layer":0},{"side":2,"counterClockwiseDirection":false,"layer":0},{"side":0,"counterClockwiseDirection":false,"layer":0},{"side":0,"counterClockwiseDirection":false,"layer":0},{"side":2,"counterClockwiseDirection":true,"layer":0},{"side":2,"counterClockwiseDirection":true,"layer":0},{"side":0,"counterClockwiseDirection":false,"layer":0},{"side":2,"counterClockwiseDirection":true,"layer":0},{"side":0,"counterClockwiseDirection":true,"layer":0},{"side":2,"counterClockwiseDirection":false,"layer":0},{"side":3,"counterClockwiseDirection":false,"layer":0}],"totalTime":165234.5,"data":{"restartCounter":2,"iterations":14815,"metrics":[{"label":"CHECK_SOLUTION","totalTime":9003.699998140335,"totalRelativeTime":"5.44%","numOfCalls":44444430,"avgTimePerCall":0.00020258331579773518},{"label":"APPLYING_ROTATIONS","totalTime":51155.29999551177,"totalRelativeTime":"30.95%","numOfCalls":44444427,"avgTimePerCall":0.0011509947016644353},{"label":"COMPUTE_ROTATION","totalTime":9157.400002628565,"totalRelativeTime":"5.54%","numOfCalls":44444427,"avgTimePerCall":0.00020604158093046323},{"label":"CALCULATE_CITIZEN_SCORE","totalTime":18764.199997246265,"totalRelativeTime":"11.35%","numOfCalls":44444427,"avgTimePerCall":0.0004221946656494472},{"label":"AGGREGATE_CURRENT_GENERATION","totalTime":304.49999982118607,"totalRelativeTime":"0.18%","numOfCalls":1481480,"avgTimePerCall":0.000205537705417006},{"label":"CREATE_NEXT_GENERATION","totalTime":992.4000009000301,"totalRelativeTime":"0.6%","numOfCalls":14814,"avgTimePerCall":0.0669906845484022},{"label":"MEASUREMENT_OVERHEAD","totalTime":37490.70000910759,"totalRelativeTime":"22.68%","numOfCalls":0,"avgTimePerCall":37490.70000910759},{"label":"NOT_MEASURED","totalTime":38366.29999664426,"totalRelativeTime":"23.21%","numOfCalls":0,"avgTimePerCall":38366.29999664426}]}}},{"label":"2x2","key":"WA*","solution":{"rotations":[{"side":0,"counterClockwiseDirection":false,"layer":0},{"side":3,"counterClockwiseDirection":false,"layer":0},{"side":0,"counterClockwiseDirection":false,"layer":0},{"side":3,"counterClockwiseDirection":false,"layer":0},{"side":2,"counterClockwiseDirection":true,"layer":0},{"side":0,"counterClockwiseDirection":false,"layer":0},{"side":2,"counterClockwiseDirection":false,"layer":0},{"side":0,"counterClockwiseDirection":false,"layer":0},{"side":3,"counterClockwiseDirection":true,"layer":0},{"side":2,"counterClockwiseDirection":true,"layer":0},{"side":2,"counterClockwiseDirection":true,"layer":0},{"side":3,"counterClockwiseDirection":false,"layer":0},{"side":0,"counterClockwiseDirection":false,"layer":0},{"side":3,"counterClockwiseDirection":false,"layer":0},{"side":0,"counterClockwiseDirection":false,"layer":0},{"side":3,"counterClockwiseDirection":true,"layer":0},{"side":0,"counterClockwiseDirection":true,"layer":0}],"totalTime":1386.6000000238419,"data":{"metrics":[{"label":"ITERATIONS_COUNTER_INCREMENT","totalTime":20.800000309944153,"totalRelativeTime":"1.5%","numOfCalls":125522,"avgTimePerCall":0.00016570800584713558},{"label":"ABORTED_VERIFICATION","totalTime":9.500000089406967,"totalRelativeTime":"0.68%","numOfCalls":62761,"avgTimePerCall":0.00015136788912552328},{"label":"POP_CANDIDATE","totalTime":25.39999994635582,"totalRelativeTime":"1.83%","numOfCalls":62761,"avgTimePerCall":0.00040470993047204187},{"label":"VISISTED_LIST_CHECK","totalTime":122.90000027418137,"totalRelativeTime":"8.86%","numOfCalls":339215,"avgTimePerCall":0.0003623070921810102},{"label":"CHECK_SOLUTION","totalTime":12.600000023841858,"totalRelativeTime":"0.9%","numOfCalls":57944,"avgTimePerCall":0.00021745133273232532},{"label":"ADD_TO_VISISTED_LIST_CHECK","totalTime":13.300000190734863,"totalRelativeTime":"0.95%","numOfCalls":57943,"avgTimePerCall":0.0002295359265266704},{"label":"PERFORM_ROTATION","totalTime":331.399999499321,"totalRelativeTime":"23.9%","numOfCalls":276454,"avgTimePerCall":0.0011987527744193283},{"label":"HEURISTIC_CALCULATION","totalTime":164.19999933242798,"totalRelativeTime":"11.84%","numOfCalls":276454,"avgTimePerCall":0.0005939505282340931},{"label":"ADD_CANDIDATE","totalTime":65.00000002980232,"totalRelativeTime":"4.68%","numOfCalls":267175,"avgTimePerCall":0.0002432862357249081},{"label":"BUILD_SOLUTION","totalTime":0,"totalRelativeTime":"0%","numOfCalls":1,"avgTimePerCall":0},{"label":"MEASUREMENT_OVERHEAD","totalTime":302.50000008940697,"totalRelativeTime":"21.81%","numOfCalls":0,"avgTimePerCall":302.50000008940697},{"label":"NOT_MEASURED","totalTime":319.0000002384186,"totalRelativeTime":"23%","numOfCalls":0,"avgTimePerCall":319.0000002384186}],"visitedNodes":62761,"differentNodes":57944}}},{"label":"2x2","key":"BiBFS","solution":{"rotations":[{"side":0,"counterClockwiseDirection":false,"layer":0},{"side":3,"counterClockwiseDirection":true,"layer":0},{"side":3,"counterClockwiseDirection":true,"layer":0},{"side":0,"counterClockwiseDirection":false,"layer":0},{"side":2,"counterClockwiseDirection":false,"layer":0},{"side":2,"counterClockwiseDirection":false,"layer":0},{"side":0,"counterClockwiseDirection":true,"layer":0},{"side":2,"counterClockwiseDirection":false,"layer":0},{"side":3,"counterClockwiseDirection":false,"layer":0},{"side":0,"counterClockwiseDirection":false,"layer":0},{"side":3,"counterClockwiseDirection":false,"layer":0}],"totalTime":173.60000002384186,"data":{"metrics":[{"label":"POP_CANDIDATE","totalTime":2.0000000596046448,"totalRelativeTime":"1.15%","numOfCalls":7686,"avgTimePerCall":0.00026021338272243623},{"label":"VISISTED_LIST_CHECK","totalTime":16.09999978542328,"totalRelativeTime":"9.27%","numOfCalls":47387,"avgTimePerCall":0.00033975562465282205},{"label":"ADD_TO_VISISTED_LIST_CHECK","totalTime":2.1000000536441803,"totalRelativeTime":"1.2%","numOfCalls":6734,"avgTimePerCall":0.0003118503198164806},{"label":"PERFORM_ROTATION","totalTime":77.80000033974648,"totalRelativeTime":"44.81%","numOfCalls":32966,"avgTimePerCall":0.0023600072905340798},{"label":"ADD_CANDIDATE","totalTime":6.399999797344208,"totalRelativeTime":"3.68%","numOfCalls":32456,"avgTimePerCall":0.00019719003565886762},{"label":"MEASUREMENT_OVERHEAD","totalTime":30.199999928474426,"totalRelativeTime":"17.39%","numOfCalls":0,"avgTimePerCall":30.199999928474426},{"label":"NOT_MEASURED","totalTime":39.000000059604645,"totalRelativeTime":"22.46%","numOfCalls":0,"avgTimePerCall":39.000000059604645}],"iterations":3368,"visitedNodes":3368}}}]}