{"timestamp":1680909058553,"shuffle":"39:  L'   F'  2L    B'   D'   R   2F    B'   U'   F   2L    D'   U'   R'   U    B   2U    R    U'   R    F'  2L    B    U'  2R    D    U    D'   L    F'   D'   F    L   ","solutions":[{"label":"2x2","key":"IDDFS","solution":{"rotations":[{"side":2,"counterClockwiseDirection":false,"layer":0},{"side":0,"counterClockwiseDirection":true,"layer":0},{"side":2,"counterClockwiseDirection":false,"layer":0},{"side":0,"counterClockwiseDirection":false,"layer":0},{"side":3,"counterClockwiseDirection":true,"layer":0},{"side":2,"counterClockwiseDirection":false,"layer":0},{"side":0,"counterClockwiseDirection":false,"layer":0},{"side":3,"counterClockwiseDirection":false,"layer":0},{"side":0,"counterClockwiseDirection":true,"layer":0}],"totalTime":2776,"data":{"metrics":[{"label":"PERFORM_ROTATION","totalTime":1282.600001245737,"totalRelativeTime":"46.2%","numOfCalls":1076328,"avgTimePerCall":0.001191644183971556},{"label":"ADD_CANDIDATE","totalTime":229.59999933838844,"totalRelativeTime":"8.27%","numOfCalls":1076328,"avgTimePerCall":0.00021331787274733022},{"label":"NOT_MEASURED","totalTime":1263.7999994158745,"totalRelativeTime":"45.52%","numOfCalls":0,"avgTimePerCall":1263.7999994158745}],"visitedNodes":601627,"iterations":[{"visitedNodes":37,"bound":2},{"visitedNodes":181,"bound":3},{"visitedNodes":877,"bound":4},{"visitedNodes":4237,"bound":5},{"visitedNodes":20461,"bound":6},{"visitedNodes":98797,"bound":7},{"visitedNodes":477037,"bound":8}]}}},{"label":"2x2","key":"IDA*","solution":{"rotations":[{"side":2,"counterClockwiseDirection":false,"layer":0},{"side":0,"counterClockwiseDirection":true,"layer":0},{"side":2,"counterClockwiseDirection":false,"layer":0},{"side":0,"counterClockwiseDirection":false,"layer":0},{"side":3,"counterClockwiseDirection":true,"layer":0},{"side":2,"counterClockwiseDirection":false,"layer":0},{"side":0,"counterClockwiseDirection":false,"layer":0},{"side":3,"counterClockwiseDirection":false,"layer":0},{"side":0,"counterClockwiseDirection":true,"layer":0}],"totalTime":6139.800000011921,"data":{"metrics":[{"label":"PERFORM_ROTATION","totalTime":3078.200000345707,"totalRelativeTime":"50.13%","numOfCalls":2637142,"avgTimePerCall":0.0011672484835271316},{"label":"ADD_CANDIDATE","totalTime":521.1999990344048,"totalRelativeTime":"8.48%","numOfCalls":2637142,"avgTimePerCall":0.0001976382003829922},{"label":"NOT_MEASURED","totalTime":2540.4000006318092,"totalRelativeTime":"41.37%","numOfCalls":0,"avgTimePerCall":2540.4000006318092}],"visitedNodes":184857,"iterations":[{"visitedNodes":7,"bound":2},{"visitedNodes":60,"bound":3.25},{"visitedNodes":645,"bound":4.5},{"visitedNodes":4252,"bound":5.75},{"visitedNodes":21867,"bound":7},{"visitedNodes":158026,"bound":8.25}]}}},{"label":"2x2","key":"SA","solution":{"rotations":[{"side":0,"counterClockwiseDirection":false,"layer":0},{"side":2,"counterClockwiseDirection":false,"layer":0},{"side":3,"counterClockwiseDirection":true,"layer":0},{"side":2,"counterClockwiseDirection":true,"layer":0},{"side":0,"counterClockwiseDirection":true,"layer":0},{"side":3,"counterClockwiseDirection":true,"layer":0},{"side":0,"counterClockwiseDirection":true,"layer":0},{"side":2,"counterClockwiseDirection":false,"layer":0},{"side":0,"counterClockwiseDirection":true,"layer":0},{"side":2,"counterClockwiseDirection":false,"layer":0},{"side":0,"counterClockwiseDirection":true,"layer":0}],"totalTime":19139.59999999404,"data":{"restartCounter":0,"iterations":2065,"metrics":[{"label":"CHECK_SOLUTION","totalTime":1041.2000001966953,"totalRelativeTime":"5.44%","numOfCalls":6193290,"avgTimePerCall":0.00016811743034747208},{"label":"APPLYING_ROTATIONS","totalTime":5913.899998933077,"totalRelativeTime":"30.89%","numOfCalls":6193277,"avgTimePerCall":0.000954890278431447},{"label":"COMPUTE_ROTATION","totalTime":1090.8000007271767,"totalRelativeTime":"5.69%","numOfCalls":6193277,"avgTimePerCall":0.00017612646757559475},{"label":"CALCULATE_CITIZEN_SCORE","totalTime":2160.0999998152256,"totalRelativeTime":"11.28%","numOfCalls":6193277,"avgTimePerCall":0.0003487814286064107},{"label":"AGGREGATE_CURRENT_GENERATION","totalTime":35.20000001788139,"totalRelativeTime":"0.18%","numOfCalls":206442,"avgTimePerCall":0.00017050793936253958},{"label":"CREATE_NEXT_GENERATION","totalTime":106.10000017285347,"totalRelativeTime":"0.55%","numOfCalls":2064,"avgTimePerCall":0.05140503884343676},{"label":"MEASUREMENT_OVERHEAD","totalTime":4385.499995738268,"totalRelativeTime":"22.91%","numOfCalls":0,"avgTimePerCall":4385.499995738268},{"label":"NOT_MEASURED","totalTime":4406.800004392862,"totalRelativeTime":"23.02%","numOfCalls":0,"avgTimePerCall":4406.800004392862}]}}},{"label":"2x2","key":"GA","solution":{"rotations":[{"side":0,"counterClockwiseDirection":true,"layer":0},{"side":3,"counterClockwiseDirection":true,"layer":0},{"side":2,"counterClockwiseDirection":false,"layer":0},{"side":0,"counterClockwiseDirection":false,"layer":0},{"side":2,"counterClockwiseDirection":false,"layer":0},{"side":0,"counterClockwiseDirection":true,"layer":0},{"side":2,"counterClockwiseDirection":false,"layer":0},{"side":0,"counterClockwiseDirection":false,"layer":0},{"side":2,"counterClockwiseDirection":false,"layer":0},{"side":2,"counterClockwiseDirection":false,"layer":0},{"side":0,"counterClockwiseDirection":true,"layer":0},{"side":2,"counterClockwiseDirection":true,"layer":0},{"side":0,"counterClockwiseDirection":false,"layer":0},{"side":2,"counterClockwiseDirection":true,"layer":0},{"side":0,"counterClockwiseDirection":true,"layer":0},{"side":2,"counterClockwiseDirection":true,"layer":0},{"side":0,"counterClockwiseDirection":false,"layer":0}],"totalTime":5335.4000000059605,"data":{"armageddonCounter":0,"generations":476,"metrics":[{"label":"CHECK_SOLUTION","totalTime":280.399999499321,"totalRelativeTime":"5.25%","numOfCalls":1426590,"avgTimePerCall":0.0001965526181308722},{"label":"APPLYING_ROTATIONS","totalTime":1660.8999972045422,"totalRelativeTime":"31.12%","numOfCalls":1426583,"avgTimePerCall":0.0011642505183396565},{"label":"COMPUTE_GENE","totalTime":290.5000004172325,"totalRelativeTime":"5.44%","numOfCalls":1426583,"avgTimePerCall":0.00020363343767396114},{"label":"CALCULATE_CITIZEN_SCORE","totalTime":606.4000001847744,"totalRelativeTime":"11.36%","numOfCalls":1426583,"avgTimePerCall":0.0004250716573692343},{"label":"AGGREGATE_CURRENT_GENERATION","totalTime":11.600000143051147,"totalRelativeTime":"0.21%","numOfCalls":47552,"avgTimePerCall":0.00024394347541746187},{"label":"CREATE_NEXT_GENERATION","totalTime":34.099999874830246,"totalRelativeTime":"0.63%","numOfCalls":475,"avgTimePerCall":0.07178947342069525},{"label":"MEASUREMENT_OVERHEAD","totalTime":1211.0000014305115,"totalRelativeTime":"22.69%","numOfCalls":0,"avgTimePerCall":1211.0000014305115},{"label":"NOT_MEASURED","totalTime":1240.5000012516975,"totalRelativeTime":"23.25%","numOfCalls":0,"avgTimePerCall":1240.5000012516975}]}}},{"label":"2x2","key":"WA*","solution":{"rotations":[{"side":2,"counterClockwiseDirection":true,"layer":0},{"side":2,"counterClockwiseDirection":true,"layer":0},{"side":3,"counterClockwiseDirection":true,"layer":0},{"side":2,"counterClockwiseDirection":false,"layer":0},{"side":3,"counterClockwiseDirection":false,"layer":0},{"side":0,"counterClockwiseDirection":false,"layer":0},{"side":3,"counterClockwiseDirection":true,"layer":0},{"side":3,"counterClockwiseDirection":true,"layer":0},{"side":0,"counterClockwiseDirection":false,"layer":0},{"side":2,"counterClockwiseDirection":true,"layer":0},{"side":0,"counterClockwiseDirection":false,"layer":0},{"side":2,"counterClockwiseDirection":false,"layer":0},{"side":0,"counterClockwiseDirection":true,"layer":0},{"side":2,"counterClockwiseDirection":true,"layer":0},{"side":0,"counterClockwiseDirection":false,"layer":0}],"totalTime":484,"data":{"metrics":[{"label":"ITERATIONS_COUNTER_INCREMENT","totalTime":8.200000047683716,"totalRelativeTime":"1.69%","numOfCalls":37188,"avgTimePerCall":0.00022050123824039248},{"label":"ABORTED_VERIFICATION","totalTime":3.1000000536441803,"totalRelativeTime":"0.64%","numOfCalls":18594,"avgTimePerCall":0.00016672045034119503},{"label":"POP_CANDIDATE","totalTime":9.799999862909317,"totalRelativeTime":"2.02%","numOfCalls":18594,"avgTimePerCall":0.0005270517297466557},{"label":"VISISTED_LIST_CHECK","totalTime":32.400000125169754,"totalRelativeTime":"6.69%","numOfCalls":101213,"avgTimePerCall":0.0003201169822569211},{"label":"CHECK_SOLUTION","totalTime":3.399999886751175,"totalRelativeTime":"0.7%","numOfCalls":17318,"avgTimePerCall":0.000196327513959532},{"label":"ADD_TO_VISISTED_LIST_CHECK","totalTime":4.900000035762787,"totalRelativeTime":"1.01%","numOfCalls":17317,"avgTimePerCall":0.0002829589441452207},{"label":"PERFORM_ROTATION","totalTime":105.00000008940697,"totalRelativeTime":"21.69%","numOfCalls":82619,"avgTimePerCall":0.0012708941053438914},{"label":"HEURISTIC_CALCULATION","totalTime":44.10000005364418,"totalRelativeTime":"9.11%","numOfCalls":82619,"avgTimePerCall":0.0005337755244392232},{"label":"ADD_CANDIDATE","totalTime":32.800000071525574,"totalRelativeTime":"6.77%","numOfCalls":80897,"avgTimePerCall":0.00040545384960536946},{"label":"BUILD_SOLUTION","totalTime":0,"totalRelativeTime":"0%","numOfCalls":1,"avgTimePerCall":0},{"label":"MEASUREMENT_OVERHEAD","totalTime":123.80000007152557,"totalRelativeTime":"25.57%","numOfCalls":0,"avgTimePerCall":123.80000007152557},{"label":"NOT_MEASURED","totalTime":116.49999970197678,"totalRelativeTime":"24.07%","numOfCalls":0,"avgTimePerCall":116.49999970197678}],"visitedNodes":18594,"differentNodes":17318}}},{"label":"2x2","key":"BiBFS","solution":{"rotations":[{"side":2,"counterClockwiseDirection":false,"layer":0},{"side":0,"counterClockwiseDirection":true,"layer":0},{"side":2,"counterClockwiseDirection":false,"layer":0},{"side":0,"counterClockwiseDirection":false,"layer":0},{"side":3,"counterClockwiseDirection":true,"layer":0},{"side":2,"counterClockwiseDirection":false,"layer":0},{"side":0,"counterClockwiseDirection":false,"layer":0},{"side":3,"counterClockwiseDirection":false,"layer":0},{"side":0,"counterClockwiseDirection":true,"layer":0}],"totalTime":123.69999998807907,"data":{"metrics":[{"label":"POP_CANDIDATE","totalTime":1.699999988079071,"totalRelativeTime":"1.37%","numOfCalls":4290,"avgTimePerCall":0.00039627039349162497},{"label":"VISISTED_LIST_CHECK","totalTime":10.399999976158142,"totalRelativeTime":"8.4%","numOfCalls":27025,"avgTimePerCall":0.0003848288612824474},{"label":"ADD_TO_VISISTED_LIST_CHECK","totalTime":1.2999999821186066,"totalRelativeTime":"1.05%","numOfCalls":3854,"avgTimePerCall":0.00033731187911743816},{"label":"PERFORM_ROTATION","totalTime":55.39999967813492,"totalRelativeTime":"44.78%","numOfCalls":18880,"avgTimePerCall":0.0029343220168503666},{"label":"ADD_CANDIDATE","totalTime":4.10000005364418,"totalRelativeTime":"3.31%","numOfCalls":18678,"avgTimePerCall":0.00021950958633923227},{"label":"MEASUREMENT_OVERHEAD","totalTime":21.799999862909317,"totalRelativeTime":"17.62%","numOfCalls":0,"avgTimePerCall":21.799999862909317},{"label":"NOT_MEASURED","totalTime":29.000000447034836,"totalRelativeTime":"23.44%","numOfCalls":0,"avgTimePerCall":29.000000447034836}],"iterations":1928,"visitedNodes":1928}}}]}