{"timestamp":1681086154448,"shuffle":"33:  D    B    L    U    L    F    B'   R    F'   R'   U    R'   D   2B    F'   U    F    B    F    R'   D   2U    L   2R    L    U    F    L'   D    R   ","solutions":[{"label":"2x2","key":"IDDFS","solution":{"rotations":[{"side":2,"counterClockwiseDirection":true,"layer":0},{"side":0,"counterClockwiseDirection":true,"layer":0},{"side":3,"counterClockwiseDirection":true,"layer":0},{"side":0,"counterClockwiseDirection":true,"layer":0},{"side":0,"counterClockwiseDirection":true,"layer":0},{"side":3,"counterClockwiseDirection":true,"layer":0},{"side":2,"counterClockwiseDirection":true,"layer":0},{"side":0,"counterClockwiseDirection":true,"layer":0},{"side":2,"counterClockwiseDirection":true,"layer":0},{"side":0,"counterClockwiseDirection":true,"layer":0},{"side":0,"counterClockwiseDirection":true,"layer":0}],"totalTime":70759.90000000596,"data":{"metrics":[{"label":"PERFORM_ROTATION","totalTime":34975.70000050217,"totalRelativeTime":"49.42%","numOfCalls":16846775,"avgTimePerCall":0.0020761065545484027},{"label":"ADD_CANDIDATE","totalTime":5657.29999949038,"totalRelativeTime":"7.99%","numOfCalls":16846775,"avgTimePerCall":0.0003358090791555286},{"label":"NOT_MEASURED","totalTime":30126.90000001341,"totalRelativeTime":"42.57%","numOfCalls":0,"avgTimePerCall":30126.90000001341}],"visitedNodes":14026485,"iterations":[{"visitedNodes":37,"bound":2},{"visitedNodes":181,"bound":3},{"visitedNodes":877,"bound":4},{"visitedNodes":4237,"bound":5},{"visitedNodes":20461,"bound":6},{"visitedNodes":98797,"bound":7},{"visitedNodes":477037,"bound":8},{"visitedNodes":2303341,"bound":9},{"visitedNodes":11121517,"bound":10}]}}},{"label":"2x2","key":"IDA*","solution":{"rotations":[{"side":2,"counterClockwiseDirection":true,"layer":0},{"side":0,"counterClockwiseDirection":true,"layer":0},{"side":3,"counterClockwiseDirection":true,"layer":0},{"side":0,"counterClockwiseDirection":true,"layer":0},{"side":0,"counterClockwiseDirection":true,"layer":0},{"side":3,"counterClockwiseDirection":true,"layer":0},{"side":2,"counterClockwiseDirection":true,"layer":0},{"side":0,"counterClockwiseDirection":true,"layer":0},{"side":2,"counterClockwiseDirection":true,"layer":0},{"side":0,"counterClockwiseDirection":true,"layer":0},{"side":0,"counterClockwiseDirection":true,"layer":0}],"totalTime":52395.59999999404,"data":{"metrics":[{"label":"PERFORM_ROTATION","totalTime":26926.79999756813,"totalRelativeTime":"51.39%","numOfCalls":12342673,"avgTimePerCall":0.0021816019915271295},{"label":"ADD_CANDIDATE","totalTime":4492.200000427663,"totalRelativeTime":"8.57%","numOfCalls":12342673,"avgTimePerCall":0.0003639568187885771},{"label":"NOT_MEASURED","totalTime":20976.600001998246,"totalRelativeTime":"40.03%","numOfCalls":0,"avgTimePerCall":20976.600001998246}],"visitedNodes":1969122,"iterations":[{"visitedNodes":7,"bound":2},{"visitedNodes":97,"bound":3.25},{"visitedNodes":721,"bound":4.5},{"visitedNodes":4270,"bound":5.75},{"visitedNodes":22436,"bound":7},{"visitedNodes":171211,"bound":8.25},{"visitedNodes":1770380,"bound":9.5}]}}},{"label":"2x2","key":"SA","solution":{"rotations":[{"side":3,"counterClockwiseDirection":false,"layer":0},{"side":0,"counterClockwiseDirection":false,"layer":0},{"side":2,"counterClockwiseDirection":false,"layer":0},{"side":0,"counterClockwiseDirection":true,"layer":0},{"side":3,"counterClockwiseDirection":true,"layer":0},{"side":2,"counterClockwiseDirection":true,"layer":0},{"side":0,"counterClockwiseDirection":true,"layer":0},{"side":2,"counterClockwiseDirection":true,"layer":0},{"side":3,"counterClockwiseDirection":true,"layer":0},{"side":2,"counterClockwiseDirection":false,"layer":0},{"side":0,"counterClockwiseDirection":true,"layer":0},{"side":2,"counterClockwiseDirection":false,"layer":0},{"side":2,"counterClockwiseDirection":false,"layer":0},{"side":0,"counterClockwiseDirection":false,"layer":0},{"side":2,"counterClockwiseDirection":true,"layer":0},{"side":3,"counterClockwiseDirection":false,"layer":0},{"side":2,"counterClockwiseDirection":true,"layer":0},{"side":0,"counterClockwiseDirection":true,"layer":0},{"side":0,"counterClockwiseDirection":true,"layer":0}],"totalTime":87365,"data":{"restartCounter":0,"iterations":4964,"metrics":[{"label":"CHECK_SOLUTION","totalTime":4626.80000051111,"totalRelativeTime":"5.29%","numOfCalls":14890440,"avgTimePerCall":0.00031072285308635},{"label":"APPLYING_ROTATIONS","totalTime":28817.09999959916,"totalRelativeTime":"32.98%","numOfCalls":14890437,"avgTimePerCall":0.0019352756403051945},{"label":"COMPUTE_ROTATION","totalTime":4693.699998691678,"totalRelativeTime":"5.37%","numOfCalls":14890437,"avgTimePerCall":0.0003152157319957553},{"label":"CALCULATE_CITIZEN_SCORE","totalTime":9562.10000152886,"totalRelativeTime":"10.94%","numOfCalls":14890437,"avgTimePerCall":0.0006421638264564605},{"label":"AGGREGATE_CURRENT_GENERATION","totalTime":153.99999979138374,"totalRelativeTime":"0.17%","numOfCalls":496347,"avgTimePerCall":0.0003102668088885069},{"label":"CREATE_NEXT_GENERATION","totalTime":476.8999999538064,"totalRelativeTime":"0.54%","numOfCalls":4963,"avgTimePerCall":0.09609107393790176},{"label":"MEASUREMENT_OVERHEAD","totalTime":19347.899998873472,"totalRelativeTime":"22.14%","numOfCalls":0,"avgTimePerCall":19347.899998873472},{"label":"NOT_MEASURED","totalTime":19686.500001050532,"totalRelativeTime":"22.53%","numOfCalls":0,"avgTimePerCall":19686.500001050532}]}}},{"label":"2x2","key":"GA","solution":{"rotations":[{"layer":0,"side":0,"counterClockwiseDirection":false},{"side":3,"counterClockwiseDirection":true,"layer":0},{"side":2,"counterClockwiseDirection":true,"layer":0},{"side":0,"counterClockwiseDirection":false,"layer":0},{"side":0,"counterClockwiseDirection":false,"layer":0},{"side":2,"counterClockwiseDirection":true,"layer":0},{"side":0,"counterClockwiseDirection":true,"layer":0},{"side":3,"counterClockwiseDirection":true,"layer":0},{"side":0,"counterClockwiseDirection":true,"layer":0},{"side":0,"counterClockwiseDirection":true,"layer":0},{"side":2,"counterClockwiseDirection":true,"layer":0},{"side":0,"counterClockwiseDirection":true,"layer":0},{"side":0,"counterClockwiseDirection":true,"layer":0}],"totalTime":9626.30000000447,"data":{"armageddonCounter":0,"generations":388,"metrics":[{"label":"CHECK_SOLUTION","totalTime":500.4999999254942,"totalRelativeTime":"5.19%","numOfCalls":1162500,"avgTimePerCall":0.00043053763434451115},{"label":"APPLYING_ROTATIONS","totalTime":3217.7999995574355,"totalRelativeTime":"33.42%","numOfCalls":1162493,"avgTimePerCall":0.002768016667246543},{"label":"COMPUTE_GENE","totalTime":491.19999995082617,"totalRelativeTime":"5.1%","numOfCalls":1162493,"avgTimePerCall":0.0004225401786942598},{"label":"CALCULATE_CITIZEN_SCORE","totalTime":1140.4000001251698,"totalRelativeTime":"11.84%","numOfCalls":1162493,"avgTimePerCall":0.0009809951544870977},{"label":"AGGREGATE_CURRENT_GENERATION","totalTime":20.399999983608723,"totalRelativeTime":"0.21%","numOfCalls":38749,"avgTimePerCall":0.0005264651986789006},{"label":"CREATE_NEXT_GENERATION","totalTime":51.49999999254942,"totalRelativeTime":"0.53%","numOfCalls":387,"avgTimePerCall":0.13307493538126464},{"label":"MEASUREMENT_OVERHEAD","totalTime":2104.7000004276633,"totalRelativeTime":"21.86%","numOfCalls":0,"avgTimePerCall":2104.7000004276633},{"label":"NOT_MEASURED","totalTime":2099.8000000417233,"totalRelativeTime":"21.81%","numOfCalls":0,"avgTimePerCall":2099.8000000417233}]}}},{"label":"2x2","key":"WA*","solution":{"rotations":[{"side":0,"counterClockwiseDirection":false,"layer":0},{"side":2,"counterClockwiseDirection":true,"layer":0},{"side":3,"counterClockwiseDirection":false,"layer":0},{"side":0,"counterClockwiseDirection":false,"layer":0},{"side":3,"counterClockwiseDirection":true,"layer":0},{"side":2,"counterClockwiseDirection":true,"layer":0},{"side":3,"counterClockwiseDirection":false,"layer":0},{"side":0,"counterClockwiseDirection":false,"layer":0},{"side":3,"counterClockwiseDirection":true,"layer":0},{"side":2,"counterClockwiseDirection":false,"layer":0},{"side":0,"counterClockwiseDirection":true,"layer":0},{"side":3,"counterClockwiseDirection":false,"layer":0},{"side":0,"counterClockwiseDirection":false,"layer":0}],"totalTime":1602.1999999955297,"data":{"metrics":[{"label":"ITERATIONS_COUNTER_INCREMENT","totalTime":26.400000028312206,"totalRelativeTime":"1.64%","numOfCalls":55712,"avgTimePerCall":0.0004738655949941163},{"label":"ABORTED_VERIFICATION","totalTime":11.800000011920929,"totalRelativeTime":"0.73%","numOfCalls":27856,"avgTimePerCall":0.0004236071227714291},{"label":"POP_CANDIDATE","totalTime":31.30000000447035,"totalRelativeTime":"1.95%","numOfCalls":27856,"avgTimePerCall":0.0011236358416309},{"label":"VISISTED_LIST_CHECK","totalTime":130.69999986886978,"totalRelativeTime":"8.15%","numOfCalls":151204,"avgTimePerCall":0.0008643951209549336},{"label":"CHECK_SOLUTION","totalTime":12.60000005364418,"totalRelativeTime":"0.78%","numOfCalls":25860,"avgTimePerCall":0.00048723898119273706},{"label":"ADD_TO_VISISTED_LIST_CHECK","totalTime":18.3999999538064,"totalRelativeTime":"1.14%","numOfCalls":25859,"avgTimePerCall":0.0007115511022779844},{"label":"PERFORM_ROTATION","totalTime":396.49999962747097,"totalRelativeTime":"24.74%","numOfCalls":123348,"avgTimePerCall":0.0032144825990487965},{"label":"HEURISTIC_CALCULATION","totalTime":147.70000003278255,"totalRelativeTime":"9.21%","numOfCalls":123348,"avgTimePerCall":0.0011974251713265116},{"label":"ADD_CANDIDATE","totalTime":76.70000011473894,"totalRelativeTime":"4.78%","numOfCalls":120287,"avgTimePerCall":0.0006376416413638959},{"label":"BUILD_SOLUTION","totalTime":0,"totalRelativeTime":"0%","numOfCalls":1,"avgTimePerCall":0},{"label":"MEASUREMENT_OVERHEAD","totalTime":365.6000002101064,"totalRelativeTime":"22.81%","numOfCalls":0,"avgTimePerCall":365.6000002101064},{"label":"NOT_MEASURED","totalTime":384.50000008940697,"totalRelativeTime":"23.99%","numOfCalls":0,"avgTimePerCall":384.50000008940697}],"visitedNodes":27856,"differentNodes":25860}}},{"label":"2x2","key":"BiBFS","solution":{"rotations":[{"side":0,"counterClockwiseDirection":false,"layer":0},{"side":3,"counterClockwiseDirection":true,"layer":0},{"side":2,"counterClockwiseDirection":true,"layer":0},{"side":0,"counterClockwiseDirection":true,"layer":0},{"side":2,"counterClockwiseDirection":false,"layer":0},{"side":0,"counterClockwiseDirection":false,"layer":0},{"side":2,"counterClockwiseDirection":true,"layer":0},{"side":3,"counterClockwiseDirection":false,"layer":0},{"side":2,"counterClockwiseDirection":false,"layer":0},{"side":0,"counterClockwiseDirection":false,"layer":0},{"side":3,"counterClockwiseDirection":false,"layer":0}],"totalTime":302.90000000596046,"data":{"metrics":[{"label":"POP_CANDIDATE","totalTime":4.5,"totalRelativeTime":"1.48%","numOfCalls":8124,"avgTimePerCall":0.0005539143279172822},{"label":"VISISTED_LIST_CHECK","totalTime":31.899999983608723,"totalRelativeTime":"10.53%","numOfCalls":50173,"avgTimePerCall":0.0006358001312181597},{"label":"ADD_TO_VISISTED_LIST_CHECK","totalTime":3.699999988079071,"totalRelativeTime":"1.22%","numOfCalls":7132,"avgTimePerCall":0.0005187885569376151},{"label":"PERFORM_ROTATION","totalTime":119.00000013411045,"totalRelativeTime":"39.28%","numOfCalls":34916,"avgTimePerCall":0.0034081796349556205},{"label":"ADD_CANDIDATE","totalTime":15.999999970197678,"totalRelativeTime":"5.28%","numOfCalls":34342,"avgTimePerCall":0.00046590181032548126},{"label":"MEASUREMENT_OVERHEAD","totalTime":61.20000000298023,"totalRelativeTime":"20.2%","numOfCalls":0,"avgTimePerCall":61.20000000298023},{"label":"NOT_MEASURED","totalTime":66.59999992698431,"totalRelativeTime":"21.98%","numOfCalls":0,"avgTimePerCall":66.59999992698431}],"iterations":3567,"visitedNodes":3567}}}]}