{"timestamp":1681085731325,"shuffle":"35:  F    R'   D    R   2U    B'   U'   R    F    L    R'   D    L    R'   B'  2R   2B   2D    B    D    U    B'   F'  2L    B'   L    D    R'   B    R'  ","solutions":[{"label":"2x2","key":"IDDFS","solution":{"rotations":[{"side":2,"counterClockwiseDirection":false,"layer":0},{"side":0,"counterClockwiseDirection":true,"layer":0},{"side":2,"counterClockwiseDirection":false,"layer":0},{"side":0,"counterClockwiseDirection":false,"layer":0},{"side":3,"counterClockwiseDirection":true,"layer":0},{"side":0,"counterClockwiseDirection":true,"layer":0},{"side":3,"counterClockwiseDirection":true,"layer":0},{"side":0,"counterClockwiseDirection":true,"layer":0},{"side":0,"counterClockwiseDirection":true,"layer":0},{"side":2,"counterClockwiseDirection":false,"layer":0},{"side":3,"counterClockwiseDirection":true,"layer":0}],"totalTime":144111.8999999985,"data":{"metrics":[{"label":"PERFORM_ROTATION","totalTime":68632.4999981597,"totalRelativeTime":"47.62%","numOfCalls":25096989,"avgTimePerCall":0.002734690603648099},{"label":"ADD_CANDIDATE","totalTime":11477.899999320507,"totalRelativeTime":"7.96%","numOfCalls":25096989,"avgTimePerCall":0.00045734171534762624},{"label":"NOT_MEASURED","totalTime":64001.500002518296,"totalRelativeTime":"44.41%","numOfCalls":0,"avgTimePerCall":64001.500002518296}],"visitedNodes":14026485,"iterations":[{"visitedNodes":37,"bound":2},{"visitedNodes":181,"bound":3},{"visitedNodes":877,"bound":4},{"visitedNodes":4237,"bound":5},{"visitedNodes":20461,"bound":6},{"visitedNodes":98797,"bound":7},{"visitedNodes":477037,"bound":8},{"visitedNodes":2303341,"bound":9},{"visitedNodes":11121517,"bound":10}]}}},{"label":"2x2","key":"IDA*","solution":{"rotations":[{"side":2,"counterClockwiseDirection":false,"layer":0},{"side":0,"counterClockwiseDirection":true,"layer":0},{"side":2,"counterClockwiseDirection":false,"layer":0},{"side":0,"counterClockwiseDirection":false,"layer":0},{"side":3,"counterClockwiseDirection":true,"layer":0},{"side":0,"counterClockwiseDirection":true,"layer":0},{"side":3,"counterClockwiseDirection":true,"layer":0},{"side":0,"counterClockwiseDirection":true,"layer":0},{"side":0,"counterClockwiseDirection":true,"layer":0},{"side":2,"counterClockwiseDirection":false,"layer":0},{"side":3,"counterClockwiseDirection":true,"layer":0}],"totalTime":111068.10000000149,"data":{"metrics":[{"label":"PERFORM_ROTATION","totalTime":55754.49999693036,"totalRelativeTime":"50.19%","numOfCalls":20021403,"avgTimePerCall":0.00278474490508634},{"label":"ADD_CANDIDATE","totalTime":9449.500000454485,"totalRelativeTime":"8.5%","numOfCalls":20021403,"avgTimePerCall":0.00047196992141132596},{"label":"NOT_MEASURED","totalTime":45864.100002616644,"totalRelativeTime":"41.29%","numOfCalls":0,"avgTimePerCall":45864.100002616644}],"visitedNodes":1849195,"iterations":[{"visitedNodes":7,"bound":2},{"visitedNodes":47,"bound":3.25},{"visitedNodes":597,"bound":4.5},{"visitedNodes":4237,"bound":5.75},{"visitedNodes":20807,"bound":7},{"visitedNodes":145254,"bound":8.25},{"visitedNodes":1678246,"bound":9.5}]}}},{"label":"2x2","key":"SA","solution":{"rotations":[{"side":3,"counterClockwiseDirection":true,"layer":0},{"side":0,"counterClockwiseDirection":false,"layer":0},{"side":0,"counterClockwiseDirection":false,"layer":0},{"side":2,"counterClockwiseDirection":true,"layer":0},{"side":3,"counterClockwiseDirection":true,"layer":0},{"layer":0,"side":0,"counterClockwiseDirection":false},{"side":3,"counterClockwiseDirection":false,"layer":0},{"side":0,"counterClockwiseDirection":false,"layer":0},{"side":2,"counterClockwiseDirection":true,"layer":0},{"side":3,"counterClockwiseDirection":false,"layer":0},{"side":0,"counterClockwiseDirection":true,"layer":0},{"side":3,"counterClockwiseDirection":false,"layer":0},{"side":0,"counterClockwiseDirection":true,"layer":0},{"side":0,"counterClockwiseDirection":true,"layer":0},{"side":2,"counterClockwiseDirection":false,"layer":0}],"totalTime":289926,"data":{"restartCounter":3,"iterations":15020,"metrics":[{"label":"CHECK_SOLUTION","totalTime":15226.699998989701,"totalRelativeTime":"5.25%","numOfCalls":45059610,"avgTimePerCall":0.0003379234751252774},{"label":"APPLYING_ROTATIONS","totalTime":95645.80000278354,"totalRelativeTime":"32.98%","numOfCalls":45059609,"avgTimePerCall":0.002122650465137936},{"label":"COMPUTE_ROTATION","totalTime":15727.699998535216,"totalRelativeTime":"5.42%","numOfCalls":45059609,"avgTimePerCall":0.00034904208774947905},{"label":"CALCULATE_CITIZEN_SCORE","totalTime":31396.40000103414,"totalRelativeTime":"10.82%","numOfCalls":45059609,"avgTimePerCall":0.0006967747989343214},{"label":"AGGREGATE_CURRENT_GENERATION","totalTime":547.6000000610948,"totalRelativeTime":"0.18%","numOfCalls":1501986,"avgTimePerCall":0.00036458395754760347},{"label":"CREATE_NEXT_GENERATION","totalTime":1932.1000003442168,"totalRelativeTime":"0.66%","numOfCalls":15019,"avgTimePerCall":0.1286437179801729},{"label":"MEASUREMENT_OVERHEAD","totalTime":64279.599994786084,"totalRelativeTime":"22.17%","numOfCalls":0,"avgTimePerCall":64279.599994786084},{"label":"NOT_MEASURED","totalTime":65170.10000346601,"totalRelativeTime":"22.47%","numOfCalls":0,"avgTimePerCall":65170.10000346601}]}}},{"label":"2x2","key":"GA","solution":{"rotations":[{"side":2,"counterClockwiseDirection":false,"layer":0},{"side":0,"counterClockwiseDirection":false,"layer":0},{"side":3,"counterClockwiseDirection":true,"layer":0},{"side":2,"counterClockwiseDirection":false,"layer":0},{"side":0,"counterClockwiseDirection":true,"layer":0},{"side":2,"counterClockwiseDirection":true,"layer":0},{"side":0,"counterClockwiseDirection":true,"layer":0},{"side":3,"counterClockwiseDirection":true,"layer":0},{"side":3,"counterClockwiseDirection":true,"layer":0},{"side":0,"counterClockwiseDirection":true,"layer":0},{"side":2,"counterClockwiseDirection":true,"layer":0},{"side":2,"counterClockwiseDirection":true,"layer":0},{"side":3,"counterClockwiseDirection":true,"layer":0},{"side":2,"counterClockwiseDirection":true,"layer":0},{"side":3,"counterClockwiseDirection":true,"layer":0}],"totalTime":182119.29999999702,"data":{"armageddonCounter":1,"generations":7852,"metrics":[{"label":"CHECK_SOLUTION","totalTime":9464.799998752773,"totalRelativeTime":"5.19%","numOfCalls":23552580,"avgTimePerCall":0.00040185831016189194},{"label":"APPLYING_ROTATIONS","totalTime":59438.99999991059,"totalRelativeTime":"32.63%","numOfCalls":23552567,"avgTimePerCall":0.002523673958762567},{"label":"COMPUTE_GENE","totalTime":9760.300001330674,"totalRelativeTime":"5.35%","numOfCalls":23552567,"avgTimePerCall":0.00041440493519583977},{"label":"CALCULATE_CITIZEN_SCORE","totalTime":19371.000000961125,"totalRelativeTime":"10.63%","numOfCalls":23552567,"avgTimePerCall":0.0008224581210600579},{"label":"AGGREGATE_CURRENT_GENERATION","totalTime":346.70000007003546,"totalRelativeTime":"0.19%","numOfCalls":785085,"avgTimePerCall":0.0004416082335925861},{"label":"CREATE_NEXT_GENERATION","totalTime":1638.9999996125698,"totalRelativeTime":"0.89%","numOfCalls":7850,"avgTimePerCall":0.2087898088678433},{"label":"MEASUREMENT_OVERHEAD","totalTime":41210.29999798536,"totalRelativeTime":"22.62%","numOfCalls":0,"avgTimePerCall":41210.29999798536},{"label":"NOT_MEASURED","totalTime":40888.20000137389,"totalRelativeTime":"22.45%","numOfCalls":0,"avgTimePerCall":40888.20000137389}]}}},{"label":"2x2","key":"WA*","solution":{"rotations":[{"side":3,"counterClockwiseDirection":true,"layer":0},{"side":2,"counterClockwiseDirection":true,"layer":0},{"side":0,"counterClockwiseDirection":false,"layer":0},{"side":2,"counterClockwiseDirection":true,"layer":0},{"side":0,"counterClockwiseDirection":false,"layer":0},{"side":2,"counterClockwiseDirection":false,"layer":0},{"side":0,"counterClockwiseDirection":true,"layer":0},{"side":2,"counterClockwiseDirection":false,"layer":0},{"side":3,"counterClockwiseDirection":true,"layer":0},{"side":2,"counterClockwiseDirection":false,"layer":0},{"side":3,"counterClockwiseDirection":false,"layer":0},{"side":2,"counterClockwiseDirection":true,"layer":0},{"side":0,"counterClockwiseDirection":false,"layer":0},{"side":3,"counterClockwiseDirection":true,"layer":0},{"side":3,"counterClockwiseDirection":true,"layer":0},{"side":0,"counterClockwiseDirection":false,"layer":0},{"side":3,"counterClockwiseDirection":false,"layer":0},{"side":3,"counterClockwiseDirection":false,"layer":0},{"side":0,"counterClockwiseDirection":true,"layer":0}],"totalTime":7114.79999999702,"data":{"metrics":[{"label":"ITERATIONS_COUNTER_INCREMENT","totalTime":110.99999994039536,"totalRelativeTime":"1.56%","numOfCalls":216912,"avgTimePerCall":0.0005117282581894748},{"label":"ABORTED_VERIFICATION","totalTime":61.19999998062849,"totalRelativeTime":"0.86%","numOfCalls":108456,"avgTimePerCall":0.0005642841334792772},{"label":"POP_CANDIDATE","totalTime":179.99999995529652,"totalRelativeTime":"2.52%","numOfCalls":108456,"avgTimePerCall":0.0016596592162286688},{"label":"VISISTED_LIST_CHECK","totalTime":699.3999998271465,"totalRelativeTime":"9.83%","numOfCalls":579911,"avgTimePerCall":0.0012060471345208947},{"label":"CHECK_SOLUTION","totalTime":51.99999999254942,"totalRelativeTime":"0.73%","numOfCalls":98719,"avgTimePerCall":0.0005267476371574816},{"label":"ADD_TO_VISISTED_LIST_CHECK","totalTime":81.09999996423721,"totalRelativeTime":"1.13%","numOfCalls":98718,"avgTimePerCall":0.000821532040400304},{"label":"PERFORM_ROTATION","totalTime":1718.4000000730157,"totalRelativeTime":"24.15%","numOfCalls":471455,"avgTimePerCall":0.003644886574695391},{"label":"HEURISTIC_CALCULATION","totalTime":671.5999999046326,"totalRelativeTime":"9.43%","numOfCalls":471455,"avgTimePerCall":0.001424526200601611},{"label":"ADD_CANDIDATE","totalTime":316.59999998658895,"totalRelativeTime":"4.44%","numOfCalls":451644,"avgTimePerCall":0.0007009945886286299},{"label":"BUILD_SOLUTION","totalTime":0,"totalRelativeTime":"0%","numOfCalls":1,"avgTimePerCall":0},{"label":"MEASUREMENT_OVERHEAD","totalTime":1490.3000000566244,"totalRelativeTime":"20.94%","numOfCalls":0,"avgTimePerCall":1490.3000000566244},{"label":"NOT_MEASURED","totalTime":1733.2000003159046,"totalRelativeTime":"24.36%","numOfCalls":0,"avgTimePerCall":1733.2000003159046}],"visitedNodes":108456,"differentNodes":98719}}},{"label":"2x2","key":"BiBFS","solution":{"rotations":[{"side":2,"counterClockwiseDirection":false,"layer":0},{"side":0,"counterClockwiseDirection":false,"layer":0},{"side":3,"counterClockwiseDirection":true,"layer":0},{"side":0,"counterClockwiseDirection":true,"layer":0},{"side":0,"counterClockwiseDirection":true,"layer":0},{"side":3,"counterClockwiseDirection":true,"layer":0},{"side":0,"counterClockwiseDirection":true,"layer":0},{"side":3,"counterClockwiseDirection":true,"layer":0},{"side":2,"counterClockwiseDirection":true,"layer":0},{"side":0,"counterClockwiseDirection":true,"layer":0},{"side":3,"counterClockwiseDirection":false,"layer":0}],"totalTime":625.5,"data":{"metrics":[{"label":"POP_CANDIDATE","totalTime":11.400000013411045,"totalRelativeTime":"1.82%","numOfCalls":9124,"avgTimePerCall":0.001249451996209014},{"label":"VISISTED_LIST_CHECK","totalTime":65.60000000149012,"totalRelativeTime":"10.48%","numOfCalls":56359,"avgTimePerCall":0.0011639667134173799},{"label":"ADD_TO_VISISTED_LIST_CHECK","totalTime":7,"totalRelativeTime":"1.11%","numOfCalls":8012,"avgTimePerCall":0.000873689465801298},{"label":"PERFORM_ROTATION","totalTime":276.4000000357628,"totalRelativeTime":"44.18%","numOfCalls":39222,"avgTimePerCall":0.007047065423378787},{"label":"ADD_CANDIDATE","totalTime":37.80000000447035,"totalRelativeTime":"6.04%","numOfCalls":38508,"avgTimePerCall":0.0009816142101503674},{"label":"MEASUREMENT_OVERHEAD","totalTime":108.50000000745058,"totalRelativeTime":"17.34%","numOfCalls":0,"avgTimePerCall":108.50000000745058},{"label":"NOT_MEASURED","totalTime":118.79999993741512,"totalRelativeTime":"18.99%","numOfCalls":0,"avgTimePerCall":118.79999993741512}],"iterations":4007,"visitedNodes":4007}}}]}