{"timestamp":1681086453670,"shuffle":"38:  L'   D    F'   L    F'   L    D'   L   2B    R    B    F    R'   D'   L    D    U    R'  2F    D'   B    R    U'   D'   F'   L    F'   U'  2R    L    F'   R    L    F'   L   ","solutions":[{"label":"2x2","key":"IDDFS","solution":{"rotations":[{"side":2,"counterClockwiseDirection":true,"layer":0},{"side":2,"counterClockwiseDirection":true,"layer":0},{"side":0,"counterClockwiseDirection":true,"layer":0},{"side":3,"counterClockwiseDirection":true,"layer":0},{"side":0,"counterClockwiseDirection":true,"layer":0},{"side":0,"counterClockwiseDirection":true,"layer":0},{"side":3,"counterClockwiseDirection":true,"layer":0},{"side":0,"counterClockwiseDirection":false,"layer":0},{"side":2,"counterClockwiseDirection":true,"layer":0},{"side":0,"counterClockwiseDirection":true,"layer":0},{"side":3,"counterClockwiseDirection":true,"layer":0},{"side":3,"counterClockwiseDirection":true,"layer":0}],"totalTime":289712.6000000015,"data":{"metrics":[{"label":"PERFORM_ROTATION","totalTime":141986.50000277162,"totalRelativeTime":"49%","numOfCalls":69012684,"avgTimePerCall":0.002057397159089938},{"label":"ADD_CANDIDATE","totalTime":23570.099999777973,"totalRelativeTime":"8.13%","numOfCalls":69012684,"avgTimePerCall":0.0003415328695197244},{"label":"NOT_MEASURED","totalTime":124155.9999974519,"totalRelativeTime":"42.85%","numOfCalls":0,"avgTimePerCall":124155.9999974519}],"visitedNodes":67725922,"iterations":[{"visitedNodes":37,"bound":2},{"visitedNodes":181,"bound":3},{"visitedNodes":877,"bound":4},{"visitedNodes":4237,"bound":5},{"visitedNodes":20461,"bound":6},{"visitedNodes":98797,"bound":7},{"visitedNodes":477037,"bound":8},{"visitedNodes":2303341,"bound":9},{"visitedNodes":11121517,"bound":10},{"visitedNodes":53699437,"bound":11}]}}},{"label":"2x2","key":"IDA*","solution":{"rotations":[{"side":2,"counterClockwiseDirection":true,"layer":0},{"side":2,"counterClockwiseDirection":true,"layer":0},{"side":0,"counterClockwiseDirection":true,"layer":0},{"side":3,"counterClockwiseDirection":true,"layer":0},{"side":0,"counterClockwiseDirection":true,"layer":0},{"side":0,"counterClockwiseDirection":true,"layer":0},{"side":3,"counterClockwiseDirection":true,"layer":0},{"side":0,"counterClockwiseDirection":false,"layer":0},{"side":2,"counterClockwiseDirection":true,"layer":0},{"side":0,"counterClockwiseDirection":true,"layer":0},{"side":3,"counterClockwiseDirection":true,"layer":0},{"side":3,"counterClockwiseDirection":true,"layer":0}],"totalTime":254588.70000000298,"data":{"metrics":[{"label":"PERFORM_ROTATION","totalTime":132158.19999946654,"totalRelativeTime":"51.91%","numOfCalls":64718176,"avgTimePerCall":0.0020420569331166954},{"label":"ADD_CANDIDATE","totalTime":21632.399999521673,"totalRelativeTime":"8.49%","numOfCalls":64718176,"avgTimePerCall":0.00033425540298789744},{"label":"NOT_MEASURED","totalTime":100798.10000101477,"totalRelativeTime":"39.59%","numOfCalls":0,"avgTimePerCall":100798.10000101477}],"visitedNodes":13117726,"iterations":[{"visitedNodes":7,"bound":2},{"visitedNodes":37,"bound":3.25},{"visitedNodes":655,"bound":4.5},{"visitedNodes":4242,"bound":5.75},{"visitedNodes":21953,"bound":7},{"visitedNodes":168038,"bound":8.25},{"visitedNodes":1761586,"bound":9.5},{"visitedNodes":11161208,"bound":10.75}]}}},{"label":"2x2","key":"SA","solution":{"rotations":[{"side":2,"counterClockwiseDirection":false,"layer":0},{"side":3,"counterClockwiseDirection":false,"layer":0},{"side":2,"counterClockwiseDirection":true,"layer":0},{"side":0,"counterClockwiseDirection":false,"layer":0},{"side":2,"counterClockwiseDirection":true,"layer":0},{"side":0,"counterClockwiseDirection":false,"layer":0},{"side":3,"counterClockwiseDirection":true,"layer":0},{"side":2,"counterClockwiseDirection":true,"layer":0},{"side":0,"counterClockwiseDirection":true,"layer":0},{"side":2,"counterClockwiseDirection":false,"layer":0},{"side":0,"counterClockwiseDirection":false,"layer":0},{"side":3,"counterClockwiseDirection":false,"layer":0},{"side":2,"counterClockwiseDirection":false,"layer":0},{"side":3,"counterClockwiseDirection":false,"layer":0},{"side":2,"counterClockwiseDirection":false,"layer":0},{"side":3,"counterClockwiseDirection":true,"layer":0},{"side":0,"counterClockwiseDirection":false,"layer":0},{"side":2,"counterClockwiseDirection":false,"layer":0},{"side":2,"counterClockwiseDirection":false,"layer":0},{"side":3,"counterClockwiseDirection":true,"layer":0}],"totalTime":26062.79999999702,"data":{"restartCounter":0,"iterations":1100,"metrics":[{"label":"CHECK_SOLUTION","totalTime":1368.1000004783273,"totalRelativeTime":"5.24%","numOfCalls":3299280,"avgTimePerCall":0.0004146662303527822},{"label":"APPLYING_ROTATIONS","totalTime":8772.700000472367,"totalRelativeTime":"33.65%","numOfCalls":3299276,"avgTimePerCall":0.0026589773030423545},{"label":"COMPUTE_ROTATION","totalTime":1402.4000001624227,"totalRelativeTime":"5.38%","numOfCalls":3299276,"avgTimePerCall":0.00042506295325472096},{"label":"CALCULATE_CITIZEN_SCORE","totalTime":2747.999999985099,"totalRelativeTime":"10.54%","numOfCalls":3299276,"avgTimePerCall":0.0008329100081306016},{"label":"AGGREGATE_CURRENT_GENERATION","totalTime":50.29999989271164,"totalRelativeTime":"0.19%","numOfCalls":109975,"avgTimePerCall":0.00045737667554181986},{"label":"CREATE_NEXT_GENERATION","totalTime":138.49999986588955,"totalRelativeTime":"0.53%","numOfCalls":1099,"avgTimePerCall":0.1260236577487621},{"label":"MEASUREMENT_OVERHEAD","totalTime":5751.999998837709,"totalRelativeTime":"22.06%","numOfCalls":0,"avgTimePerCall":5751.999998837709},{"label":"NOT_MEASURED","totalTime":5830.800000302494,"totalRelativeTime":"22.37%","numOfCalls":0,"avgTimePerCall":5830.800000302494}]}}},{"label":"2x2","key":"GA","solution":{"rotations":[{"side":0,"counterClockwiseDirection":true,"layer":0},{"side":2,"counterClockwiseDirection":true,"layer":0},{"side":0,"counterClockwiseDirection":true,"layer":0},{"side":2,"counterClockwiseDirection":true,"layer":0},{"side":0,"counterClockwiseDirection":false,"layer":0},{"side":3,"counterClockwiseDirection":false,"layer":0},{"side":0,"counterClockwiseDirection":true,"layer":0},{"side":2,"counterClockwiseDirection":false,"layer":0},{"side":3,"counterClockwiseDirection":true,"layer":0},{"side":3,"counterClockwiseDirection":true,"layer":0},{"side":0,"counterClockwiseDirection":true,"layer":0},{"side":2,"counterClockwiseDirection":false,"layer":0}],"totalTime":63272.10000000149,"data":{"armageddonCounter":0,"generations":3042,"metrics":[{"label":"CHECK_SOLUTION","totalTime":3256.900000348687,"totalRelativeTime":"5.14%","numOfCalls":9123660,"avgTimePerCall":0.00035697296921944564},{"label":"APPLYING_ROTATIONS","totalTime":21247.59999871254,"totalRelativeTime":"33.58%","numOfCalls":9123650,"avgTimePerCall":0.0023288486514402174},{"label":"COMPUTE_GENE","totalTime":3332.899999164045,"totalRelativeTime":"5.26%","numOfCalls":9123650,"avgTimePerCall":0.00036530335985751806},{"label":"CALCULATE_CITIZEN_SCORE","totalTime":6992.099999569356,"totalRelativeTime":"11.05%","numOfCalls":9123650,"avgTimePerCall":0.0007663709151018897},{"label":"AGGREGATE_CURRENT_GENERATION","totalTime":113.70000003278255,"totalRelativeTime":"0.17%","numOfCalls":304121,"avgTimePerCall":0.0003738643501526779},{"label":"CREATE_NEXT_GENERATION","totalTime":353.40000039339066,"totalRelativeTime":"0.55%","numOfCalls":3041,"avgTimePerCall":0.11621177257263751},{"label":"MEASUREMENT_OVERHEAD","totalTime":14007.800001382828,"totalRelativeTime":"22.13%","numOfCalls":0,"avgTimePerCall":14007.800001382828},{"label":"NOT_MEASURED","totalTime":13967.700000397861,"totalRelativeTime":"22.07%","numOfCalls":0,"avgTimePerCall":13967.700000397861}]}}},{"label":"2x2","key":"WA*","solution":{"rotations":[{"side":2,"counterClockwiseDirection":false,"layer":0},{"side":3,"counterClockwiseDirection":true,"layer":0},{"side":0,"counterClockwiseDirection":false,"layer":0},{"side":2,"counterClockwiseDirection":true,"layer":0},{"side":3,"counterClockwiseDirection":false,"layer":0},{"side":2,"counterClockwiseDirection":true,"layer":0},{"side":2,"counterClockwiseDirection":true,"layer":0},{"side":3,"counterClockwiseDirection":false,"layer":0},{"side":2,"counterClockwiseDirection":true,"layer":0},{"side":3,"counterClockwiseDirection":false,"layer":0},{"side":2,"counterClockwiseDirection":true,"layer":0},{"side":3,"counterClockwiseDirection":true,"layer":0},{"side":3,"counterClockwiseDirection":true,"layer":0},{"side":2,"counterClockwiseDirection":false,"layer":0}],"totalTime":1351.8000000044703,"data":{"metrics":[{"label":"ITERATIONS_COUNTER_INCREMENT","totalTime":26.400000050663948,"totalRelativeTime":"1.95%","numOfCalls":35398,"avgTimePerCall":0.0007458048491627761},{"label":"ABORTED_VERIFICATION","totalTime":8.900000043213367,"totalRelativeTime":"0.65%","numOfCalls":17699,"avgTimePerCall":0.0005028532709878167},{"label":"POP_CANDIDATE","totalTime":29.999999947845936,"totalRelativeTime":"2.21%","numOfCalls":17699,"avgTimePerCall":0.0016950110146248904},{"label":"VISISTED_LIST_CHECK","totalTime":84.59999992698431,"totalRelativeTime":"6.25%","numOfCalls":96658,"avgTimePerCall":0.0008752508838066617},{"label":"CHECK_SOLUTION","totalTime":19.000000081956387,"totalRelativeTime":"1.4%","numOfCalls":16546,"avgTimePerCall":0.0011483137968062605},{"label":"ADD_TO_VISISTED_LIST_CHECK","totalTime":18.69999999552965,"totalRelativeTime":"1.38%","numOfCalls":16545,"avgTimePerCall":0.0011302508307965942},{"label":"PERFORM_ROTATION","totalTime":364.7000001296401,"totalRelativeTime":"26.97%","numOfCalls":78959,"avgTimePerCall":0.004618852823992706},{"label":"HEURISTIC_CALCULATION","totalTime":144.60000003129244,"totalRelativeTime":"10.69%","numOfCalls":78959,"avgTimePerCall":0.0018313301844158668},{"label":"ADD_CANDIDATE","totalTime":52.30000001937151,"totalRelativeTime":"3.86%","numOfCalls":77328,"avgTimePerCall":0.0006763397478193087},{"label":"BUILD_SOLUTION","totalTime":0,"totalRelativeTime":"0%","numOfCalls":1,"avgTimePerCall":0},{"label":"MEASUREMENT_OVERHEAD","totalTime":321.19999987632036,"totalRelativeTime":"23.76%","numOfCalls":0,"avgTimePerCall":321.19999987632036},{"label":"NOT_MEASURED","totalTime":281.39999990165234,"totalRelativeTime":"20.81%","numOfCalls":0,"avgTimePerCall":281.39999990165234}],"visitedNodes":17699,"differentNodes":16546}}},{"label":"2x2","key":"BiBFS","solution":{"rotations":[{"side":3,"counterClockwiseDirection":true,"layer":0},{"side":2,"counterClockwiseDirection":false,"layer":0},{"side":0,"counterClockwiseDirection":true,"layer":0},{"side":3,"counterClockwiseDirection":false,"layer":0},{"side":2,"counterClockwiseDirection":false,"layer":0},{"side":3,"counterClockwiseDirection":true,"layer":0},{"side":3,"counterClockwiseDirection":true,"layer":0},{"side":2,"counterClockwiseDirection":true,"layer":0},{"side":3,"counterClockwiseDirection":false,"layer":0},{"side":2,"counterClockwiseDirection":false,"layer":0},{"side":0,"counterClockwiseDirection":true,"layer":0},{"side":3,"counterClockwiseDirection":false,"layer":0}],"totalTime":676.5,"data":{"metrics":[{"label":"POP_CANDIDATE","totalTime":4.399999976158142,"totalRelativeTime":"0.65%","numOfCalls":10630,"avgTimePerCall":0.0004139228575877838},{"label":"VISISTED_LIST_CHECK","totalTime":56.39999998360872,"totalRelativeTime":"8.33%","numOfCalls":65332,"avgTimePerCall":0.000863282923890417},{"label":"ADD_TO_VISISTED_LIST_CHECK","totalTime":7.499999992549419,"totalRelativeTime":"1.1%","numOfCalls":9280,"avgTimePerCall":0.0008081896543695495},{"label":"PERFORM_ROTATION","totalTime":285.8999999538064,"totalRelativeTime":"42.26%","numOfCalls":45420,"avgTimePerCall":0.006294583882734619},{"label":"ADD_CANDIDATE","totalTime":34.80000003427267,"totalRelativeTime":"5.14%","numOfCalls":44522,"avgTimePerCall":0.0007816360458710901},{"label":"MEASUREMENT_OVERHEAD","totalTime":159.59999994188547,"totalRelativeTime":"23.59%","numOfCalls":0,"avgTimePerCall":159.59999994188547},{"label":"NOT_MEASURED","totalTime":127.90000011771917,"totalRelativeTime":"18.9%","numOfCalls":0,"avgTimePerCall":127.90000011771917}],"iterations":4641,"visitedNodes":4641}}}]}