{"timestamp":1681085876444,"shuffle":"30: 2L    D    B'  2F    D'   U    B    U    B    U'   L'   R    F'  2R    B'   R    B'   F'   B   2R    D'   L    D    L    B    U   ","solutions":[{"label":"2x2","key":"IDDFS","solution":{"rotations":[{"side":0,"counterClockwiseDirection":true,"layer":0},{"side":3,"counterClockwiseDirection":true,"layer":0},{"side":2,"counterClockwiseDirection":true,"layer":0},{"side":3,"counterClockwiseDirection":false,"layer":0},{"side":2,"counterClockwiseDirection":true,"layer":0},{"side":3,"counterClockwiseDirection":true,"layer":0},{"side":3,"counterClockwiseDirection":true,"layer":0},{"side":0,"counterClockwiseDirection":false,"layer":0},{"side":3,"counterClockwiseDirection":false,"layer":0},{"side":0,"counterClockwiseDirection":true,"layer":0}],"totalTime":52638.40000000596,"data":{"metrics":[{"label":"PERFORM_ROTATION","totalTime":24458.099998757243,"totalRelativeTime":"46.46%","numOfCalls":7763697,"avgTimePerCall":0.003150316144326246},{"label":"ADD_CANDIDATE","totalTime":4448.9999999552965,"totalRelativeTime":"8.45%","numOfCalls":7763697,"avgTimePerCall":0.0005730517303747552},{"label":"NOT_MEASURED","totalTime":23731.30000129342,"totalRelativeTime":"45.08%","numOfCalls":0,"avgTimePerCall":23731.30000129342}],"visitedNodes":2904968,"iterations":[{"visitedNodes":37,"bound":2},{"visitedNodes":181,"bound":3},{"visitedNodes":877,"bound":4},{"visitedNodes":4237,"bound":5},{"visitedNodes":20461,"bound":6},{"visitedNodes":98797,"bound":7},{"visitedNodes":477037,"bound":8},{"visitedNodes":2303341,"bound":9}]}}},{"label":"2x2","key":"IDA*","solution":{"rotations":[{"side":0,"counterClockwiseDirection":true,"layer":0},{"side":3,"counterClockwiseDirection":true,"layer":0},{"side":2,"counterClockwiseDirection":true,"layer":0},{"side":3,"counterClockwiseDirection":false,"layer":0},{"side":2,"counterClockwiseDirection":true,"layer":0},{"side":3,"counterClockwiseDirection":true,"layer":0},{"side":3,"counterClockwiseDirection":true,"layer":0},{"side":0,"counterClockwiseDirection":false,"layer":0},{"side":3,"counterClockwiseDirection":false,"layer":0},{"side":0,"counterClockwiseDirection":true,"layer":0}],"totalTime":131799.40000000596,"data":{"metrics":[{"label":"PERFORM_ROTATION","totalTime":67377.6999995783,"totalRelativeTime":"51.12%","numOfCalls":32516415,"avgTimePerCall":0.00207211342331491},{"label":"ADD_CANDIDATE","totalTime":11237.999998405576,"totalRelativeTime":"8.52%","numOfCalls":32516415,"avgTimePerCall":0.0003456100556720529},{"label":"NOT_MEASURED","totalTime":53183.70000202209,"totalRelativeTime":"40.35%","numOfCalls":0,"avgTimePerCall":53183.70000202209}],"visitedNodes":1862670,"iterations":[{"visitedNodes":7,"bound":2},{"visitedNodes":57,"bound":3.25},{"visitedNodes":618,"bound":4.5},{"visitedNodes":4237,"bound":5.75},{"visitedNodes":21364,"bound":7},{"visitedNodes":150136,"bound":8.25},{"visitedNodes":1686251,"bound":9.5}]}}},{"label":"2x2","key":"SA","solution":{"rotations":[{"side":0,"counterClockwiseDirection":true,"layer":0},{"layer":0,"side":3,"counterClockwiseDirection":true},{"side":2,"counterClockwiseDirection":true,"layer":0},{"side":3,"counterClockwiseDirection":false,"layer":0},{"side":2,"counterClockwiseDirection":true,"layer":0},{"side":3,"counterClockwiseDirection":false,"layer":0},{"side":3,"counterClockwiseDirection":false,"layer":0},{"side":0,"counterClockwiseDirection":false,"layer":0},{"side":3,"counterClockwiseDirection":false,"layer":0},{"side":0,"counterClockwiseDirection":true,"layer":0}],"totalTime":49721.30000000447,"data":{"restartCounter":0,"iterations":1734,"metrics":[{"label":"CHECK_SOLUTION","totalTime":2437.6000001057982,"totalRelativeTime":"4.9%","numOfCalls":5201430,"avgTimePerCall":0.00046864035469203625},{"label":"APPLYING_ROTATIONS","totalTime":16314.300001122057,"totalRelativeTime":"32.81%","numOfCalls":5201416,"avgTimePerCall":0.0031365112886802475},{"label":"COMPUTE_ROTATION","totalTime":2650.100000180304,"totalRelativeTime":"5.32%","numOfCalls":5201416,"avgTimePerCall":0.0005094958757731172},{"label":"CALCULATE_CITIZEN_SCORE","totalTime":5947.000001691282,"totalRelativeTime":"11.96%","numOfCalls":5201416,"avgTimePerCall":0.0011433425055198973},{"label":"AGGREGATE_CURRENT_GENERATION","totalTime":98.6999997869134,"totalRelativeTime":"0.19%","numOfCalls":173380,"avgTimePerCall":0.0005692698107446845},{"label":"CREATE_NEXT_GENERATION","totalTime":356.4999998882413,"totalRelativeTime":"0.71%","numOfCalls":1733,"avgTimePerCall":0.2057126369810971},{"label":"MEASUREMENT_OVERHEAD","totalTime":10913.699999511242,"totalRelativeTime":"21.94%","numOfCalls":0,"avgTimePerCall":10913.699999511242},{"label":"NOT_MEASURED","totalTime":11003.399997718632,"totalRelativeTime":"22.13%","numOfCalls":0,"avgTimePerCall":11003.399997718632}]}}},{"label":"2x2","key":"GA","solution":{"rotations":[{"side":0,"counterClockwiseDirection":true,"layer":0},{"side":3,"counterClockwiseDirection":true,"layer":0},{"side":2,"counterClockwiseDirection":true,"layer":0},{"side":3,"counterClockwiseDirection":false,"layer":0},{"side":0,"counterClockwiseDirection":false,"layer":0},{"layer":0,"side":2,"counterClockwiseDirection":true},{"side":0,"counterClockwiseDirection":true,"layer":0},{"side":0,"counterClockwiseDirection":true,"layer":0},{"side":2,"counterClockwiseDirection":false,"layer":0},{"layer":0,"side":0,"counterClockwiseDirection":false},{"side":3,"counterClockwiseDirection":false,"layer":0},{"side":2,"counterClockwiseDirection":false,"layer":0},{"side":3,"counterClockwiseDirection":true,"layer":0},{"side":0,"counterClockwiseDirection":false,"layer":0},{"side":3,"counterClockwiseDirection":true,"layer":0},{"side":0,"counterClockwiseDirection":true,"layer":0},{"side":2,"counterClockwiseDirection":false,"layer":0},{"side":0,"counterClockwiseDirection":true,"layer":0},{"side":2,"counterClockwiseDirection":true,"layer":0},{"side":0,"counterClockwiseDirection":true,"layer":0}],"totalTime":59478.19999999553,"data":{"armageddonCounter":0,"generations":2262,"metrics":[{"label":"CHECK_SOLUTION","totalTime":3099.3000009804964,"totalRelativeTime":"5.21%","numOfCalls":6784200,"avgTimePerCall":0.00045684089516531007},{"label":"APPLYING_ROTATIONS","totalTime":19286.899999640882,"totalRelativeTime":"32.42%","numOfCalls":6784198,"avgTimePerCall":0.0028429152568425747},{"label":"COMPUTE_GENE","totalTime":3255.40000038594,"totalRelativeTime":"5.47%","numOfCalls":6784198,"avgTimePerCall":0.0004798503817821856},{"label":"CALCULATE_CITIZEN_SCORE","totalTime":6777.199999131262,"totalRelativeTime":"11.39%","numOfCalls":6784198,"avgTimePerCall":0.0009989684851667451},{"label":"AGGREGATE_CURRENT_GENERATION","totalTime":113.79999986290932,"totalRelativeTime":"0.19%","numOfCalls":226139,"avgTimePerCall":0.0005032303134926276},{"label":"CREATE_NEXT_GENERATION","totalTime":329.7999998405576,"totalRelativeTime":"0.55%","numOfCalls":2261,"avgTimePerCall":0.1458646615836168},{"label":"MEASUREMENT_OVERHEAD","totalTime":13371.999999411404,"totalRelativeTime":"22.48%","numOfCalls":0,"avgTimePerCall":13371.999999411404},{"label":"NOT_MEASURED","totalTime":13243.800000742078,"totalRelativeTime":"22.26%","numOfCalls":0,"avgTimePerCall":13243.800000742078}]}}},{"label":"2x2","key":"WA*","solution":{"rotations":[{"side":2,"counterClockwiseDirection":false,"layer":0},{"side":3,"counterClockwiseDirection":false,"layer":0},{"side":2,"counterClockwiseDirection":false,"layer":0},{"side":0,"counterClockwiseDirection":true,"layer":0},{"side":0,"counterClockwiseDirection":true,"layer":0},{"side":2,"counterClockwiseDirection":true,"layer":0},{"side":0,"counterClockwiseDirection":false,"layer":0},{"side":2,"counterClockwiseDirection":true,"layer":0},{"side":0,"counterClockwiseDirection":true,"layer":0},{"side":3,"counterClockwiseDirection":false,"layer":0},{"side":0,"counterClockwiseDirection":true,"layer":0},{"side":3,"counterClockwiseDirection":true,"layer":0},{"side":2,"counterClockwiseDirection":true,"layer":0},{"side":0,"counterClockwiseDirection":true,"layer":0},{"side":0,"counterClockwiseDirection":true,"layer":0},{"side":2,"counterClockwiseDirection":false,"layer":0}],"totalTime":1719.3999999985099,"data":{"metrics":[{"label":"ITERATIONS_COUNTER_INCREMENT","totalTime":31.59999994188547,"totalRelativeTime":"1.83%","numOfCalls":96262,"avgTimePerCall":0.0003282707604442612},{"label":"ABORTED_VERIFICATION","totalTime":14.499999977648258,"totalRelativeTime":"0.84%","numOfCalls":48131,"avgTimePerCall":0.00030126114100368284},{"label":"POP_CANDIDATE","totalTime":34.90000004321337,"totalRelativeTime":"2.02%","numOfCalls":48131,"avgTimePerCall":0.0007251044034658197},{"label":"VISISTED_LIST_CHECK","totalTime":126.20000015199184,"totalRelativeTime":"7.33%","numOfCalls":260873,"avgTimePerCall":0.00048376029773871516},{"label":"CHECK_SOLUTION","totalTime":12.800000011920929,"totalRelativeTime":"0.74%","numOfCalls":44610,"avgTimePerCall":0.0002869311816166987},{"label":"ADD_TO_VISISTED_LIST_CHECK","totalTime":16.19999997317791,"totalRelativeTime":"0.94%","numOfCalls":44609,"avgTimePerCall":0.00036315541646703375},{"label":"PERFORM_ROTATION","totalTime":442.70000007003546,"totalRelativeTime":"25.74%","numOfCalls":212742,"avgTimePerCall":0.0020809243124067438},{"label":"HEURISTIC_CALCULATION","totalTime":188.60000002384186,"totalRelativeTime":"10.96%","numOfCalls":212742,"avgTimePerCall":0.0008865198222440414},{"label":"ADD_CANDIDATE","totalTime":73.39999996870756,"totalRelativeTime":"4.26%","numOfCalls":206344,"avgTimePerCall":0.00035571666716118503},{"label":"BUILD_SOLUTION","totalTime":0.10000000149011612,"totalRelativeTime":"0%","numOfCalls":1,"avgTimePerCall":0.10000000149011612},{"label":"MEASUREMENT_OVERHEAD","totalTime":355.9999998062849,"totalRelativeTime":"20.7%","numOfCalls":0,"avgTimePerCall":355.9999998062849},{"label":"NOT_MEASURED","totalTime":422.4000000283122,"totalRelativeTime":"24.56%","numOfCalls":0,"avgTimePerCall":422.4000000283122}],"visitedNodes":48131,"differentNodes":44610}}},{"label":"2x2","key":"BiBFS","solution":{"rotations":[{"side":0,"counterClockwiseDirection":true,"layer":0},{"side":3,"counterClockwiseDirection":true,"layer":0},{"side":2,"counterClockwiseDirection":true,"layer":0},{"side":3,"counterClockwiseDirection":false,"layer":0},{"side":2,"counterClockwiseDirection":true,"layer":0},{"side":3,"counterClockwiseDirection":false,"layer":0},{"side":3,"counterClockwiseDirection":false,"layer":0},{"side":0,"counterClockwiseDirection":false,"layer":0},{"side":3,"counterClockwiseDirection":false,"layer":0},{"side":0,"counterClockwiseDirection":true,"layer":0}],"totalTime":182.09999999403954,"data":{"metrics":[{"label":"POP_CANDIDATE","totalTime":1.3999999910593033,"totalRelativeTime":"0.76%","numOfCalls":4260,"avgTimePerCall":0.00032863849555382705},{"label":"VISISTED_LIST_CHECK","totalTime":24.80000004172325,"totalRelativeTime":"13.61%","numOfCalls":26841,"avgTimePerCall":0.0009239596155777821},{"label":"ADD_TO_VISISTED_LIST_CHECK","totalTime":2.1999999955296516,"totalRelativeTime":"1.2%","numOfCalls":3828,"avgTimePerCall":0.0005747126425103583},{"label":"PERFORM_ROTATION","totalTime":54.29999993741512,"totalRelativeTime":"29.81%","numOfCalls":18752,"avgTimePerCall":0.0028956911229423596},{"label":"ADD_CANDIDATE","totalTime":9.99999999254942,"totalRelativeTime":"5.49%","numOfCalls":18552,"avgTimePerCall":0.0005390254415992572},{"label":"MEASUREMENT_OVERHEAD","totalTime":36.400000020861626,"totalRelativeTime":"19.98%","numOfCalls":0,"avgTimePerCall":36.400000020861626},{"label":"NOT_MEASURED","totalTime":53.00000001490116,"totalRelativeTime":"29.1%","numOfCalls":0,"avgTimePerCall":53.00000001490116}],"iterations":1915,"visitedNodes":1915}}}]}