{"timestamp":1681085283433,"shuffle":"33:  U'   B   2U    D    B'   R    L'   B    F'   B    D'  2F    L'   B'   D    F'   L'   B'   R    L'   D    L   2B    L'   R'   D    U    F'   L'   R   ","solutions":[{"label":"2x2","key":"IDDFS","solution":{"rotations":[{"side":2,"counterClockwiseDirection":false,"layer":0},{"side":0,"counterClockwiseDirection":true,"layer":0},{"side":2,"counterClockwiseDirection":false,"layer":0},{"side":0,"counterClockwiseDirection":true,"layer":0},{"side":0,"counterClockwiseDirection":true,"layer":0},{"side":2,"counterClockwiseDirection":false,"layer":0},{"side":3,"counterClockwiseDirection":false,"layer":0},{"side":0,"counterClockwiseDirection":true,"layer":0},{"side":3,"counterClockwiseDirection":true,"layer":0},{"side":2,"counterClockwiseDirection":false,"layer":0},{"side":0,"counterClockwiseDirection":false,"layer":0}],"totalTime":92734.39999999851,"data":{"metrics":[{"label":"PERFORM_ROTATION","totalTime":45032.39999773353,"totalRelativeTime":"48.56%","numOfCalls":25001164,"avgTimePerCall":0.0018012121354723137},{"label":"ADD_CANDIDATE","totalTime":7461.39999973774,"totalRelativeTime":"8.04%","numOfCalls":25001164,"avgTimePerCall":0.0002984421045251229},{"label":"NOT_MEASURED","totalTime":40240.60000252724,"totalRelativeTime":"43.39%","numOfCalls":0,"avgTimePerCall":40240.60000252724}],"visitedNodes":14026485,"iterations":[{"visitedNodes":37,"bound":2},{"visitedNodes":181,"bound":3},{"visitedNodes":877,"bound":4},{"visitedNodes":4237,"bound":5},{"visitedNodes":20461,"bound":6},{"visitedNodes":98797,"bound":7},{"visitedNodes":477037,"bound":8},{"visitedNodes":2303341,"bound":9},{"visitedNodes":11121517,"bound":10}]}}},{"label":"2x2","key":"IDA*","solution":{"rotations":[{"side":2,"counterClockwiseDirection":false,"layer":0},{"side":0,"counterClockwiseDirection":true,"layer":0},{"side":2,"counterClockwiseDirection":false,"layer":0},{"side":0,"counterClockwiseDirection":true,"layer":0},{"side":0,"counterClockwiseDirection":true,"layer":0},{"side":2,"counterClockwiseDirection":false,"layer":0},{"side":3,"counterClockwiseDirection":false,"layer":0},{"side":0,"counterClockwiseDirection":true,"layer":0},{"side":3,"counterClockwiseDirection":true,"layer":0},{"side":2,"counterClockwiseDirection":false,"layer":0},{"side":0,"counterClockwiseDirection":false,"layer":0}],"totalTime":72854.80000000447,"data":{"metrics":[{"label":"PERFORM_ROTATION","totalTime":37837.50000026822,"totalRelativeTime":"51.93%","numOfCalls":20216677,"avgTimePerCall":0.0018715983838624034},{"label":"ADD_CANDIDATE","totalTime":6176.800000086427,"totalRelativeTime":"8.47%","numOfCalls":20216677,"avgTimePerCall":0.0003055299345231873},{"label":"NOT_MEASURED","totalTime":28840.499999649823,"totalRelativeTime":"39.58%","numOfCalls":0,"avgTimePerCall":28840.499999649823}],"visitedNodes":1904217,"iterations":[{"visitedNodes":7,"bound":2},{"visitedNodes":55,"bound":3.25},{"visitedNodes":666,"bound":4.5},{"visitedNodes":4267,"bound":5.75},{"visitedNodes":21846,"bound":7},{"visitedNodes":158958,"bound":8.25},{"visitedNodes":1718418,"bound":9.5}]}}},{"label":"2x2","key":"SA","solution":{"rotations":[{"side":0,"counterClockwiseDirection":true,"layer":0},{"side":2,"counterClockwiseDirection":true,"layer":0},{"side":2,"counterClockwiseDirection":true,"layer":0},{"side":3,"counterClockwiseDirection":false,"layer":0},{"side":0,"counterClockwiseDirection":true,"layer":0},{"side":3,"counterClockwiseDirection":false,"layer":0},{"side":2,"counterClockwiseDirection":false,"layer":0},{"side":0,"counterClockwiseDirection":true,"layer":0},{"side":2,"counterClockwiseDirection":true,"layer":0},{"side":3,"counterClockwiseDirection":false,"layer":0},{"side":2,"counterClockwiseDirection":true,"layer":0},{"side":3,"counterClockwiseDirection":true,"layer":0},{"side":3,"counterClockwiseDirection":true,"layer":0},{"side":0,"counterClockwiseDirection":false,"layer":0},{"side":3,"counterClockwiseDirection":true,"layer":0},{"side":0,"counterClockwiseDirection":false,"layer":0},{"side":0,"counterClockwiseDirection":false,"layer":0},{"side":2,"counterClockwiseDirection":true,"layer":0},{"side":0,"counterClockwiseDirection":false,"layer":0},{"side":2,"counterClockwiseDirection":false,"layer":0},{"side":2,"counterClockwiseDirection":false,"layer":0},{"side":0,"counterClockwiseDirection":true,"layer":0},{"side":2,"counterClockwiseDirection":true,"layer":0},{"side":0,"counterClockwiseDirection":true,"layer":0},{"side":0,"counterClockwiseDirection":true,"layer":0}],"totalTime":7740.20000000298,"data":{"restartCounter":0,"iterations":287,"metrics":[{"label":"CHECK_SOLUTION","totalTime":375.3000002503395,"totalRelativeTime":"4.84%","numOfCalls":859680,"avgTimePerCall":0.0004365577892359244},{"label":"APPLYING_ROTATIONS","totalTime":2677.799999602139,"totalRelativeTime":"34.59%","numOfCalls":859677,"avgTimePerCall":0.0031148908248122714},{"label":"COMPUTE_ROTATION","totalTime":426.3999998047948,"totalRelativeTime":"5.5%","numOfCalls":859677,"avgTimePerCall":0.0004960002417242694},{"label":"CALCULATE_CITIZEN_SCORE","totalTime":855.100000269711,"totalRelativeTime":"11.04%","numOfCalls":859677,"avgTimePerCall":0.0009946759076603316},{"label":"AGGREGATE_CURRENT_GENERATION","totalTime":17.30000000447035,"totalRelativeTime":"0.22%","numOfCalls":28655,"avgTimePerCall":0.0006037340779783755},{"label":"CREATE_NEXT_GENERATION","totalTime":53.10000005364418,"totalRelativeTime":"0.68%","numOfCalls":286,"avgTimePerCall":0.18566433585190273},{"label":"MEASUREMENT_OVERHEAD","totalTime":1567.3999999314547,"totalRelativeTime":"20.25%","numOfCalls":0,"avgTimePerCall":1567.3999999314547},{"label":"NOT_MEASURED","totalTime":1767.8000000864267,"totalRelativeTime":"22.83%","numOfCalls":0,"avgTimePerCall":1767.8000000864267}]}}},{"label":"2x2","key":"GA","solution":{"rotations":[{"layer":0,"side":0,"counterClockwiseDirection":false},{"side":3,"counterClockwiseDirection":true,"layer":0},{"side":0,"counterClockwiseDirection":false,"layer":0},{"side":2,"counterClockwiseDirection":true,"layer":0},{"side":0,"counterClockwiseDirection":false,"layer":0},{"side":3,"counterClockwiseDirection":false,"layer":0},{"side":0,"counterClockwiseDirection":true,"layer":0},{"side":0,"counterClockwiseDirection":true,"layer":0},{"side":3,"counterClockwiseDirection":false,"layer":0},{"side":2,"counterClockwiseDirection":false,"layer":0},{"side":3,"counterClockwiseDirection":false,"layer":0}],"totalTime":3361.7999999970198,"data":{"armageddonCounter":0,"generations":104,"metrics":[{"label":"CHECK_SOLUTION","totalTime":171.70000007003546,"totalRelativeTime":"5.1%","numOfCalls":311010,"avgTimePerCall":0.0005520722808592504},{"label":"APPLYING_ROTATIONS","totalTime":1186.7000000998378,"totalRelativeTime":"35.29%","numOfCalls":311003,"avgTimePerCall":0.0038157188197536288},{"label":"COMPUTE_GENE","totalTime":149.69999999552965,"totalRelativeTime":"4.45%","numOfCalls":311003,"avgTimePerCall":0.00048134583909328736},{"label":"CALCULATE_CITIZEN_SCORE","totalTime":327.7999999076128,"totalRelativeTime":"9.75%","numOfCalls":311003,"avgTimePerCall":0.0010540091250168416},{"label":"AGGREGATE_CURRENT_GENERATION","totalTime":3.999999962747097,"totalRelativeTime":"0.11%","numOfCalls":10366,"avgTimePerCall":0.00038587690167346105},{"label":"CREATE_NEXT_GENERATION","totalTime":27.899999983608723,"totalRelativeTime":"0.82%","numOfCalls":103,"avgTimePerCall":0.2708737862486284},{"label":"MEASUREMENT_OVERHEAD","totalTime":696.5999998897314,"totalRelativeTime":"20.72%","numOfCalls":0,"avgTimePerCall":696.5999998897314},{"label":"NOT_MEASURED","totalTime":797.4000000879169,"totalRelativeTime":"23.71%","numOfCalls":0,"avgTimePerCall":797.4000000879169}]}}},{"label":"2x2","key":"WA*","solution":{"rotations":[{"side":0,"counterClockwiseDirection":false,"layer":0},{"side":2,"counterClockwiseDirection":false,"layer":0},{"side":0,"counterClockwiseDirection":false,"layer":0},{"side":2,"counterClockwiseDirection":false,"layer":0},{"side":0,"counterClockwiseDirection":true,"layer":0},{"side":0,"counterClockwiseDirection":true,"layer":0},{"side":2,"counterClockwiseDirection":true,"layer":0},{"side":0,"counterClockwiseDirection":false,"layer":0},{"side":3,"counterClockwiseDirection":true,"layer":0},{"side":2,"counterClockwiseDirection":true,"layer":0},{"side":3,"counterClockwiseDirection":false,"layer":0},{"side":0,"counterClockwiseDirection":false,"layer":0},{"side":2,"counterClockwiseDirection":false,"layer":0},{"side":0,"counterClockwiseDirection":true,"layer":0},{"side":2,"counterClockwiseDirection":true,"layer":0}],"totalTime":2862,"data":{"metrics":[{"label":"ITERATIONS_COUNTER_INCREMENT","totalTime":52.09999993443489,"totalRelativeTime":"1.82%","numOfCalls":86430,"avgTimePerCall":0.0006027999529611812},{"label":"ABORTED_VERIFICATION","totalTime":27.89999994635582,"totalRelativeTime":"0.97%","numOfCalls":43215,"avgTimePerCall":0.0006456091622435686},{"label":"POP_CANDIDATE","totalTime":56.50000002235174,"totalRelativeTime":"1.97%","numOfCalls":43215,"avgTimePerCall":0.001307416406857613},{"label":"VISISTED_LIST_CHECK","totalTime":207.50000006705523,"totalRelativeTime":"7.25%","numOfCalls":232994,"avgTimePerCall":0.0008905808736150082},{"label":"CHECK_SOLUTION","totalTime":45.200000025331974,"totalRelativeTime":"1.57%","numOfCalls":39793,"avgTimePerCall":0.0011358781701638976},{"label":"ADD_TO_VISISTED_LIST_CHECK","totalTime":27.999999977648258,"totalRelativeTime":"0.97%","numOfCalls":39792,"avgTimePerCall":0.000703659026378374},{"label":"PERFORM_ROTATION","totalTime":714.4000000208616,"totalRelativeTime":"24.96%","numOfCalls":189779,"avgTimePerCall":0.0037643785667585013},{"label":"HEURISTIC_CALCULATION","totalTime":288.7999999001622,"totalRelativeTime":"10.09%","numOfCalls":189779,"avgTimePerCall":0.0015217700583318608},{"label":"ADD_CANDIDATE","totalTime":114.80000003427267,"totalRelativeTime":"4.01%","numOfCalls":184238,"avgTimePerCall":0.0006231070682175918},{"label":"BUILD_SOLUTION","totalTime":0,"totalRelativeTime":"0%","numOfCalls":1,"avgTimePerCall":0},{"label":"MEASUREMENT_OVERHEAD","totalTime":605.6000000461936,"totalRelativeTime":"21.16%","numOfCalls":0,"avgTimePerCall":605.6000000461936},{"label":"NOT_MEASURED","totalTime":721.200000025332,"totalRelativeTime":"25.19%","numOfCalls":0,"avgTimePerCall":721.200000025332}],"visitedNodes":43215,"differentNodes":39793}}},{"label":"2x2","key":"BiBFS","solution":{"rotations":[{"side":0,"counterClockwiseDirection":true,"layer":0},{"side":2,"counterClockwiseDirection":false,"layer":0},{"side":3,"counterClockwiseDirection":true,"layer":0},{"side":3,"counterClockwiseDirection":true,"layer":0},{"side":0,"counterClockwiseDirection":true,"layer":0},{"side":2,"counterClockwiseDirection":false,"layer":0},{"side":3,"counterClockwiseDirection":true,"layer":0},{"side":0,"counterClockwiseDirection":true,"layer":0},{"side":3,"counterClockwiseDirection":true,"layer":0},{"side":0,"counterClockwiseDirection":true,"layer":0},{"side":3,"counterClockwiseDirection":false,"layer":0}],"totalTime":632.5,"data":{"metrics":[{"label":"POP_CANDIDATE","totalTime":5.799999982118607,"totalRelativeTime":"0.91%","numOfCalls":8738,"avgTimePerCall":0.0006637674504599001},{"label":"VISISTED_LIST_CHECK","totalTime":89.7999999821186,"totalRelativeTime":"14.19%","numOfCalls":53981,"avgTimePerCall":0.0016635482851766103},{"label":"ADD_TO_VISISTED_LIST_CHECK","totalTime":5.800000011920929,"totalRelativeTime":"0.91%","numOfCalls":7674,"avgTimePerCall":0.0007557988027001471},{"label":"PERFORM_ROTATION","totalTime":277.5000001117587,"totalRelativeTime":"43.87%","numOfCalls":37568,"avgTimePerCall":0.00738660562478063},{"label":"ADD_CANDIDATE","totalTime":32.69999996572733,"totalRelativeTime":"5.16%","numOfCalls":36906,"avgTimePerCall":0.0008860347901622318},{"label":"MEASUREMENT_OVERHEAD","totalTime":131.4000000357628,"totalRelativeTime":"20.77%","numOfCalls":0,"avgTimePerCall":131.4000000357628},{"label":"NOT_MEASURED","totalTime":89.49999991059303,"totalRelativeTime":"14.15%","numOfCalls":0,"avgTimePerCall":89.49999991059303}],"iterations":3838,"visitedNodes":3838}}}]}