{"timestamp":1681086056550,"shuffle":"33:  R    D    R    F'   U'   L'   B'  2U    B    R'   U    R    L'   R'  2B    U   2D   2F    U   2B   2D    R    B   2R   2U   ","solutions":[{"label":"2x2","key":"IDDFS","solution":{"rotations":[{"side":0,"counterClockwiseDirection":false,"layer":0},{"side":2,"counterClockwiseDirection":true,"layer":0},{"side":2,"counterClockwiseDirection":true,"layer":0},{"side":3,"counterClockwiseDirection":false,"layer":0},{"side":0,"counterClockwiseDirection":true,"layer":0},{"side":2,"counterClockwiseDirection":true,"layer":0},{"side":2,"counterClockwiseDirection":true,"layer":0},{"side":0,"counterClockwiseDirection":true,"layer":0},{"side":3,"counterClockwiseDirection":false,"layer":0},{"side":2,"counterClockwiseDirection":true,"layer":0},{"side":3,"counterClockwiseDirection":true,"layer":0}],"totalTime":171026.29999999702,"data":{"metrics":[{"label":"PERFORM_ROTATION","totalTime":83640.39999969304,"totalRelativeTime":"48.9%","numOfCalls":41147801,"avgTimePerCall":0.00203268213530276},{"label":"ADD_CANDIDATE","totalTime":13594.200000092387,"totalRelativeTime":"7.94%","numOfCalls":41147801,"avgTimePerCall":0.000330374884434101},{"label":"NOT_MEASURED","totalTime":73791.7000002116,"totalRelativeTime":"43.14%","numOfCalls":0,"avgTimePerCall":73791.7000002116}],"visitedNodes":14026485,"iterations":[{"visitedNodes":37,"bound":2},{"visitedNodes":181,"bound":3},{"visitedNodes":877,"bound":4},{"visitedNodes":4237,"bound":5},{"visitedNodes":20461,"bound":6},{"visitedNodes":98797,"bound":7},{"visitedNodes":477037,"bound":8},{"visitedNodes":2303341,"bound":9},{"visitedNodes":11121517,"bound":10}]}}},{"label":"2x2","key":"IDA*","solution":{"rotations":[{"side":0,"counterClockwiseDirection":false,"layer":0},{"side":2,"counterClockwiseDirection":true,"layer":0},{"side":2,"counterClockwiseDirection":true,"layer":0},{"side":3,"counterClockwiseDirection":false,"layer":0},{"side":0,"counterClockwiseDirection":true,"layer":0},{"side":2,"counterClockwiseDirection":true,"layer":0},{"side":2,"counterClockwiseDirection":true,"layer":0},{"side":0,"counterClockwiseDirection":true,"layer":0},{"side":3,"counterClockwiseDirection":false,"layer":0},{"side":2,"counterClockwiseDirection":true,"layer":0},{"side":3,"counterClockwiseDirection":true,"layer":0}],"totalTime":144902,"data":{"metrics":[{"label":"PERFORM_ROTATION","totalTime":74342.20000088215,"totalRelativeTime":"51.3%","numOfCalls":36301375,"avgTimePerCall":0.0020479169177719065},{"label":"ADD_CANDIDATE","totalTime":12399.600000113249,"totalRelativeTime":"8.55%","numOfCalls":36301375,"avgTimePerCall":0.000341573838459652},{"label":"NOT_MEASURED","totalTime":58160.1999990046,"totalRelativeTime":"40.13%","numOfCalls":0,"avgTimePerCall":58160.1999990046}],"visitedNodes":1880655,"iterations":[{"visitedNodes":7,"bound":2},{"visitedNodes":42,"bound":3.25},{"visitedNodes":634,"bound":4.5},{"visitedNodes":4237,"bound":5.75},{"visitedNodes":21258,"bound":7},{"visitedNodes":149979,"bound":8.25},{"visitedNodes":1704498,"bound":9.5}]}}},{"label":"2x2","key":"SA","solution":{"rotations":[{"side":0,"counterClockwiseDirection":false,"layer":0},{"side":2,"counterClockwiseDirection":false,"layer":0},{"side":3,"counterClockwiseDirection":false,"layer":0},{"side":3,"counterClockwiseDirection":false,"layer":0},{"side":2,"counterClockwiseDirection":true,"layer":0},{"side":2,"counterClockwiseDirection":true,"layer":0},{"side":0,"counterClockwiseDirection":false,"layer":0},{"side":2,"counterClockwiseDirection":false,"layer":0},{"side":3,"counterClockwiseDirection":true,"layer":0},{"side":2,"counterClockwiseDirection":true,"layer":0},{"side":3,"counterClockwiseDirection":false,"layer":0},{"side":0,"counterClockwiseDirection":false,"layer":0},{"side":2,"counterClockwiseDirection":true,"layer":0},{"side":3,"counterClockwiseDirection":true,"layer":0},{"side":0,"counterClockwiseDirection":true,"layer":0},{"side":3,"counterClockwiseDirection":true,"layer":0},{"side":3,"counterClockwiseDirection":true,"layer":0}],"totalTime":65099.39999999851,"data":{"restartCounter":0,"iterations":2561,"metrics":[{"label":"CHECK_SOLUTION","totalTime":3393.5999997258186,"totalRelativeTime":"5.21%","numOfCalls":7682730,"avgTimePerCall":0.00044171798302502087},{"label":"APPLYING_ROTATIONS","totalTime":21189.199998617172,"totalRelativeTime":"32.54%","numOfCalls":7682723,"avgTimePerCall":0.0027580325359403395},{"label":"COMPUTE_ROTATION","totalTime":3556.4000006765127,"totalRelativeTime":"5.46%","numOfCalls":7682723,"avgTimePerCall":0.00046290878906821354},{"label":"CALCULATE_CITIZEN_SCORE","totalTime":7382.600000306964,"totalRelativeTime":"11.34%","numOfCalls":7682723,"avgTimePerCall":0.0009609353350767643},{"label":"AGGREGATE_CURRENT_GENERATION","totalTime":121.39999990910292,"totalRelativeTime":"0.18%","numOfCalls":256090,"avgTimePerCall":0.00047405209070679416},{"label":"CREATE_NEXT_GENERATION","totalTime":345.9000002890825,"totalRelativeTime":"0.53%","numOfCalls":2560,"avgTimePerCall":0.13511718761292285},{"label":"MEASUREMENT_OVERHEAD","totalTime":14598.300000362098,"totalRelativeTime":"22.42%","numOfCalls":0,"avgTimePerCall":14598.300000362098},{"label":"NOT_MEASURED","totalTime":14512.000000111759,"totalRelativeTime":"22.29%","numOfCalls":0,"avgTimePerCall":14512.000000111759}]}}},{"label":"2x2","key":"GA","solution":{"rotations":[{"side":0,"counterClockwiseDirection":true,"layer":0},{"side":3,"counterClockwiseDirection":true,"layer":0},{"side":2,"counterClockwiseDirection":false,"layer":0},{"side":3,"counterClockwiseDirection":false,"layer":0},{"side":3,"counterClockwiseDirection":false,"layer":0},{"side":0,"counterClockwiseDirection":true,"layer":0},{"side":3,"counterClockwiseDirection":false,"layer":0},{"side":0,"counterClockwiseDirection":false,"layer":0},{"side":0,"counterClockwiseDirection":false,"layer":0},{"side":3,"counterClockwiseDirection":false,"layer":0},{"side":0,"counterClockwiseDirection":true,"layer":0},{"side":3,"counterClockwiseDirection":true,"layer":0},{"side":2,"counterClockwiseDirection":false,"layer":0}],"totalTime":40710.79999999702,"data":{"armageddonCounter":0,"generations":1488,"metrics":[{"label":"CHECK_SOLUTION","totalTime":2066.9999999403954,"totalRelativeTime":"5.07%","numOfCalls":4461450,"avgTimePerCall":0.00046330228960100313},{"label":"APPLYING_ROTATIONS","totalTime":13304.699999988079,"totalRelativeTime":"32.68%","numOfCalls":4461435,"avgTimePerCall":0.0029821570862263104},{"label":"COMPUTE_GENE","totalTime":2192.199999086559,"totalRelativeTime":"5.38%","numOfCalls":4461435,"avgTimePerCall":0.0004913665668303043},{"label":"CALCULATE_CITIZEN_SCORE","totalTime":4674.200000397861,"totalRelativeTime":"11.48%","numOfCalls":4461435,"avgTimePerCall":0.0010476898128960437},{"label":"AGGREGATE_CURRENT_GENERATION","totalTime":80.1000000461936,"totalRelativeTime":"0.19%","numOfCalls":148714,"avgTimePerCall":0.0005386177498163832},{"label":"CREATE_NEXT_GENERATION","totalTime":227.7999998703599,"totalRelativeTime":"0.55%","numOfCalls":1487,"avgTimePerCall":0.15319435095518485},{"label":"MEASUREMENT_OVERHEAD","totalTime":9152.19999898225,"totalRelativeTime":"22.48%","numOfCalls":0,"avgTimePerCall":9152.19999898225},{"label":"NOT_MEASURED","totalTime":9012.600001685321,"totalRelativeTime":"22.13%","numOfCalls":0,"avgTimePerCall":9012.600001685321}]}}},{"label":"2x2","key":"WA*","solution":{"rotations":[{"side":2,"counterClockwiseDirection":true,"layer":0},{"side":0,"counterClockwiseDirection":false,"layer":0},{"side":0,"counterClockwiseDirection":false,"layer":0},{"side":2,"counterClockwiseDirection":false,"layer":0},{"side":0,"counterClockwiseDirection":true,"layer":0},{"side":3,"counterClockwiseDirection":true,"layer":0},{"side":2,"counterClockwiseDirection":false,"layer":0},{"side":0,"counterClockwiseDirection":true,"layer":0},{"side":3,"counterClockwiseDirection":false,"layer":0},{"side":0,"counterClockwiseDirection":false,"layer":0},{"side":3,"counterClockwiseDirection":true,"layer":0},{"side":2,"counterClockwiseDirection":false,"layer":0},{"side":3,"counterClockwiseDirection":false,"layer":0}],"totalTime":386.1000000014901,"data":{"metrics":[{"label":"ITERATIONS_COUNTER_INCREMENT","totalTime":2.6000000163912773,"totalRelativeTime":"0.67%","numOfCalls":4532,"avgTimePerCall":0.0005736981501304672},{"label":"ABORTED_VERIFICATION","totalTime":1.7999999821186066,"totalRelativeTime":"0.46%","numOfCalls":2266,"avgTimePerCall":0.000794351271897002},{"label":"POP_CANDIDATE","totalTime":4.900000013411045,"totalRelativeTime":"1.26%","numOfCalls":2266,"avgTimePerCall":0.0021624007120084046},{"label":"VISISTED_LIST_CHECK","totalTime":16.900000028312206,"totalRelativeTime":"4.37%","numOfCalls":12408,"avgTimePerCall":0.001362024502604143},{"label":"CHECK_SOLUTION","totalTime":1.699999988079071,"totalRelativeTime":"0.44%","numOfCalls":2127,"avgTimePerCall":0.0007992477612031363},{"label":"ADD_TO_VISISTED_LIST_CHECK","totalTime":2.599999964237213,"totalRelativeTime":"0.67%","numOfCalls":2126,"avgTimePerCall":0.0012229538872235246},{"label":"PERFORM_ROTATION","totalTime":102.20000003278255,"totalRelativeTime":"26.46%","numOfCalls":10142,"avgTimePerCall":0.010076907910942868},{"label":"HEURISTIC_CALCULATION","totalTime":77.39999996125698,"totalRelativeTime":"20.04%","numOfCalls":10142,"avgTimePerCall":0.007631630838222932},{"label":"ADD_CANDIDATE","totalTime":11.799999997019768,"totalRelativeTime":"3.05%","numOfCalls":9983,"avgTimePerCall":0.0011820094157086816},{"label":"BUILD_SOLUTION","totalTime":0,"totalRelativeTime":"0%","numOfCalls":1,"avgTimePerCall":0},{"label":"MEASUREMENT_OVERHEAD","totalTime":81,"totalRelativeTime":"20.97%","numOfCalls":0,"avgTimePerCall":81},{"label":"NOT_MEASURED","totalTime":83.2000000178814,"totalRelativeTime":"21.54%","numOfCalls":0,"avgTimePerCall":83.2000000178814}],"visitedNodes":2266,"differentNodes":2127}}},{"label":"2x2","key":"BiBFS","solution":{"rotations":[{"side":3,"counterClockwiseDirection":true,"layer":0},{"side":0,"counterClockwiseDirection":true,"layer":0},{"side":0,"counterClockwiseDirection":true,"layer":0},{"side":2,"counterClockwiseDirection":true,"layer":0},{"side":2,"counterClockwiseDirection":true,"layer":0},{"side":3,"counterClockwiseDirection":false,"layer":0},{"side":0,"counterClockwiseDirection":true,"layer":0},{"side":3,"counterClockwiseDirection":false,"layer":0},{"side":0,"counterClockwiseDirection":true,"layer":0},{"side":3,"counterClockwiseDirection":false,"layer":0},{"side":2,"counterClockwiseDirection":true,"layer":0}],"totalTime":657,"data":{"metrics":[{"label":"POP_CANDIDATE","totalTime":5.700000025331974,"totalRelativeTime":"0.86%","numOfCalls":8038,"avgTimePerCall":0.0007091316279338112},{"label":"VISISTED_LIST_CHECK","totalTime":121.00000000745058,"totalRelativeTime":"18.41%","numOfCalls":49628,"avgTimePerCall":0.0024381397599631373},{"label":"ADD_TO_VISISTED_LIST_CHECK","totalTime":4.400000013411045,"totalRelativeTime":"0.66%","numOfCalls":7054,"avgTimePerCall":0.0006237595709400405},{"label":"PERFORM_ROTATION","totalTime":242.99999995529652,"totalRelativeTime":"36.98%","numOfCalls":34534,"avgTimePerCall":0.007036543694773166},{"label":"ADD_CANDIDATE","totalTime":41.3999999910593,"totalRelativeTime":"6.3%","numOfCalls":33970,"avgTimePerCall":0.0012187224018563234},{"label":"MEASUREMENT_OVERHEAD","totalTime":96.10000002384186,"totalRelativeTime":"14.62%","numOfCalls":0,"avgTimePerCall":96.10000002384186},{"label":"NOT_MEASURED","totalTime":145.39999998360872,"totalRelativeTime":"22.13%","numOfCalls":0,"avgTimePerCall":145.39999998360872}],"iterations":3528,"visitedNodes":3528}}}]}