{"timestamp":1681085429513,"shuffle":"30:  R    F   2R    B    L'  2F    D'   B'   L    U    L'  2F    B'   D'  2F    D'   U    L'   B   2R    D'  2U    B    L   ","solutions":[{"label":"2x2","key":"IDDFS","solution":{"rotations":[{"side":2,"counterClockwiseDirection":false,"layer":0},{"side":3,"counterClockwiseDirection":false,"layer":0},{"side":2,"counterClockwiseDirection":true,"layer":0},{"side":3,"counterClockwiseDirection":false,"layer":0},{"side":2,"counterClockwiseDirection":true,"layer":0},{"side":3,"counterClockwiseDirection":false,"layer":0},{"side":0,"counterClockwiseDirection":true,"layer":0},{"side":2,"counterClockwiseDirection":true,"layer":0},{"side":0,"counterClockwiseDirection":true,"layer":0},{"side":3,"counterClockwiseDirection":false,"layer":0}],"totalTime":32310,"data":{"metrics":[{"label":"PERFORM_ROTATION","totalTime":15668.200000539422,"totalRelativeTime":"48.49%","numOfCalls":6294315,"avgTimePerCall":0.002489262135838359},{"label":"ADD_CANDIDATE","totalTime":2592.29999987036,"totalRelativeTime":"8.02%","numOfCalls":6294315,"avgTimePerCall":0.00041184783409638063},{"label":"NOT_MEASURED","totalTime":14049.499999590218,"totalRelativeTime":"43.48%","numOfCalls":0,"avgTimePerCall":14049.499999590218}],"visitedNodes":2904968,"iterations":[{"visitedNodes":37,"bound":2},{"visitedNodes":181,"bound":3},{"visitedNodes":877,"bound":4},{"visitedNodes":4237,"bound":5},{"visitedNodes":20461,"bound":6},{"visitedNodes":98797,"bound":7},{"visitedNodes":477037,"bound":8},{"visitedNodes":2303341,"bound":9}]}}},{"label":"2x2","key":"IDA*","solution":{"rotations":[{"side":2,"counterClockwiseDirection":false,"layer":0},{"side":3,"counterClockwiseDirection":false,"layer":0},{"side":2,"counterClockwiseDirection":true,"layer":0},{"side":3,"counterClockwiseDirection":false,"layer":0},{"side":2,"counterClockwiseDirection":true,"layer":0},{"side":3,"counterClockwiseDirection":false,"layer":0},{"side":0,"counterClockwiseDirection":true,"layer":0},{"side":2,"counterClockwiseDirection":true,"layer":0},{"side":0,"counterClockwiseDirection":true,"layer":0},{"side":3,"counterClockwiseDirection":false,"layer":0}],"totalTime":96592.89999999851,"data":{"metrics":[{"label":"PERFORM_ROTATION","totalTime":49624.69999872148,"totalRelativeTime":"51.37%","numOfCalls":25489054,"avgTimePerCall":0.0019469023840085035},{"label":"ADD_CANDIDATE","totalTime":8304.300000220537,"totalRelativeTime":"8.59%","numOfCalls":25489054,"avgTimePerCall":0.00032579867421601985},{"label":"NOT_MEASURED","totalTime":38663.90000105649,"totalRelativeTime":"40.02%","numOfCalls":0,"avgTimePerCall":38663.90000105649}],"visitedNodes":1877403,"iterations":[{"visitedNodes":7,"bound":2},{"visitedNodes":52,"bound":3.25},{"visitedNodes":579,"bound":4.5},{"visitedNodes":4247,"bound":5.75},{"visitedNodes":21771,"bound":7},{"visitedNodes":157901,"bound":8.25},{"visitedNodes":1692846,"bound":9.5}]}}},{"label":"2x2","key":"SA","solution":{"rotations":[{"side":3,"counterClockwiseDirection":true,"layer":0},{"side":0,"counterClockwiseDirection":true,"layer":0},{"side":2,"counterClockwiseDirection":false,"layer":0},{"side":3,"counterClockwiseDirection":true,"layer":0},{"side":2,"counterClockwiseDirection":false,"layer":0},{"side":0,"counterClockwiseDirection":true,"layer":0},{"side":2,"counterClockwiseDirection":true,"layer":0},{"side":3,"counterClockwiseDirection":false,"layer":0},{"side":0,"counterClockwiseDirection":true,"layer":0},{"side":2,"counterClockwiseDirection":false,"layer":0},{"side":3,"counterClockwiseDirection":false,"layer":0},{"side":2,"counterClockwiseDirection":false,"layer":0},{"side":3,"counterClockwiseDirection":true,"layer":0},{"side":0,"counterClockwiseDirection":false,"layer":0},{"side":2,"counterClockwiseDirection":false,"layer":0},{"side":2,"counterClockwiseDirection":false,"layer":0},{"side":0,"counterClockwiseDirection":false,"layer":0},{"side":0,"counterClockwiseDirection":false,"layer":0},{"side":3,"counterClockwiseDirection":false,"layer":0},{"side":3,"counterClockwiseDirection":false,"layer":0}],"totalTime":13842.20000000298,"data":{"restartCounter":0,"iterations":534,"metrics":[{"label":"CHECK_SOLUTION","totalTime":735.100000217557,"totalRelativeTime":"5.31%","numOfCalls":1601970,"avgTimePerCall":0.0004588725133539061},{"label":"APPLYING_ROTATIONS","totalTime":4642.499999850988,"totalRelativeTime":"33.53%","numOfCalls":1601966,"avgTimePerCall":0.0028980015804648714},{"label":"COMPUTE_ROTATION","totalTime":724.6999994888902,"totalRelativeTime":"5.23%","numOfCalls":1601966,"avgTimePerCall":0.0004523816357456339},{"label":"CALCULATE_CITIZEN_SCORE","totalTime":1587.1999998912215,"totalRelativeTime":"11.46%","numOfCalls":1601966,"avgTimePerCall":0.0009907825758419476},{"label":"AGGREGATE_CURRENT_GENERATION","totalTime":25.299999959766865,"totalRelativeTime":"0.18%","numOfCalls":53398,"avgTimePerCall":0.0004738005161198334},{"label":"CREATE_NEXT_GENERATION","totalTime":79.4000000283122,"totalRelativeTime":"0.57%","numOfCalls":533,"avgTimePerCall":0.14896810511878464},{"label":"MEASUREMENT_OVERHEAD","totalTime":3039.5000007152557,"totalRelativeTime":"21.95%","numOfCalls":0,"avgTimePerCall":3039.5000007152557},{"label":"NOT_MEASURED","totalTime":3008.4999998509884,"totalRelativeTime":"21.73%","numOfCalls":0,"avgTimePerCall":3008.4999998509884}]}}},{"label":"2x2","key":"GA","solution":{"rotations":[{"side":3,"counterClockwiseDirection":false,"layer":0},{"side":3,"counterClockwiseDirection":false,"layer":0},{"side":0,"counterClockwiseDirection":true,"layer":0},{"side":3,"counterClockwiseDirection":true,"layer":0},{"side":0,"counterClockwiseDirection":false,"layer":0},{"side":0,"counterClockwiseDirection":false,"layer":0},{"side":3,"counterClockwiseDirection":false,"layer":0},{"side":0,"counterClockwiseDirection":true,"layer":0},{"side":2,"counterClockwiseDirection":true,"layer":0},{"side":3,"counterClockwiseDirection":false,"layer":0},{"side":0,"counterClockwiseDirection":false,"layer":0},{"side":2,"counterClockwiseDirection":false,"layer":0},{"side":0,"counterClockwiseDirection":true,"layer":0},{"side":3,"counterClockwiseDirection":true,"layer":0},{"side":2,"counterClockwiseDirection":false,"layer":0},{"side":3,"counterClockwiseDirection":false,"layer":0},{"side":2,"counterClockwiseDirection":true,"layer":0},{"side":0,"counterClockwiseDirection":false,"layer":0}],"totalTime":69863,"data":{"armageddonCounter":0,"generations":3625,"metrics":[{"label":"CHECK_SOLUTION","totalTime":3476.999999895692,"totalRelativeTime":"4.97%","numOfCalls":10874070,"avgTimePerCall":0.00031975148218612643},{"label":"APPLYING_ROTATIONS","totalTime":24069.19999869913,"totalRelativeTime":"34.45%","numOfCalls":10874060,"avgTimePerCall":0.002213451093584101},{"label":"COMPUTE_GENE","totalTime":3629.1999996453524,"totalRelativeTime":"5.19%","numOfCalls":10874060,"avgTimePerCall":0.0003337483883338286},{"label":"CALCULATE_CITIZEN_SCORE","totalTime":8087.600002348423,"totalRelativeTime":"11.57%","numOfCalls":10874060,"avgTimePerCall":0.0007437516440362131},{"label":"AGGREGATE_CURRENT_GENERATION","totalTime":128.59999991208315,"totalRelativeTime":"0.18%","numOfCalls":362468,"avgTimePerCall":0.00035478993983491827},{"label":"CREATE_NEXT_GENERATION","totalTime":446.2000000104308,"totalRelativeTime":"0.63%","numOfCalls":3624,"avgTimePerCall":0.12312362031192903},{"label":"MEASUREMENT_OVERHEAD","totalTime":14898.599998794496,"totalRelativeTime":"21.32%","numOfCalls":0,"avgTimePerCall":14898.599998794496},{"label":"NOT_MEASURED","totalTime":15126.600000694394,"totalRelativeTime":"21.65%","numOfCalls":0,"avgTimePerCall":15126.600000694394}]}}},{"label":"2x2","key":"WA*","solution":{"rotations":[{"side":2,"counterClockwiseDirection":true,"layer":0},{"side":0,"counterClockwiseDirection":true,"layer":0},{"side":2,"counterClockwiseDirection":true,"layer":0},{"side":3,"counterClockwiseDirection":false,"layer":0},{"side":2,"counterClockwiseDirection":false,"layer":0},{"side":0,"counterClockwiseDirection":true,"layer":0},{"side":3,"counterClockwiseDirection":true,"layer":0},{"side":2,"counterClockwiseDirection":false,"layer":0},{"side":3,"counterClockwiseDirection":false,"layer":0},{"side":2,"counterClockwiseDirection":true,"layer":0},{"side":3,"counterClockwiseDirection":true,"layer":0},{"side":3,"counterClockwiseDirection":true,"layer":0},{"side":0,"counterClockwiseDirection":false,"layer":0},{"side":2,"counterClockwiseDirection":false,"layer":0},{"side":0,"counterClockwiseDirection":true,"layer":0},{"side":2,"counterClockwiseDirection":false,"layer":0}],"totalTime":7073.89999999851,"data":{"metrics":[{"label":"ITERATIONS_COUNTER_INCREMENT","totalTime":112.800000064075,"totalRelativeTime":"1.59%","numOfCalls":240504,"avgTimePerCall":0.0004690150686228711},{"label":"ABORTED_VERIFICATION","totalTime":55.10000006109476,"totalRelativeTime":"0.77%","numOfCalls":120252,"avgTimePerCall":0.00045820443785629146},{"label":"POP_CANDIDATE","totalTime":154.9000000655651,"totalRelativeTime":"2.18%","numOfCalls":120252,"avgTimePerCall":0.0012881282645242085},{"label":"VISISTED_LIST_CHECK","totalTime":633.3999998569489,"totalRelativeTime":"8.95%","numOfCalls":638615,"avgTimePerCall":0.00099183389030472},{"label":"CHECK_SOLUTION","totalTime":59.10000005364418,"totalRelativeTime":"0.83%","numOfCalls":108512,"avgTimePerCall":0.0005446402246170394},{"label":"ADD_TO_VISISTED_LIST_CHECK","totalTime":148.99999997019768,"totalRelativeTime":"2.1%","numOfCalls":108511,"avgTimePerCall":0.0013731326775183869},{"label":"PERFORM_ROTATION","totalTime":1746.2000001743436,"totalRelativeTime":"24.68%","numOfCalls":518363,"avgTimePerCall":0.0033686817928253823},{"label":"HEURISTIC_CALCULATION","totalTime":608.1999999880791,"totalRelativeTime":"8.59%","numOfCalls":518363,"avgTimePerCall":0.0011733090517418857},{"label":"ADD_CANDIDATE","totalTime":334.9999997615814,"totalRelativeTime":"4.73%","numOfCalls":495152,"avgTimePerCall":0.0006765599245516153},{"label":"BUILD_SOLUTION","totalTime":0.09999999403953552,"totalRelativeTime":"0%","numOfCalls":1,"avgTimePerCall":0.09999999403953552},{"label":"MEASUREMENT_OVERHEAD","totalTime":1553.000000052154,"totalRelativeTime":"21.95%","numOfCalls":0,"avgTimePerCall":1553.000000052154},{"label":"NOT_MEASURED","totalTime":1667.0999999567866,"totalRelativeTime":"23.56%","numOfCalls":0,"avgTimePerCall":1667.0999999567866}],"visitedNodes":120252,"differentNodes":108512}}},{"label":"2x2","key":"BiBFS","solution":{"rotations":[{"side":2,"counterClockwiseDirection":false,"layer":0},{"side":3,"counterClockwiseDirection":false,"layer":0},{"side":2,"counterClockwiseDirection":true,"layer":0},{"side":3,"counterClockwiseDirection":false,"layer":0},{"side":2,"counterClockwiseDirection":true,"layer":0},{"side":3,"counterClockwiseDirection":false,"layer":0},{"side":0,"counterClockwiseDirection":true,"layer":0},{"side":2,"counterClockwiseDirection":true,"layer":0},{"side":0,"counterClockwiseDirection":true,"layer":0},{"side":3,"counterClockwiseDirection":false,"layer":0}],"totalTime":490.19999999552965,"data":{"metrics":[{"label":"POP_CANDIDATE","totalTime":4.799999989569187,"totalRelativeTime":"0.97%","numOfCalls":6284,"avgTimePerCall":0.0007638446832541673},{"label":"VISISTED_LIST_CHECK","totalTime":29.100000001490116,"totalRelativeTime":"5.93%","numOfCalls":38832,"avgTimePerCall":0.0007493819530668036},{"label":"ADD_TO_VISISTED_LIST_CHECK","totalTime":7.800000004470348,"totalRelativeTime":"1.59%","numOfCalls":5520,"avgTimePerCall":0.0014130434790707153},{"label":"PERFORM_ROTATION","totalTime":182.29999996721745,"totalRelativeTime":"37.18%","numOfCalls":27026,"avgTimePerCall":0.006745356322327294},{"label":"ADD_CANDIDATE","totalTime":36.099999971687794,"totalRelativeTime":"7.36%","numOfCalls":26786,"avgTimePerCall":0.001347718956607474},{"label":"MEASUREMENT_OVERHEAD","totalTime":112.00000008940697,"totalRelativeTime":"22.84%","numOfCalls":0,"avgTimePerCall":112.00000008940697},{"label":"NOT_MEASURED","totalTime":118.0999999716878,"totalRelativeTime":"24.09%","numOfCalls":0,"avgTimePerCall":118.0999999716878}],"iterations":2761,"visitedNodes":2761}}}]}